ARCH: wormhole_b0, CHIP_FREQ[MHz]: 1000, Max Compute Cores: 80
PCIe slot, core_x, core_y, RISC processor type, timer_id, time[cycles since reset], data, run host ID, trace id, trace id counter, zone name, type, source line, source file, meta data
0,1,1,BRISC,3375,6077892193217,0,0,,,BRISC-FW,ZONE_START,438,/localdev/ijankowski/tt-metal-pin/tt_metal/hw/firmware/src/tt-1xx/brisc.cc,
0,1,1,BRISC,18645,6077892194042,0,0,,,BRISC-KERNEL,ZONE_START,77,/localdev/ijankowski/tt-metal-pin/tt_metal/hw/firmware/src/tt-1xx/brisck.cc,
0,1,1,BRISC,18645,6077892588984,0,0,,,BRISC-KERNEL,ZONE_END,77,/localdev/ijankowski/tt-metal-pin/tt_metal/hw/firmware/src/tt-1xx/brisck.cc,
0,1,1,BRISC,3375,6077892594892,0,0,,,BRISC-FW,ZONE_END,438,/localdev/ijankowski/tt-metal-pin/tt_metal/hw/firmware/src/tt-1xx/brisc.cc,
0,1,1,BRISC,3375,6077916273476,0,0,,,BRISC-FW,ZONE_START,438,/localdev/ijankowski/tt-metal-pin/tt_metal/hw/firmware/src/tt-1xx/brisc.cc,
0,1,1,BRISC,18645,6077916274308,0,0,,,BRISC-KERNEL,ZONE_START,77,/localdev/ijankowski/tt-metal-pin/tt_metal/hw/firmware/src/tt-1xx/brisck.cc,
0,1,1,BRISC,18645,6077916669332,0,0,,,BRISC-KERNEL,ZONE_END,77,/localdev/ijankowski/tt-metal-pin/tt_metal/hw/firmware/src/tt-1xx/brisck.cc,
0,1,1,BRISC,3375,6077916675224,0,0,,,BRISC-FW,ZONE_END,438,/localdev/ijankowski/tt-metal-pin/tt_metal/hw/firmware/src/tt-1xx/brisc.cc,
0,1,1,BRISC,3375,6077939518683,0,0,,,BRISC-FW,ZONE_START,438,/localdev/ijankowski/tt-metal-pin/tt_metal/hw/firmware/src/tt-1xx/brisc.cc,
0,1,1,BRISC,18645,6077939519509,0,0,,,BRISC-KERNEL,ZONE_START,77,/localdev/ijankowski/tt-metal-pin/tt_metal/hw/firmware/src/tt-1xx/brisck.cc,
0,1,1,BRISC,18645,6077939914504,0,0,,,BRISC-KERNEL,ZONE_END,77,/localdev/ijankowski/tt-metal-pin/tt_metal/hw/firmware/src/tt-1xx/brisck.cc,
0,1,1,BRISC,3375,6077939920402,0,0,,,BRISC-FW,ZONE_END,438,/localdev/ijankowski/tt-metal-pin/tt_metal/hw/firmware/src/tt-1xx/brisc.cc,
0,1,1,BRISC,3375,6077962646315,0,0,,,BRISC-FW,ZONE_START,438,/localdev/ijankowski/tt-metal-pin/tt_metal/hw/firmware/src/tt-1xx/brisc.cc,
0,1,1,BRISC,18645,6077962647162,0,0,,,BRISC-KERNEL,ZONE_START,77,/localdev/ijankowski/tt-metal-pin/tt_metal/hw/firmware/src/tt-1xx/brisck.cc,
0,1,1,BRISC,18645,6077963042135,0,0,,,BRISC-KERNEL,ZONE_END,77,/localdev/ijankowski/tt-metal-pin/tt_metal/hw/firmware/src/tt-1xx/brisck.cc,
0,1,1,BRISC,3375,6077963048045,0,0,,,BRISC-FW,ZONE_END,438,/localdev/ijankowski/tt-metal-pin/tt_metal/hw/firmware/src/tt-1xx/brisc.cc,
0,1,1,BRISC,3375,6077985888629,0,0,,,BRISC-FW,ZONE_START,438,/localdev/ijankowski/tt-metal-pin/tt_metal/hw/firmware/src/tt-1xx/brisc.cc,
0,1,1,BRISC,18645,6077985889462,0,0,,,BRISC-KERNEL,ZONE_START,77,/localdev/ijankowski/tt-metal-pin/tt_metal/hw/firmware/src/tt-1xx/brisck.cc,
0,1,1,BRISC,18645,6077986284378,0,0,,,BRISC-KERNEL,ZONE_END,77,/localdev/ijankowski/tt-metal-pin/tt_metal/hw/firmware/src/tt-1xx/brisck.cc,
0,1,1,BRISC,3375,6077986290285,0,0,,,BRISC-FW,ZONE_END,438,/localdev/ijankowski/tt-metal-pin/tt_metal/hw/firmware/src/tt-1xx/brisc.cc,
0,1,1,BRISC,3375,6078008780522,0,0,,,BRISC-FW,ZONE_START,438,/localdev/ijankowski/tt-metal-pin/tt_metal/hw/firmware/src/tt-1xx/brisc.cc,
0,1,1,BRISC,18645,6078008781350,0,0,,,BRISC-KERNEL,ZONE_START,77,/localdev/ijankowski/tt-metal-pin/tt_metal/hw/firmware/src/tt-1xx/brisck.cc,
0,1,1,BRISC,18645,6078009176332,0,0,,,BRISC-KERNEL,ZONE_END,77,/localdev/ijankowski/tt-metal-pin/tt_metal/hw/firmware/src/tt-1xx/brisck.cc,
0,1,1,BRISC,3375,6078009182227,0,0,,,BRISC-FW,ZONE_END,438,/localdev/ijankowski/tt-metal-pin/tt_metal/hw/firmware/src/tt-1xx/brisc.cc,
0,1,1,BRISC,3375,6078031262546,0,0,,,BRISC-FW,ZONE_START,438,/localdev/ijankowski/tt-metal-pin/tt_metal/hw/firmware/src/tt-1xx/brisc.cc,
0,1,1,BRISC,18645,6078031263371,0,0,,,BRISC-KERNEL,ZONE_START,77,/localdev/ijankowski/tt-metal-pin/tt_metal/hw/firmware/src/tt-1xx/brisck.cc,
0,1,1,BRISC,18645,6078031596035,0,0,,,BRISC-KERNEL,ZONE_END,77,/localdev/ijankowski/tt-metal-pin/tt_metal/hw/firmware/src/tt-1xx/brisck.cc,
0,1,1,BRISC,3375,6078031601933,0,0,,,BRISC-FW,ZONE_END,438,/localdev/ijankowski/tt-metal-pin/tt_metal/hw/firmware/src/tt-1xx/brisc.cc,
0,1,1,BRISC,3375,6078855436212,0,0,,,BRISC-FW,ZONE_START,438,/localdev/ijankowski/tt-metal-pin/tt_metal/hw/firmware/src/tt-1xx/brisc.cc,
0,1,1,BRISC,18645,6078855437060,0,0,,,BRISC-KERNEL,ZONE_START,77,/localdev/ijankowski/tt-metal-pin/tt_metal/hw/firmware/src/tt-1xx/brisck.cc,
0,1,1,BRISC,18645,6078855959879,0,0,,,BRISC-KERNEL,ZONE_END,77,/localdev/ijankowski/tt-metal-pin/tt_metal/hw/firmware/src/tt-1xx/brisck.cc,
0,1,1,BRISC,3375,6078855964443,0,0,,,BRISC-FW,ZONE_END,438,/localdev/ijankowski/tt-metal-pin/tt_metal/hw/firmware/src/tt-1xx/brisc.cc,
0,1,1,BRISC,3375,6078878910030,0,0,,,BRISC-FW,ZONE_START,438,/localdev/ijankowski/tt-metal-pin/tt_metal/hw/firmware/src/tt-1xx/brisc.cc,
0,1,1,BRISC,18645,6078878910874,0,0,,,BRISC-KERNEL,ZONE_START,77,/localdev/ijankowski/tt-metal-pin/tt_metal/hw/firmware/src/tt-1xx/brisck.cc,
0,1,1,BRISC,18645,6078879433855,0,0,,,BRISC-KERNEL,ZONE_END,77,/localdev/ijankowski/tt-metal-pin/tt_metal/hw/firmware/src/tt-1xx/brisck.cc,
0,1,1,BRISC,3375,6078879438378,0,0,,,BRISC-FW,ZONE_END,438,/localdev/ijankowski/tt-metal-pin/tt_metal/hw/firmware/src/tt-1xx/brisc.cc,
0,1,1,BRISC,3375,6078901971874,0,0,,,BRISC-FW,ZONE_START,438,/localdev/ijankowski/tt-metal-pin/tt_metal/hw/firmware/src/tt-1xx/brisc.cc,
0,1,1,BRISC,18645,6078901972717,0,0,,,BRISC-KERNEL,ZONE_START,77,/localdev/ijankowski/tt-metal-pin/tt_metal/hw/firmware/src/tt-1xx/brisck.cc,
0,1,1,BRISC,18645,6078902495526,0,0,,,BRISC-KERNEL,ZONE_END,77,/localdev/ijankowski/tt-metal-pin/tt_metal/hw/firmware/src/tt-1xx/brisck.cc,
0,1,1,BRISC,3375,6078902500080,0,0,,,BRISC-FW,ZONE_END,438,/localdev/ijankowski/tt-metal-pin/tt_metal/hw/firmware/src/tt-1xx/brisc.cc,
0,1,1,BRISC,3375,6078925226526,0,0,,,BRISC-FW,ZONE_START,438,/localdev/ijankowski/tt-metal-pin/tt_metal/hw/firmware/src/tt-1xx/brisc.cc,
0,1,1,BRISC,18645,6078925227355,0,0,,,BRISC-KERNEL,ZONE_START,77,/localdev/ijankowski/tt-metal-pin/tt_metal/hw/firmware/src/tt-1xx/brisck.cc,
0,1,1,BRISC,18645,6078925750384,0,0,,,BRISC-KERNEL,ZONE_END,77,/localdev/ijankowski/tt-metal-pin/tt_metal/hw/firmware/src/tt-1xx/brisck.cc,
0,1,1,BRISC,3375,6078925754793,0,0,,,BRISC-FW,ZONE_END,438,/localdev/ijankowski/tt-metal-pin/tt_metal/hw/firmware/src/tt-1xx/brisc.cc,
0,1,1,BRISC,3375,6078949319276,0,0,,,BRISC-FW,ZONE_START,438,/localdev/ijankowski/tt-metal-pin/tt_metal/hw/firmware/src/tt-1xx/brisc.cc,
0,1,1,BRISC,18645,6078949320123,0,0,,,BRISC-KERNEL,ZONE_START,77,/localdev/ijankowski/tt-metal-pin/tt_metal/hw/firmware/src/tt-1xx/brisck.cc,
0,1,1,BRISC,18645,6078949842901,0,0,,,BRISC-KERNEL,ZONE_END,77,/localdev/ijankowski/tt-metal-pin/tt_metal/hw/firmware/src/tt-1xx/brisck.cc,
0,1,1,BRISC,3375,6078949847631,0,0,,,BRISC-FW,ZONE_END,438,/localdev/ijankowski/tt-metal-pin/tt_metal/hw/firmware/src/tt-1xx/brisc.cc,
0,1,1,BRISC,3375,6078973117384,0,0,,,BRISC-FW,ZONE_START,438,/localdev/ijankowski/tt-metal-pin/tt_metal/hw/firmware/src/tt-1xx/brisc.cc,
0,1,1,BRISC,18645,6078973118231,0,0,,,BRISC-KERNEL,ZONE_START,77,/localdev/ijankowski/tt-metal-pin/tt_metal/hw/firmware/src/tt-1xx/brisck.cc,
0,1,1,BRISC,18645,6078973641022,0,0,,,BRISC-KERNEL,ZONE_END,77,/localdev/ijankowski/tt-metal-pin/tt_metal/hw/firmware/src/tt-1xx/brisck.cc,
0,1,1,BRISC,3375,6078973645633,0,0,,,BRISC-FW,ZONE_END,438,/localdev/ijankowski/tt-metal-pin/tt_metal/hw/firmware/src/tt-1xx/brisc.cc,
0,1,1,BRISC,3375,6078997937092,0,0,,,BRISC-FW,ZONE_START,438,/localdev/ijankowski/tt-metal-pin/tt_metal/hw/firmware/src/tt-1xx/brisc.cc,
0,1,1,BRISC,18645,6078997937939,0,0,,,BRISC-KERNEL,ZONE_START,77,/localdev/ijankowski/tt-metal-pin/tt_metal/hw/firmware/src/tt-1xx/brisck.cc,
0,1,1,BRISC,18645,6078998378587,0,0,,,BRISC-KERNEL,ZONE_END,77,/localdev/ijankowski/tt-metal-pin/tt_metal/hw/firmware/src/tt-1xx/brisck.cc,
0,1,1,BRISC,3375,6078998383144,0,0,,,BRISC-FW,ZONE_END,438,/localdev/ijankowski/tt-metal-pin/tt_metal/hw/firmware/src/tt-1xx/brisc.cc,
0,1,1,BRISC,3375,6079022140385,0,0,,,BRISC-FW,ZONE_START,438,/localdev/ijankowski/tt-metal-pin/tt_metal/hw/firmware/src/tt-1xx/brisc.cc,
0,1,1,BRISC,18645,6079022141209,0,0,,,BRISC-KERNEL,ZONE_START,77,/localdev/ijankowski/tt-metal-pin/tt_metal/hw/firmware/src/tt-1xx/brisck.cc,
0,1,1,BRISC,18645,6079022536195,0,0,,,BRISC-KERNEL,ZONE_END,77,/localdev/ijankowski/tt-metal-pin/tt_metal/hw/firmware/src/tt-1xx/brisck.cc,
0,1,1,BRISC,3375,6079022542091,0,0,,,BRISC-FW,ZONE_END,438,/localdev/ijankowski/tt-metal-pin/tt_metal/hw/firmware/src/tt-1xx/brisc.cc,
0,1,1,BRISC,3375,6079044893668,0,0,,,BRISC-FW,ZONE_START,438,/localdev/ijankowski/tt-metal-pin/tt_metal/hw/firmware/src/tt-1xx/brisc.cc,
0,1,1,BRISC,18645,6079044894501,0,0,,,BRISC-KERNEL,ZONE_START,77,/localdev/ijankowski/tt-metal-pin/tt_metal/hw/firmware/src/tt-1xx/brisck.cc,
0,1,1,BRISC,18645,6079045417356,0,0,,,BRISC-KERNEL,ZONE_END,77,/localdev/ijankowski/tt-metal-pin/tt_metal/hw/firmware/src/tt-1xx/brisck.cc,
0,1,1,BRISC,3375,6079045421914,0,0,,,BRISC-FW,ZONE_END,438,/localdev/ijankowski/tt-metal-pin/tt_metal/hw/firmware/src/tt-1xx/brisc.cc,
0,1,1,BRISC,3375,6079068184800,0,0,,,BRISC-FW,ZONE_START,438,/localdev/ijankowski/tt-metal-pin/tt_metal/hw/firmware/src/tt-1xx/brisc.cc,
0,1,1,BRISC,18645,6079068185628,0,0,,,BRISC-KERNEL,ZONE_START,77,/localdev/ijankowski/tt-metal-pin/tt_metal/hw/firmware/src/tt-1xx/brisck.cc,
0,1,1,BRISC,18645,6079068580602,0,0,,,BRISC-KERNEL,ZONE_END,77,/localdev/ijankowski/tt-metal-pin/tt_metal/hw/firmware/src/tt-1xx/brisck.cc,
0,1,1,BRISC,3375,6079068586501,0,0,,,BRISC-FW,ZONE_END,438,/localdev/ijankowski/tt-metal-pin/tt_metal/hw/firmware/src/tt-1xx/brisc.cc,
0,1,1,BRISC,3375,6079091474722,0,0,,,BRISC-FW,ZONE_START,438,/localdev/ijankowski/tt-metal-pin/tt_metal/hw/firmware/src/tt-1xx/brisc.cc,
0,1,1,BRISC,18645,6079091475547,0,0,,,BRISC-KERNEL,ZONE_START,77,/localdev/ijankowski/tt-metal-pin/tt_metal/hw/firmware/src/tt-1xx/brisck.cc,
0,1,1,BRISC,18645,6079091998401,0,0,,,BRISC-KERNEL,ZONE_END,77,/localdev/ijankowski/tt-metal-pin/tt_metal/hw/firmware/src/tt-1xx/brisck.cc,
0,1,1,BRISC,3375,6079092003079,0,0,,,BRISC-FW,ZONE_END,438,/localdev/ijankowski/tt-metal-pin/tt_metal/hw/firmware/src/tt-1xx/brisc.cc,
0,1,1,BRISC,3375,6079114771010,0,0,,,BRISC-FW,ZONE_START,438,/localdev/ijankowski/tt-metal-pin/tt_metal/hw/firmware/src/tt-1xx/brisc.cc,
0,1,1,BRISC,18645,6079114771838,0,0,,,BRISC-KERNEL,ZONE_START,77,/localdev/ijankowski/tt-metal-pin/tt_metal/hw/firmware/src/tt-1xx/brisck.cc,
0,1,1,BRISC,18645,6079115166801,0,0,,,BRISC-KERNEL,ZONE_END,77,/localdev/ijankowski/tt-metal-pin/tt_metal/hw/firmware/src/tt-1xx/brisck.cc,
0,1,1,BRISC,3375,6079115172694,0,0,,,BRISC-FW,ZONE_END,438,/localdev/ijankowski/tt-metal-pin/tt_metal/hw/firmware/src/tt-1xx/brisc.cc,
0,1,1,BRISC,3375,6079138013756,0,0,,,BRISC-FW,ZONE_START,438,/localdev/ijankowski/tt-metal-pin/tt_metal/hw/firmware/src/tt-1xx/brisc.cc,
0,1,1,BRISC,18645,6079138014581,0,0,,,BRISC-KERNEL,ZONE_START,77,/localdev/ijankowski/tt-metal-pin/tt_metal/hw/firmware/src/tt-1xx/brisck.cc,
0,1,1,BRISC,18645,6079138537602,0,0,,,BRISC-KERNEL,ZONE_END,77,/localdev/ijankowski/tt-metal-pin/tt_metal/hw/firmware/src/tt-1xx/brisck.cc,
0,1,1,BRISC,3375,6079138542156,0,0,,,BRISC-FW,ZONE_END,438,/localdev/ijankowski/tt-metal-pin/tt_metal/hw/firmware/src/tt-1xx/brisc.cc,
0,1,1,BRISC,3375,6079161359524,0,0,,,BRISC-FW,ZONE_START,438,/localdev/ijankowski/tt-metal-pin/tt_metal/hw/firmware/src/tt-1xx/brisc.cc,
0,1,1,BRISC,18645,6079161360362,0,0,,,BRISC-KERNEL,ZONE_START,77,/localdev/ijankowski/tt-metal-pin/tt_metal/hw/firmware/src/tt-1xx/brisck.cc,
0,1,1,BRISC,18645,6079161755411,0,0,,,BRISC-KERNEL,ZONE_END,77,/localdev/ijankowski/tt-metal-pin/tt_metal/hw/firmware/src/tt-1xx/brisck.cc,
0,1,1,BRISC,3375,6079161761308,0,0,,,BRISC-FW,ZONE_END,438,/localdev/ijankowski/tt-metal-pin/tt_metal/hw/firmware/src/tt-1xx/brisc.cc,
0,1,1,BRISC,3375,6079187274930,0,0,,,BRISC-FW,ZONE_START,438,/localdev/ijankowski/tt-metal-pin/tt_metal/hw/firmware/src/tt-1xx/brisc.cc,
0,1,1,BRISC,18645,6079187275777,0,0,,,BRISC-KERNEL,ZONE_START,77,/localdev/ijankowski/tt-metal-pin/tt_metal/hw/firmware/src/tt-1xx/brisck.cc,
0,1,1,BRISC,18645,6079187798646,0,0,,,BRISC-KERNEL,ZONE_END,77,/localdev/ijankowski/tt-metal-pin/tt_metal/hw/firmware/src/tt-1xx/brisck.cc,
0,1,1,BRISC,3375,6079187803220,0,0,,,BRISC-FW,ZONE_END,438,/localdev/ijankowski/tt-metal-pin/tt_metal/hw/firmware/src/tt-1xx/brisc.cc,
0,1,1,BRISC,3375,6079210758751,0,0,,,BRISC-FW,ZONE_START,438,/localdev/ijankowski/tt-metal-pin/tt_metal/hw/firmware/src/tt-1xx/brisc.cc,
0,1,1,BRISC,18645,6079210759594,0,0,,,BRISC-KERNEL,ZONE_START,77,/localdev/ijankowski/tt-metal-pin/tt_metal/hw/firmware/src/tt-1xx/brisck.cc,
0,1,1,BRISC,18645,6079211154738,0,0,,,BRISC-KERNEL,ZONE_END,77,/localdev/ijankowski/tt-metal-pin/tt_metal/hw/firmware/src/tt-1xx/brisck.cc,
0,1,1,BRISC,3375,6079211160635,0,0,,,BRISC-FW,ZONE_END,438,/localdev/ijankowski/tt-metal-pin/tt_metal/hw/firmware/src/tt-1xx/brisc.cc,
0,1,1,BRISC,3375,6079234102650,0,0,,,BRISC-FW,ZONE_START,438,/localdev/ijankowski/tt-metal-pin/tt_metal/hw/firmware/src/tt-1xx/brisc.cc,
0,1,1,BRISC,18645,6079234103487,0,0,,,BRISC-KERNEL,ZONE_START,77,/localdev/ijankowski/tt-metal-pin/tt_metal/hw/firmware/src/tt-1xx/brisck.cc,
0,1,1,BRISC,18645,6079234626306,0,0,,,BRISC-KERNEL,ZONE_END,77,/localdev/ijankowski/tt-metal-pin/tt_metal/hw/firmware/src/tt-1xx/brisck.cc,
0,1,1,BRISC,3375,6079234630863,0,0,,,BRISC-FW,ZONE_END,438,/localdev/ijankowski/tt-metal-pin/tt_metal/hw/firmware/src/tt-1xx/brisc.cc,
0,1,1,BRISC,3375,6079257536567,0,0,,,BRISC-FW,ZONE_START,438,/localdev/ijankowski/tt-metal-pin/tt_metal/hw/firmware/src/tt-1xx/brisc.cc,
0,1,1,BRISC,18645,6079257537397,0,0,,,BRISC-KERNEL,ZONE_START,77,/localdev/ijankowski/tt-metal-pin/tt_metal/hw/firmware/src/tt-1xx/brisck.cc,
0,1,1,BRISC,18645,6079257932392,0,0,,,BRISC-KERNEL,ZONE_END,77,/localdev/ijankowski/tt-metal-pin/tt_metal/hw/firmware/src/tt-1xx/brisck.cc,
0,1,1,BRISC,3375,6079257938471,0,0,,,BRISC-FW,ZONE_END,438,/localdev/ijankowski/tt-metal-pin/tt_metal/hw/firmware/src/tt-1xx/brisc.cc,
0,1,1,BRISC,3375,6079280815183,0,0,,,BRISC-FW,ZONE_START,438,/localdev/ijankowski/tt-metal-pin/tt_metal/hw/firmware/src/tt-1xx/brisc.cc,
0,1,1,BRISC,18645,6079280816030,0,0,,,BRISC-KERNEL,ZONE_START,77,/localdev/ijankowski/tt-metal-pin/tt_metal/hw/firmware/src/tt-1xx/brisck.cc,
0,1,1,BRISC,18645,6079281338795,0,0,,,BRISC-KERNEL,ZONE_END,77,/localdev/ijankowski/tt-metal-pin/tt_metal/hw/firmware/src/tt-1xx/brisck.cc,
0,1,1,BRISC,3375,6079281343352,0,0,,,BRISC-FW,ZONE_END,438,/localdev/ijankowski/tt-metal-pin/tt_metal/hw/firmware/src/tt-1xx/brisc.cc,
0,1,1,BRISC,3375,6079304252335,0,0,,,BRISC-FW,ZONE_START,438,/localdev/ijankowski/tt-metal-pin/tt_metal/hw/firmware/src/tt-1xx/brisc.cc,
0,1,1,BRISC,18645,6079304253153,0,0,,,BRISC-KERNEL,ZONE_START,77,/localdev/ijankowski/tt-metal-pin/tt_metal/hw/firmware/src/tt-1xx/brisck.cc,
0,1,1,BRISC,18645,6079304648206,0,0,,,BRISC-KERNEL,ZONE_END,77,/localdev/ijankowski/tt-metal-pin/tt_metal/hw/firmware/src/tt-1xx/brisck.cc,
0,1,1,BRISC,3375,6079304654034,0,0,,,BRISC-FW,ZONE_END,438,/localdev/ijankowski/tt-metal-pin/tt_metal/hw/firmware/src/tt-1xx/brisc.cc,
0,1,1,BRISC,3375,6079329074432,0,0,,,BRISC-FW,ZONE_START,438,/localdev/ijankowski/tt-metal-pin/tt_metal/hw/firmware/src/tt-1xx/brisc.cc,
0,1,1,BRISC,18645,6079329075262,0,0,,,BRISC-KERNEL,ZONE_START,77,/localdev/ijankowski/tt-metal-pin/tt_metal/hw/firmware/src/tt-1xx/brisck.cc,
0,1,1,BRISC,18645,6079329598083,0,0,,,BRISC-KERNEL,ZONE_END,77,/localdev/ijankowski/tt-metal-pin/tt_metal/hw/firmware/src/tt-1xx/brisck.cc,
0,1,1,BRISC,3375,6079329602827,0,0,,,BRISC-FW,ZONE_END,438,/localdev/ijankowski/tt-metal-pin/tt_metal/hw/firmware/src/tt-1xx/brisc.cc,
0,1,1,BRISC,3375,6079352672743,0,0,,,BRISC-FW,ZONE_START,438,/localdev/ijankowski/tt-metal-pin/tt_metal/hw/firmware/src/tt-1xx/brisc.cc,
0,1,1,BRISC,18645,6079352673581,0,0,,,BRISC-KERNEL,ZONE_START,77,/localdev/ijankowski/tt-metal-pin/tt_metal/hw/firmware/src/tt-1xx/brisck.cc,
0,1,1,BRISC,18645,6079353068709,0,0,,,BRISC-KERNEL,ZONE_END,77,/localdev/ijankowski/tt-metal-pin/tt_metal/hw/firmware/src/tt-1xx/brisck.cc,
0,1,1,BRISC,3375,6079353074616,0,0,,,BRISC-FW,ZONE_END,438,/localdev/ijankowski/tt-metal-pin/tt_metal/hw/firmware/src/tt-1xx/brisc.cc,
0,1,1,BRISC,3375,6079375985067,0,0,,,BRISC-FW,ZONE_START,438,/localdev/ijankowski/tt-metal-pin/tt_metal/hw/firmware/src/tt-1xx/brisc.cc,
0,1,1,BRISC,18645,6079375985905,0,0,,,BRISC-KERNEL,ZONE_START,77,/localdev/ijankowski/tt-metal-pin/tt_metal/hw/firmware/src/tt-1xx/brisck.cc,
0,1,1,BRISC,18645,6079376508831,0,0,,,BRISC-KERNEL,ZONE_END,77,/localdev/ijankowski/tt-metal-pin/tt_metal/hw/firmware/src/tt-1xx/brisck.cc,
0,1,1,BRISC,3375,6079376513392,0,0,,,BRISC-FW,ZONE_END,438,/localdev/ijankowski/tt-metal-pin/tt_metal/hw/firmware/src/tt-1xx/brisc.cc,
0,1,1,BRISC,3375,6079399564960,0,0,,,BRISC-FW,ZONE_START,438,/localdev/ijankowski/tt-metal-pin/tt_metal/hw/firmware/src/tt-1xx/brisc.cc,
0,1,1,BRISC,18645,6079399565788,0,0,,,BRISC-KERNEL,ZONE_START,77,/localdev/ijankowski/tt-metal-pin/tt_metal/hw/firmware/src/tt-1xx/brisck.cc,
0,1,1,BRISC,18645,6079399960929,0,0,,,BRISC-KERNEL,ZONE_END,77,/localdev/ijankowski/tt-metal-pin/tt_metal/hw/firmware/src/tt-1xx/brisck.cc,
0,1,1,BRISC,3375,6079399966654,0,0,,,BRISC-FW,ZONE_END,438,/localdev/ijankowski/tt-metal-pin/tt_metal/hw/firmware/src/tt-1xx/brisc.cc,
0,1,1,BRISC,3375,6079423325716,0,0,,,BRISC-FW,ZONE_START,438,/localdev/ijankowski/tt-metal-pin/tt_metal/hw/firmware/src/tt-1xx/brisc.cc,
0,1,1,BRISC,18645,6079423326535,0,0,,,BRISC-KERNEL,ZONE_START,77,/localdev/ijankowski/tt-metal-pin/tt_metal/hw/firmware/src/tt-1xx/brisck.cc,
0,1,1,BRISC,18645,6079423849332,0,0,,,BRISC-KERNEL,ZONE_END,77,/localdev/ijankowski/tt-metal-pin/tt_metal/hw/firmware/src/tt-1xx/brisck.cc,
0,1,1,BRISC,3375,6079423853888,0,0,,,BRISC-FW,ZONE_END,438,/localdev/ijankowski/tt-metal-pin/tt_metal/hw/firmware/src/tt-1xx/brisc.cc,
0,1,1,BRISC,3375,6079447000887,0,0,,,BRISC-FW,ZONE_START,438,/localdev/ijankowski/tt-metal-pin/tt_metal/hw/firmware/src/tt-1xx/brisc.cc,
0,1,1,BRISC,18645,6079447001737,0,0,,,BRISC-KERNEL,ZONE_START,77,/localdev/ijankowski/tt-metal-pin/tt_metal/hw/firmware/src/tt-1xx/brisck.cc,
0,1,1,BRISC,18645,6079447396716,0,0,,,BRISC-KERNEL,ZONE_END,77,/localdev/ijankowski/tt-metal-pin/tt_metal/hw/firmware/src/tt-1xx/brisck.cc,
0,1,1,BRISC,3375,6079447402607,0,0,,,BRISC-FW,ZONE_END,438,/localdev/ijankowski/tt-metal-pin/tt_metal/hw/firmware/src/tt-1xx/brisc.cc,
0,1,1,BRISC,3375,6079470305377,0,0,,,BRISC-FW,ZONE_START,438,/localdev/ijankowski/tt-metal-pin/tt_metal/hw/firmware/src/tt-1xx/brisc.cc,
0,1,1,BRISC,18645,6079470306208,0,0,,,BRISC-KERNEL,ZONE_START,77,/localdev/ijankowski/tt-metal-pin/tt_metal/hw/firmware/src/tt-1xx/brisck.cc,
0,1,1,BRISC,18645,6079470829049,0,0,,,BRISC-KERNEL,ZONE_END,77,/localdev/ijankowski/tt-metal-pin/tt_metal/hw/firmware/src/tt-1xx/brisck.cc,
0,1,1,BRISC,3375,6079470833791,0,0,,,BRISC-FW,ZONE_END,438,/localdev/ijankowski/tt-metal-pin/tt_metal/hw/firmware/src/tt-1xx/brisc.cc,
0,1,1,BRISC,3375,6079494951088,0,0,,,BRISC-FW,ZONE_START,438,/localdev/ijankowski/tt-metal-pin/tt_metal/hw/firmware/src/tt-1xx/brisc.cc,
0,1,1,BRISC,18645,6079494951935,0,0,,,BRISC-KERNEL,ZONE_START,77,/localdev/ijankowski/tt-metal-pin/tt_metal/hw/firmware/src/tt-1xx/brisck.cc,
0,1,1,BRISC,18645,6079495347071,0,0,,,BRISC-KERNEL,ZONE_END,77,/localdev/ijankowski/tt-metal-pin/tt_metal/hw/firmware/src/tt-1xx/brisck.cc,
0,1,1,BRISC,3375,6079495352812,0,0,,,BRISC-FW,ZONE_END,438,/localdev/ijankowski/tt-metal-pin/tt_metal/hw/firmware/src/tt-1xx/brisc.cc,
0,1,1,BRISC,3375,6079519490706,0,0,,,BRISC-FW,ZONE_START,438,/localdev/ijankowski/tt-metal-pin/tt_metal/hw/firmware/src/tt-1xx/brisc.cc,
0,1,1,BRISC,18645,6079519491542,0,0,,,BRISC-KERNEL,ZONE_START,77,/localdev/ijankowski/tt-metal-pin/tt_metal/hw/firmware/src/tt-1xx/brisck.cc,
0,1,1,BRISC,18645,6079520014341,0,0,,,BRISC-KERNEL,ZONE_END,77,/localdev/ijankowski/tt-metal-pin/tt_metal/hw/firmware/src/tt-1xx/brisck.cc,
0,1,1,BRISC,3375,6079520018897,0,0,,,BRISC-FW,ZONE_END,438,/localdev/ijankowski/tt-metal-pin/tt_metal/hw/firmware/src/tt-1xx/brisc.cc,
0,1,1,BRISC,3375,6079542903358,0,0,,,BRISC-FW,ZONE_START,438,/localdev/ijankowski/tt-metal-pin/tt_metal/hw/firmware/src/tt-1xx/brisc.cc,
0,1,1,BRISC,18645,6079542904189,0,0,,,BRISC-KERNEL,ZONE_START,77,/localdev/ijankowski/tt-metal-pin/tt_metal/hw/firmware/src/tt-1xx/brisck.cc,
0,1,1,BRISC,18645,6079543299166,0,0,,,BRISC-KERNEL,ZONE_END,77,/localdev/ijankowski/tt-metal-pin/tt_metal/hw/firmware/src/tt-1xx/brisck.cc,
0,1,1,BRISC,3375,6079543305051,0,0,,,BRISC-FW,ZONE_END,438,/localdev/ijankowski/tt-metal-pin/tt_metal/hw/firmware/src/tt-1xx/brisc.cc,
0,1,1,BRISC,3375,6079566211154,0,0,,,BRISC-FW,ZONE_START,438,/localdev/ijankowski/tt-metal-pin/tt_metal/hw/firmware/src/tt-1xx/brisc.cc,
0,1,1,BRISC,18645,6079566211983,0,0,,,BRISC-KERNEL,ZONE_START,77,/localdev/ijankowski/tt-metal-pin/tt_metal/hw/firmware/src/tt-1xx/brisck.cc,
0,1,1,BRISC,18645,6079566734799,0,0,,,BRISC-KERNEL,ZONE_END,77,/localdev/ijankowski/tt-metal-pin/tt_metal/hw/firmware/src/tt-1xx/brisck.cc,
0,1,1,BRISC,3375,6079566739357,0,0,,,BRISC-FW,ZONE_END,438,/localdev/ijankowski/tt-metal-pin/tt_metal/hw/firmware/src/tt-1xx/brisc.cc,
0,1,1,BRISC,3375,6079589639965,0,0,,,BRISC-FW,ZONE_START,438,/localdev/ijankowski/tt-metal-pin/tt_metal/hw/firmware/src/tt-1xx/brisc.cc,
0,1,1,BRISC,18645,6079589640798,0,0,,,BRISC-KERNEL,ZONE_START,77,/localdev/ijankowski/tt-metal-pin/tt_metal/hw/firmware/src/tt-1xx/brisck.cc,
0,1,1,BRISC,18645,6079590035962,0,0,,,BRISC-KERNEL,ZONE_END,77,/localdev/ijankowski/tt-metal-pin/tt_metal/hw/firmware/src/tt-1xx/brisck.cc,
0,1,1,BRISC,3375,6079590041856,0,0,,,BRISC-FW,ZONE_END,438,/localdev/ijankowski/tt-metal-pin/tt_metal/hw/firmware/src/tt-1xx/brisc.cc,
0,1,1,BRISC,3375,6079612932230,0,0,,,BRISC-FW,ZONE_START,438,/localdev/ijankowski/tt-metal-pin/tt_metal/hw/firmware/src/tt-1xx/brisc.cc,
0,1,1,BRISC,18645,6079612933060,0,0,,,BRISC-KERNEL,ZONE_START,77,/localdev/ijankowski/tt-metal-pin/tt_metal/hw/firmware/src/tt-1xx/brisck.cc,
0,1,1,BRISC,18645,6079613455865,0,0,,,BRISC-KERNEL,ZONE_END,77,/localdev/ijankowski/tt-metal-pin/tt_metal/hw/firmware/src/tt-1xx/brisck.cc,
0,1,1,BRISC,3375,6079613460424,0,0,,,BRISC-FW,ZONE_END,438,/localdev/ijankowski/tt-metal-pin/tt_metal/hw/firmware/src/tt-1xx/brisc.cc,
0,1,1,BRISC,3375,6079638209158,0,0,,,BRISC-FW,ZONE_START,438,/localdev/ijankowski/tt-metal-pin/tt_metal/hw/firmware/src/tt-1xx/brisc.cc,
0,1,1,BRISC,18645,6079638209983,0,0,,,BRISC-KERNEL,ZONE_START,77,/localdev/ijankowski/tt-metal-pin/tt_metal/hw/firmware/src/tt-1xx/brisck.cc,
0,1,1,BRISC,18645,6079638605030,0,0,,,BRISC-KERNEL,ZONE_END,77,/localdev/ijankowski/tt-metal-pin/tt_metal/hw/firmware/src/tt-1xx/brisck.cc,
0,1,1,BRISC,3375,6079638610920,0,0,,,BRISC-FW,ZONE_END,438,/localdev/ijankowski/tt-metal-pin/tt_metal/hw/firmware/src/tt-1xx/brisc.cc,
0,1,1,BRISC,3375,6079661591948,0,0,,,BRISC-FW,ZONE_START,438,/localdev/ijankowski/tt-metal-pin/tt_metal/hw/firmware/src/tt-1xx/brisc.cc,
0,1,1,BRISC,18645,6079661592785,0,0,,,BRISC-KERNEL,ZONE_START,77,/localdev/ijankowski/tt-metal-pin/tt_metal/hw/firmware/src/tt-1xx/brisck.cc,
0,1,1,BRISC,18645,6079662115558,0,0,,,BRISC-KERNEL,ZONE_END,77,/localdev/ijankowski/tt-metal-pin/tt_metal/hw/firmware/src/tt-1xx/brisck.cc,
0,1,1,BRISC,3375,6079662120114,0,0,,,BRISC-FW,ZONE_END,438,/localdev/ijankowski/tt-metal-pin/tt_metal/hw/firmware/src/tt-1xx/brisc.cc,
0,1,1,BRISC,3375,6079685587280,0,0,,,BRISC-FW,ZONE_START,438,/localdev/ijankowski/tt-metal-pin/tt_metal/hw/firmware/src/tt-1xx/brisc.cc,
0,1,1,BRISC,18645,6079685588134,0,0,,,BRISC-KERNEL,ZONE_START,77,/localdev/ijankowski/tt-metal-pin/tt_metal/hw/firmware/src/tt-1xx/brisck.cc,
0,1,1,BRISC,18645,6079685983402,0,0,,,BRISC-KERNEL,ZONE_END,77,/localdev/ijankowski/tt-metal-pin/tt_metal/hw/firmware/src/tt-1xx/brisck.cc,
0,1,1,BRISC,3375,6079685989297,0,0,,,BRISC-FW,ZONE_END,438,/localdev/ijankowski/tt-metal-pin/tt_metal/hw/firmware/src/tt-1xx/brisc.cc,
0,1,1,BRISC,3375,6079708921384,0,0,,,BRISC-FW,ZONE_START,438,/localdev/ijankowski/tt-metal-pin/tt_metal/hw/firmware/src/tt-1xx/brisc.cc,
0,1,1,BRISC,18645,6079708922217,0,0,,,BRISC-KERNEL,ZONE_START,77,/localdev/ijankowski/tt-metal-pin/tt_metal/hw/firmware/src/tt-1xx/brisck.cc,
0,1,1,BRISC,18645,6079709445033,0,0,,,BRISC-KERNEL,ZONE_END,77,/localdev/ijankowski/tt-metal-pin/tt_metal/hw/firmware/src/tt-1xx/brisck.cc,
0,1,1,BRISC,3375,6079709449597,0,0,,,BRISC-FW,ZONE_END,438,/localdev/ijankowski/tt-metal-pin/tt_metal/hw/firmware/src/tt-1xx/brisc.cc,
0,1,1,BRISC,3375,6079732473168,0,0,,,BRISC-FW,ZONE_START,438,/localdev/ijankowski/tt-metal-pin/tt_metal/hw/firmware/src/tt-1xx/brisc.cc,
0,1,1,BRISC,18645,6079732473992,0,0,,,BRISC-KERNEL,ZONE_START,77,/localdev/ijankowski/tt-metal-pin/tt_metal/hw/firmware/src/tt-1xx/brisck.cc,
0,1,1,BRISC,18645,6079732868940,0,0,,,BRISC-KERNEL,ZONE_END,77,/localdev/ijankowski/tt-metal-pin/tt_metal/hw/firmware/src/tt-1xx/brisck.cc,
0,1,1,BRISC,3375,6079732874831,0,0,,,BRISC-FW,ZONE_END,438,/localdev/ijankowski/tt-metal-pin/tt_metal/hw/firmware/src/tt-1xx/brisc.cc,
0,1,1,BRISC,3375,6079756064995,0,0,,,BRISC-FW,ZONE_START,438,/localdev/ijankowski/tt-metal-pin/tt_metal/hw/firmware/src/tt-1xx/brisc.cc,
0,1,1,BRISC,18645,6079756065828,0,0,,,BRISC-KERNEL,ZONE_START,77,/localdev/ijankowski/tt-metal-pin/tt_metal/hw/firmware/src/tt-1xx/brisck.cc,
0,1,1,BRISC,18645,6079756588666,0,0,,,BRISC-KERNEL,ZONE_END,77,/localdev/ijankowski/tt-metal-pin/tt_metal/hw/firmware/src/tt-1xx/brisck.cc,
0,1,1,BRISC,3375,6079756593219,0,0,,,BRISC-FW,ZONE_END,438,/localdev/ijankowski/tt-metal-pin/tt_metal/hw/firmware/src/tt-1xx/brisc.cc,
0,1,1,BRISC,3375,6079779598297,0,0,,,BRISC-FW,ZONE_START,438,/localdev/ijankowski/tt-metal-pin/tt_metal/hw/firmware/src/tt-1xx/brisc.cc,
0,1,1,BRISC,18645,6079779599130,0,0,,,BRISC-KERNEL,ZONE_START,77,/localdev/ijankowski/tt-metal-pin/tt_metal/hw/firmware/src/tt-1xx/brisck.cc,
0,1,1,BRISC,18645,6079779994111,0,0,,,BRISC-KERNEL,ZONE_END,77,/localdev/ijankowski/tt-metal-pin/tt_metal/hw/firmware/src/tt-1xx/brisck.cc,
0,1,1,BRISC,3375,6079779999998,0,0,,,BRISC-FW,ZONE_END,438,/localdev/ijankowski/tt-metal-pin/tt_metal/hw/firmware/src/tt-1xx/brisc.cc,
0,1,1,BRISC,3375,6079804669069,0,0,,,BRISC-FW,ZONE_START,438,/localdev/ijankowski/tt-metal-pin/tt_metal/hw/firmware/src/tt-1xx/brisc.cc,
0,1,1,BRISC,18645,6079804669900,0,0,,,BRISC-KERNEL,ZONE_START,77,/localdev/ijankowski/tt-metal-pin/tt_metal/hw/firmware/src/tt-1xx/brisck.cc,
0,1,1,BRISC,18645,6079805192704,0,0,,,BRISC-KERNEL,ZONE_END,77,/localdev/ijankowski/tt-metal-pin/tt_metal/hw/firmware/src/tt-1xx/brisck.cc,
0,1,1,BRISC,3375,6079805197274,0,0,,,BRISC-FW,ZONE_END,438,/localdev/ijankowski/tt-metal-pin/tt_metal/hw/firmware/src/tt-1xx/brisc.cc,
0,1,1,BRISC,3375,6079828157923,0,0,,,BRISC-FW,ZONE_START,438,/localdev/ijankowski/tt-metal-pin/tt_metal/hw/firmware/src/tt-1xx/brisc.cc,
0,1,1,BRISC,18645,6079828158749,0,0,,,BRISC-KERNEL,ZONE_START,77,/localdev/ijankowski/tt-metal-pin/tt_metal/hw/firmware/src/tt-1xx/brisck.cc,
0,1,1,BRISC,18645,6079828553724,0,0,,,BRISC-KERNEL,ZONE_END,77,/localdev/ijankowski/tt-metal-pin/tt_metal/hw/firmware/src/tt-1xx/brisck.cc,
0,1,1,BRISC,3375,6079828559615,0,0,,,BRISC-FW,ZONE_END,438,/localdev/ijankowski/tt-metal-pin/tt_metal/hw/firmware/src/tt-1xx/brisc.cc,
0,1,1,BRISC,3375,6079851429375,0,0,,,BRISC-FW,ZONE_START,438,/localdev/ijankowski/tt-metal-pin/tt_metal/hw/firmware/src/tt-1xx/brisc.cc,
0,1,1,BRISC,18645,6079851430209,0,0,,,BRISC-KERNEL,ZONE_START,77,/localdev/ijankowski/tt-metal-pin/tt_metal/hw/firmware/src/tt-1xx/brisck.cc,
0,1,1,BRISC,18645,6079851953063,0,0,,,BRISC-KERNEL,ZONE_END,77,/localdev/ijankowski/tt-metal-pin/tt_metal/hw/firmware/src/tt-1xx/brisck.cc,
0,1,1,BRISC,3375,6079851957625,0,0,,,BRISC-FW,ZONE_END,438,/localdev/ijankowski/tt-metal-pin/tt_metal/hw/firmware/src/tt-1xx/brisc.cc,
0,1,1,BRISC,3375,6079874934538,0,0,,,BRISC-FW,ZONE_START,438,/localdev/ijankowski/tt-metal-pin/tt_metal/hw/firmware/src/tt-1xx/brisc.cc,
0,1,1,BRISC,18645,6079874935367,0,0,,,BRISC-KERNEL,ZONE_START,77,/localdev/ijankowski/tt-metal-pin/tt_metal/hw/firmware/src/tt-1xx/brisck.cc,
0,1,1,BRISC,18645,6079875330348,0,0,,,BRISC-KERNEL,ZONE_END,77,/localdev/ijankowski/tt-metal-pin/tt_metal/hw/firmware/src/tt-1xx/brisck.cc,
0,1,1,BRISC,3375,6079875336256,0,0,,,BRISC-FW,ZONE_END,438,/localdev/ijankowski/tt-metal-pin/tt_metal/hw/firmware/src/tt-1xx/brisc.cc,
0,1,1,BRISC,3375,6079898327284,0,0,,,BRISC-FW,ZONE_START,438,/localdev/ijankowski/tt-metal-pin/tt_metal/hw/firmware/src/tt-1xx/brisc.cc,
0,1,1,BRISC,18645,6079898328120,0,0,,,BRISC-KERNEL,ZONE_START,77,/localdev/ijankowski/tt-metal-pin/tt_metal/hw/firmware/src/tt-1xx/brisck.cc,
0,1,1,BRISC,18645,6079898850905,0,0,,,BRISC-KERNEL,ZONE_END,77,/localdev/ijankowski/tt-metal-pin/tt_metal/hw/firmware/src/tt-1xx/brisck.cc,
0,1,1,BRISC,3375,6079898855461,0,0,,,BRISC-FW,ZONE_END,438,/localdev/ijankowski/tt-metal-pin/tt_metal/hw/firmware/src/tt-1xx/brisc.cc,
0,1,1,BRISC,3375,6079923905778,0,0,,,BRISC-FW,ZONE_START,438,/localdev/ijankowski/tt-metal-pin/tt_metal/hw/firmware/src/tt-1xx/brisc.cc,
0,1,1,BRISC,18645,6079923906617,0,0,,,BRISC-KERNEL,ZONE_START,77,/localdev/ijankowski/tt-metal-pin/tt_metal/hw/firmware/src/tt-1xx/brisck.cc,
0,1,1,BRISC,18645,6079924301662,0,0,,,BRISC-KERNEL,ZONE_END,77,/localdev/ijankowski/tt-metal-pin/tt_metal/hw/firmware/src/tt-1xx/brisck.cc,
0,1,1,BRISC,3375,6079924307572,0,0,,,BRISC-FW,ZONE_END,438,/localdev/ijankowski/tt-metal-pin/tt_metal/hw/firmware/src/tt-1xx/brisc.cc,
0,1,1,BRISC,3375,6079948445370,0,0,,,BRISC-FW,ZONE_START,438,/localdev/ijankowski/tt-metal-pin/tt_metal/hw/firmware/src/tt-1xx/brisc.cc,
0,1,1,BRISC,18645,6079948446211,0,0,,,BRISC-KERNEL,ZONE_START,77,/localdev/ijankowski/tt-metal-pin/tt_metal/hw/firmware/src/tt-1xx/brisck.cc,
0,1,1,BRISC,18645,6079948968977,0,0,,,BRISC-KERNEL,ZONE_END,77,/localdev/ijankowski/tt-metal-pin/tt_metal/hw/firmware/src/tt-1xx/brisck.cc,
0,1,1,BRISC,3375,6079948973539,0,0,,,BRISC-FW,ZONE_END,438,/localdev/ijankowski/tt-metal-pin/tt_metal/hw/firmware/src/tt-1xx/brisc.cc,
0,1,1,BRISC,3375,6079971951144,0,0,,,BRISC-FW,ZONE_START,438,/localdev/ijankowski/tt-metal-pin/tt_metal/hw/firmware/src/tt-1xx/brisc.cc,
0,1,1,BRISC,18645,6079971951973,0,0,,,BRISC-KERNEL,ZONE_START,77,/localdev/ijankowski/tt-metal-pin/tt_metal/hw/firmware/src/tt-1xx/brisck.cc,
0,1,1,BRISC,18645,6079972346949,0,0,,,BRISC-KERNEL,ZONE_END,77,/localdev/ijankowski/tt-metal-pin/tt_metal/hw/firmware/src/tt-1xx/brisck.cc,
0,1,1,BRISC,3375,6079972352848,0,0,,,BRISC-FW,ZONE_END,438,/localdev/ijankowski/tt-metal-pin/tt_metal/hw/firmware/src/tt-1xx/brisc.cc,
0,1,1,BRISC,3375,6079995380670,0,0,,,BRISC-FW,ZONE_START,438,/localdev/ijankowski/tt-metal-pin/tt_metal/hw/firmware/src/tt-1xx/brisc.cc,
0,1,1,BRISC,18645,6079995381510,0,0,,,BRISC-KERNEL,ZONE_START,77,/localdev/ijankowski/tt-metal-pin/tt_metal/hw/firmware/src/tt-1xx/brisck.cc,
0,1,1,BRISC,18645,6079995904351,0,0,,,BRISC-KERNEL,ZONE_END,77,/localdev/ijankowski/tt-metal-pin/tt_metal/hw/firmware/src/tt-1xx/brisck.cc,
0,1,1,BRISC,3375,6079995908904,0,0,,,BRISC-FW,ZONE_END,438,/localdev/ijankowski/tt-metal-pin/tt_metal/hw/firmware/src/tt-1xx/brisc.cc,
0,1,1,BRISC,3375,6080018850677,0,0,,,BRISC-FW,ZONE_START,438,/localdev/ijankowski/tt-metal-pin/tt_metal/hw/firmware/src/tt-1xx/brisc.cc,
0,1,1,BRISC,18645,6080018851502,0,0,,,BRISC-KERNEL,ZONE_START,77,/localdev/ijankowski/tt-metal-pin/tt_metal/hw/firmware/src/tt-1xx/brisck.cc,
0,1,1,BRISC,18645,6080019246490,0,0,,,BRISC-KERNEL,ZONE_END,77,/localdev/ijankowski/tt-metal-pin/tt_metal/hw/firmware/src/tt-1xx/brisck.cc,
0,1,1,BRISC,3375,6080019252378,0,0,,,BRISC-FW,ZONE_END,438,/localdev/ijankowski/tt-metal-pin/tt_metal/hw/firmware/src/tt-1xx/brisc.cc,
0,1,1,BRISC,3375,6080042211833,0,0,,,BRISC-FW,ZONE_START,438,/localdev/ijankowski/tt-metal-pin/tt_metal/hw/firmware/src/tt-1xx/brisc.cc,
0,1,1,BRISC,18645,6080042212681,0,0,,,BRISC-KERNEL,ZONE_START,77,/localdev/ijankowski/tt-metal-pin/tt_metal/hw/firmware/src/tt-1xx/brisck.cc,
0,1,1,BRISC,18645,6080042735419,0,0,,,BRISC-KERNEL,ZONE_END,77,/localdev/ijankowski/tt-metal-pin/tt_metal/hw/firmware/src/tt-1xx/brisck.cc,
0,1,1,BRISC,3375,6080042739976,0,0,,,BRISC-FW,ZONE_END,438,/localdev/ijankowski/tt-metal-pin/tt_metal/hw/firmware/src/tt-1xx/brisc.cc,
0,1,1,BRISC,3375,6080067182451,0,0,,,BRISC-FW,ZONE_START,438,/localdev/ijankowski/tt-metal-pin/tt_metal/hw/firmware/src/tt-1xx/brisc.cc,
0,1,1,BRISC,18645,6080067183284,0,0,,,BRISC-KERNEL,ZONE_START,77,/localdev/ijankowski/tt-metal-pin/tt_metal/hw/firmware/src/tt-1xx/brisck.cc,
0,1,1,BRISC,18645,6080067578887,0,0,,,BRISC-KERNEL,ZONE_END,77,/localdev/ijankowski/tt-metal-pin/tt_metal/hw/firmware/src/tt-1xx/brisck.cc,
0,1,1,BRISC,3375,6080067584786,0,0,,,BRISC-FW,ZONE_END,438,/localdev/ijankowski/tt-metal-pin/tt_metal/hw/firmware/src/tt-1xx/brisc.cc,
0,1,1,BRISC,3375,6080090453271,0,0,,,BRISC-FW,ZONE_START,438,/localdev/ijankowski/tt-metal-pin/tt_metal/hw/firmware/src/tt-1xx/brisc.cc,
0,1,1,BRISC,18645,6080090454102,0,0,,,BRISC-KERNEL,ZONE_START,77,/localdev/ijankowski/tt-metal-pin/tt_metal/hw/firmware/src/tt-1xx/brisck.cc,
0,1,1,BRISC,18645,6080090976886,0,0,,,BRISC-KERNEL,ZONE_END,77,/localdev/ijankowski/tt-metal-pin/tt_metal/hw/firmware/src/tt-1xx/brisck.cc,
0,1,1,BRISC,3375,6080090981461,0,0,,,BRISC-FW,ZONE_END,438,/localdev/ijankowski/tt-metal-pin/tt_metal/hw/firmware/src/tt-1xx/brisc.cc,
0,1,1,BRISC,3375,6080113814704,0,0,,,BRISC-FW,ZONE_START,438,/localdev/ijankowski/tt-metal-pin/tt_metal/hw/firmware/src/tt-1xx/brisc.cc,
0,1,1,BRISC,18645,6080113815543,0,0,,,BRISC-KERNEL,ZONE_START,77,/localdev/ijankowski/tt-metal-pin/tt_metal/hw/firmware/src/tt-1xx/brisck.cc,
0,1,1,BRISC,18645,6080114210663,0,0,,,BRISC-KERNEL,ZONE_END,77,/localdev/ijankowski/tt-metal-pin/tt_metal/hw/firmware/src/tt-1xx/brisck.cc,
0,1,1,BRISC,3375,6080114216420,0,0,,,BRISC-FW,ZONE_END,438,/localdev/ijankowski/tt-metal-pin/tt_metal/hw/firmware/src/tt-1xx/brisc.cc,
0,1,1,BRISC,3375,6080137214596,0,0,,,BRISC-FW,ZONE_START,438,/localdev/ijankowski/tt-metal-pin/tt_metal/hw/firmware/src/tt-1xx/brisc.cc,
0,1,1,BRISC,18645,6080137215427,0,0,,,BRISC-KERNEL,ZONE_START,77,/localdev/ijankowski/tt-metal-pin/tt_metal/hw/firmware/src/tt-1xx/brisck.cc,
0,1,1,BRISC,18645,6080137738181,0,0,,,BRISC-KERNEL,ZONE_END,77,/localdev/ijankowski/tt-metal-pin/tt_metal/hw/firmware/src/tt-1xx/brisck.cc,
0,1,1,BRISC,3375,6080137742730,0,0,,,BRISC-FW,ZONE_END,438,/localdev/ijankowski/tt-metal-pin/tt_metal/hw/firmware/src/tt-1xx/brisc.cc,
0,1,1,BRISC,3375,6080160771080,0,0,,,BRISC-FW,ZONE_START,438,/localdev/ijankowski/tt-metal-pin/tt_metal/hw/firmware/src/tt-1xx/brisc.cc,
0,1,1,BRISC,18645,6080160771918,0,0,,,BRISC-KERNEL,ZONE_START,77,/localdev/ijankowski/tt-metal-pin/tt_metal/hw/firmware/src/tt-1xx/brisck.cc,
0,1,1,BRISC,18645,6080161166962,0,0,,,BRISC-KERNEL,ZONE_END,77,/localdev/ijankowski/tt-metal-pin/tt_metal/hw/firmware/src/tt-1xx/brisck.cc,
0,1,1,BRISC,3375,6080161172798,0,0,,,BRISC-FW,ZONE_END,438,/localdev/ijankowski/tt-metal-pin/tt_metal/hw/firmware/src/tt-1xx/brisc.cc,
0,1,1,BRISC,3375,6080184939893,0,0,,,BRISC-FW,ZONE_START,438,/localdev/ijankowski/tt-metal-pin/tt_metal/hw/firmware/src/tt-1xx/brisc.cc,
0,1,1,BRISC,18645,6080184940723,0,0,,,BRISC-KERNEL,ZONE_START,77,/localdev/ijankowski/tt-metal-pin/tt_metal/hw/firmware/src/tt-1xx/brisck.cc,
0,1,1,BRISC,18645,6080185463701,0,0,,,BRISC-KERNEL,ZONE_END,77,/localdev/ijankowski/tt-metal-pin/tt_metal/hw/firmware/src/tt-1xx/brisck.cc,
0,1,1,BRISC,3375,6080185468266,0,0,,,BRISC-FW,ZONE_END,438,/localdev/ijankowski/tt-metal-pin/tt_metal/hw/firmware/src/tt-1xx/brisc.cc,
0,1,1,NCRISC,31803,6077892193378,0,0,,,NCRISC-FW,ZONE_START,129,/localdev/ijankowski/tt-metal-pin/tt_metal/hw/firmware/src/tt-1xx/ncrisc.cc,
0,1,1,NCRISC,22816,6077892194022,0,0,,,NCRISC-KERNEL,ZONE_START,70,/localdev/ijankowski/tt-metal-pin/tt_metal/hw/firmware/src/tt-1xx/ncrisck.cc,
0,1,1,NCRISC,22816,6077892594765,0,0,,,NCRISC-KERNEL,ZONE_END,70,/localdev/ijankowski/tt-metal-pin/tt_metal/hw/firmware/src/tt-1xx/ncrisck.cc,
0,1,1,NCRISC,31803,6077892594886,0,0,,,NCRISC-FW,ZONE_END,129,/localdev/ijankowski/tt-metal-pin/tt_metal/hw/firmware/src/tt-1xx/ncrisc.cc,
0,1,1,NCRISC,31803,6077916273621,0,0,,,NCRISC-FW,ZONE_START,129,/localdev/ijankowski/tt-metal-pin/tt_metal/hw/firmware/src/tt-1xx/ncrisc.cc,
0,1,1,NCRISC,22816,6077916274285,0,0,,,NCRISC-KERNEL,ZONE_START,70,/localdev/ijankowski/tt-metal-pin/tt_metal/hw/firmware/src/tt-1xx/ncrisck.cc,
0,1,1,NCRISC,22816,6077916675099,0,0,,,NCRISC-KERNEL,ZONE_END,70,/localdev/ijankowski/tt-metal-pin/tt_metal/hw/firmware/src/tt-1xx/ncrisck.cc,
0,1,1,NCRISC,31803,6077916675218,0,0,,,NCRISC-FW,ZONE_END,129,/localdev/ijankowski/tt-metal-pin/tt_metal/hw/firmware/src/tt-1xx/ncrisc.cc,
0,1,1,NCRISC,31803,6077939518841,0,0,,,NCRISC-FW,ZONE_START,129,/localdev/ijankowski/tt-metal-pin/tt_metal/hw/firmware/src/tt-1xx/ncrisc.cc,
0,1,1,NCRISC,22816,6077939519494,0,0,,,NCRISC-KERNEL,ZONE_START,70,/localdev/ijankowski/tt-metal-pin/tt_metal/hw/firmware/src/tt-1xx/ncrisck.cc,
0,1,1,NCRISC,22816,6077939920275,0,0,,,NCRISC-KERNEL,ZONE_END,70,/localdev/ijankowski/tt-metal-pin/tt_metal/hw/firmware/src/tt-1xx/ncrisck.cc,
0,1,1,NCRISC,31803,6077939920396,0,0,,,NCRISC-FW,ZONE_END,129,/localdev/ijankowski/tt-metal-pin/tt_metal/hw/firmware/src/tt-1xx/ncrisc.cc,
0,1,1,NCRISC,31803,6077962646473,0,0,,,NCRISC-FW,ZONE_START,129,/localdev/ijankowski/tt-metal-pin/tt_metal/hw/firmware/src/tt-1xx/ncrisc.cc,
0,1,1,NCRISC,22816,6077962647142,0,0,,,NCRISC-KERNEL,ZONE_START,70,/localdev/ijankowski/tt-metal-pin/tt_metal/hw/firmware/src/tt-1xx/ncrisck.cc,
0,1,1,NCRISC,22816,6077963047916,0,0,,,NCRISC-KERNEL,ZONE_END,70,/localdev/ijankowski/tt-metal-pin/tt_metal/hw/firmware/src/tt-1xx/ncrisck.cc,
0,1,1,NCRISC,31803,6077963048035,0,0,,,NCRISC-FW,ZONE_END,129,/localdev/ijankowski/tt-metal-pin/tt_metal/hw/firmware/src/tt-1xx/ncrisc.cc,
0,1,1,NCRISC,31803,6077985888787,0,0,,,NCRISC-FW,ZONE_START,129,/localdev/ijankowski/tt-metal-pin/tt_metal/hw/firmware/src/tt-1xx/ncrisc.cc,
0,1,1,NCRISC,22816,6077985889439,0,0,,,NCRISC-KERNEL,ZONE_START,70,/localdev/ijankowski/tt-metal-pin/tt_metal/hw/firmware/src/tt-1xx/ncrisck.cc,
0,1,1,NCRISC,22816,6077986290158,0,0,,,NCRISC-KERNEL,ZONE_END,70,/localdev/ijankowski/tt-metal-pin/tt_metal/hw/firmware/src/tt-1xx/ncrisck.cc,
0,1,1,NCRISC,31803,6077986290279,0,0,,,NCRISC-FW,ZONE_END,129,/localdev/ijankowski/tt-metal-pin/tt_metal/hw/firmware/src/tt-1xx/ncrisc.cc,
0,1,1,NCRISC,31803,6078008780678,0,0,,,NCRISC-FW,ZONE_START,129,/localdev/ijankowski/tt-metal-pin/tt_metal/hw/firmware/src/tt-1xx/ncrisc.cc,
0,1,1,NCRISC,22816,6078008781336,0,0,,,NCRISC-KERNEL,ZONE_START,70,/localdev/ijankowski/tt-metal-pin/tt_metal/hw/firmware/src/tt-1xx/ncrisck.cc,
0,1,1,NCRISC,22816,6078009182105,0,0,,,NCRISC-KERNEL,ZONE_END,70,/localdev/ijankowski/tt-metal-pin/tt_metal/hw/firmware/src/tt-1xx/ncrisck.cc,
0,1,1,NCRISC,31803,6078009182228,0,0,,,NCRISC-FW,ZONE_END,129,/localdev/ijankowski/tt-metal-pin/tt_metal/hw/firmware/src/tt-1xx/ncrisc.cc,
0,1,1,NCRISC,31803,6078031262691,0,0,,,NCRISC-FW,ZONE_START,129,/localdev/ijankowski/tt-metal-pin/tt_metal/hw/firmware/src/tt-1xx/ncrisc.cc,
0,1,1,NCRISC,22816,6078031263355,0,0,,,NCRISC-KERNEL,ZONE_START,70,/localdev/ijankowski/tt-metal-pin/tt_metal/hw/firmware/src/tt-1xx/ncrisck.cc,
0,1,1,NCRISC,22816,6078031601806,0,0,,,NCRISC-KERNEL,ZONE_END,70,/localdev/ijankowski/tt-metal-pin/tt_metal/hw/firmware/src/tt-1xx/ncrisck.cc,
0,1,1,NCRISC,31803,6078031601927,0,0,,,NCRISC-FW,ZONE_END,129,/localdev/ijankowski/tt-metal-pin/tt_metal/hw/firmware/src/tt-1xx/ncrisc.cc,
0,1,1,NCRISC,31803,6078855436361,0,0,,,NCRISC-FW,ZONE_START,129,/localdev/ijankowski/tt-metal-pin/tt_metal/hw/firmware/src/tt-1xx/ncrisc.cc,
0,1,1,NCRISC,22816,6078855437031,0,0,,,NCRISC-KERNEL,ZONE_START,70,/localdev/ijankowski/tt-metal-pin/tt_metal/hw/firmware/src/tt-1xx/ncrisck.cc,
0,1,1,NCRISC,22816,6078855964316,0,0,,,NCRISC-KERNEL,ZONE_END,70,/localdev/ijankowski/tt-metal-pin/tt_metal/hw/firmware/src/tt-1xx/ncrisck.cc,
0,1,1,NCRISC,31803,6078855964437,0,0,,,NCRISC-FW,ZONE_END,129,/localdev/ijankowski/tt-metal-pin/tt_metal/hw/firmware/src/tt-1xx/ncrisc.cc,
0,1,1,NCRISC,31803,6078878910181,0,0,,,NCRISC-FW,ZONE_START,129,/localdev/ijankowski/tt-metal-pin/tt_metal/hw/firmware/src/tt-1xx/ncrisc.cc,
0,1,1,NCRISC,22816,6078878910845,0,0,,,NCRISC-KERNEL,ZONE_START,70,/localdev/ijankowski/tt-metal-pin/tt_metal/hw/firmware/src/tt-1xx/ncrisck.cc,
0,1,1,NCRISC,22816,6078879438254,0,0,,,NCRISC-KERNEL,ZONE_END,70,/localdev/ijankowski/tt-metal-pin/tt_metal/hw/firmware/src/tt-1xx/ncrisck.cc,
0,1,1,NCRISC,31803,6078879438372,0,0,,,NCRISC-FW,ZONE_END,129,/localdev/ijankowski/tt-metal-pin/tt_metal/hw/firmware/src/tt-1xx/ncrisc.cc,
0,1,1,NCRISC,31803,6078901972025,0,0,,,NCRISC-FW,ZONE_START,129,/localdev/ijankowski/tt-metal-pin/tt_metal/hw/firmware/src/tt-1xx/ncrisc.cc,
0,1,1,NCRISC,22816,6078901972688,0,0,,,NCRISC-KERNEL,ZONE_START,70,/localdev/ijankowski/tt-metal-pin/tt_metal/hw/firmware/src/tt-1xx/ncrisck.cc,
0,1,1,NCRISC,22816,6078902499961,0,0,,,NCRISC-KERNEL,ZONE_END,70,/localdev/ijankowski/tt-metal-pin/tt_metal/hw/firmware/src/tt-1xx/ncrisck.cc,
0,1,1,NCRISC,31803,6078902500082,0,0,,,NCRISC-FW,ZONE_END,129,/localdev/ijankowski/tt-metal-pin/tt_metal/hw/firmware/src/tt-1xx/ncrisc.cc,
0,1,1,NCRISC,31803,6078925226677,0,0,,,NCRISC-FW,ZONE_START,129,/localdev/ijankowski/tt-metal-pin/tt_metal/hw/firmware/src/tt-1xx/ncrisc.cc,
0,1,1,NCRISC,22816,6078925227334,0,0,,,NCRISC-KERNEL,ZONE_START,70,/localdev/ijankowski/tt-metal-pin/tt_metal/hw/firmware/src/tt-1xx/ncrisck.cc,
0,1,1,NCRISC,22816,6078925754668,0,0,,,NCRISC-KERNEL,ZONE_END,70,/localdev/ijankowski/tt-metal-pin/tt_metal/hw/firmware/src/tt-1xx/ncrisck.cc,
0,1,1,NCRISC,31803,6078925754787,0,0,,,NCRISC-FW,ZONE_END,129,/localdev/ijankowski/tt-metal-pin/tt_metal/hw/firmware/src/tt-1xx/ncrisc.cc,
0,1,1,NCRISC,31803,6078949319434,0,0,,,NCRISC-FW,ZONE_START,129,/localdev/ijankowski/tt-metal-pin/tt_metal/hw/firmware/src/tt-1xx/ncrisc.cc,
0,1,1,NCRISC,22816,6078949320103,0,0,,,NCRISC-KERNEL,ZONE_START,70,/localdev/ijankowski/tt-metal-pin/tt_metal/hw/firmware/src/tt-1xx/ncrisck.cc,
0,1,1,NCRISC,22816,6078949847506,0,0,,,NCRISC-KERNEL,ZONE_END,70,/localdev/ijankowski/tt-metal-pin/tt_metal/hw/firmware/src/tt-1xx/ncrisck.cc,
0,1,1,NCRISC,31803,6078949847625,0,0,,,NCRISC-FW,ZONE_END,129,/localdev/ijankowski/tt-metal-pin/tt_metal/hw/firmware/src/tt-1xx/ncrisc.cc,
0,1,1,NCRISC,31803,6078973117542,0,0,,,NCRISC-FW,ZONE_START,129,/localdev/ijankowski/tt-metal-pin/tt_metal/hw/firmware/src/tt-1xx/ncrisc.cc,
0,1,1,NCRISC,22816,6078973118211,0,0,,,NCRISC-KERNEL,ZONE_START,70,/localdev/ijankowski/tt-metal-pin/tt_metal/hw/firmware/src/tt-1xx/ncrisck.cc,
0,1,1,NCRISC,22816,6078973645507,0,0,,,NCRISC-KERNEL,ZONE_END,70,/localdev/ijankowski/tt-metal-pin/tt_metal/hw/firmware/src/tt-1xx/ncrisck.cc,
0,1,1,NCRISC,31803,6078973645627,0,0,,,NCRISC-FW,ZONE_END,129,/localdev/ijankowski/tt-metal-pin/tt_metal/hw/firmware/src/tt-1xx/ncrisc.cc,
0,1,1,NCRISC,31803,6078997937242,0,0,,,NCRISC-FW,ZONE_START,129,/localdev/ijankowski/tt-metal-pin/tt_metal/hw/firmware/src/tt-1xx/ncrisc.cc,
0,1,1,NCRISC,22816,6078997937918,0,0,,,NCRISC-KERNEL,ZONE_START,70,/localdev/ijankowski/tt-metal-pin/tt_metal/hw/firmware/src/tt-1xx/ncrisck.cc,
0,1,1,NCRISC,22816,6078998383024,0,0,,,NCRISC-KERNEL,ZONE_END,70,/localdev/ijankowski/tt-metal-pin/tt_metal/hw/firmware/src/tt-1xx/ncrisck.cc,
0,1,1,NCRISC,31803,6078998383145,0,0,,,NCRISC-FW,ZONE_END,129,/localdev/ijankowski/tt-metal-pin/tt_metal/hw/firmware/src/tt-1xx/ncrisc.cc,
0,1,1,NCRISC,31803,6079022140529,0,0,,,NCRISC-FW,ZONE_START,129,/localdev/ijankowski/tt-metal-pin/tt_metal/hw/firmware/src/tt-1xx/ncrisc.cc,
0,1,1,NCRISC,22816,6079022141189,0,0,,,NCRISC-KERNEL,ZONE_START,70,/localdev/ijankowski/tt-metal-pin/tt_metal/hw/firmware/src/tt-1xx/ncrisck.cc,
0,1,1,NCRISC,22816,6079022541968,0,0,,,NCRISC-KERNEL,ZONE_END,70,/localdev/ijankowski/tt-metal-pin/tt_metal/hw/firmware/src/tt-1xx/ncrisck.cc,
0,1,1,NCRISC,31803,6079022542092,0,0,,,NCRISC-FW,ZONE_END,129,/localdev/ijankowski/tt-metal-pin/tt_metal/hw/firmware/src/tt-1xx/ncrisc.cc,
0,1,1,NCRISC,31803,6079044893821,0,0,,,NCRISC-FW,ZONE_START,129,/localdev/ijankowski/tt-metal-pin/tt_metal/hw/firmware/src/tt-1xx/ncrisc.cc,
0,1,1,NCRISC,22816,6079044894479,0,0,,,NCRISC-KERNEL,ZONE_START,70,/localdev/ijankowski/tt-metal-pin/tt_metal/hw/firmware/src/tt-1xx/ncrisck.cc,
0,1,1,NCRISC,22816,6079045421794,0,0,,,NCRISC-KERNEL,ZONE_END,70,/localdev/ijankowski/tt-metal-pin/tt_metal/hw/firmware/src/tt-1xx/ncrisck.cc,
0,1,1,NCRISC,31803,6079045421915,0,0,,,NCRISC-FW,ZONE_END,129,/localdev/ijankowski/tt-metal-pin/tt_metal/hw/firmware/src/tt-1xx/ncrisc.cc,
0,1,1,NCRISC,31803,6079068184950,0,0,,,NCRISC-FW,ZONE_START,129,/localdev/ijankowski/tt-metal-pin/tt_metal/hw/firmware/src/tt-1xx/ncrisc.cc,
0,1,1,NCRISC,22816,6079068185607,0,0,,,NCRISC-KERNEL,ZONE_START,70,/localdev/ijankowski/tt-metal-pin/tt_metal/hw/firmware/src/tt-1xx/ncrisck.cc,
0,1,1,NCRISC,22816,6079068586378,0,0,,,NCRISC-KERNEL,ZONE_END,70,/localdev/ijankowski/tt-metal-pin/tt_metal/hw/firmware/src/tt-1xx/ncrisck.cc,
0,1,1,NCRISC,31803,6079068586502,0,0,,,NCRISC-FW,ZONE_END,129,/localdev/ijankowski/tt-metal-pin/tt_metal/hw/firmware/src/tt-1xx/ncrisc.cc,
0,1,1,NCRISC,31803,6079091474872,0,0,,,NCRISC-FW,ZONE_START,129,/localdev/ijankowski/tt-metal-pin/tt_metal/hw/firmware/src/tt-1xx/ncrisc.cc,
0,1,1,NCRISC,22816,6079091475527,0,0,,,NCRISC-KERNEL,ZONE_START,70,/localdev/ijankowski/tt-metal-pin/tt_metal/hw/firmware/src/tt-1xx/ncrisck.cc,
0,1,1,NCRISC,22816,6079092002952,0,0,,,NCRISC-KERNEL,ZONE_END,70,/localdev/ijankowski/tt-metal-pin/tt_metal/hw/firmware/src/tt-1xx/ncrisck.cc,
0,1,1,NCRISC,31803,6079092003070,0,0,,,NCRISC-FW,ZONE_END,129,/localdev/ijankowski/tt-metal-pin/tt_metal/hw/firmware/src/tt-1xx/ncrisc.cc,
0,1,1,NCRISC,31803,6079114771160,0,0,,,NCRISC-FW,ZONE_START,129,/localdev/ijankowski/tt-metal-pin/tt_metal/hw/firmware/src/tt-1xx/ncrisc.cc,
0,1,1,NCRISC,22816,6079114771817,0,0,,,NCRISC-KERNEL,ZONE_START,70,/localdev/ijankowski/tt-metal-pin/tt_metal/hw/firmware/src/tt-1xx/ncrisck.cc,
0,1,1,NCRISC,22816,6079115172574,0,0,,,NCRISC-KERNEL,ZONE_END,70,/localdev/ijankowski/tt-metal-pin/tt_metal/hw/firmware/src/tt-1xx/ncrisck.cc,
0,1,1,NCRISC,31803,6079115172695,0,0,,,NCRISC-FW,ZONE_END,129,/localdev/ijankowski/tt-metal-pin/tt_metal/hw/firmware/src/tt-1xx/ncrisc.cc,
0,1,1,NCRISC,31803,6079138013900,0,0,,,NCRISC-FW,ZONE_START,129,/localdev/ijankowski/tt-metal-pin/tt_metal/hw/firmware/src/tt-1xx/ncrisc.cc,
0,1,1,NCRISC,22816,6079138014552,0,0,,,NCRISC-KERNEL,ZONE_START,70,/localdev/ijankowski/tt-metal-pin/tt_metal/hw/firmware/src/tt-1xx/ncrisck.cc,
0,1,1,NCRISC,22816,6079138542030,0,0,,,NCRISC-KERNEL,ZONE_END,70,/localdev/ijankowski/tt-metal-pin/tt_metal/hw/firmware/src/tt-1xx/ncrisck.cc,
0,1,1,NCRISC,31803,6079138542150,0,0,,,NCRISC-FW,ZONE_END,129,/localdev/ijankowski/tt-metal-pin/tt_metal/hw/firmware/src/tt-1xx/ncrisc.cc,
0,1,1,NCRISC,31803,6079161359673,0,0,,,NCRISC-FW,ZONE_START,129,/localdev/ijankowski/tt-metal-pin/tt_metal/hw/firmware/src/tt-1xx/ncrisc.cc,
0,1,1,NCRISC,22816,6079161360340,0,0,,,NCRISC-KERNEL,ZONE_START,70,/localdev/ijankowski/tt-metal-pin/tt_metal/hw/firmware/src/tt-1xx/ncrisck.cc,
0,1,1,NCRISC,22816,6079161761179,0,0,,,NCRISC-KERNEL,ZONE_END,70,/localdev/ijankowski/tt-metal-pin/tt_metal/hw/firmware/src/tt-1xx/ncrisck.cc,
0,1,1,NCRISC,31803,6079161761298,0,0,,,NCRISC-FW,ZONE_END,129,/localdev/ijankowski/tt-metal-pin/tt_metal/hw/firmware/src/tt-1xx/ncrisc.cc,
0,1,1,NCRISC,31803,6079187275088,0,0,,,NCRISC-FW,ZONE_START,129,/localdev/ijankowski/tt-metal-pin/tt_metal/hw/firmware/src/tt-1xx/ncrisc.cc,
0,1,1,NCRISC,22816,6079187275762,0,0,,,NCRISC-KERNEL,ZONE_START,70,/localdev/ijankowski/tt-metal-pin/tt_metal/hw/firmware/src/tt-1xx/ncrisck.cc,
0,1,1,NCRISC,22816,6079187803095,0,0,,,NCRISC-KERNEL,ZONE_END,70,/localdev/ijankowski/tt-metal-pin/tt_metal/hw/firmware/src/tt-1xx/ncrisck.cc,
0,1,1,NCRISC,31803,6079187803214,0,0,,,NCRISC-FW,ZONE_END,129,/localdev/ijankowski/tt-metal-pin/tt_metal/hw/firmware/src/tt-1xx/ncrisc.cc,
0,1,1,NCRISC,31803,6079210758901,0,0,,,NCRISC-FW,ZONE_START,129,/localdev/ijankowski/tt-metal-pin/tt_metal/hw/firmware/src/tt-1xx/ncrisc.cc,
0,1,1,NCRISC,22816,6079210759582,0,0,,,NCRISC-KERNEL,ZONE_START,70,/localdev/ijankowski/tt-metal-pin/tt_metal/hw/firmware/src/tt-1xx/ncrisck.cc,
0,1,1,NCRISC,22816,6079211160515,0,0,,,NCRISC-KERNEL,ZONE_END,70,/localdev/ijankowski/tt-metal-pin/tt_metal/hw/firmware/src/tt-1xx/ncrisck.cc,
0,1,1,NCRISC,31803,6079211160637,0,0,,,NCRISC-FW,ZONE_END,129,/localdev/ijankowski/tt-metal-pin/tt_metal/hw/firmware/src/tt-1xx/ncrisc.cc,
0,1,1,NCRISC,31803,6079234102808,0,0,,,NCRISC-FW,ZONE_START,129,/localdev/ijankowski/tt-metal-pin/tt_metal/hw/firmware/src/tt-1xx/ncrisc.cc,
0,1,1,NCRISC,22816,6079234103464,0,0,,,NCRISC-KERNEL,ZONE_START,70,/localdev/ijankowski/tt-metal-pin/tt_metal/hw/firmware/src/tt-1xx/ncrisck.cc,
0,1,1,NCRISC,22816,6079234630744,0,0,,,NCRISC-KERNEL,ZONE_END,70,/localdev/ijankowski/tt-metal-pin/tt_metal/hw/firmware/src/tt-1xx/ncrisck.cc,
0,1,1,NCRISC,31803,6079234630864,0,0,,,NCRISC-FW,ZONE_END,129,/localdev/ijankowski/tt-metal-pin/tt_metal/hw/firmware/src/tt-1xx/ncrisc.cc,
0,1,1,NCRISC,31803,6079257536718,0,0,,,NCRISC-FW,ZONE_START,129,/localdev/ijankowski/tt-metal-pin/tt_metal/hw/firmware/src/tt-1xx/ncrisc.cc,
0,1,1,NCRISC,22816,6079257537377,0,0,,,NCRISC-KERNEL,ZONE_START,70,/localdev/ijankowski/tt-metal-pin/tt_metal/hw/firmware/src/tt-1xx/ncrisck.cc,
0,1,1,NCRISC,22816,6079257938344,0,0,,,NCRISC-KERNEL,ZONE_END,70,/localdev/ijankowski/tt-metal-pin/tt_metal/hw/firmware/src/tt-1xx/ncrisck.cc,
0,1,1,NCRISC,31803,6079257938465,0,0,,,NCRISC-FW,ZONE_END,129,/localdev/ijankowski/tt-metal-pin/tt_metal/hw/firmware/src/tt-1xx/ncrisc.cc,
0,1,1,NCRISC,31803,6079280815341,0,0,,,NCRISC-FW,ZONE_START,129,/localdev/ijankowski/tt-metal-pin/tt_metal/hw/firmware/src/tt-1xx/ncrisc.cc,
0,1,1,NCRISC,22816,6079280816010,0,0,,,NCRISC-KERNEL,ZONE_START,70,/localdev/ijankowski/tt-metal-pin/tt_metal/hw/firmware/src/tt-1xx/ncrisck.cc,
0,1,1,NCRISC,22816,6079281343232,0,0,,,NCRISC-KERNEL,ZONE_END,70,/localdev/ijankowski/tt-metal-pin/tt_metal/hw/firmware/src/tt-1xx/ncrisck.cc,
0,1,1,NCRISC,31803,6079281343353,0,0,,,NCRISC-FW,ZONE_END,129,/localdev/ijankowski/tt-metal-pin/tt_metal/hw/firmware/src/tt-1xx/ncrisc.cc,
0,1,1,NCRISC,31803,6079304252479,0,0,,,NCRISC-FW,ZONE_START,129,/localdev/ijankowski/tt-metal-pin/tt_metal/hw/firmware/src/tt-1xx/ncrisc.cc,
0,1,1,NCRISC,22816,6079304253139,0,0,,,NCRISC-KERNEL,ZONE_START,70,/localdev/ijankowski/tt-metal-pin/tt_metal/hw/firmware/src/tt-1xx/ncrisck.cc,
0,1,1,NCRISC,22816,6079304653912,0,0,,,NCRISC-KERNEL,ZONE_END,70,/localdev/ijankowski/tt-metal-pin/tt_metal/hw/firmware/src/tt-1xx/ncrisck.cc,
0,1,1,NCRISC,31803,6079304654035,0,0,,,NCRISC-FW,ZONE_END,129,/localdev/ijankowski/tt-metal-pin/tt_metal/hw/firmware/src/tt-1xx/ncrisc.cc,
0,1,1,NCRISC,31803,6079329074577,0,0,,,NCRISC-FW,ZONE_START,129,/localdev/ijankowski/tt-metal-pin/tt_metal/hw/firmware/src/tt-1xx/ncrisc.cc,
0,1,1,NCRISC,22816,6079329075239,0,0,,,NCRISC-KERNEL,ZONE_START,70,/localdev/ijankowski/tt-metal-pin/tt_metal/hw/firmware/src/tt-1xx/ncrisck.cc,
0,1,1,NCRISC,22816,6079329602701,0,0,,,NCRISC-KERNEL,ZONE_END,70,/localdev/ijankowski/tt-metal-pin/tt_metal/hw/firmware/src/tt-1xx/ncrisck.cc,
0,1,1,NCRISC,31803,6079329602821,0,0,,,NCRISC-FW,ZONE_END,129,/localdev/ijankowski/tt-metal-pin/tt_metal/hw/firmware/src/tt-1xx/ncrisc.cc,
0,1,1,NCRISC,31803,6079352672892,0,0,,,NCRISC-FW,ZONE_START,129,/localdev/ijankowski/tt-metal-pin/tt_metal/hw/firmware/src/tt-1xx/ncrisc.cc,
0,1,1,NCRISC,22816,6079352673559,0,0,,,NCRISC-KERNEL,ZONE_START,70,/localdev/ijankowski/tt-metal-pin/tt_metal/hw/firmware/src/tt-1xx/ncrisck.cc,
0,1,1,NCRISC,22816,6079353074489,0,0,,,NCRISC-KERNEL,ZONE_END,70,/localdev/ijankowski/tt-metal-pin/tt_metal/hw/firmware/src/tt-1xx/ncrisck.cc,
0,1,1,NCRISC,31803,6079353074610,0,0,,,NCRISC-FW,ZONE_END,129,/localdev/ijankowski/tt-metal-pin/tt_metal/hw/firmware/src/tt-1xx/ncrisc.cc,
0,1,1,NCRISC,31803,6079375985212,0,0,,,NCRISC-FW,ZONE_START,129,/localdev/ijankowski/tt-metal-pin/tt_metal/hw/firmware/src/tt-1xx/ncrisc.cc,
0,1,1,NCRISC,22816,6079375985885,0,0,,,NCRISC-KERNEL,ZONE_START,70,/localdev/ijankowski/tt-metal-pin/tt_metal/hw/firmware/src/tt-1xx/ncrisck.cc,
0,1,1,NCRISC,22816,6079376513266,0,0,,,NCRISC-KERNEL,ZONE_END,70,/localdev/ijankowski/tt-metal-pin/tt_metal/hw/firmware/src/tt-1xx/ncrisck.cc,
0,1,1,NCRISC,31803,6079376513386,0,0,,,NCRISC-FW,ZONE_END,129,/localdev/ijankowski/tt-metal-pin/tt_metal/hw/firmware/src/tt-1xx/ncrisc.cc,
0,1,1,NCRISC,31803,6079399565111,0,0,,,NCRISC-FW,ZONE_START,129,/localdev/ijankowski/tt-metal-pin/tt_metal/hw/firmware/src/tt-1xx/ncrisc.cc,
0,1,1,NCRISC,22816,6079399565768,0,0,,,NCRISC-KERNEL,ZONE_START,70,/localdev/ijankowski/tt-metal-pin/tt_metal/hw/firmware/src/tt-1xx/ncrisck.cc,
0,1,1,NCRISC,22816,6079399966531,0,0,,,NCRISC-KERNEL,ZONE_END,70,/localdev/ijankowski/tt-metal-pin/tt_metal/hw/firmware/src/tt-1xx/ncrisck.cc,
0,1,1,NCRISC,31803,6079399966655,0,0,,,NCRISC-FW,ZONE_END,129,/localdev/ijankowski/tt-metal-pin/tt_metal/hw/firmware/src/tt-1xx/ncrisc.cc,
0,1,1,NCRISC,31803,6079423325860,0,0,,,NCRISC-FW,ZONE_START,129,/localdev/ijankowski/tt-metal-pin/tt_metal/hw/firmware/src/tt-1xx/ncrisc.cc,
0,1,1,NCRISC,22816,6079423326515,0,0,,,NCRISC-KERNEL,ZONE_START,70,/localdev/ijankowski/tt-metal-pin/tt_metal/hw/firmware/src/tt-1xx/ncrisck.cc,
0,1,1,NCRISC,22816,6079423853761,0,0,,,NCRISC-KERNEL,ZONE_END,70,/localdev/ijankowski/tt-metal-pin/tt_metal/hw/firmware/src/tt-1xx/ncrisck.cc,
0,1,1,NCRISC,31803,6079423853882,0,0,,,NCRISC-FW,ZONE_END,129,/localdev/ijankowski/tt-metal-pin/tt_metal/hw/firmware/src/tt-1xx/ncrisc.cc,
0,1,1,NCRISC,31803,6079447001039,0,0,,,NCRISC-FW,ZONE_START,129,/localdev/ijankowski/tt-metal-pin/tt_metal/hw/firmware/src/tt-1xx/ncrisc.cc,
0,1,1,NCRISC,22816,6079447001723,0,0,,,NCRISC-KERNEL,ZONE_START,70,/localdev/ijankowski/tt-metal-pin/tt_metal/hw/firmware/src/tt-1xx/ncrisck.cc,
0,1,1,NCRISC,22816,6079447402480,0,0,,,NCRISC-KERNEL,ZONE_END,70,/localdev/ijankowski/tt-metal-pin/tt_metal/hw/firmware/src/tt-1xx/ncrisck.cc,
0,1,1,NCRISC,31803,6079447402601,0,0,,,NCRISC-FW,ZONE_END,129,/localdev/ijankowski/tt-metal-pin/tt_metal/hw/firmware/src/tt-1xx/ncrisc.cc,
0,1,1,NCRISC,31803,6079470305522,0,0,,,NCRISC-FW,ZONE_START,129,/localdev/ijankowski/tt-metal-pin/tt_metal/hw/firmware/src/tt-1xx/ncrisc.cc,
0,1,1,NCRISC,22816,6079470306188,0,0,,,NCRISC-KERNEL,ZONE_START,70,/localdev/ijankowski/tt-metal-pin/tt_metal/hw/firmware/src/tt-1xx/ncrisck.cc,
0,1,1,NCRISC,22816,6079470833663,0,0,,,NCRISC-KERNEL,ZONE_END,70,/localdev/ijankowski/tt-metal-pin/tt_metal/hw/firmware/src/tt-1xx/ncrisck.cc,
0,1,1,NCRISC,31803,6079470833782,0,0,,,NCRISC-FW,ZONE_END,129,/localdev/ijankowski/tt-metal-pin/tt_metal/hw/firmware/src/tt-1xx/ncrisc.cc,
0,1,1,NCRISC,31803,6079494951242,0,0,,,NCRISC-FW,ZONE_START,129,/localdev/ijankowski/tt-metal-pin/tt_metal/hw/firmware/src/tt-1xx/ncrisc.cc,
0,1,1,NCRISC,22816,6079494951913,0,0,,,NCRISC-KERNEL,ZONE_START,70,/localdev/ijankowski/tt-metal-pin/tt_metal/hw/firmware/src/tt-1xx/ncrisck.cc,
0,1,1,NCRISC,22816,6079495352685,0,0,,,NCRISC-KERNEL,ZONE_END,70,/localdev/ijankowski/tt-metal-pin/tt_metal/hw/firmware/src/tt-1xx/ncrisck.cc,
0,1,1,NCRISC,31803,6079495352806,0,0,,,NCRISC-FW,ZONE_END,129,/localdev/ijankowski/tt-metal-pin/tt_metal/hw/firmware/src/tt-1xx/ncrisc.cc,
0,1,1,NCRISC,31803,6079519490864,0,0,,,NCRISC-FW,ZONE_START,129,/localdev/ijankowski/tt-metal-pin/tt_metal/hw/firmware/src/tt-1xx/ncrisc.cc,
0,1,1,NCRISC,22816,6079519491519,0,0,,,NCRISC-KERNEL,ZONE_START,70,/localdev/ijankowski/tt-metal-pin/tt_metal/hw/firmware/src/tt-1xx/ncrisck.cc,
0,1,1,NCRISC,22816,6079520018769,0,0,,,NCRISC-KERNEL,ZONE_END,70,/localdev/ijankowski/tt-metal-pin/tt_metal/hw/firmware/src/tt-1xx/ncrisck.cc,
0,1,1,NCRISC,31803,6079520018891,0,0,,,NCRISC-FW,ZONE_END,129,/localdev/ijankowski/tt-metal-pin/tt_metal/hw/firmware/src/tt-1xx/ncrisc.cc,
0,1,1,NCRISC,31803,6079542903516,0,0,,,NCRISC-FW,ZONE_START,129,/localdev/ijankowski/tt-metal-pin/tt_metal/hw/firmware/src/tt-1xx/ncrisc.cc,
0,1,1,NCRISC,22816,6079542904168,0,0,,,NCRISC-KERNEL,ZONE_START,70,/localdev/ijankowski/tt-metal-pin/tt_metal/hw/firmware/src/tt-1xx/ncrisck.cc,
0,1,1,NCRISC,22816,6079543304929,0,0,,,NCRISC-KERNEL,ZONE_END,70,/localdev/ijankowski/tt-metal-pin/tt_metal/hw/firmware/src/tt-1xx/ncrisck.cc,
0,1,1,NCRISC,31803,6079543305052,0,0,,,NCRISC-FW,ZONE_END,129,/localdev/ijankowski/tt-metal-pin/tt_metal/hw/firmware/src/tt-1xx/ncrisc.cc,
0,1,1,NCRISC,31803,6079566211312,0,0,,,NCRISC-FW,ZONE_START,129,/localdev/ijankowski/tt-metal-pin/tt_metal/hw/firmware/src/tt-1xx/ncrisc.cc,
0,1,1,NCRISC,22816,6079566211963,0,0,,,NCRISC-KERNEL,ZONE_START,70,/localdev/ijankowski/tt-metal-pin/tt_metal/hw/firmware/src/tt-1xx/ncrisck.cc,
0,1,1,NCRISC,22816,6079566739238,0,0,,,NCRISC-KERNEL,ZONE_END,70,/localdev/ijankowski/tt-metal-pin/tt_metal/hw/firmware/src/tt-1xx/ncrisck.cc,
0,1,1,NCRISC,31803,6079566739358,0,0,,,NCRISC-FW,ZONE_END,129,/localdev/ijankowski/tt-metal-pin/tt_metal/hw/firmware/src/tt-1xx/ncrisc.cc,
0,1,1,NCRISC,31803,6079589640116,0,0,,,NCRISC-FW,ZONE_START,129,/localdev/ijankowski/tt-metal-pin/tt_metal/hw/firmware/src/tt-1xx/ncrisc.cc,
0,1,1,NCRISC,22816,6079589640775,0,0,,,NCRISC-KERNEL,ZONE_START,70,/localdev/ijankowski/tt-metal-pin/tt_metal/hw/firmware/src/tt-1xx/ncrisck.cc,
0,1,1,NCRISC,22816,6079590041729,0,0,,,NCRISC-KERNEL,ZONE_END,70,/localdev/ijankowski/tt-metal-pin/tt_metal/hw/firmware/src/tt-1xx/ncrisck.cc,
0,1,1,NCRISC,31803,6079590041850,0,0,,,NCRISC-FW,ZONE_END,129,/localdev/ijankowski/tt-metal-pin/tt_metal/hw/firmware/src/tt-1xx/ncrisc.cc,
0,1,1,NCRISC,31803,6079612932388,0,0,,,NCRISC-FW,ZONE_START,129,/localdev/ijankowski/tt-metal-pin/tt_metal/hw/firmware/src/tt-1xx/ncrisc.cc,
0,1,1,NCRISC,22816,6079612933040,0,0,,,NCRISC-KERNEL,ZONE_START,70,/localdev/ijankowski/tt-metal-pin/tt_metal/hw/firmware/src/tt-1xx/ncrisck.cc,
0,1,1,NCRISC,22816,6079613460297,0,0,,,NCRISC-KERNEL,ZONE_END,70,/localdev/ijankowski/tt-metal-pin/tt_metal/hw/firmware/src/tt-1xx/ncrisck.cc,
0,1,1,NCRISC,31803,6079613460418,0,0,,,NCRISC-FW,ZONE_END,129,/localdev/ijankowski/tt-metal-pin/tt_metal/hw/firmware/src/tt-1xx/ncrisc.cc,
0,1,1,NCRISC,31803,6079638209309,0,0,,,NCRISC-FW,ZONE_START,129,/localdev/ijankowski/tt-metal-pin/tt_metal/hw/firmware/src/tt-1xx/ncrisc.cc,
0,1,1,NCRISC,22816,6079638209963,0,0,,,NCRISC-KERNEL,ZONE_START,70,/localdev/ijankowski/tt-metal-pin/tt_metal/hw/firmware/src/tt-1xx/ncrisck.cc,
0,1,1,NCRISC,22816,6079638610800,0,0,,,NCRISC-KERNEL,ZONE_END,70,/localdev/ijankowski/tt-metal-pin/tt_metal/hw/firmware/src/tt-1xx/ncrisck.cc,
0,1,1,NCRISC,31803,6079638610921,0,0,,,NCRISC-FW,ZONE_END,129,/localdev/ijankowski/tt-metal-pin/tt_metal/hw/firmware/src/tt-1xx/ncrisc.cc,
0,1,1,NCRISC,31803,6079661592099,0,0,,,NCRISC-FW,ZONE_START,129,/localdev/ijankowski/tt-metal-pin/tt_metal/hw/firmware/src/tt-1xx/ncrisc.cc,
0,1,1,NCRISC,22816,6079661592765,0,0,,,NCRISC-KERNEL,ZONE_START,70,/localdev/ijankowski/tt-metal-pin/tt_metal/hw/firmware/src/tt-1xx/ncrisck.cc,
0,1,1,NCRISC,22816,6079662119987,0,0,,,NCRISC-KERNEL,ZONE_END,70,/localdev/ijankowski/tt-metal-pin/tt_metal/hw/firmware/src/tt-1xx/ncrisck.cc,
0,1,1,NCRISC,31803,6079662120108,0,0,,,NCRISC-FW,ZONE_END,129,/localdev/ijankowski/tt-metal-pin/tt_metal/hw/firmware/src/tt-1xx/ncrisc.cc,
0,1,1,NCRISC,31803,6079685587438,0,0,,,NCRISC-FW,ZONE_START,129,/localdev/ijankowski/tt-metal-pin/tt_metal/hw/firmware/src/tt-1xx/ncrisc.cc,
0,1,1,NCRISC,22816,6079685588104,0,0,,,NCRISC-KERNEL,ZONE_START,70,/localdev/ijankowski/tt-metal-pin/tt_metal/hw/firmware/src/tt-1xx/ncrisck.cc,
0,1,1,NCRISC,22816,6079685989169,0,0,,,NCRISC-KERNEL,ZONE_END,70,/localdev/ijankowski/tt-metal-pin/tt_metal/hw/firmware/src/tt-1xx/ncrisck.cc,
0,1,1,NCRISC,31803,6079685989287,0,0,,,NCRISC-FW,ZONE_END,129,/localdev/ijankowski/tt-metal-pin/tt_metal/hw/firmware/src/tt-1xx/ncrisc.cc,
0,1,1,NCRISC,31803,6079708921535,0,0,,,NCRISC-FW,ZONE_START,129,/localdev/ijankowski/tt-metal-pin/tt_metal/hw/firmware/src/tt-1xx/ncrisc.cc,
0,1,1,NCRISC,22816,6079708922196,0,0,,,NCRISC-KERNEL,ZONE_START,70,/localdev/ijankowski/tt-metal-pin/tt_metal/hw/firmware/src/tt-1xx/ncrisck.cc,
0,1,1,NCRISC,22816,6079709449470,0,0,,,NCRISC-KERNEL,ZONE_END,70,/localdev/ijankowski/tt-metal-pin/tt_metal/hw/firmware/src/tt-1xx/ncrisck.cc,
0,1,1,NCRISC,31803,6079709449591,0,0,,,NCRISC-FW,ZONE_END,129,/localdev/ijankowski/tt-metal-pin/tt_metal/hw/firmware/src/tt-1xx/ncrisc.cc,
0,1,1,NCRISC,31803,6079732473319,0,0,,,NCRISC-FW,ZONE_START,129,/localdev/ijankowski/tt-metal-pin/tt_metal/hw/firmware/src/tt-1xx/ncrisc.cc,
0,1,1,NCRISC,22816,6079732473972,0,0,,,NCRISC-KERNEL,ZONE_START,70,/localdev/ijankowski/tt-metal-pin/tt_metal/hw/firmware/src/tt-1xx/ncrisck.cc,
0,1,1,NCRISC,22816,6079732874704,0,0,,,NCRISC-KERNEL,ZONE_END,70,/localdev/ijankowski/tt-metal-pin/tt_metal/hw/firmware/src/tt-1xx/ncrisck.cc,
0,1,1,NCRISC,31803,6079732874825,0,0,,,NCRISC-FW,ZONE_END,129,/localdev/ijankowski/tt-metal-pin/tt_metal/hw/firmware/src/tt-1xx/ncrisc.cc,
0,1,1,NCRISC,31803,6079756065146,0,0,,,NCRISC-FW,ZONE_START,129,/localdev/ijankowski/tt-metal-pin/tt_metal/hw/firmware/src/tt-1xx/ncrisc.cc,
0,1,1,NCRISC,22816,6079756065807,0,0,,,NCRISC-KERNEL,ZONE_START,70,/localdev/ijankowski/tt-metal-pin/tt_metal/hw/firmware/src/tt-1xx/ncrisck.cc,
0,1,1,NCRISC,22816,6079756593095,0,0,,,NCRISC-KERNEL,ZONE_END,70,/localdev/ijankowski/tt-metal-pin/tt_metal/hw/firmware/src/tt-1xx/ncrisck.cc,
0,1,1,NCRISC,31803,6079756593220,0,0,,,NCRISC-FW,ZONE_END,129,/localdev/ijankowski/tt-metal-pin/tt_metal/hw/firmware/src/tt-1xx/ncrisc.cc,
0,1,1,NCRISC,31803,6079779598455,0,0,,,NCRISC-FW,ZONE_START,129,/localdev/ijankowski/tt-metal-pin/tt_metal/hw/firmware/src/tt-1xx/ncrisc.cc,
0,1,1,NCRISC,22816,6079779599107,0,0,,,NCRISC-KERNEL,ZONE_START,70,/localdev/ijankowski/tt-metal-pin/tt_metal/hw/firmware/src/tt-1xx/ncrisck.cc,
0,1,1,NCRISC,22816,6079779999870,0,0,,,NCRISC-KERNEL,ZONE_END,70,/localdev/ijankowski/tt-metal-pin/tt_metal/hw/firmware/src/tt-1xx/ncrisck.cc,
0,1,1,NCRISC,31803,6079779999989,0,0,,,NCRISC-FW,ZONE_END,129,/localdev/ijankowski/tt-metal-pin/tt_metal/hw/firmware/src/tt-1xx/ncrisc.cc,
0,1,1,NCRISC,31803,6079804669220,0,0,,,NCRISC-FW,ZONE_START,129,/localdev/ijankowski/tt-metal-pin/tt_metal/hw/firmware/src/tt-1xx/ncrisc.cc,
0,1,1,NCRISC,22816,6079804669878,0,0,,,NCRISC-KERNEL,ZONE_START,70,/localdev/ijankowski/tt-metal-pin/tt_metal/hw/firmware/src/tt-1xx/ncrisck.cc,
0,1,1,NCRISC,22816,6079805197147,0,0,,,NCRISC-KERNEL,ZONE_END,70,/localdev/ijankowski/tt-metal-pin/tt_metal/hw/firmware/src/tt-1xx/ncrisck.cc,
0,1,1,NCRISC,31803,6079805197268,0,0,,,NCRISC-FW,ZONE_END,129,/localdev/ijankowski/tt-metal-pin/tt_metal/hw/firmware/src/tt-1xx/ncrisc.cc,
0,1,1,NCRISC,31803,6079828158078,0,0,,,NCRISC-FW,ZONE_START,129,/localdev/ijankowski/tt-metal-pin/tt_metal/hw/firmware/src/tt-1xx/ncrisc.cc,
0,1,1,NCRISC,22816,6079828158736,0,0,,,NCRISC-KERNEL,ZONE_START,70,/localdev/ijankowski/tt-metal-pin/tt_metal/hw/firmware/src/tt-1xx/ncrisck.cc,
0,1,1,NCRISC,22816,6079828559494,0,0,,,NCRISC-KERNEL,ZONE_END,70,/localdev/ijankowski/tt-metal-pin/tt_metal/hw/firmware/src/tt-1xx/ncrisck.cc,
0,1,1,NCRISC,31803,6079828559616,0,0,,,NCRISC-FW,ZONE_END,129,/localdev/ijankowski/tt-metal-pin/tt_metal/hw/firmware/src/tt-1xx/ncrisc.cc,
0,1,1,NCRISC,31803,6079851429526,0,0,,,NCRISC-FW,ZONE_START,129,/localdev/ijankowski/tt-metal-pin/tt_metal/hw/firmware/src/tt-1xx/ncrisc.cc,
0,1,1,NCRISC,22816,6079851430187,0,0,,,NCRISC-KERNEL,ZONE_START,70,/localdev/ijankowski/tt-metal-pin/tt_metal/hw/firmware/src/tt-1xx/ncrisck.cc,
0,1,1,NCRISC,22816,6079851957501,0,0,,,NCRISC-KERNEL,ZONE_END,70,/localdev/ijankowski/tt-metal-pin/tt_metal/hw/firmware/src/tt-1xx/ncrisck.cc,
0,1,1,NCRISC,31803,6079851957619,0,0,,,NCRISC-FW,ZONE_END,129,/localdev/ijankowski/tt-metal-pin/tt_metal/hw/firmware/src/tt-1xx/ncrisc.cc,
0,1,1,NCRISC,31803,6079874934688,0,0,,,NCRISC-FW,ZONE_START,129,/localdev/ijankowski/tt-metal-pin/tt_metal/hw/firmware/src/tt-1xx/ncrisc.cc,
0,1,1,NCRISC,22816,6079874935346,0,0,,,NCRISC-KERNEL,ZONE_START,70,/localdev/ijankowski/tt-metal-pin/tt_metal/hw/firmware/src/tt-1xx/ncrisck.cc,
0,1,1,NCRISC,22816,6079875336129,0,0,,,NCRISC-KERNEL,ZONE_END,70,/localdev/ijankowski/tt-metal-pin/tt_metal/hw/firmware/src/tt-1xx/ncrisck.cc,
0,1,1,NCRISC,31803,6079875336250,0,0,,,NCRISC-FW,ZONE_END,129,/localdev/ijankowski/tt-metal-pin/tt_metal/hw/firmware/src/tt-1xx/ncrisc.cc,
0,1,1,NCRISC,31803,6079898327434,0,0,,,NCRISC-FW,ZONE_START,129,/localdev/ijankowski/tt-metal-pin/tt_metal/hw/firmware/src/tt-1xx/ncrisc.cc,
0,1,1,NCRISC,22816,6079898328099,0,0,,,NCRISC-KERNEL,ZONE_START,70,/localdev/ijankowski/tt-metal-pin/tt_metal/hw/firmware/src/tt-1xx/ncrisck.cc,
0,1,1,NCRISC,22816,6079898855334,0,0,,,NCRISC-KERNEL,ZONE_END,70,/localdev/ijankowski/tt-metal-pin/tt_metal/hw/firmware/src/tt-1xx/ncrisck.cc,
0,1,1,NCRISC,31803,6079898855455,0,0,,,NCRISC-FW,ZONE_END,129,/localdev/ijankowski/tt-metal-pin/tt_metal/hw/firmware/src/tt-1xx/ncrisc.cc,
0,1,1,NCRISC,31803,6079923905928,0,0,,,NCRISC-FW,ZONE_START,129,/localdev/ijankowski/tt-metal-pin/tt_metal/hw/firmware/src/tt-1xx/ncrisc.cc,
0,1,1,NCRISC,22816,6079923906595,0,0,,,NCRISC-KERNEL,ZONE_START,70,/localdev/ijankowski/tt-metal-pin/tt_metal/hw/firmware/src/tt-1xx/ncrisck.cc,
0,1,1,NCRISC,22816,6079924307451,0,0,,,NCRISC-KERNEL,ZONE_END,70,/localdev/ijankowski/tt-metal-pin/tt_metal/hw/firmware/src/tt-1xx/ncrisck.cc,
0,1,1,NCRISC,31803,6079924307573,0,0,,,NCRISC-FW,ZONE_END,129,/localdev/ijankowski/tt-metal-pin/tt_metal/hw/firmware/src/tt-1xx/ncrisc.cc,
0,1,1,NCRISC,31803,6079948445519,0,0,,,NCRISC-FW,ZONE_START,129,/localdev/ijankowski/tt-metal-pin/tt_metal/hw/firmware/src/tt-1xx/ncrisc.cc,
0,1,1,NCRISC,22816,6079948446191,0,0,,,NCRISC-KERNEL,ZONE_START,70,/localdev/ijankowski/tt-metal-pin/tt_metal/hw/firmware/src/tt-1xx/ncrisck.cc,
0,1,1,NCRISC,22816,6079948973420,0,0,,,NCRISC-KERNEL,ZONE_END,70,/localdev/ijankowski/tt-metal-pin/tt_metal/hw/firmware/src/tt-1xx/ncrisck.cc,
0,1,1,NCRISC,31803,6079948973541,0,0,,,NCRISC-FW,ZONE_END,129,/localdev/ijankowski/tt-metal-pin/tt_metal/hw/firmware/src/tt-1xx/ncrisc.cc,
0,1,1,NCRISC,31803,6079971951295,0,0,,,NCRISC-FW,ZONE_START,129,/localdev/ijankowski/tt-metal-pin/tt_metal/hw/firmware/src/tt-1xx/ncrisc.cc,
0,1,1,NCRISC,22816,6079971951952,0,0,,,NCRISC-KERNEL,ZONE_START,70,/localdev/ijankowski/tt-metal-pin/tt_metal/hw/firmware/src/tt-1xx/ncrisck.cc,
0,1,1,NCRISC,22816,6079972352721,0,0,,,NCRISC-KERNEL,ZONE_END,70,/localdev/ijankowski/tt-metal-pin/tt_metal/hw/firmware/src/tt-1xx/ncrisck.cc,
0,1,1,NCRISC,31803,6079972352842,0,0,,,NCRISC-FW,ZONE_END,129,/localdev/ijankowski/tt-metal-pin/tt_metal/hw/firmware/src/tt-1xx/ncrisc.cc,
0,1,1,NCRISC,31803,6079995380820,0,0,,,NCRISC-FW,ZONE_START,129,/localdev/ijankowski/tt-metal-pin/tt_metal/hw/firmware/src/tt-1xx/ncrisc.cc,
0,1,1,NCRISC,22816,6079995381488,0,0,,,NCRISC-KERNEL,ZONE_START,70,/localdev/ijankowski/tt-metal-pin/tt_metal/hw/firmware/src/tt-1xx/ncrisck.cc,
0,1,1,NCRISC,22816,6079995908783,0,0,,,NCRISC-KERNEL,ZONE_END,70,/localdev/ijankowski/tt-metal-pin/tt_metal/hw/firmware/src/tt-1xx/ncrisck.cc,
0,1,1,NCRISC,31803,6079995908905,0,0,,,NCRISC-FW,ZONE_END,129,/localdev/ijankowski/tt-metal-pin/tt_metal/hw/firmware/src/tt-1xx/ncrisc.cc,
0,1,1,NCRISC,31803,6080018850832,0,0,,,NCRISC-FW,ZONE_START,129,/localdev/ijankowski/tt-metal-pin/tt_metal/hw/firmware/src/tt-1xx/ncrisc.cc,
0,1,1,NCRISC,22816,6080018851489,0,0,,,NCRISC-KERNEL,ZONE_START,70,/localdev/ijankowski/tt-metal-pin/tt_metal/hw/firmware/src/tt-1xx/ncrisck.cc,
0,1,1,NCRISC,22816,6080019252256,0,0,,,NCRISC-KERNEL,ZONE_END,70,/localdev/ijankowski/tt-metal-pin/tt_metal/hw/firmware/src/tt-1xx/ncrisck.cc,
0,1,1,NCRISC,31803,6080019252379,0,0,,,NCRISC-FW,ZONE_END,129,/localdev/ijankowski/tt-metal-pin/tt_metal/hw/firmware/src/tt-1xx/ncrisc.cc,
0,1,1,NCRISC,31803,6080042211991,0,0,,,NCRISC-FW,ZONE_START,129,/localdev/ijankowski/tt-metal-pin/tt_metal/hw/firmware/src/tt-1xx/ncrisc.cc,
0,1,1,NCRISC,22816,6080042212660,0,0,,,NCRISC-KERNEL,ZONE_START,70,/localdev/ijankowski/tt-metal-pin/tt_metal/hw/firmware/src/tt-1xx/ncrisck.cc,
0,1,1,NCRISC,22816,6080042739855,0,0,,,NCRISC-KERNEL,ZONE_END,70,/localdev/ijankowski/tt-metal-pin/tt_metal/hw/firmware/src/tt-1xx/ncrisck.cc,
0,1,1,NCRISC,31803,6080042739977,0,0,,,NCRISC-FW,ZONE_END,129,/localdev/ijankowski/tt-metal-pin/tt_metal/hw/firmware/src/tt-1xx/ncrisc.cc,
0,1,1,NCRISC,31803,6080067182609,0,0,,,NCRISC-FW,ZONE_START,129,/localdev/ijankowski/tt-metal-pin/tt_metal/hw/firmware/src/tt-1xx/ncrisc.cc,
0,1,1,NCRISC,22816,6080067183261,0,0,,,NCRISC-KERNEL,ZONE_START,70,/localdev/ijankowski/tt-metal-pin/tt_metal/hw/firmware/src/tt-1xx/ncrisck.cc,
0,1,1,NCRISC,22816,6080067584661,0,0,,,NCRISC-KERNEL,ZONE_END,70,/localdev/ijankowski/tt-metal-pin/tt_metal/hw/firmware/src/tt-1xx/ncrisck.cc,
0,1,1,NCRISC,31803,6080067584780,0,0,,,NCRISC-FW,ZONE_END,129,/localdev/ijankowski/tt-metal-pin/tt_metal/hw/firmware/src/tt-1xx/ncrisc.cc,
0,1,1,NCRISC,31803,6080090453421,0,0,,,NCRISC-FW,ZONE_START,129,/localdev/ijankowski/tt-metal-pin/tt_metal/hw/firmware/src/tt-1xx/ncrisc.cc,
0,1,1,NCRISC,22816,6080090454081,0,0,,,NCRISC-KERNEL,ZONE_START,70,/localdev/ijankowski/tt-metal-pin/tt_metal/hw/firmware/src/tt-1xx/ncrisck.cc,
0,1,1,NCRISC,22816,6080090981331,0,0,,,NCRISC-KERNEL,ZONE_END,70,/localdev/ijankowski/tt-metal-pin/tt_metal/hw/firmware/src/tt-1xx/ncrisck.cc,
0,1,1,NCRISC,31803,6080090981455,0,0,,,NCRISC-FW,ZONE_END,129,/localdev/ijankowski/tt-metal-pin/tt_metal/hw/firmware/src/tt-1xx/ncrisc.cc,
0,1,1,NCRISC,31803,6080113814854,0,0,,,NCRISC-FW,ZONE_START,129,/localdev/ijankowski/tt-metal-pin/tt_metal/hw/firmware/src/tt-1xx/ncrisc.cc,
0,1,1,NCRISC,22816,6080113815521,0,0,,,NCRISC-KERNEL,ZONE_START,70,/localdev/ijankowski/tt-metal-pin/tt_metal/hw/firmware/src/tt-1xx/ncrisck.cc,
0,1,1,NCRISC,22816,6080114216293,0,0,,,NCRISC-KERNEL,ZONE_END,70,/localdev/ijankowski/tt-metal-pin/tt_metal/hw/firmware/src/tt-1xx/ncrisck.cc,
0,1,1,NCRISC,31803,6080114216414,0,0,,,NCRISC-FW,ZONE_END,129,/localdev/ijankowski/tt-metal-pin/tt_metal/hw/firmware/src/tt-1xx/ncrisc.cc,
0,1,1,NCRISC,31803,6080137214754,0,0,,,NCRISC-FW,ZONE_START,129,/localdev/ijankowski/tt-metal-pin/tt_metal/hw/firmware/src/tt-1xx/ncrisc.cc,
0,1,1,NCRISC,22816,6080137215406,0,0,,,NCRISC-KERNEL,ZONE_START,70,/localdev/ijankowski/tt-metal-pin/tt_metal/hw/firmware/src/tt-1xx/ncrisck.cc,
0,1,1,NCRISC,22816,6080137742604,0,0,,,NCRISC-KERNEL,ZONE_END,70,/localdev/ijankowski/tt-metal-pin/tt_metal/hw/firmware/src/tt-1xx/ncrisck.cc,
0,1,1,NCRISC,31803,6080137742724,0,0,,,NCRISC-FW,ZONE_END,129,/localdev/ijankowski/tt-metal-pin/tt_metal/hw/firmware/src/tt-1xx/ncrisc.cc,
0,1,1,NCRISC,31803,6080160771239,0,0,,,NCRISC-FW,ZONE_START,129,/localdev/ijankowski/tt-metal-pin/tt_metal/hw/firmware/src/tt-1xx/ncrisc.cc,
0,1,1,NCRISC,22816,6080160771906,0,0,,,NCRISC-KERNEL,ZONE_START,70,/localdev/ijankowski/tt-metal-pin/tt_metal/hw/firmware/src/tt-1xx/ncrisck.cc,
0,1,1,NCRISC,22816,6080161172676,0,0,,,NCRISC-KERNEL,ZONE_END,70,/localdev/ijankowski/tt-metal-pin/tt_metal/hw/firmware/src/tt-1xx/ncrisck.cc,
0,1,1,NCRISC,31803,6080161172799,0,0,,,NCRISC-FW,ZONE_END,129,/localdev/ijankowski/tt-metal-pin/tt_metal/hw/firmware/src/tt-1xx/ncrisc.cc,
0,1,1,NCRISC,31803,6080184940051,0,0,,,NCRISC-FW,ZONE_START,129,/localdev/ijankowski/tt-metal-pin/tt_metal/hw/firmware/src/tt-1xx/ncrisc.cc,
0,1,1,NCRISC,22816,6080184940702,0,0,,,NCRISC-KERNEL,ZONE_START,70,/localdev/ijankowski/tt-metal-pin/tt_metal/hw/firmware/src/tt-1xx/ncrisck.cc,
0,1,1,NCRISC,22816,6080185468139,0,0,,,NCRISC-KERNEL,ZONE_END,70,/localdev/ijankowski/tt-metal-pin/tt_metal/hw/firmware/src/tt-1xx/ncrisck.cc,
0,1,1,NCRISC,31803,6080185468260,0,0,,,NCRISC-FW,ZONE_END,129,/localdev/ijankowski/tt-metal-pin/tt_metal/hw/firmware/src/tt-1xx/ncrisc.cc,
0,1,1,TRISC_0,5116,6077892193473,0,0,,,TRISC-FW,ZONE_START,150,/localdev/ijankowski/tt-metal-pin/tt_metal/hw/firmware/src/tt-1xx/trisc.cc,
0,1,1,TRISC_0,49825,6077892193908,0,0,,,TRISC-KERNEL,ZONE_START,89,/localdev/ijankowski/tt-metal-pin/tt_metal/hw/firmware/src/tt-1xx/trisck.cc,
0,1,1,TRISC_0,32592,6077892194075,0,0,,,BW_SYN_TANH_TAIL_SPLIT4,ZONE_START,19,/home/ijankowski/tmp/numerical-backward-synthesis/tt/kernels/compute/tanh_bw_tail_split4.cpp,
0,1,1,TRISC_0,32592,6077892589255,0,0,,,BW_SYN_TANH_TAIL_SPLIT4,ZONE_END,19,/home/ijankowski/tmp/numerical-backward-synthesis/tt/kernels/compute/tanh_bw_tail_split4.cpp,
0,1,1,TRISC_0,49825,6077892589278,0,0,,,TRISC-KERNEL,ZONE_END,89,/localdev/ijankowski/tt-metal-pin/tt_metal/hw/firmware/src/tt-1xx/trisck.cc,
0,1,1,TRISC_0,5116,6077892591179,0,0,,,TRISC-FW,ZONE_END,150,/localdev/ijankowski/tt-metal-pin/tt_metal/hw/firmware/src/tt-1xx/trisc.cc,
0,1,1,TRISC_0,5116,6077916273730,0,0,,,TRISC-FW,ZONE_START,150,/localdev/ijankowski/tt-metal-pin/tt_metal/hw/firmware/src/tt-1xx/trisc.cc,
0,1,1,TRISC_0,49825,6077916274188,0,0,,,TRISC-KERNEL,ZONE_START,89,/localdev/ijankowski/tt-metal-pin/tt_metal/hw/firmware/src/tt-1xx/trisck.cc,
0,1,1,TRISC_0,32592,6077916274354,0,0,,,BW_SYN_TANH_TAIL_SPLIT4,ZONE_START,19,/home/ijankowski/tmp/numerical-backward-synthesis/tt/kernels/compute/tanh_bw_tail_split4.cpp,
0,1,1,TRISC_0,32592,6077916669602,0,0,,,BW_SYN_TANH_TAIL_SPLIT4,ZONE_END,19,/home/ijankowski/tmp/numerical-backward-synthesis/tt/kernels/compute/tanh_bw_tail_split4.cpp,
0,1,1,TRISC_0,49825,6077916669625,0,0,,,TRISC-KERNEL,ZONE_END,89,/localdev/ijankowski/tt-metal-pin/tt_metal/hw/firmware/src/tt-1xx/trisck.cc,
0,1,1,TRISC_0,5116,6077916671516,0,0,,,TRISC-FW,ZONE_END,150,/localdev/ijankowski/tt-metal-pin/tt_metal/hw/firmware/src/tt-1xx/trisc.cc,
0,1,1,TRISC_0,5116,6077939518957,0,0,,,TRISC-FW,ZONE_START,150,/localdev/ijankowski/tt-metal-pin/tt_metal/hw/firmware/src/tt-1xx/trisc.cc,
0,1,1,TRISC_0,49825,6077939519401,0,0,,,TRISC-KERNEL,ZONE_START,89,/localdev/ijankowski/tt-metal-pin/tt_metal/hw/firmware/src/tt-1xx/trisck.cc,
0,1,1,TRISC_0,32592,6077939519567,0,0,,,BW_SYN_TANH_TAIL_SPLIT4,ZONE_START,19,/home/ijankowski/tmp/numerical-backward-synthesis/tt/kernels/compute/tanh_bw_tail_split4.cpp,
0,1,1,TRISC_0,32592,6077939914769,0,0,,,BW_SYN_TANH_TAIL_SPLIT4,ZONE_END,19,/home/ijankowski/tmp/numerical-backward-synthesis/tt/kernels/compute/tanh_bw_tail_split4.cpp,
0,1,1,TRISC_0,49825,6077939914793,0,0,,,TRISC-KERNEL,ZONE_END,89,/localdev/ijankowski/tt-metal-pin/tt_metal/hw/firmware/src/tt-1xx/trisck.cc,
0,1,1,TRISC_0,5116,6077939916690,0,0,,,TRISC-FW,ZONE_END,150,/localdev/ijankowski/tt-metal-pin/tt_metal/hw/firmware/src/tt-1xx/trisc.cc,
0,1,1,TRISC_0,5116,6077962646586,0,0,,,TRISC-FW,ZONE_START,150,/localdev/ijankowski/tt-metal-pin/tt_metal/hw/firmware/src/tt-1xx/trisc.cc,
0,1,1,TRISC_0,49825,6077962647043,0,0,,,TRISC-KERNEL,ZONE_START,89,/localdev/ijankowski/tt-metal-pin/tt_metal/hw/firmware/src/tt-1xx/trisck.cc,
0,1,1,TRISC_0,32592,6077962647213,0,0,,,BW_SYN_TANH_TAIL_SPLIT4,ZONE_START,19,/home/ijankowski/tmp/numerical-backward-synthesis/tt/kernels/compute/tanh_bw_tail_split4.cpp,
0,1,1,TRISC_0,32592,6077963042397,0,0,,,BW_SYN_TANH_TAIL_SPLIT4,ZONE_END,19,/home/ijankowski/tmp/numerical-backward-synthesis/tt/kernels/compute/tanh_bw_tail_split4.cpp,
0,1,1,TRISC_0,49825,6077963042420,0,0,,,TRISC-KERNEL,ZONE_END,89,/localdev/ijankowski/tt-metal-pin/tt_metal/hw/firmware/src/tt-1xx/trisck.cc,
0,1,1,TRISC_0,5116,6077963044331,0,0,,,TRISC-FW,ZONE_END,150,/localdev/ijankowski/tt-metal-pin/tt_metal/hw/firmware/src/tt-1xx/trisc.cc,
0,1,1,TRISC_0,5116,6077985888903,0,0,,,TRISC-FW,ZONE_START,150,/localdev/ijankowski/tt-metal-pin/tt_metal/hw/firmware/src/tt-1xx/trisc.cc,
0,1,1,TRISC_0,49825,6077985889349,0,0,,,TRISC-KERNEL,ZONE_START,89,/localdev/ijankowski/tt-metal-pin/tt_metal/hw/firmware/src/tt-1xx/trisck.cc,
0,1,1,TRISC_0,32592,6077985889519,0,0,,,BW_SYN_TANH_TAIL_SPLIT4,ZONE_START,19,/home/ijankowski/tmp/numerical-backward-synthesis/tt/kernels/compute/tanh_bw_tail_split4.cpp,
0,1,1,TRISC_0,32592,6077986284648,0,0,,,BW_SYN_TANH_TAIL_SPLIT4,ZONE_END,19,/home/ijankowski/tmp/numerical-backward-synthesis/tt/kernels/compute/tanh_bw_tail_split4.cpp,
0,1,1,TRISC_0,49825,6077986284671,0,0,,,TRISC-KERNEL,ZONE_END,89,/localdev/ijankowski/tt-metal-pin/tt_metal/hw/firmware/src/tt-1xx/trisck.cc,
0,1,1,TRISC_0,5116,6077986286572,0,0,,,TRISC-FW,ZONE_END,150,/localdev/ijankowski/tt-metal-pin/tt_metal/hw/firmware/src/tt-1xx/trisc.cc,
0,1,1,TRISC_0,5116,6078008780768,0,0,,,TRISC-FW,ZONE_START,150,/localdev/ijankowski/tt-metal-pin/tt_metal/hw/firmware/src/tt-1xx/trisc.cc,
0,1,1,TRISC_0,49825,6078008781211,0,0,,,TRISC-KERNEL,ZONE_START,89,/localdev/ijankowski/tt-metal-pin/tt_metal/hw/firmware/src/tt-1xx/trisck.cc,
0,1,1,TRISC_0,32592,6078008781378,0,0,,,BW_SYN_TANH_TAIL_SPLIT4,ZONE_START,19,/home/ijankowski/tmp/numerical-backward-synthesis/tt/kernels/compute/tanh_bw_tail_split4.cpp,
0,1,1,TRISC_0,32592,6078009176599,0,0,,,BW_SYN_TANH_TAIL_SPLIT4,ZONE_END,19,/home/ijankowski/tmp/numerical-backward-synthesis/tt/kernels/compute/tanh_bw_tail_split4.cpp,
0,1,1,TRISC_0,49825,6078009176622,0,0,,,TRISC-KERNEL,ZONE_END,89,/localdev/ijankowski/tt-metal-pin/tt_metal/hw/firmware/src/tt-1xx/trisck.cc,
0,1,1,TRISC_0,5116,6078009178519,0,0,,,TRISC-FW,ZONE_END,150,/localdev/ijankowski/tt-metal-pin/tt_metal/hw/firmware/src/tt-1xx/trisc.cc,
0,1,1,TRISC_0,5116,6078031262800,0,0,,,TRISC-FW,ZONE_START,150,/localdev/ijankowski/tt-metal-pin/tt_metal/hw/firmware/src/tt-1xx/trisc.cc,
0,1,1,TRISC_0,49825,6078031263260,0,0,,,TRISC-KERNEL,ZONE_START,89,/localdev/ijankowski/tt-metal-pin/tt_metal/hw/firmware/src/tt-1xx/trisck.cc,
0,1,1,TRISC_0,32592,6078031263433,0,0,,,BW_SYN_TANH_TAIL_SPLIT4,ZONE_START,19,/home/ijankowski/tmp/numerical-backward-synthesis/tt/kernels/compute/tanh_bw_tail_split4.cpp,
0,1,1,TRISC_0,32592,6078031596294,0,0,,,BW_SYN_TANH_TAIL_SPLIT4,ZONE_END,19,/home/ijankowski/tmp/numerical-backward-synthesis/tt/kernels/compute/tanh_bw_tail_split4.cpp,
0,1,1,TRISC_0,49825,6078031596318,0,0,,,TRISC-KERNEL,ZONE_END,89,/localdev/ijankowski/tt-metal-pin/tt_metal/hw/firmware/src/tt-1xx/trisck.cc,
0,1,1,TRISC_0,5116,6078031598221,0,0,,,TRISC-FW,ZONE_END,150,/localdev/ijankowski/tt-metal-pin/tt_metal/hw/firmware/src/tt-1xx/trisc.cc,
0,1,1,TRISC_0,5116,6078855436474,0,0,,,TRISC-FW,ZONE_START,150,/localdev/ijankowski/tt-metal-pin/tt_metal/hw/firmware/src/tt-1xx/trisc.cc,
0,1,1,TRISC_0,49825,6078855436916,0,0,,,TRISC-KERNEL,ZONE_START,89,/localdev/ijankowski/tt-metal-pin/tt_metal/hw/firmware/src/tt-1xx/trisck.cc,
0,1,1,TRISC_0,53833,6078855437084,0,0,,,BW_SYN_TANH_MATERIALIZED,ZONE_START,16,/home/ijankowski/tmp/numerical-backward-synthesis/tt/kernels/compute/tanh_bw_baseline.cpp,
0,1,1,TRISC_0,53833,6078855963542,0,0,,,BW_SYN_TANH_MATERIALIZED,ZONE_END,16,/home/ijankowski/tmp/numerical-backward-synthesis/tt/kernels/compute/tanh_bw_baseline.cpp,
0,1,1,TRISC_0,49825,6078855963565,0,0,,,TRISC-KERNEL,ZONE_END,89,/localdev/ijankowski/tt-metal-pin/tt_metal/hw/firmware/src/tt-1xx/trisck.cc,
0,1,1,TRISC_0,5116,6078855963609,0,0,,,TRISC-FW,ZONE_END,150,/localdev/ijankowski/tt-metal-pin/tt_metal/hw/firmware/src/tt-1xx/trisc.cc,
0,1,1,TRISC_0,5116,6078878910292,0,0,,,TRISC-FW,ZONE_START,150,/localdev/ijankowski/tt-metal-pin/tt_metal/hw/firmware/src/tt-1xx/trisc.cc,
0,1,1,TRISC_0,49825,6078878910737,0,0,,,TRISC-KERNEL,ZONE_START,89,/localdev/ijankowski/tt-metal-pin/tt_metal/hw/firmware/src/tt-1xx/trisck.cc,
0,1,1,TRISC_0,53833,6078878910909,0,0,,,BW_SYN_TANH_MATERIALIZED,ZONE_START,16,/home/ijankowski/tmp/numerical-backward-synthesis/tt/kernels/compute/tanh_bw_baseline.cpp,
0,1,1,TRISC_0,53833,6078879437469,0,0,,,BW_SYN_TANH_MATERIALIZED,ZONE_END,16,/home/ijankowski/tmp/numerical-backward-synthesis/tt/kernels/compute/tanh_bw_baseline.cpp,
0,1,1,TRISC_0,49825,6078879437491,0,0,,,TRISC-KERNEL,ZONE_END,89,/localdev/ijankowski/tt-metal-pin/tt_metal/hw/firmware/src/tt-1xx/trisck.cc,
0,1,1,TRISC_0,5116,6078879437536,0,0,,,TRISC-FW,ZONE_END,150,/localdev/ijankowski/tt-metal-pin/tt_metal/hw/firmware/src/tt-1xx/trisc.cc,
0,1,1,TRISC_0,5116,6078901972136,0,0,,,TRISC-FW,ZONE_START,150,/localdev/ijankowski/tt-metal-pin/tt_metal/hw/firmware/src/tt-1xx/trisc.cc,
0,1,1,TRISC_0,49825,6078901972581,0,0,,,TRISC-KERNEL,ZONE_START,89,/localdev/ijankowski/tt-metal-pin/tt_metal/hw/firmware/src/tt-1xx/trisck.cc,
0,1,1,TRISC_0,53833,6078901972752,0,0,,,BW_SYN_TANH_MATERIALIZED,ZONE_START,16,/home/ijankowski/tmp/numerical-backward-synthesis/tt/kernels/compute/tanh_bw_baseline.cpp,
0,1,1,TRISC_0,53833,6078902499183,0,0,,,BW_SYN_TANH_MATERIALIZED,ZONE_END,16,/home/ijankowski/tmp/numerical-backward-synthesis/tt/kernels/compute/tanh_bw_baseline.cpp,
0,1,1,TRISC_0,49825,6078902499205,0,0,,,TRISC-KERNEL,ZONE_END,89,/localdev/ijankowski/tt-metal-pin/tt_metal/hw/firmware/src/tt-1xx/trisck.cc,
0,1,1,TRISC_0,5116,6078902499250,0,0,,,TRISC-FW,ZONE_END,150,/localdev/ijankowski/tt-metal-pin/tt_metal/hw/firmware/src/tt-1xx/trisc.cc,
0,1,1,TRISC_0,5116,6078925226789,0,0,,,TRISC-FW,ZONE_START,150,/localdev/ijankowski/tt-metal-pin/tt_metal/hw/firmware/src/tt-1xx/trisc.cc,
0,1,1,TRISC_0,49825,6078925227233,0,0,,,TRISC-KERNEL,ZONE_START,89,/localdev/ijankowski/tt-metal-pin/tt_metal/hw/firmware/src/tt-1xx/trisck.cc,
0,1,1,TRISC_0,53833,6078925227399,0,0,,,BW_SYN_TANH_MATERIALIZED,ZONE_START,16,/home/ijankowski/tmp/numerical-backward-synthesis/tt/kernels/compute/tanh_bw_baseline.cpp,
0,1,1,TRISC_0,53833,6078925753889,0,0,,,BW_SYN_TANH_MATERIALIZED,ZONE_END,16,/home/ijankowski/tmp/numerical-backward-synthesis/tt/kernels/compute/tanh_bw_baseline.cpp,
0,1,1,TRISC_0,49825,6078925753911,0,0,,,TRISC-KERNEL,ZONE_END,89,/localdev/ijankowski/tt-metal-pin/tt_metal/hw/firmware/src/tt-1xx/trisck.cc,
0,1,1,TRISC_0,5116,6078925753956,0,0,,,TRISC-FW,ZONE_END,150,/localdev/ijankowski/tt-metal-pin/tt_metal/hw/firmware/src/tt-1xx/trisc.cc,
0,1,1,TRISC_0,5116,6078949319547,0,0,,,TRISC-FW,ZONE_START,150,/localdev/ijankowski/tt-metal-pin/tt_metal/hw/firmware/src/tt-1xx/trisc.cc,
0,1,1,TRISC_0,49825,6078949320003,0,0,,,TRISC-KERNEL,ZONE_START,89,/localdev/ijankowski/tt-metal-pin/tt_metal/hw/firmware/src/tt-1xx/trisck.cc,
0,1,1,TRISC_0,53833,6078949320170,0,0,,,BW_SYN_TANH_MATERIALIZED,ZONE_START,16,/home/ijankowski/tmp/numerical-backward-synthesis/tt/kernels/compute/tanh_bw_baseline.cpp,
0,1,1,TRISC_0,53833,6078949846545,0,0,,,BW_SYN_TANH_MATERIALIZED,ZONE_END,16,/home/ijankowski/tmp/numerical-backward-synthesis/tt/kernels/compute/tanh_bw_baseline.cpp,
0,1,1,TRISC_0,49825,6078949846567,0,0,,,TRISC-KERNEL,ZONE_END,89,/localdev/ijankowski/tt-metal-pin/tt_metal/hw/firmware/src/tt-1xx/trisck.cc,
0,1,1,TRISC_0,5116,6078949846612,0,0,,,TRISC-FW,ZONE_END,150,/localdev/ijankowski/tt-metal-pin/tt_metal/hw/firmware/src/tt-1xx/trisc.cc,
0,1,1,TRISC_0,5116,6078973117655,0,0,,,TRISC-FW,ZONE_START,150,/localdev/ijankowski/tt-metal-pin/tt_metal/hw/firmware/src/tt-1xx/trisc.cc,
0,1,1,TRISC_0,49825,6078973118111,0,0,,,TRISC-KERNEL,ZONE_START,89,/localdev/ijankowski/tt-metal-pin/tt_metal/hw/firmware/src/tt-1xx/trisck.cc,
0,1,1,TRISC_0,53833,6078973118278,0,0,,,BW_SYN_TANH_MATERIALIZED,ZONE_START,16,/home/ijankowski/tmp/numerical-backward-synthesis/tt/kernels/compute/tanh_bw_baseline.cpp,
0,1,1,TRISC_0,53833,6078973644682,0,0,,,BW_SYN_TANH_MATERIALIZED,ZONE_END,16,/home/ijankowski/tmp/numerical-backward-synthesis/tt/kernels/compute/tanh_bw_baseline.cpp,
0,1,1,TRISC_0,49825,6078973644704,0,0,,,TRISC-KERNEL,ZONE_END,89,/localdev/ijankowski/tt-metal-pin/tt_metal/hw/firmware/src/tt-1xx/trisck.cc,
0,1,1,TRISC_0,5116,6078973644748,0,0,,,TRISC-FW,ZONE_END,150,/localdev/ijankowski/tt-metal-pin/tt_metal/hw/firmware/src/tt-1xx/trisc.cc,
0,1,1,TRISC_0,5116,6078997937355,0,0,,,TRISC-FW,ZONE_START,150,/localdev/ijankowski/tt-metal-pin/tt_metal/hw/firmware/src/tt-1xx/trisc.cc,
0,1,1,TRISC_0,49825,6078997937793,0,0,,,TRISC-KERNEL,ZONE_START,89,/localdev/ijankowski/tt-metal-pin/tt_metal/hw/firmware/src/tt-1xx/trisck.cc,
0,1,1,TRISC_0,53833,6078997937963,0,0,,,BW_SYN_TANH_MATERIALIZED,ZONE_START,16,/home/ijankowski/tmp/numerical-backward-synthesis/tt/kernels/compute/tanh_bw_baseline.cpp,
0,1,1,TRISC_0,53833,6078998382244,0,0,,,BW_SYN_TANH_MATERIALIZED,ZONE_END,16,/home/ijankowski/tmp/numerical-backward-synthesis/tt/kernels/compute/tanh_bw_baseline.cpp,
0,1,1,TRISC_0,49825,6078998382266,0,0,,,TRISC-KERNEL,ZONE_END,89,/localdev/ijankowski/tt-metal-pin/tt_metal/hw/firmware/src/tt-1xx/trisck.cc,
0,1,1,TRISC_0,5116,6078998382311,0,0,,,TRISC-FW,ZONE_END,150,/localdev/ijankowski/tt-metal-pin/tt_metal/hw/firmware/src/tt-1xx/trisc.cc,
0,1,1,TRISC_0,5116,6079022140654,0,0,,,TRISC-FW,ZONE_START,150,/localdev/ijankowski/tt-metal-pin/tt_metal/hw/firmware/src/tt-1xx/trisc.cc,
0,1,1,TRISC_0,49825,6079022141104,0,0,,,TRISC-KERNEL,ZONE_START,89,/localdev/ijankowski/tt-metal-pin/tt_metal/hw/firmware/src/tt-1xx/trisck.cc,
0,1,1,TRISC_0,32592,6079022141270,0,0,,,BW_SYN_TANH_TAIL_SPLIT4,ZONE_START,19,/home/ijankowski/tmp/numerical-backward-synthesis/tt/kernels/compute/tanh_bw_tail_split4.cpp,
0,1,1,TRISC_0,32592,6079022536463,0,0,,,BW_SYN_TANH_TAIL_SPLIT4,ZONE_END,19,/home/ijankowski/tmp/numerical-backward-synthesis/tt/kernels/compute/tanh_bw_tail_split4.cpp,
0,1,1,TRISC_0,49825,6079022536487,0,0,,,TRISC-KERNEL,ZONE_END,89,/localdev/ijankowski/tt-metal-pin/tt_metal/hw/firmware/src/tt-1xx/trisck.cc,
0,1,1,TRISC_0,5116,6079022538375,0,0,,,TRISC-FW,ZONE_END,150,/localdev/ijankowski/tt-metal-pin/tt_metal/hw/firmware/src/tt-1xx/trisc.cc,
0,1,1,TRISC_0,5116,6079044893934,0,0,,,TRISC-FW,ZONE_START,150,/localdev/ijankowski/tt-metal-pin/tt_metal/hw/firmware/src/tt-1xx/trisc.cc,
0,1,1,TRISC_0,49825,6079044894379,0,0,,,TRISC-KERNEL,ZONE_START,89,/localdev/ijankowski/tt-metal-pin/tt_metal/hw/firmware/src/tt-1xx/trisck.cc,
0,1,1,TRISC_0,53833,6079044894545,0,0,,,BW_SYN_TANH_MATERIALIZED,ZONE_START,16,/home/ijankowski/tmp/numerical-backward-synthesis/tt/kernels/compute/tanh_bw_baseline.cpp,
0,1,1,TRISC_0,53833,6079045421009,0,0,,,BW_SYN_TANH_MATERIALIZED,ZONE_END,16,/home/ijankowski/tmp/numerical-backward-synthesis/tt/kernels/compute/tanh_bw_baseline.cpp,
0,1,1,TRISC_0,49825,6079045421031,0,0,,,TRISC-KERNEL,ZONE_END,89,/localdev/ijankowski/tt-metal-pin/tt_metal/hw/firmware/src/tt-1xx/trisck.cc,
0,1,1,TRISC_0,5116,6079045421076,0,0,,,TRISC-FW,ZONE_END,150,/localdev/ijankowski/tt-metal-pin/tt_metal/hw/firmware/src/tt-1xx/trisc.cc,
0,1,1,TRISC_0,5116,6079068185065,0,0,,,TRISC-FW,ZONE_START,150,/localdev/ijankowski/tt-metal-pin/tt_metal/hw/firmware/src/tt-1xx/trisc.cc,
0,1,1,TRISC_0,49825,6079068185501,0,0,,,TRISC-KERNEL,ZONE_START,89,/localdev/ijankowski/tt-metal-pin/tt_metal/hw/firmware/src/tt-1xx/trisck.cc,
0,1,1,TRISC_0,32592,6079068185672,0,0,,,BW_SYN_TANH_TAIL_SPLIT4,ZONE_START,19,/home/ijankowski/tmp/numerical-backward-synthesis/tt/kernels/compute/tanh_bw_tail_split4.cpp,
0,1,1,TRISC_0,32592,6079068580873,0,0,,,BW_SYN_TANH_TAIL_SPLIT4,ZONE_END,19,/home/ijankowski/tmp/numerical-backward-synthesis/tt/kernels/compute/tanh_bw_tail_split4.cpp,
0,1,1,TRISC_0,49825,6079068580897,0,0,,,TRISC-KERNEL,ZONE_END,89,/localdev/ijankowski/tt-metal-pin/tt_metal/hw/firmware/src/tt-1xx/trisck.cc,
0,1,1,TRISC_0,5116,6079068582785,0,0,,,TRISC-FW,ZONE_END,150,/localdev/ijankowski/tt-metal-pin/tt_metal/hw/firmware/src/tt-1xx/trisc.cc,
0,1,1,TRISC_0,5116,6079091474987,0,0,,,TRISC-FW,ZONE_START,150,/localdev/ijankowski/tt-metal-pin/tt_metal/hw/firmware/src/tt-1xx/trisc.cc,
0,1,1,TRISC_0,49825,6079091475429,0,0,,,TRISC-KERNEL,ZONE_START,89,/localdev/ijankowski/tt-metal-pin/tt_metal/hw/firmware/src/tt-1xx/trisck.cc,
0,1,1,TRISC_0,53833,6079091475594,0,0,,,BW_SYN_TANH_MATERIALIZED,ZONE_START,16,/home/ijankowski/tmp/numerical-backward-synthesis/tt/kernels/compute/tanh_bw_baseline.cpp,
0,1,1,TRISC_0,53833,6079092002066,0,0,,,BW_SYN_TANH_MATERIALIZED,ZONE_END,16,/home/ijankowski/tmp/numerical-backward-synthesis/tt/kernels/compute/tanh_bw_baseline.cpp,
0,1,1,TRISC_0,49825,6079092002089,0,0,,,TRISC-KERNEL,ZONE_END,89,/localdev/ijankowski/tt-metal-pin/tt_metal/hw/firmware/src/tt-1xx/trisck.cc,
0,1,1,TRISC_0,5116,6079092002134,0,0,,,TRISC-FW,ZONE_END,150,/localdev/ijankowski/tt-metal-pin/tt_metal/hw/firmware/src/tt-1xx/trisc.cc,
0,1,1,TRISC_0,5116,6079114771275,0,0,,,TRISC-FW,ZONE_START,150,/localdev/ijankowski/tt-metal-pin/tt_metal/hw/firmware/src/tt-1xx/trisc.cc,
0,1,1,TRISC_0,49825,6079114771711,0,0,,,TRISC-KERNEL,ZONE_START,89,/localdev/ijankowski/tt-metal-pin/tt_metal/hw/firmware/src/tt-1xx/trisck.cc,
0,1,1,TRISC_0,32592,6079114771882,0,0,,,BW_SYN_TANH_TAIL_SPLIT4,ZONE_START,19,/home/ijankowski/tmp/numerical-backward-synthesis/tt/kernels/compute/tanh_bw_tail_split4.cpp,
0,1,1,TRISC_0,32592,6079115167074,0,0,,,BW_SYN_TANH_TAIL_SPLIT4,ZONE_END,19,/home/ijankowski/tmp/numerical-backward-synthesis/tt/kernels/compute/tanh_bw_tail_split4.cpp,
0,1,1,TRISC_0,49825,6079115167097,0,0,,,TRISC-KERNEL,ZONE_END,89,/localdev/ijankowski/tt-metal-pin/tt_metal/hw/firmware/src/tt-1xx/trisck.cc,
0,1,1,TRISC_0,5116,6079115168983,0,0,,,TRISC-FW,ZONE_END,150,/localdev/ijankowski/tt-metal-pin/tt_metal/hw/firmware/src/tt-1xx/trisc.cc,
0,1,1,TRISC_0,5116,6079138014025,0,0,,,TRISC-FW,ZONE_START,150,/localdev/ijankowski/tt-metal-pin/tt_metal/hw/firmware/src/tt-1xx/trisc.cc,
0,1,1,TRISC_0,49825,6079138014478,0,0,,,TRISC-KERNEL,ZONE_START,89,/localdev/ijankowski/tt-metal-pin/tt_metal/hw/firmware/src/tt-1xx/trisck.cc,
0,1,1,TRISC_0,53833,6079138014647,0,0,,,BW_SYN_TANH_MATERIALIZED,ZONE_START,16,/home/ijankowski/tmp/numerical-backward-synthesis/tt/kernels/compute/tanh_bw_baseline.cpp,
0,1,1,TRISC_0,53833,6079138541259,0,0,,,BW_SYN_TANH_MATERIALIZED,ZONE_END,16,/home/ijankowski/tmp/numerical-backward-synthesis/tt/kernels/compute/tanh_bw_baseline.cpp,
0,1,1,TRISC_0,49825,6079138541281,0,0,,,TRISC-KERNEL,ZONE_END,89,/localdev/ijankowski/tt-metal-pin/tt_metal/hw/firmware/src/tt-1xx/trisck.cc,
0,1,1,TRISC_0,5116,6079138541326,0,0,,,TRISC-FW,ZONE_END,150,/localdev/ijankowski/tt-metal-pin/tt_metal/hw/firmware/src/tt-1xx/trisc.cc,
0,1,1,TRISC_0,5116,6079161359786,0,0,,,TRISC-FW,ZONE_START,150,/localdev/ijankowski/tt-metal-pin/tt_metal/hw/firmware/src/tt-1xx/trisc.cc,
0,1,1,TRISC_0,49825,6079161360221,0,0,,,TRISC-KERNEL,ZONE_START,89,/localdev/ijankowski/tt-metal-pin/tt_metal/hw/firmware/src/tt-1xx/trisck.cc,
0,1,1,TRISC_0,32592,6079161360386,0,0,,,BW_SYN_TANH_TAIL_SPLIT4,ZONE_START,19,/home/ijankowski/tmp/numerical-backward-synthesis/tt/kernels/compute/tanh_bw_tail_split4.cpp,
0,1,1,TRISC_0,32592,6079161755681,0,0,,,BW_SYN_TANH_TAIL_SPLIT4,ZONE_END,19,/home/ijankowski/tmp/numerical-backward-synthesis/tt/kernels/compute/tanh_bw_tail_split4.cpp,
0,1,1,TRISC_0,49825,6079161755704,0,0,,,TRISC-KERNEL,ZONE_END,89,/localdev/ijankowski/tt-metal-pin/tt_metal/hw/firmware/src/tt-1xx/trisck.cc,
0,1,1,TRISC_0,5116,6079161757597,0,0,,,TRISC-FW,ZONE_END,150,/localdev/ijankowski/tt-metal-pin/tt_metal/hw/firmware/src/tt-1xx/trisc.cc,
0,1,1,TRISC_0,5116,6079187275201,0,0,,,TRISC-FW,ZONE_START,150,/localdev/ijankowski/tt-metal-pin/tt_metal/hw/firmware/src/tt-1xx/trisc.cc,
0,1,1,TRISC_0,49825,6079187275652,0,0,,,TRISC-KERNEL,ZONE_START,89,/localdev/ijankowski/tt-metal-pin/tt_metal/hw/firmware/src/tt-1xx/trisck.cc,
0,1,1,TRISC_0,53833,6079187275824,0,0,,,BW_SYN_TANH_MATERIALIZED,ZONE_START,16,/home/ijankowski/tmp/numerical-backward-synthesis/tt/kernels/compute/tanh_bw_baseline.cpp,
0,1,1,TRISC_0,53833,6079187802317,0,0,,,BW_SYN_TANH_MATERIALIZED,ZONE_END,16,/home/ijankowski/tmp/numerical-backward-synthesis/tt/kernels/compute/tanh_bw_baseline.cpp,
0,1,1,TRISC_0,49825,6079187802339,0,0,,,TRISC-KERNEL,ZONE_END,89,/localdev/ijankowski/tt-metal-pin/tt_metal/hw/firmware/src/tt-1xx/trisck.cc,
0,1,1,TRISC_0,5116,6079187802384,0,0,,,TRISC-FW,ZONE_END,150,/localdev/ijankowski/tt-metal-pin/tt_metal/hw/firmware/src/tt-1xx/trisc.cc,
0,1,1,TRISC_0,5116,6079210759014,0,0,,,TRISC-FW,ZONE_START,150,/localdev/ijankowski/tt-metal-pin/tt_metal/hw/firmware/src/tt-1xx/trisc.cc,
0,1,1,TRISC_0,49825,6079210759456,0,0,,,TRISC-KERNEL,ZONE_START,89,/localdev/ijankowski/tt-metal-pin/tt_metal/hw/firmware/src/tt-1xx/trisck.cc,
0,1,1,TRISC_0,32592,6079210759630,0,0,,,BW_SYN_TANH_TAIL_SPLIT4,ZONE_START,19,/home/ijankowski/tmp/numerical-backward-synthesis/tt/kernels/compute/tanh_bw_tail_split4.cpp,
0,1,1,TRISC_0,32592,6079211155004,0,0,,,BW_SYN_TANH_TAIL_SPLIT4,ZONE_END,19,/home/ijankowski/tmp/numerical-backward-synthesis/tt/kernels/compute/tanh_bw_tail_split4.cpp,
0,1,1,TRISC_0,49825,6079211155027,0,0,,,TRISC-KERNEL,ZONE_END,89,/localdev/ijankowski/tt-metal-pin/tt_metal/hw/firmware/src/tt-1xx/trisck.cc,
0,1,1,TRISC_0,5116,6079211156924,0,0,,,TRISC-FW,ZONE_END,150,/localdev/ijankowski/tt-metal-pin/tt_metal/hw/firmware/src/tt-1xx/trisc.cc,
0,1,1,TRISC_0,5116,6079234102924,0,0,,,TRISC-FW,ZONE_START,150,/localdev/ijankowski/tt-metal-pin/tt_metal/hw/firmware/src/tt-1xx/trisc.cc,
0,1,1,TRISC_0,49825,6079234103367,0,0,,,TRISC-KERNEL,ZONE_START,89,/localdev/ijankowski/tt-metal-pin/tt_metal/hw/firmware/src/tt-1xx/trisck.cc,
0,1,1,TRISC_0,53833,6079234103534,0,0,,,BW_SYN_TANH_MATERIALIZED,ZONE_START,16,/home/ijankowski/tmp/numerical-backward-synthesis/tt/kernels/compute/tanh_bw_baseline.cpp,
0,1,1,TRISC_0,53833,6079234629959,0,0,,,BW_SYN_TANH_MATERIALIZED,ZONE_END,16,/home/ijankowski/tmp/numerical-backward-synthesis/tt/kernels/compute/tanh_bw_baseline.cpp,
0,1,1,TRISC_0,49825,6079234629981,0,0,,,TRISC-KERNEL,ZONE_END,89,/localdev/ijankowski/tt-metal-pin/tt_metal/hw/firmware/src/tt-1xx/trisck.cc,
0,1,1,TRISC_0,5116,6079234630026,0,0,,,TRISC-FW,ZONE_END,150,/localdev/ijankowski/tt-metal-pin/tt_metal/hw/firmware/src/tt-1xx/trisc.cc,
0,1,1,TRISC_0,5116,6079257536829,0,0,,,TRISC-FW,ZONE_START,150,/localdev/ijankowski/tt-metal-pin/tt_metal/hw/firmware/src/tt-1xx/trisc.cc,
0,1,1,TRISC_0,49825,6079257537276,0,0,,,TRISC-KERNEL,ZONE_START,89,/localdev/ijankowski/tt-metal-pin/tt_metal/hw/firmware/src/tt-1xx/trisck.cc,
0,1,1,TRISC_0,32592,6079257537445,0,0,,,BW_SYN_TANH_TAIL_SPLIT4,ZONE_START,19,/home/ijankowski/tmp/numerical-backward-synthesis/tt/kernels/compute/tanh_bw_tail_split4.cpp,
0,1,1,TRISC_0,32592,6079257932658,0,0,,,BW_SYN_TANH_TAIL_SPLIT4,ZONE_END,19,/home/ijankowski/tmp/numerical-backward-synthesis/tt/kernels/compute/tanh_bw_tail_split4.cpp,
0,1,1,TRISC_0,49825,6079257932681,0,0,,,TRISC-KERNEL,ZONE_END,89,/localdev/ijankowski/tt-metal-pin/tt_metal/hw/firmware/src/tt-1xx/trisck.cc,
0,1,1,TRISC_0,5116,6079257934581,0,0,,,TRISC-FW,ZONE_END,150,/localdev/ijankowski/tt-metal-pin/tt_metal/hw/firmware/src/tt-1xx/trisc.cc,
0,1,1,TRISC_0,5116,6079280815454,0,0,,,TRISC-FW,ZONE_START,150,/localdev/ijankowski/tt-metal-pin/tt_metal/hw/firmware/src/tt-1xx/trisc.cc,
0,1,1,TRISC_0,49825,6079280815910,0,0,,,TRISC-KERNEL,ZONE_START,89,/localdev/ijankowski/tt-metal-pin/tt_metal/hw/firmware/src/tt-1xx/trisck.cc,
0,1,1,TRISC_0,53833,6079280816077,0,0,,,BW_SYN_TANH_MATERIALIZED,ZONE_START,16,/home/ijankowski/tmp/numerical-backward-synthesis/tt/kernels/compute/tanh_bw_baseline.cpp,
0,1,1,TRISC_0,53833,6079281342452,0,0,,,BW_SYN_TANH_MATERIALIZED,ZONE_END,16,/home/ijankowski/tmp/numerical-backward-synthesis/tt/kernels/compute/tanh_bw_baseline.cpp,
0,1,1,TRISC_0,49825,6079281342474,0,0,,,TRISC-KERNEL,ZONE_END,89,/localdev/ijankowski/tt-metal-pin/tt_metal/hw/firmware/src/tt-1xx/trisck.cc,
0,1,1,TRISC_0,5116,6079281342519,0,0,,,TRISC-FW,ZONE_END,150,/localdev/ijankowski/tt-metal-pin/tt_metal/hw/firmware/src/tt-1xx/trisc.cc,
0,1,1,TRISC_0,5116,6079304252604,0,0,,,TRISC-FW,ZONE_START,150,/localdev/ijankowski/tt-metal-pin/tt_metal/hw/firmware/src/tt-1xx/trisc.cc,
0,1,1,TRISC_0,49825,6079304253052,0,0,,,TRISC-KERNEL,ZONE_START,89,/localdev/ijankowski/tt-metal-pin/tt_metal/hw/firmware/src/tt-1xx/trisck.cc,
0,1,1,TRISC_0,32592,6079304253219,0,0,,,BW_SYN_TANH_TAIL_SPLIT4,ZONE_START,19,/home/ijankowski/tmp/numerical-backward-synthesis/tt/kernels/compute/tanh_bw_tail_split4.cpp,
0,1,1,TRISC_0,32592,6079304648471,0,0,,,BW_SYN_TANH_TAIL_SPLIT4,ZONE_END,19,/home/ijankowski/tmp/numerical-backward-synthesis/tt/kernels/compute/tanh_bw_tail_split4.cpp,
0,1,1,TRISC_0,49825,6079304648494,0,0,,,TRISC-KERNEL,ZONE_END,89,/localdev/ijankowski/tt-metal-pin/tt_metal/hw/firmware/src/tt-1xx/trisck.cc,
0,1,1,TRISC_0,5116,6079304650327,0,0,,,TRISC-FW,ZONE_END,150,/localdev/ijankowski/tt-metal-pin/tt_metal/hw/firmware/src/tt-1xx/trisc.cc,
0,1,1,TRISC_0,5116,6079329074686,0,0,,,TRISC-FW,ZONE_START,150,/localdev/ijankowski/tt-metal-pin/tt_metal/hw/firmware/src/tt-1xx/trisc.cc,
0,1,1,TRISC_0,49825,6079329075142,0,0,,,TRISC-KERNEL,ZONE_START,89,/localdev/ijankowski/tt-metal-pin/tt_metal/hw/firmware/src/tt-1xx/trisck.cc,
0,1,1,TRISC_0,53833,6079329075309,0,0,,,BW_SYN_TANH_MATERIALIZED,ZONE_START,16,/home/ijankowski/tmp/numerical-backward-synthesis/tt/kernels/compute/tanh_bw_baseline.cpp,
0,1,1,TRISC_0,53833,6079329601752,0,0,,,BW_SYN_TANH_MATERIALIZED,ZONE_END,16,/home/ijankowski/tmp/numerical-backward-synthesis/tt/kernels/compute/tanh_bw_baseline.cpp,
0,1,1,TRISC_0,49825,6079329601775,0,0,,,TRISC-KERNEL,ZONE_END,89,/localdev/ijankowski/tt-metal-pin/tt_metal/hw/firmware/src/tt-1xx/trisck.cc,
0,1,1,TRISC_0,5116,6079329601820,0,0,,,TRISC-FW,ZONE_END,150,/localdev/ijankowski/tt-metal-pin/tt_metal/hw/firmware/src/tt-1xx/trisc.cc,
0,1,1,TRISC_0,5116,6079352673005,0,0,,,TRISC-FW,ZONE_START,150,/localdev/ijankowski/tt-metal-pin/tt_metal/hw/firmware/src/tt-1xx/trisc.cc,
0,1,1,TRISC_0,49825,6079352673440,0,0,,,TRISC-KERNEL,ZONE_START,89,/localdev/ijankowski/tt-metal-pin/tt_metal/hw/firmware/src/tt-1xx/trisck.cc,
0,1,1,TRISC_0,32592,6079352673605,0,0,,,BW_SYN_TANH_TAIL_SPLIT4,ZONE_START,19,/home/ijankowski/tmp/numerical-backward-synthesis/tt/kernels/compute/tanh_bw_tail_split4.cpp,
0,1,1,TRISC_0,32592,6079353068971,0,0,,,BW_SYN_TANH_TAIL_SPLIT4,ZONE_END,19,/home/ijankowski/tmp/numerical-backward-synthesis/tt/kernels/compute/tanh_bw_tail_split4.cpp,
0,1,1,TRISC_0,49825,6079353068994,0,0,,,TRISC-KERNEL,ZONE_END,89,/localdev/ijankowski/tt-metal-pin/tt_metal/hw/firmware/src/tt-1xx/trisck.cc,
0,1,1,TRISC_0,5116,6079353070903,0,0,,,TRISC-FW,ZONE_END,150,/localdev/ijankowski/tt-metal-pin/tt_metal/hw/firmware/src/tt-1xx/trisc.cc,
0,1,1,TRISC_0,5116,6079375985321,0,0,,,TRISC-FW,ZONE_START,150,/localdev/ijankowski/tt-metal-pin/tt_metal/hw/firmware/src/tt-1xx/trisc.cc,
0,1,1,TRISC_0,49825,6079375985771,0,0,,,TRISC-KERNEL,ZONE_START,89,/localdev/ijankowski/tt-metal-pin/tt_metal/hw/firmware/src/tt-1xx/trisck.cc,
0,1,1,TRISC_0,53833,6079375985942,0,0,,,BW_SYN_TANH_MATERIALIZED,ZONE_START,16,/home/ijankowski/tmp/numerical-backward-synthesis/tt/kernels/compute/tanh_bw_baseline.cpp,
0,1,1,TRISC_0,53833,6079376512488,0,0,,,BW_SYN_TANH_MATERIALIZED,ZONE_END,16,/home/ijankowski/tmp/numerical-backward-synthesis/tt/kernels/compute/tanh_bw_baseline.cpp,
0,1,1,TRISC_0,49825,6079376512510,0,0,,,TRISC-KERNEL,ZONE_END,89,/localdev/ijankowski/tt-metal-pin/tt_metal/hw/firmware/src/tt-1xx/trisck.cc,
0,1,1,TRISC_0,5116,6079376512555,0,0,,,TRISC-FW,ZONE_END,150,/localdev/ijankowski/tt-metal-pin/tt_metal/hw/firmware/src/tt-1xx/trisc.cc,
0,1,1,TRISC_0,5116,6079399565222,0,0,,,TRISC-FW,ZONE_START,150,/localdev/ijankowski/tt-metal-pin/tt_metal/hw/firmware/src/tt-1xx/trisc.cc,
0,1,1,TRISC_0,49825,6079399565667,0,0,,,TRISC-KERNEL,ZONE_START,89,/localdev/ijankowski/tt-metal-pin/tt_metal/hw/firmware/src/tt-1xx/trisck.cc,
0,1,1,TRISC_0,32592,6079399565839,0,0,,,BW_SYN_TANH_TAIL_SPLIT4,ZONE_START,19,/home/ijankowski/tmp/numerical-backward-synthesis/tt/kernels/compute/tanh_bw_tail_split4.cpp,
0,1,1,TRISC_0,32592,6079399961196,0,0,,,BW_SYN_TANH_TAIL_SPLIT4,ZONE_END,19,/home/ijankowski/tmp/numerical-backward-synthesis/tt/kernels/compute/tanh_bw_tail_split4.cpp,
0,1,1,TRISC_0,49825,6079399961219,0,0,,,TRISC-KERNEL,ZONE_END,89,/localdev/ijankowski/tt-metal-pin/tt_metal/hw/firmware/src/tt-1xx/trisck.cc,
0,1,1,TRISC_0,5116,6079399962945,0,0,,,TRISC-FW,ZONE_END,150,/localdev/ijankowski/tt-metal-pin/tt_metal/hw/firmware/src/tt-1xx/trisc.cc,
0,1,1,TRISC_0,5116,6079423325985,0,0,,,TRISC-FW,ZONE_START,150,/localdev/ijankowski/tt-metal-pin/tt_metal/hw/firmware/src/tt-1xx/trisc.cc,
0,1,1,TRISC_0,49825,6079423326432,0,0,,,TRISC-KERNEL,ZONE_START,89,/localdev/ijankowski/tt-metal-pin/tt_metal/hw/firmware/src/tt-1xx/trisck.cc,
0,1,1,TRISC_0,53833,6079423326600,0,0,,,BW_SYN_TANH_MATERIALIZED,ZONE_START,16,/home/ijankowski/tmp/numerical-backward-synthesis/tt/kernels/compute/tanh_bw_baseline.cpp,
0,1,1,TRISC_0,53833,6079423852980,0,0,,,BW_SYN_TANH_MATERIALIZED,ZONE_END,16,/home/ijankowski/tmp/numerical-backward-synthesis/tt/kernels/compute/tanh_bw_baseline.cpp,
0,1,1,TRISC_0,49825,6079423853003,0,0,,,TRISC-KERNEL,ZONE_END,89,/localdev/ijankowski/tt-metal-pin/tt_metal/hw/firmware/src/tt-1xx/trisck.cc,
0,1,1,TRISC_0,5116,6079423853047,0,0,,,TRISC-FW,ZONE_END,150,/localdev/ijankowski/tt-metal-pin/tt_metal/hw/firmware/src/tt-1xx/trisc.cc,
0,1,1,TRISC_0,5116,6079447001150,0,0,,,TRISC-FW,ZONE_START,150,/localdev/ijankowski/tt-metal-pin/tt_metal/hw/firmware/src/tt-1xx/trisc.cc,
0,1,1,TRISC_0,49825,6079447001597,0,0,,,TRISC-KERNEL,ZONE_START,89,/localdev/ijankowski/tt-metal-pin/tt_metal/hw/firmware/src/tt-1xx/trisck.cc,
0,1,1,TRISC_0,32592,6079447001765,0,0,,,BW_SYN_TANH_TAIL_SPLIT4,ZONE_START,19,/home/ijankowski/tmp/numerical-backward-synthesis/tt/kernels/compute/tanh_bw_tail_split4.cpp,
0,1,1,TRISC_0,32592,6079447396989,0,0,,,BW_SYN_TANH_TAIL_SPLIT4,ZONE_END,19,/home/ijankowski/tmp/numerical-backward-synthesis/tt/kernels/compute/tanh_bw_tail_split4.cpp,
0,1,1,TRISC_0,49825,6079447397012,0,0,,,TRISC-KERNEL,ZONE_END,89,/localdev/ijankowski/tt-metal-pin/tt_metal/hw/firmware/src/tt-1xx/trisck.cc,
0,1,1,TRISC_0,5116,6079447398894,0,0,,,TRISC-FW,ZONE_END,150,/localdev/ijankowski/tt-metal-pin/tt_metal/hw/firmware/src/tt-1xx/trisc.cc,
0,1,1,TRISC_0,5116,6079470305656,0,0,,,TRISC-FW,ZONE_START,150,/localdev/ijankowski/tt-metal-pin/tt_metal/hw/firmware/src/tt-1xx/trisc.cc,
0,1,1,TRISC_0,49825,6079470306104,0,0,,,TRISC-KERNEL,ZONE_START,89,/localdev/ijankowski/tt-metal-pin/tt_metal/hw/firmware/src/tt-1xx/trisck.cc,
0,1,1,TRISC_0,53833,6079470306269,0,0,,,BW_SYN_TANH_MATERIALIZED,ZONE_START,16,/home/ijankowski/tmp/numerical-backward-synthesis/tt/kernels/compute/tanh_bw_baseline.cpp,
0,1,1,TRISC_0,53833,6079470832702,0,0,,,BW_SYN_TANH_MATERIALIZED,ZONE_END,16,/home/ijankowski/tmp/numerical-backward-synthesis/tt/kernels/compute/tanh_bw_baseline.cpp,
0,1,1,TRISC_0,49825,6079470832724,0,0,,,TRISC-KERNEL,ZONE_END,89,/localdev/ijankowski/tt-metal-pin/tt_metal/hw/firmware/src/tt-1xx/trisck.cc,
0,1,1,TRISC_0,5116,6079470832769,0,0,,,TRISC-FW,ZONE_END,150,/localdev/ijankowski/tt-metal-pin/tt_metal/hw/firmware/src/tt-1xx/trisc.cc,
0,1,1,TRISC_0,5116,6079494951339,0,0,,,TRISC-FW,ZONE_START,150,/localdev/ijankowski/tt-metal-pin/tt_metal/hw/firmware/src/tt-1xx/trisc.cc,
0,1,1,TRISC_0,49825,6079494951803,0,0,,,TRISC-KERNEL,ZONE_START,89,/localdev/ijankowski/tt-metal-pin/tt_metal/hw/firmware/src/tt-1xx/trisck.cc,
0,1,1,TRISC_0,32592,6079494951972,0,0,,,BW_SYN_TANH_TAIL_SPLIT4,ZONE_START,19,/home/ijankowski/tmp/numerical-backward-synthesis/tt/kernels/compute/tanh_bw_tail_split4.cpp,
0,1,1,TRISC_0,32592,6079495347337,0,0,,,BW_SYN_TANH_TAIL_SPLIT4,ZONE_END,19,/home/ijankowski/tmp/numerical-backward-synthesis/tt/kernels/compute/tanh_bw_tail_split4.cpp,
0,1,1,TRISC_0,49825,6079495347360,0,0,,,TRISC-KERNEL,ZONE_END,89,/localdev/ijankowski/tt-metal-pin/tt_metal/hw/firmware/src/tt-1xx/trisck.cc,
0,1,1,TRISC_0,5116,6079495349099,0,0,,,TRISC-FW,ZONE_END,150,/localdev/ijankowski/tt-metal-pin/tt_metal/hw/firmware/src/tt-1xx/trisc.cc,
0,1,1,TRISC_0,5116,6079519490980,0,0,,,TRISC-FW,ZONE_START,150,/localdev/ijankowski/tt-metal-pin/tt_metal/hw/firmware/src/tt-1xx/trisc.cc,
0,1,1,TRISC_0,49825,6079519491422,0,0,,,TRISC-KERNEL,ZONE_START,89,/localdev/ijankowski/tt-metal-pin/tt_metal/hw/firmware/src/tt-1xx/trisck.cc,
0,1,1,TRISC_0,53833,6079519491589,0,0,,,BW_SYN_TANH_MATERIALIZED,ZONE_START,16,/home/ijankowski/tmp/numerical-backward-synthesis/tt/kernels/compute/tanh_bw_baseline.cpp,
0,1,1,TRISC_0,53833,6079520017990,0,0,,,BW_SYN_TANH_MATERIALIZED,ZONE_END,16,/home/ijankowski/tmp/numerical-backward-synthesis/tt/kernels/compute/tanh_bw_baseline.cpp,
0,1,1,TRISC_0,49825,6079520018012,0,0,,,TRISC-KERNEL,ZONE_END,89,/localdev/ijankowski/tt-metal-pin/tt_metal/hw/firmware/src/tt-1xx/trisck.cc,
0,1,1,TRISC_0,5116,6079520018056,0,0,,,TRISC-FW,ZONE_END,150,/localdev/ijankowski/tt-metal-pin/tt_metal/hw/firmware/src/tt-1xx/trisc.cc,
0,1,1,TRISC_0,5116,6079542903632,0,0,,,TRISC-FW,ZONE_START,150,/localdev/ijankowski/tt-metal-pin/tt_metal/hw/firmware/src/tt-1xx/trisc.cc,
0,1,1,TRISC_0,49825,6079542904076,0,0,,,TRISC-KERNEL,ZONE_START,89,/localdev/ijankowski/tt-metal-pin/tt_metal/hw/firmware/src/tt-1xx/trisck.cc,
0,1,1,TRISC_0,32592,6079542904255,0,0,,,BW_SYN_TANH_TAIL_SPLIT4,ZONE_START,19,/home/ijankowski/tmp/numerical-backward-synthesis/tt/kernels/compute/tanh_bw_tail_split4.cpp,
0,1,1,TRISC_0,32592,6079543299438,0,0,,,BW_SYN_TANH_TAIL_SPLIT4,ZONE_END,19,/home/ijankowski/tmp/numerical-backward-synthesis/tt/kernels/compute/tanh_bw_tail_split4.cpp,
0,1,1,TRISC_0,49825,6079543299461,0,0,,,TRISC-KERNEL,ZONE_END,89,/localdev/ijankowski/tt-metal-pin/tt_metal/hw/firmware/src/tt-1xx/trisck.cc,
0,1,1,TRISC_0,5116,6079543301344,0,0,,,TRISC-FW,ZONE_END,150,/localdev/ijankowski/tt-metal-pin/tt_metal/hw/firmware/src/tt-1xx/trisc.cc,
0,1,1,TRISC_0,5116,6079566211428,0,0,,,TRISC-FW,ZONE_START,150,/localdev/ijankowski/tt-metal-pin/tt_metal/hw/firmware/src/tt-1xx/trisc.cc,
0,1,1,TRISC_0,49825,6079566211870,0,0,,,TRISC-KERNEL,ZONE_START,89,/localdev/ijankowski/tt-metal-pin/tt_metal/hw/firmware/src/tt-1xx/trisck.cc,
0,1,1,TRISC_0,53833,6079566212044,0,0,,,BW_SYN_TANH_MATERIALIZED,ZONE_START,16,/home/ijankowski/tmp/numerical-backward-synthesis/tt/kernels/compute/tanh_bw_baseline.cpp,
0,1,1,TRISC_0,53833,6079566738451,0,0,,,BW_SYN_TANH_MATERIALIZED,ZONE_END,16,/home/ijankowski/tmp/numerical-backward-synthesis/tt/kernels/compute/tanh_bw_baseline.cpp,
0,1,1,TRISC_0,49825,6079566738473,0,0,,,TRISC-KERNEL,ZONE_END,89,/localdev/ijankowski/tt-metal-pin/tt_metal/hw/firmware/src/tt-1xx/trisck.cc,
0,1,1,TRISC_0,5116,6079566738518,0,0,,,TRISC-FW,ZONE_END,150,/localdev/ijankowski/tt-metal-pin/tt_metal/hw/firmware/src/tt-1xx/trisc.cc,
0,1,1,TRISC_0,5116,6079589640227,0,0,,,TRISC-FW,ZONE_START,150,/localdev/ijankowski/tt-metal-pin/tt_metal/hw/firmware/src/tt-1xx/trisc.cc,
0,1,1,TRISC_0,49825,6079589640674,0,0,,,TRISC-KERNEL,ZONE_START,89,/localdev/ijankowski/tt-metal-pin/tt_metal/hw/firmware/src/tt-1xx/trisck.cc,
0,1,1,TRISC_0,32592,6079589640847,0,0,,,BW_SYN_TANH_TAIL_SPLIT4,ZONE_START,19,/home/ijankowski/tmp/numerical-backward-synthesis/tt/kernels/compute/tanh_bw_tail_split4.cpp,
0,1,1,TRISC_0,32592,6079590036229,0,0,,,BW_SYN_TANH_TAIL_SPLIT4,ZONE_END,19,/home/ijankowski/tmp/numerical-backward-synthesis/tt/kernels/compute/tanh_bw_tail_split4.cpp,
0,1,1,TRISC_0,49825,6079590036252,0,0,,,TRISC-KERNEL,ZONE_END,89,/localdev/ijankowski/tt-metal-pin/tt_metal/hw/firmware/src/tt-1xx/trisck.cc,
0,1,1,TRISC_0,5116,6079590038143,0,0,,,TRISC-FW,ZONE_END,150,/localdev/ijankowski/tt-metal-pin/tt_metal/hw/firmware/src/tt-1xx/trisc.cc,
0,1,1,TRISC_0,5116,6079612932504,0,0,,,TRISC-FW,ZONE_START,150,/localdev/ijankowski/tt-metal-pin/tt_metal/hw/firmware/src/tt-1xx/trisc.cc,
0,1,1,TRISC_0,49825,6079612932947,0,0,,,TRISC-KERNEL,ZONE_START,89,/localdev/ijankowski/tt-metal-pin/tt_metal/hw/firmware/src/tt-1xx/trisck.cc,
0,1,1,TRISC_0,53833,6079612933117,0,0,,,BW_SYN_TANH_MATERIALIZED,ZONE_START,16,/home/ijankowski/tmp/numerical-backward-synthesis/tt/kernels/compute/tanh_bw_baseline.cpp,
0,1,1,TRISC_0,53833,6079613459518,0,0,,,BW_SYN_TANH_MATERIALIZED,ZONE_END,16,/home/ijankowski/tmp/numerical-backward-synthesis/tt/kernels/compute/tanh_bw_baseline.cpp,
0,1,1,TRISC_0,49825,6079613459540,0,0,,,TRISC-KERNEL,ZONE_END,89,/localdev/ijankowski/tt-metal-pin/tt_metal/hw/firmware/src/tt-1xx/trisck.cc,
0,1,1,TRISC_0,5116,6079613459585,0,0,,,TRISC-FW,ZONE_END,150,/localdev/ijankowski/tt-metal-pin/tt_metal/hw/firmware/src/tt-1xx/trisc.cc,
0,1,1,TRISC_0,5116,6079638209424,0,0,,,TRISC-FW,ZONE_START,150,/localdev/ijankowski/tt-metal-pin/tt_metal/hw/firmware/src/tt-1xx/trisc.cc,
0,1,1,TRISC_0,49825,6079638209862,0,0,,,TRISC-KERNEL,ZONE_START,89,/localdev/ijankowski/tt-metal-pin/tt_metal/hw/firmware/src/tt-1xx/trisck.cc,
0,1,1,TRISC_0,32592,6079638210031,0,0,,,BW_SYN_TANH_TAIL_SPLIT4,ZONE_START,19,/home/ijankowski/tmp/numerical-backward-synthesis/tt/kernels/compute/tanh_bw_tail_split4.cpp,
0,1,1,TRISC_0,32592,6079638605301,0,0,,,BW_SYN_TANH_TAIL_SPLIT4,ZONE_END,19,/home/ijankowski/tmp/numerical-backward-synthesis/tt/kernels/compute/tanh_bw_tail_split4.cpp,
0,1,1,TRISC_0,49825,6079638605324,0,0,,,TRISC-KERNEL,ZONE_END,89,/localdev/ijankowski/tt-metal-pin/tt_metal/hw/firmware/src/tt-1xx/trisck.cc,
0,1,1,TRISC_0,5116,6079638607209,0,0,,,TRISC-FW,ZONE_END,150,/localdev/ijankowski/tt-metal-pin/tt_metal/hw/firmware/src/tt-1xx/trisc.cc,
0,1,1,TRISC_0,5116,6079661592210,0,0,,,TRISC-FW,ZONE_START,150,/localdev/ijankowski/tt-metal-pin/tt_metal/hw/firmware/src/tt-1xx/trisc.cc,
0,1,1,TRISC_0,49825,6079661592655,0,0,,,TRISC-KERNEL,ZONE_START,89,/localdev/ijankowski/tt-metal-pin/tt_metal/hw/firmware/src/tt-1xx/trisck.cc,
0,1,1,TRISC_0,53833,6079661592830,0,0,,,BW_SYN_TANH_MATERIALIZED,ZONE_START,16,/home/ijankowski/tmp/numerical-backward-synthesis/tt/kernels/compute/tanh_bw_baseline.cpp,
0,1,1,TRISC_0,53833,6079662119215,0,0,,,BW_SYN_TANH_MATERIALIZED,ZONE_END,16,/home/ijankowski/tmp/numerical-backward-synthesis/tt/kernels/compute/tanh_bw_baseline.cpp,
0,1,1,TRISC_0,49825,6079662119237,0,0,,,TRISC-KERNEL,ZONE_END,89,/localdev/ijankowski/tt-metal-pin/tt_metal/hw/firmware/src/tt-1xx/trisck.cc,
0,1,1,TRISC_0,5116,6079662119282,0,0,,,TRISC-FW,ZONE_END,150,/localdev/ijankowski/tt-metal-pin/tt_metal/hw/firmware/src/tt-1xx/trisc.cc,
0,1,1,TRISC_0,5116,6079685587551,0,0,,,TRISC-FW,ZONE_START,150,/localdev/ijankowski/tt-metal-pin/tt_metal/hw/firmware/src/tt-1xx/trisc.cc,
0,1,1,TRISC_0,49825,6079685588007,0,0,,,TRISC-KERNEL,ZONE_START,89,/localdev/ijankowski/tt-metal-pin/tt_metal/hw/firmware/src/tt-1xx/trisck.cc,
0,1,1,TRISC_0,32592,6079685588180,0,0,,,BW_SYN_TANH_TAIL_SPLIT4,ZONE_START,19,/home/ijankowski/tmp/numerical-backward-synthesis/tt/kernels/compute/tanh_bw_tail_split4.cpp,
0,1,1,TRISC_0,32592,6079685983668,0,0,,,BW_SYN_TANH_TAIL_SPLIT4,ZONE_END,19,/home/ijankowski/tmp/numerical-backward-synthesis/tt/kernels/compute/tanh_bw_tail_split4.cpp,
0,1,1,TRISC_0,49825,6079685983691,0,0,,,TRISC-KERNEL,ZONE_END,89,/localdev/ijankowski/tt-metal-pin/tt_metal/hw/firmware/src/tt-1xx/trisck.cc,
0,1,1,TRISC_0,5116,6079685985587,0,0,,,TRISC-FW,ZONE_END,150,/localdev/ijankowski/tt-metal-pin/tt_metal/hw/firmware/src/tt-1xx/trisc.cc,
0,1,1,TRISC_0,5116,6079708921647,0,0,,,TRISC-FW,ZONE_START,150,/localdev/ijankowski/tt-metal-pin/tt_metal/hw/firmware/src/tt-1xx/trisc.cc,
0,1,1,TRISC_0,49825,6079708922091,0,0,,,TRISC-KERNEL,ZONE_START,89,/localdev/ijankowski/tt-metal-pin/tt_metal/hw/firmware/src/tt-1xx/trisck.cc,
0,1,1,TRISC_0,53833,6079708922261,0,0,,,BW_SYN_TANH_MATERIALIZED,ZONE_START,16,/home/ijankowski/tmp/numerical-backward-synthesis/tt/kernels/compute/tanh_bw_baseline.cpp,
0,1,1,TRISC_0,53833,6079709448699,0,0,,,BW_SYN_TANH_MATERIALIZED,ZONE_END,16,/home/ijankowski/tmp/numerical-backward-synthesis/tt/kernels/compute/tanh_bw_baseline.cpp,
0,1,1,TRISC_0,49825,6079709448722,0,0,,,TRISC-KERNEL,ZONE_END,89,/localdev/ijankowski/tt-metal-pin/tt_metal/hw/firmware/src/tt-1xx/trisck.cc,
0,1,1,TRISC_0,5116,6079709448767,0,0,,,TRISC-FW,ZONE_END,150,/localdev/ijankowski/tt-metal-pin/tt_metal/hw/firmware/src/tt-1xx/trisc.cc,
0,1,1,TRISC_0,5116,6079732473431,0,0,,,TRISC-FW,ZONE_START,150,/localdev/ijankowski/tt-metal-pin/tt_metal/hw/firmware/src/tt-1xx/trisc.cc,
0,1,1,TRISC_0,49825,6079732473878,0,0,,,TRISC-KERNEL,ZONE_START,89,/localdev/ijankowski/tt-metal-pin/tt_metal/hw/firmware/src/tt-1xx/trisck.cc,
0,1,1,TRISC_0,32592,6079732474054,0,0,,,BW_SYN_TANH_TAIL_SPLIT4,ZONE_START,19,/home/ijankowski/tmp/numerical-backward-synthesis/tt/kernels/compute/tanh_bw_tail_split4.cpp,
0,1,1,TRISC_0,32592,6079732869212,0,0,,,BW_SYN_TANH_TAIL_SPLIT4,ZONE_END,19,/home/ijankowski/tmp/numerical-backward-synthesis/tt/kernels/compute/tanh_bw_tail_split4.cpp,
0,1,1,TRISC_0,49825,6079732869235,0,0,,,TRISC-KERNEL,ZONE_END,89,/localdev/ijankowski/tt-metal-pin/tt_metal/hw/firmware/src/tt-1xx/trisck.cc,
0,1,1,TRISC_0,5116,6079732871119,0,0,,,TRISC-FW,ZONE_END,150,/localdev/ijankowski/tt-metal-pin/tt_metal/hw/firmware/src/tt-1xx/trisc.cc,
0,1,1,TRISC_0,5116,6079756065258,0,0,,,TRISC-FW,ZONE_START,150,/localdev/ijankowski/tt-metal-pin/tt_metal/hw/firmware/src/tt-1xx/trisc.cc,
0,1,1,TRISC_0,49825,6079756065702,0,0,,,TRISC-KERNEL,ZONE_START,89,/localdev/ijankowski/tt-metal-pin/tt_metal/hw/firmware/src/tt-1xx/trisck.cc,
0,1,1,TRISC_0,53833,6079756065872,0,0,,,BW_SYN_TANH_MATERIALIZED,ZONE_START,16,/home/ijankowski/tmp/numerical-backward-synthesis/tt/kernels/compute/tanh_bw_baseline.cpp,
0,1,1,TRISC_0,53833,6079756592321,0,0,,,BW_SYN_TANH_MATERIALIZED,ZONE_END,16,/home/ijankowski/tmp/numerical-backward-synthesis/tt/kernels/compute/tanh_bw_baseline.cpp,
0,1,1,TRISC_0,49825,6079756592344,0,0,,,TRISC-KERNEL,ZONE_END,89,/localdev/ijankowski/tt-metal-pin/tt_metal/hw/firmware/src/tt-1xx/trisck.cc,
0,1,1,TRISC_0,5116,6079756592389,0,0,,,TRISC-FW,ZONE_END,150,/localdev/ijankowski/tt-metal-pin/tt_metal/hw/firmware/src/tt-1xx/trisc.cc,
0,1,1,TRISC_0,5116,6079779598571,0,0,,,TRISC-FW,ZONE_START,150,/localdev/ijankowski/tt-metal-pin/tt_metal/hw/firmware/src/tt-1xx/trisc.cc,
0,1,1,TRISC_0,49825,6079779599017,0,0,,,TRISC-KERNEL,ZONE_START,89,/localdev/ijankowski/tt-metal-pin/tt_metal/hw/firmware/src/tt-1xx/trisck.cc,
0,1,1,TRISC_0,32592,6079779599196,0,0,,,BW_SYN_TANH_TAIL_SPLIT4,ZONE_START,19,/home/ijankowski/tmp/numerical-backward-synthesis/tt/kernels/compute/tanh_bw_tail_split4.cpp,
0,1,1,TRISC_0,32592,6079779994382,0,0,,,BW_SYN_TANH_TAIL_SPLIT4,ZONE_END,19,/home/ijankowski/tmp/numerical-backward-synthesis/tt/kernels/compute/tanh_bw_tail_split4.cpp,
0,1,1,TRISC_0,49825,6079779994405,0,0,,,TRISC-KERNEL,ZONE_END,89,/localdev/ijankowski/tt-metal-pin/tt_metal/hw/firmware/src/tt-1xx/trisck.cc,
0,1,1,TRISC_0,5116,6079779996287,0,0,,,TRISC-FW,ZONE_END,150,/localdev/ijankowski/tt-metal-pin/tt_metal/hw/firmware/src/tt-1xx/trisc.cc,
0,1,1,TRISC_0,5116,6079804669335,0,0,,,TRISC-FW,ZONE_START,150,/localdev/ijankowski/tt-metal-pin/tt_metal/hw/firmware/src/tt-1xx/trisc.cc,
0,1,1,TRISC_0,49825,6079804669777,0,0,,,TRISC-KERNEL,ZONE_START,89,/localdev/ijankowski/tt-metal-pin/tt_metal/hw/firmware/src/tt-1xx/trisck.cc,
0,1,1,TRISC_0,53833,6079804669946,0,0,,,BW_SYN_TANH_MATERIALIZED,ZONE_START,16,/home/ijankowski/tmp/numerical-backward-synthesis/tt/kernels/compute/tanh_bw_baseline.cpp,
0,1,1,TRISC_0,53833,6079805196370,0,0,,,BW_SYN_TANH_MATERIALIZED,ZONE_END,16,/home/ijankowski/tmp/numerical-backward-synthesis/tt/kernels/compute/tanh_bw_baseline.cpp,
0,1,1,TRISC_0,49825,6079805196392,0,0,,,TRISC-KERNEL,ZONE_END,89,/localdev/ijankowski/tt-metal-pin/tt_metal/hw/firmware/src/tt-1xx/trisck.cc,
0,1,1,TRISC_0,5116,6079805196436,0,0,,,TRISC-FW,ZONE_END,150,/localdev/ijankowski/tt-metal-pin/tt_metal/hw/firmware/src/tt-1xx/trisc.cc,
0,1,1,TRISC_0,5116,6079828158173,0,0,,,TRISC-FW,ZONE_START,150,/localdev/ijankowski/tt-metal-pin/tt_metal/hw/firmware/src/tt-1xx/trisc.cc,
0,1,1,TRISC_0,49825,6079828158601,0,0,,,TRISC-KERNEL,ZONE_START,89,/localdev/ijankowski/tt-metal-pin/tt_metal/hw/firmware/src/tt-1xx/trisck.cc,
0,1,1,TRISC_0,32592,6079828158767,0,0,,,BW_SYN_TANH_TAIL_SPLIT4,ZONE_START,19,/home/ijankowski/tmp/numerical-backward-synthesis/tt/kernels/compute/tanh_bw_tail_split4.cpp,
0,1,1,TRISC_0,32592,6079828553994,0,0,,,BW_SYN_TANH_TAIL_SPLIT4,ZONE_END,19,/home/ijankowski/tmp/numerical-backward-synthesis/tt/kernels/compute/tanh_bw_tail_split4.cpp,
0,1,1,TRISC_0,49825,6079828554017,0,0,,,TRISC-KERNEL,ZONE_END,89,/localdev/ijankowski/tt-metal-pin/tt_metal/hw/firmware/src/tt-1xx/trisck.cc,
0,1,1,TRISC_0,5116,6079828555903,0,0,,,TRISC-FW,ZONE_END,150,/localdev/ijankowski/tt-metal-pin/tt_metal/hw/firmware/src/tt-1xx/trisc.cc,
0,1,1,TRISC_0,5116,6079851429637,0,0,,,TRISC-FW,ZONE_START,150,/localdev/ijankowski/tt-metal-pin/tt_metal/hw/firmware/src/tt-1xx/trisc.cc,
0,1,1,TRISC_0,49825,6079851430086,0,0,,,TRISC-KERNEL,ZONE_START,89,/localdev/ijankowski/tt-metal-pin/tt_metal/hw/firmware/src/tt-1xx/trisck.cc,
0,1,1,TRISC_0,53833,6079851430253,0,0,,,BW_SYN_TANH_MATERIALIZED,ZONE_START,16,/home/ijankowski/tmp/numerical-backward-synthesis/tt/kernels/compute/tanh_bw_baseline.cpp,
0,1,1,TRISC_0,53833,6079851956718,0,0,,,BW_SYN_TANH_MATERIALIZED,ZONE_END,16,/home/ijankowski/tmp/numerical-backward-synthesis/tt/kernels/compute/tanh_bw_baseline.cpp,
0,1,1,TRISC_0,49825,6079851956740,0,0,,,TRISC-KERNEL,ZONE_END,89,/localdev/ijankowski/tt-metal-pin/tt_metal/hw/firmware/src/tt-1xx/trisck.cc,
0,1,1,TRISC_0,5116,6079851956785,0,0,,,TRISC-FW,ZONE_END,150,/localdev/ijankowski/tt-metal-pin/tt_metal/hw/firmware/src/tt-1xx/trisc.cc,
0,1,1,TRISC_0,5116,6079874934790,0,0,,,TRISC-FW,ZONE_START,150,/localdev/ijankowski/tt-metal-pin/tt_metal/hw/firmware/src/tt-1xx/trisc.cc,
0,1,1,TRISC_0,49825,6079874935231,0,0,,,TRISC-KERNEL,ZONE_START,89,/localdev/ijankowski/tt-metal-pin/tt_metal/hw/firmware/src/tt-1xx/trisck.cc,
0,1,1,TRISC_0,32592,6079874935402,0,0,,,BW_SYN_TANH_TAIL_SPLIT4,ZONE_START,19,/home/ijankowski/tmp/numerical-backward-synthesis/tt/kernels/compute/tanh_bw_tail_split4.cpp,
0,1,1,TRISC_0,32592,6079875330612,0,0,,,BW_SYN_TANH_TAIL_SPLIT4,ZONE_END,19,/home/ijankowski/tmp/numerical-backward-synthesis/tt/kernels/compute/tanh_bw_tail_split4.cpp,
0,1,1,TRISC_0,49825,6079875330635,0,0,,,TRISC-KERNEL,ZONE_END,89,/localdev/ijankowski/tt-metal-pin/tt_metal/hw/firmware/src/tt-1xx/trisck.cc,
0,1,1,TRISC_0,5116,6079875332543,0,0,,,TRISC-FW,ZONE_END,150,/localdev/ijankowski/tt-metal-pin/tt_metal/hw/firmware/src/tt-1xx/trisc.cc,
0,1,1,TRISC_0,5116,6079898327544,0,0,,,TRISC-FW,ZONE_START,150,/localdev/ijankowski/tt-metal-pin/tt_metal/hw/firmware/src/tt-1xx/trisc.cc,
0,1,1,TRISC_0,49825,6079898327989,0,0,,,TRISC-KERNEL,ZONE_START,89,/localdev/ijankowski/tt-metal-pin/tt_metal/hw/firmware/src/tt-1xx/trisck.cc,
0,1,1,TRISC_0,53833,6079898328156,0,0,,,BW_SYN_TANH_MATERIALIZED,ZONE_START,16,/home/ijankowski/tmp/numerical-backward-synthesis/tt/kernels/compute/tanh_bw_baseline.cpp,
0,1,1,TRISC_0,53833,6079898854555,0,0,,,BW_SYN_TANH_MATERIALIZED,ZONE_END,16,/home/ijankowski/tmp/numerical-backward-synthesis/tt/kernels/compute/tanh_bw_baseline.cpp,
0,1,1,TRISC_0,49825,6079898854577,0,0,,,TRISC-KERNEL,ZONE_END,89,/localdev/ijankowski/tt-metal-pin/tt_metal/hw/firmware/src/tt-1xx/trisck.cc,
0,1,1,TRISC_0,5116,6079898854621,0,0,,,TRISC-FW,ZONE_END,150,/localdev/ijankowski/tt-metal-pin/tt_metal/hw/firmware/src/tt-1xx/trisc.cc,
0,1,1,TRISC_0,5116,6079923906041,0,0,,,TRISC-FW,ZONE_START,150,/localdev/ijankowski/tt-metal-pin/tt_metal/hw/firmware/src/tt-1xx/trisc.cc,
0,1,1,TRISC_0,49825,6079923906476,0,0,,,TRISC-KERNEL,ZONE_START,89,/localdev/ijankowski/tt-metal-pin/tt_metal/hw/firmware/src/tt-1xx/trisck.cc,
0,1,1,TRISC_0,32592,6079923906641,0,0,,,BW_SYN_TANH_TAIL_SPLIT4,ZONE_START,19,/home/ijankowski/tmp/numerical-backward-synthesis/tt/kernels/compute/tanh_bw_tail_split4.cpp,
0,1,1,TRISC_0,32592,6079924301924,0,0,,,BW_SYN_TANH_TAIL_SPLIT4,ZONE_END,19,/home/ijankowski/tmp/numerical-backward-synthesis/tt/kernels/compute/tanh_bw_tail_split4.cpp,
0,1,1,TRISC_0,49825,6079924301947,0,0,,,TRISC-KERNEL,ZONE_END,89,/localdev/ijankowski/tt-metal-pin/tt_metal/hw/firmware/src/tt-1xx/trisck.cc,
0,1,1,TRISC_0,5116,6079924303850,0,0,,,TRISC-FW,ZONE_END,150,/localdev/ijankowski/tt-metal-pin/tt_metal/hw/firmware/src/tt-1xx/trisc.cc,
0,1,1,TRISC_0,5116,6079948445632,0,0,,,TRISC-FW,ZONE_START,150,/localdev/ijankowski/tt-metal-pin/tt_metal/hw/firmware/src/tt-1xx/trisc.cc,
0,1,1,TRISC_0,49825,6079948446072,0,0,,,TRISC-KERNEL,ZONE_START,89,/localdev/ijankowski/tt-metal-pin/tt_metal/hw/firmware/src/tt-1xx/trisck.cc,
0,1,1,TRISC_0,53833,6079948446246,0,0,,,BW_SYN_TANH_MATERIALIZED,ZONE_START,16,/home/ijankowski/tmp/numerical-backward-synthesis/tt/kernels/compute/tanh_bw_baseline.cpp,
0,1,1,TRISC_0,53833,6079948972642,0,0,,,BW_SYN_TANH_MATERIALIZED,ZONE_END,16,/home/ijankowski/tmp/numerical-backward-synthesis/tt/kernels/compute/tanh_bw_baseline.cpp,
0,1,1,TRISC_0,49825,6079948972665,0,0,,,TRISC-KERNEL,ZONE_END,89,/localdev/ijankowski/tt-metal-pin/tt_metal/hw/firmware/src/tt-1xx/trisck.cc,
0,1,1,TRISC_0,5116,6079948972710,0,0,,,TRISC-FW,ZONE_END,150,/localdev/ijankowski/tt-metal-pin/tt_metal/hw/firmware/src/tt-1xx/trisc.cc,
0,1,1,TRISC_0,5116,6079971951410,0,0,,,TRISC-FW,ZONE_START,150,/localdev/ijankowski/tt-metal-pin/tt_metal/hw/firmware/src/tt-1xx/trisc.cc,
0,1,1,TRISC_0,49825,6079971951846,0,0,,,TRISC-KERNEL,ZONE_START,89,/localdev/ijankowski/tt-metal-pin/tt_metal/hw/firmware/src/tt-1xx/trisck.cc,
0,1,1,TRISC_0,32592,6079971952017,0,0,,,BW_SYN_TANH_TAIL_SPLIT4,ZONE_START,19,/home/ijankowski/tmp/numerical-backward-synthesis/tt/kernels/compute/tanh_bw_tail_split4.cpp,
0,1,1,TRISC_0,32592,6079972347217,0,0,,,BW_SYN_TANH_TAIL_SPLIT4,ZONE_END,19,/home/ijankowski/tmp/numerical-backward-synthesis/tt/kernels/compute/tanh_bw_tail_split4.cpp,
0,1,1,TRISC_0,49825,6079972347240,0,0,,,TRISC-KERNEL,ZONE_END,89,/localdev/ijankowski/tt-metal-pin/tt_metal/hw/firmware/src/tt-1xx/trisck.cc,
0,1,1,TRISC_0,5116,6079972349135,0,0,,,TRISC-FW,ZONE_END,150,/localdev/ijankowski/tt-metal-pin/tt_metal/hw/firmware/src/tt-1xx/trisc.cc,
0,1,1,TRISC_0,5116,6079995380933,0,0,,,TRISC-FW,ZONE_START,150,/localdev/ijankowski/tt-metal-pin/tt_metal/hw/firmware/src/tt-1xx/trisc.cc,
0,1,1,TRISC_0,49825,6079995381369,0,0,,,TRISC-KERNEL,ZONE_START,89,/localdev/ijankowski/tt-metal-pin/tt_metal/hw/firmware/src/tt-1xx/trisck.cc,
0,1,1,TRISC_0,53833,6079995381534,0,0,,,BW_SYN_TANH_MATERIALIZED,ZONE_START,16,/home/ijankowski/tmp/numerical-backward-synthesis/tt/kernels/compute/tanh_bw_baseline.cpp,
0,1,1,TRISC_0,53833,6079995908003,0,0,,,BW_SYN_TANH_MATERIALIZED,ZONE_END,16,/home/ijankowski/tmp/numerical-backward-synthesis/tt/kernels/compute/tanh_bw_baseline.cpp,
0,1,1,TRISC_0,49825,6079995908025,0,0,,,TRISC-KERNEL,ZONE_END,89,/localdev/ijankowski/tt-metal-pin/tt_metal/hw/firmware/src/tt-1xx/trisck.cc,
0,1,1,TRISC_0,5116,6079995908070,0,0,,,TRISC-FW,ZONE_END,150,/localdev/ijankowski/tt-metal-pin/tt_metal/hw/firmware/src/tt-1xx/trisc.cc,
0,1,1,TRISC_0,5116,6080018850927,0,0,,,TRISC-FW,ZONE_START,150,/localdev/ijankowski/tt-metal-pin/tt_metal/hw/firmware/src/tt-1xx/trisc.cc,
0,1,1,TRISC_0,49825,6080018851355,0,0,,,TRISC-KERNEL,ZONE_START,89,/localdev/ijankowski/tt-metal-pin/tt_metal/hw/firmware/src/tt-1xx/trisck.cc,
0,1,1,TRISC_0,32592,6080018851520,0,0,,,BW_SYN_TANH_TAIL_SPLIT4,ZONE_START,19,/home/ijankowski/tmp/numerical-backward-synthesis/tt/kernels/compute/tanh_bw_tail_split4.cpp,
0,1,1,TRISC_0,32592,6080019246763,0,0,,,BW_SYN_TANH_TAIL_SPLIT4,ZONE_END,19,/home/ijankowski/tmp/numerical-backward-synthesis/tt/kernels/compute/tanh_bw_tail_split4.cpp,
0,1,1,TRISC_0,49825,6080019246786,0,0,,,TRISC-KERNEL,ZONE_END,89,/localdev/ijankowski/tt-metal-pin/tt_metal/hw/firmware/src/tt-1xx/trisck.cc,
0,1,1,TRISC_0,5116,6080019248671,0,0,,,TRISC-FW,ZONE_END,150,/localdev/ijankowski/tt-metal-pin/tt_metal/hw/firmware/src/tt-1xx/trisc.cc,
0,1,1,TRISC_0,5116,6080042212104,0,0,,,TRISC-FW,ZONE_START,150,/localdev/ijankowski/tt-metal-pin/tt_metal/hw/firmware/src/tt-1xx/trisc.cc,
0,1,1,TRISC_0,49825,6080042212560,0,0,,,TRISC-KERNEL,ZONE_START,89,/localdev/ijankowski/tt-metal-pin/tt_metal/hw/firmware/src/tt-1xx/trisck.cc,
0,1,1,TRISC_0,53833,6080042212725,0,0,,,BW_SYN_TANH_MATERIALIZED,ZONE_START,16,/home/ijankowski/tmp/numerical-backward-synthesis/tt/kernels/compute/tanh_bw_baseline.cpp,
0,1,1,TRISC_0,53833,6080042739078,0,0,,,BW_SYN_TANH_MATERIALIZED,ZONE_END,16,/home/ijankowski/tmp/numerical-backward-synthesis/tt/kernels/compute/tanh_bw_baseline.cpp,
0,1,1,TRISC_0,49825,6080042739100,0,0,,,TRISC-KERNEL,ZONE_END,89,/localdev/ijankowski/tt-metal-pin/tt_metal/hw/firmware/src/tt-1xx/trisck.cc,
0,1,1,TRISC_0,5116,6080042739145,0,0,,,TRISC-FW,ZONE_END,150,/localdev/ijankowski/tt-metal-pin/tt_metal/hw/firmware/src/tt-1xx/trisc.cc,
0,1,1,TRISC_0,5116,6080067182725,0,0,,,TRISC-FW,ZONE_START,150,/localdev/ijankowski/tt-metal-pin/tt_metal/hw/firmware/src/tt-1xx/trisc.cc,
0,1,1,TRISC_0,49825,6080067183171,0,0,,,TRISC-KERNEL,ZONE_START,89,/localdev/ijankowski/tt-metal-pin/tt_metal/hw/firmware/src/tt-1xx/trisck.cc,
0,1,1,TRISC_0,32592,6080067183341,0,0,,,BW_SYN_TANH_TAIL_SPLIT4,ZONE_START,19,/home/ijankowski/tmp/numerical-backward-synthesis/tt/kernels/compute/tanh_bw_tail_split4.cpp,
0,1,1,TRISC_0,32592,6080067579154,0,0,,,BW_SYN_TANH_TAIL_SPLIT4,ZONE_END,19,/home/ijankowski/tmp/numerical-backward-synthesis/tt/kernels/compute/tanh_bw_tail_split4.cpp,
0,1,1,TRISC_0,49825,6080067579177,0,0,,,TRISC-KERNEL,ZONE_END,89,/localdev/ijankowski/tt-metal-pin/tt_metal/hw/firmware/src/tt-1xx/trisck.cc,
0,1,1,TRISC_0,5116,6080067581075,0,0,,,TRISC-FW,ZONE_END,150,/localdev/ijankowski/tt-metal-pin/tt_metal/hw/firmware/src/tt-1xx/trisc.cc,
0,1,1,TRISC_0,5116,6080090453523,0,0,,,TRISC-FW,ZONE_START,150,/localdev/ijankowski/tt-metal-pin/tt_metal/hw/firmware/src/tt-1xx/trisc.cc,
0,1,1,TRISC_0,49825,6080090453966,0,0,,,TRISC-KERNEL,ZONE_START,89,/localdev/ijankowski/tt-metal-pin/tt_metal/hw/firmware/src/tt-1xx/trisck.cc,
0,1,1,TRISC_0,53833,6080090454135,0,0,,,BW_SYN_TANH_MATERIALIZED,ZONE_START,16,/home/ijankowski/tmp/numerical-backward-synthesis/tt/kernels/compute/tanh_bw_baseline.cpp,
0,1,1,TRISC_0,53833,6080090980555,0,0,,,BW_SYN_TANH_MATERIALIZED,ZONE_END,16,/home/ijankowski/tmp/numerical-backward-synthesis/tt/kernels/compute/tanh_bw_baseline.cpp,
0,1,1,TRISC_0,49825,6080090980577,0,0,,,TRISC-KERNEL,ZONE_END,89,/localdev/ijankowski/tt-metal-pin/tt_metal/hw/firmware/src/tt-1xx/trisck.cc,
0,1,1,TRISC_0,5116,6080090980622,0,0,,,TRISC-FW,ZONE_END,150,/localdev/ijankowski/tt-metal-pin/tt_metal/hw/firmware/src/tt-1xx/trisc.cc,
0,1,1,TRISC_0,5116,6080113814967,0,0,,,TRISC-FW,ZONE_START,150,/localdev/ijankowski/tt-metal-pin/tt_metal/hw/firmware/src/tt-1xx/trisc.cc,
0,1,1,TRISC_0,49825,6080113815402,0,0,,,TRISC-KERNEL,ZONE_START,89,/localdev/ijankowski/tt-metal-pin/tt_metal/hw/firmware/src/tt-1xx/trisck.cc,
0,1,1,TRISC_0,32592,6080113815567,0,0,,,BW_SYN_TANH_TAIL_SPLIT4,ZONE_START,19,/home/ijankowski/tmp/numerical-backward-synthesis/tt/kernels/compute/tanh_bw_tail_split4.cpp,
0,1,1,TRISC_0,32592,6080114210934,0,0,,,BW_SYN_TANH_TAIL_SPLIT4,ZONE_END,19,/home/ijankowski/tmp/numerical-backward-synthesis/tt/kernels/compute/tanh_bw_tail_split4.cpp,
0,1,1,TRISC_0,49825,6080114210958,0,0,,,TRISC-KERNEL,ZONE_END,89,/localdev/ijankowski/tt-metal-pin/tt_metal/hw/firmware/src/tt-1xx/trisck.cc,
0,1,1,TRISC_0,5116,6080114212705,0,0,,,TRISC-FW,ZONE_END,150,/localdev/ijankowski/tt-metal-pin/tt_metal/hw/firmware/src/tt-1xx/trisc.cc,
0,1,1,TRISC_0,5116,6080137214870,0,0,,,TRISC-FW,ZONE_START,150,/localdev/ijankowski/tt-metal-pin/tt_metal/hw/firmware/src/tt-1xx/trisc.cc,
0,1,1,TRISC_0,49825,6080137215314,0,0,,,TRISC-KERNEL,ZONE_START,89,/localdev/ijankowski/tt-metal-pin/tt_metal/hw/firmware/src/tt-1xx/trisck.cc,
0,1,1,TRISC_0,53833,6080137215484,0,0,,,BW_SYN_TANH_MATERIALIZED,ZONE_START,16,/home/ijankowski/tmp/numerical-backward-synthesis/tt/kernels/compute/tanh_bw_baseline.cpp,
0,1,1,TRISC_0,53833,6080137741836,0,0,,,BW_SYN_TANH_MATERIALIZED,ZONE_END,16,/home/ijankowski/tmp/numerical-backward-synthesis/tt/kernels/compute/tanh_bw_baseline.cpp,
0,1,1,TRISC_0,49825,6080137741858,0,0,,,TRISC-KERNEL,ZONE_END,89,/localdev/ijankowski/tt-metal-pin/tt_metal/hw/firmware/src/tt-1xx/trisck.cc,
0,1,1,TRISC_0,5116,6080137741903,0,0,,,TRISC-FW,ZONE_END,150,/localdev/ijankowski/tt-metal-pin/tt_metal/hw/firmware/src/tt-1xx/trisc.cc,
0,1,1,TRISC_0,5116,6080160771334,0,0,,,TRISC-FW,ZONE_START,150,/localdev/ijankowski/tt-metal-pin/tt_metal/hw/firmware/src/tt-1xx/trisc.cc,
0,1,1,TRISC_0,49825,6080160771765,0,0,,,TRISC-KERNEL,ZONE_START,89,/localdev/ijankowski/tt-metal-pin/tt_metal/hw/firmware/src/tt-1xx/trisck.cc,
0,1,1,TRISC_0,32592,6080160771925,0,0,,,BW_SYN_TANH_TAIL_SPLIT4,ZONE_START,19,/home/ijankowski/tmp/numerical-backward-synthesis/tt/kernels/compute/tanh_bw_tail_split4.cpp,
0,1,1,TRISC_0,32592,6080161167236,0,0,,,BW_SYN_TANH_TAIL_SPLIT4,ZONE_END,19,/home/ijankowski/tmp/numerical-backward-synthesis/tt/kernels/compute/tanh_bw_tail_split4.cpp,
0,1,1,TRISC_0,49825,6080161167260,0,0,,,TRISC-KERNEL,ZONE_END,89,/localdev/ijankowski/tt-metal-pin/tt_metal/hw/firmware/src/tt-1xx/trisck.cc,
0,1,1,TRISC_0,5116,6080161169091,0,0,,,TRISC-FW,ZONE_END,150,/localdev/ijankowski/tt-metal-pin/tt_metal/hw/firmware/src/tt-1xx/trisc.cc,
0,1,1,TRISC_0,5116,6080184940167,0,0,,,TRISC-FW,ZONE_START,150,/localdev/ijankowski/tt-metal-pin/tt_metal/hw/firmware/src/tt-1xx/trisc.cc,
0,1,1,TRISC_0,49825,6080184940609,0,0,,,TRISC-KERNEL,ZONE_START,89,/localdev/ijankowski/tt-metal-pin/tt_metal/hw/firmware/src/tt-1xx/trisck.cc,
0,1,1,TRISC_0,53833,6080184940780,0,0,,,BW_SYN_TANH_MATERIALIZED,ZONE_START,16,/home/ijankowski/tmp/numerical-backward-synthesis/tt/kernels/compute/tanh_bw_baseline.cpp,
0,1,1,TRISC_0,53833,6080185467359,0,0,,,BW_SYN_TANH_MATERIALIZED,ZONE_END,16,/home/ijankowski/tmp/numerical-backward-synthesis/tt/kernels/compute/tanh_bw_baseline.cpp,
0,1,1,TRISC_0,49825,6080185467381,0,0,,,TRISC-KERNEL,ZONE_END,89,/localdev/ijankowski/tt-metal-pin/tt_metal/hw/firmware/src/tt-1xx/trisck.cc,
0,1,1,TRISC_0,5116,6080185467426,0,0,,,TRISC-FW,ZONE_END,150,/localdev/ijankowski/tt-metal-pin/tt_metal/hw/firmware/src/tt-1xx/trisc.cc,
0,1,1,TRISC_1,5116,6077892193479,0,0,,,TRISC-FW,ZONE_START,150,/localdev/ijankowski/tt-metal-pin/tt_metal/hw/firmware/src/tt-1xx/trisc.cc,
0,1,1,TRISC_1,49825,6077892193678,0,0,,,TRISC-KERNEL,ZONE_START,89,/localdev/ijankowski/tt-metal-pin/tt_metal/hw/firmware/src/tt-1xx/trisck.cc,
0,1,1,TRISC_1,32592,6077892193813,0,0,,,BW_SYN_TANH_TAIL_SPLIT4,ZONE_START,19,/home/ijankowski/tmp/numerical-backward-synthesis/tt/kernels/compute/tanh_bw_tail_split4.cpp,
0,1,1,TRISC_1,32592,6077892594145,0,0,,,BW_SYN_TANH_TAIL_SPLIT4,ZONE_END,19,/home/ijankowski/tmp/numerical-backward-synthesis/tt/kernels/compute/tanh_bw_tail_split4.cpp,
0,1,1,TRISC_1,49825,6077892594169,0,0,,,TRISC-KERNEL,ZONE_END,89,/localdev/ijankowski/tt-metal-pin/tt_metal/hw/firmware/src/tt-1xx/trisck.cc,
0,1,1,TRISC_1,5116,6077892594210,0,0,,,TRISC-FW,ZONE_END,150,/localdev/ijankowski/tt-metal-pin/tt_metal/hw/firmware/src/tt-1xx/trisc.cc,
0,1,1,TRISC_1,5116,6077916273736,0,0,,,TRISC-FW,ZONE_START,150,/localdev/ijankowski/tt-metal-pin/tt_metal/hw/firmware/src/tt-1xx/trisc.cc,
0,1,1,TRISC_1,49825,6077916273932,0,0,,,TRISC-KERNEL,ZONE_START,89,/localdev/ijankowski/tt-metal-pin/tt_metal/hw/firmware/src/tt-1xx/trisck.cc,
0,1,1,TRISC_1,32592,6077916274066,0,0,,,BW_SYN_TANH_TAIL_SPLIT4,ZONE_START,19,/home/ijankowski/tmp/numerical-backward-synthesis/tt/kernels/compute/tanh_bw_tail_split4.cpp,
0,1,1,TRISC_1,32592,6077916674482,0,0,,,BW_SYN_TANH_TAIL_SPLIT4,ZONE_END,19,/home/ijankowski/tmp/numerical-backward-synthesis/tt/kernels/compute/tanh_bw_tail_split4.cpp,
0,1,1,TRISC_1,49825,6077916674506,0,0,,,TRISC-KERNEL,ZONE_END,89,/localdev/ijankowski/tt-metal-pin/tt_metal/hw/firmware/src/tt-1xx/trisck.cc,
0,1,1,TRISC_1,5116,6077916674547,0,0,,,TRISC-FW,ZONE_END,150,/localdev/ijankowski/tt-metal-pin/tt_metal/hw/firmware/src/tt-1xx/trisc.cc,
0,1,1,TRISC_1,5116,6077939518950,0,0,,,TRISC-FW,ZONE_START,150,/localdev/ijankowski/tt-metal-pin/tt_metal/hw/firmware/src/tt-1xx/trisc.cc,
0,1,1,TRISC_1,49825,6077939519153,0,0,,,TRISC-KERNEL,ZONE_START,89,/localdev/ijankowski/tt-metal-pin/tt_metal/hw/firmware/src/tt-1xx/trisck.cc,
0,1,1,TRISC_1,32592,6077939519289,0,0,,,BW_SYN_TANH_TAIL_SPLIT4,ZONE_START,19,/home/ijankowski/tmp/numerical-backward-synthesis/tt/kernels/compute/tanh_bw_tail_split4.cpp,
0,1,1,TRISC_1,32592,6077939919655,0,0,,,BW_SYN_TANH_TAIL_SPLIT4,ZONE_END,19,/home/ijankowski/tmp/numerical-backward-synthesis/tt/kernels/compute/tanh_bw_tail_split4.cpp,
0,1,1,TRISC_1,49825,6077939919679,0,0,,,TRISC-KERNEL,ZONE_END,89,/localdev/ijankowski/tt-metal-pin/tt_metal/hw/firmware/src/tt-1xx/trisck.cc,
0,1,1,TRISC_1,5116,6077939919720,0,0,,,TRISC-FW,ZONE_END,150,/localdev/ijankowski/tt-metal-pin/tt_metal/hw/firmware/src/tt-1xx/trisc.cc,
0,1,1,TRISC_1,5116,6077962646572,0,0,,,TRISC-FW,ZONE_START,150,/localdev/ijankowski/tt-metal-pin/tt_metal/hw/firmware/src/tt-1xx/trisc.cc,
0,1,1,TRISC_1,49825,6077962646771,0,0,,,TRISC-KERNEL,ZONE_START,89,/localdev/ijankowski/tt-metal-pin/tt_metal/hw/firmware/src/tt-1xx/trisck.cc,
0,1,1,TRISC_1,32592,6077962646906,0,0,,,BW_SYN_TANH_TAIL_SPLIT4,ZONE_START,19,/home/ijankowski/tmp/numerical-backward-synthesis/tt/kernels/compute/tanh_bw_tail_split4.cpp,
0,1,1,TRISC_1,32592,6077963047296,0,0,,,BW_SYN_TANH_TAIL_SPLIT4,ZONE_END,19,/home/ijankowski/tmp/numerical-backward-synthesis/tt/kernels/compute/tanh_bw_tail_split4.cpp,
0,1,1,TRISC_1,49825,6077963047320,0,0,,,TRISC-KERNEL,ZONE_END,89,/localdev/ijankowski/tt-metal-pin/tt_metal/hw/firmware/src/tt-1xx/trisck.cc,
0,1,1,TRISC_1,5116,6077963047361,0,0,,,TRISC-FW,ZONE_END,150,/localdev/ijankowski/tt-metal-pin/tt_metal/hw/firmware/src/tt-1xx/trisc.cc,
0,1,1,TRISC_1,5116,6077985888896,0,0,,,TRISC-FW,ZONE_START,150,/localdev/ijankowski/tt-metal-pin/tt_metal/hw/firmware/src/tt-1xx/trisc.cc,
0,1,1,TRISC_1,49825,6077985889099,0,0,,,TRISC-KERNEL,ZONE_START,89,/localdev/ijankowski/tt-metal-pin/tt_metal/hw/firmware/src/tt-1xx/trisck.cc,
0,1,1,TRISC_1,32592,6077985889235,0,0,,,BW_SYN_TANH_TAIL_SPLIT4,ZONE_START,19,/home/ijankowski/tmp/numerical-backward-synthesis/tt/kernels/compute/tanh_bw_tail_split4.cpp,
0,1,1,TRISC_1,32592,6077986289538,0,0,,,BW_SYN_TANH_TAIL_SPLIT4,ZONE_END,19,/home/ijankowski/tmp/numerical-backward-synthesis/tt/kernels/compute/tanh_bw_tail_split4.cpp,
0,1,1,TRISC_1,49825,6077986289562,0,0,,,TRISC-KERNEL,ZONE_END,89,/localdev/ijankowski/tt-metal-pin/tt_metal/hw/firmware/src/tt-1xx/trisck.cc,
0,1,1,TRISC_1,5116,6077986289603,0,0,,,TRISC-FW,ZONE_END,150,/localdev/ijankowski/tt-metal-pin/tt_metal/hw/firmware/src/tt-1xx/trisc.cc,
0,1,1,TRISC_1,5116,6078008780779,0,0,,,TRISC-FW,ZONE_START,150,/localdev/ijankowski/tt-metal-pin/tt_metal/hw/firmware/src/tt-1xx/trisc.cc,
0,1,1,TRISC_1,49825,6078008780966,0,0,,,TRISC-KERNEL,ZONE_START,89,/localdev/ijankowski/tt-metal-pin/tt_metal/hw/firmware/src/tt-1xx/trisck.cc,
0,1,1,TRISC_1,32592,6078008781102,0,0,,,BW_SYN_TANH_TAIL_SPLIT4,ZONE_START,19,/home/ijankowski/tmp/numerical-backward-synthesis/tt/kernels/compute/tanh_bw_tail_split4.cpp,
0,1,1,TRISC_1,32592,6078009181485,0,0,,,BW_SYN_TANH_TAIL_SPLIT4,ZONE_END,19,/home/ijankowski/tmp/numerical-backward-synthesis/tt/kernels/compute/tanh_bw_tail_split4.cpp,
0,1,1,TRISC_1,49825,6078009181509,0,0,,,TRISC-KERNEL,ZONE_END,89,/localdev/ijankowski/tt-metal-pin/tt_metal/hw/firmware/src/tt-1xx/trisck.cc,
0,1,1,TRISC_1,5116,6078009181550,0,0,,,TRISC-FW,ZONE_END,150,/localdev/ijankowski/tt-metal-pin/tt_metal/hw/firmware/src/tt-1xx/trisc.cc,
0,1,1,TRISC_1,5116,6078031262806,0,0,,,TRISC-FW,ZONE_START,150,/localdev/ijankowski/tt-metal-pin/tt_metal/hw/firmware/src/tt-1xx/trisc.cc,
0,1,1,TRISC_1,49825,6078031263002,0,0,,,TRISC-KERNEL,ZONE_START,89,/localdev/ijankowski/tt-metal-pin/tt_metal/hw/firmware/src/tt-1xx/trisck.cc,
0,1,1,TRISC_1,32592,6078031263136,0,0,,,BW_SYN_TANH_TAIL_SPLIT4,ZONE_START,19,/home/ijankowski/tmp/numerical-backward-synthesis/tt/kernels/compute/tanh_bw_tail_split4.cpp,
0,1,1,TRISC_1,32592,6078031601186,0,0,,,BW_SYN_TANH_TAIL_SPLIT4,ZONE_END,19,/home/ijankowski/tmp/numerical-backward-synthesis/tt/kernels/compute/tanh_bw_tail_split4.cpp,
0,1,1,TRISC_1,49825,6078031601210,0,0,,,TRISC-KERNEL,ZONE_END,89,/localdev/ijankowski/tt-metal-pin/tt_metal/hw/firmware/src/tt-1xx/trisck.cc,
0,1,1,TRISC_1,5116,6078031601251,0,0,,,TRISC-FW,ZONE_END,150,/localdev/ijankowski/tt-metal-pin/tt_metal/hw/firmware/src/tt-1xx/trisc.cc,
0,1,1,TRISC_1,5116,6078855436471,0,0,,,TRISC-FW,ZONE_START,150,/localdev/ijankowski/tt-metal-pin/tt_metal/hw/firmware/src/tt-1xx/trisc.cc,
0,1,1,TRISC_1,49825,6078855436669,0,0,,,TRISC-KERNEL,ZONE_START,89,/localdev/ijankowski/tt-metal-pin/tt_metal/hw/firmware/src/tt-1xx/trisck.cc,
0,1,1,TRISC_1,53833,6078855436799,0,0,,,BW_SYN_TANH_MATERIALIZED,ZONE_START,16,/home/ijankowski/tmp/numerical-backward-synthesis/tt/kernels/compute/tanh_bw_baseline.cpp,
0,1,1,TRISC_1,53833,6078855963699,0,0,,,BW_SYN_TANH_MATERIALIZED,ZONE_END,16,/home/ijankowski/tmp/numerical-backward-synthesis/tt/kernels/compute/tanh_bw_baseline.cpp,
0,1,1,TRISC_1,49825,6078855963723,0,0,,,TRISC-KERNEL,ZONE_END,89,/localdev/ijankowski/tt-metal-pin/tt_metal/hw/firmware/src/tt-1xx/trisck.cc,
0,1,1,TRISC_1,5116,6078855963763,0,0,,,TRISC-FW,ZONE_END,150,/localdev/ijankowski/tt-metal-pin/tt_metal/hw/firmware/src/tt-1xx/trisc.cc,
0,1,1,TRISC_1,5116,6078878910288,0,0,,,TRISC-FW,ZONE_START,150,/localdev/ijankowski/tt-metal-pin/tt_metal/hw/firmware/src/tt-1xx/trisc.cc,
0,1,1,TRISC_1,49825,6078878910477,0,0,,,TRISC-KERNEL,ZONE_START,89,/localdev/ijankowski/tt-metal-pin/tt_metal/hw/firmware/src/tt-1xx/trisck.cc,
0,1,1,TRISC_1,53833,6078878910609,0,0,,,BW_SYN_TANH_MATERIALIZED,ZONE_START,16,/home/ijankowski/tmp/numerical-backward-synthesis/tt/kernels/compute/tanh_bw_baseline.cpp,
0,1,1,TRISC_1,53833,6078879437628,0,0,,,BW_SYN_TANH_MATERIALIZED,ZONE_END,16,/home/ijankowski/tmp/numerical-backward-synthesis/tt/kernels/compute/tanh_bw_baseline.cpp,
0,1,1,TRISC_1,49825,6078879437652,0,0,,,TRISC-KERNEL,ZONE_END,89,/localdev/ijankowski/tt-metal-pin/tt_metal/hw/firmware/src/tt-1xx/trisck.cc,
0,1,1,TRISC_1,5116,6078879437692,0,0,,,TRISC-FW,ZONE_END,150,/localdev/ijankowski/tt-metal-pin/tt_metal/hw/firmware/src/tt-1xx/trisc.cc,
0,1,1,TRISC_1,5116,6078901972132,0,0,,,TRISC-FW,ZONE_START,150,/localdev/ijankowski/tt-metal-pin/tt_metal/hw/firmware/src/tt-1xx/trisc.cc,
0,1,1,TRISC_1,49825,6078901972321,0,0,,,TRISC-KERNEL,ZONE_START,89,/localdev/ijankowski/tt-metal-pin/tt_metal/hw/firmware/src/tt-1xx/trisck.cc,
0,1,1,TRISC_1,53833,6078901972454,0,0,,,BW_SYN_TANH_MATERIALIZED,ZONE_START,16,/home/ijankowski/tmp/numerical-backward-synthesis/tt/kernels/compute/tanh_bw_baseline.cpp,
0,1,1,TRISC_1,53833,6078902499338,0,0,,,BW_SYN_TANH_MATERIALIZED,ZONE_END,16,/home/ijankowski/tmp/numerical-backward-synthesis/tt/kernels/compute/tanh_bw_baseline.cpp,
0,1,1,TRISC_1,49825,6078902499363,0,0,,,TRISC-KERNEL,ZONE_END,89,/localdev/ijankowski/tt-metal-pin/tt_metal/hw/firmware/src/tt-1xx/trisck.cc,
0,1,1,TRISC_1,5116,6078902499403,0,0,,,TRISC-FW,ZONE_END,150,/localdev/ijankowski/tt-metal-pin/tt_metal/hw/firmware/src/tt-1xx/trisc.cc,
0,1,1,TRISC_1,5116,6078925226779,0,0,,,TRISC-FW,ZONE_START,150,/localdev/ijankowski/tt-metal-pin/tt_metal/hw/firmware/src/tt-1xx/trisc.cc,
0,1,1,TRISC_1,49825,6078925226982,0,0,,,TRISC-KERNEL,ZONE_START,89,/localdev/ijankowski/tt-metal-pin/tt_metal/hw/firmware/src/tt-1xx/trisck.cc,
0,1,1,TRISC_1,53833,6078925227114,0,0,,,BW_SYN_TANH_MATERIALIZED,ZONE_START,16,/home/ijankowski/tmp/numerical-backward-synthesis/tt/kernels/compute/tanh_bw_baseline.cpp,
0,1,1,TRISC_1,53833,6078925754045,0,0,,,BW_SYN_TANH_MATERIALIZED,ZONE_END,16,/home/ijankowski/tmp/numerical-backward-synthesis/tt/kernels/compute/tanh_bw_baseline.cpp,
0,1,1,TRISC_1,49825,6078925754070,0,0,,,TRISC-KERNEL,ZONE_END,89,/localdev/ijankowski/tt-metal-pin/tt_metal/hw/firmware/src/tt-1xx/trisck.cc,
0,1,1,TRISC_1,5116,6078925754110,0,0,,,TRISC-FW,ZONE_END,150,/localdev/ijankowski/tt-metal-pin/tt_metal/hw/firmware/src/tt-1xx/trisc.cc,
0,1,1,TRISC_1,5116,6078949319533,0,0,,,TRISC-FW,ZONE_START,150,/localdev/ijankowski/tt-metal-pin/tt_metal/hw/firmware/src/tt-1xx/trisc.cc,
0,1,1,TRISC_1,49825,6078949319729,0,0,,,TRISC-KERNEL,ZONE_START,89,/localdev/ijankowski/tt-metal-pin/tt_metal/hw/firmware/src/tt-1xx/trisck.cc,
0,1,1,TRISC_1,53833,6078949319862,0,0,,,BW_SYN_TANH_MATERIALIZED,ZONE_START,16,/home/ijankowski/tmp/numerical-backward-synthesis/tt/kernels/compute/tanh_bw_baseline.cpp,
0,1,1,TRISC_1,53833,6078949846704,0,0,,,BW_SYN_TANH_MATERIALIZED,ZONE_END,16,/home/ijankowski/tmp/numerical-backward-synthesis/tt/kernels/compute/tanh_bw_baseline.cpp,
0,1,1,TRISC_1,49825,6078949846728,0,0,,,TRISC-KERNEL,ZONE_END,89,/localdev/ijankowski/tt-metal-pin/tt_metal/hw/firmware/src/tt-1xx/trisck.cc,
0,1,1,TRISC_1,5116,6078949846768,0,0,,,TRISC-FW,ZONE_END,150,/localdev/ijankowski/tt-metal-pin/tt_metal/hw/firmware/src/tt-1xx/trisc.cc,
0,1,1,TRISC_1,5116,6078973117641,0,0,,,TRISC-FW,ZONE_START,150,/localdev/ijankowski/tt-metal-pin/tt_metal/hw/firmware/src/tt-1xx/trisc.cc,
0,1,1,TRISC_1,49825,6078973117837,0,0,,,TRISC-KERNEL,ZONE_START,89,/localdev/ijankowski/tt-metal-pin/tt_metal/hw/firmware/src/tt-1xx/trisck.cc,
0,1,1,TRISC_1,53833,6078973117970,0,0,,,BW_SYN_TANH_MATERIALIZED,ZONE_START,16,/home/ijankowski/tmp/numerical-backward-synthesis/tt/kernels/compute/tanh_bw_baseline.cpp,
0,1,1,TRISC_1,53833,6078973644836,0,0,,,BW_SYN_TANH_MATERIALIZED,ZONE_END,16,/home/ijankowski/tmp/numerical-backward-synthesis/tt/kernels/compute/tanh_bw_baseline.cpp,
0,1,1,TRISC_1,49825,6078973644861,0,0,,,TRISC-KERNEL,ZONE_END,89,/localdev/ijankowski/tt-metal-pin/tt_metal/hw/firmware/src/tt-1xx/trisck.cc,
0,1,1,TRISC_1,5116,6078973644901,0,0,,,TRISC-FW,ZONE_END,150,/localdev/ijankowski/tt-metal-pin/tt_metal/hw/firmware/src/tt-1xx/trisc.cc,
0,1,1,TRISC_1,5116,6078997937352,0,0,,,TRISC-FW,ZONE_START,150,/localdev/ijankowski/tt-metal-pin/tt_metal/hw/firmware/src/tt-1xx/trisc.cc,
0,1,1,TRISC_1,49825,6078997937550,0,0,,,TRISC-KERNEL,ZONE_START,89,/localdev/ijankowski/tt-metal-pin/tt_metal/hw/firmware/src/tt-1xx/trisck.cc,
0,1,1,TRISC_1,53833,6078997937681,0,0,,,BW_SYN_TANH_MATERIALIZED,ZONE_START,16,/home/ijankowski/tmp/numerical-backward-synthesis/tt/kernels/compute/tanh_bw_baseline.cpp,
0,1,1,TRISC_1,53833,6078998382401,0,0,,,BW_SYN_TANH_MATERIALIZED,ZONE_END,16,/home/ijankowski/tmp/numerical-backward-synthesis/tt/kernels/compute/tanh_bw_baseline.cpp,
0,1,1,TRISC_1,49825,6078998382426,0,0,,,TRISC-KERNEL,ZONE_END,89,/localdev/ijankowski/tt-metal-pin/tt_metal/hw/firmware/src/tt-1xx/trisck.cc,
0,1,1,TRISC_1,5116,6078998382466,0,0,,,TRISC-FW,ZONE_END,150,/localdev/ijankowski/tt-metal-pin/tt_metal/hw/firmware/src/tt-1xx/trisc.cc,
0,1,1,TRISC_1,5116,6079022140646,0,0,,,TRISC-FW,ZONE_START,150,/localdev/ijankowski/tt-metal-pin/tt_metal/hw/firmware/src/tt-1xx/trisc.cc,
0,1,1,TRISC_1,49825,6079022140845,0,0,,,TRISC-KERNEL,ZONE_START,89,/localdev/ijankowski/tt-metal-pin/tt_metal/hw/firmware/src/tt-1xx/trisck.cc,
0,1,1,TRISC_1,32592,6079022140984,0,0,,,BW_SYN_TANH_TAIL_SPLIT4,ZONE_START,19,/home/ijankowski/tmp/numerical-backward-synthesis/tt/kernels/compute/tanh_bw_tail_split4.cpp,
0,1,1,TRISC_1,32592,6079022541341,0,0,,,BW_SYN_TANH_TAIL_SPLIT4,ZONE_END,19,/home/ijankowski/tmp/numerical-backward-synthesis/tt/kernels/compute/tanh_bw_tail_split4.cpp,
0,1,1,TRISC_1,49825,6079022541365,0,0,,,TRISC-KERNEL,ZONE_END,89,/localdev/ijankowski/tt-metal-pin/tt_metal/hw/firmware/src/tt-1xx/trisck.cc,
0,1,1,TRISC_1,5116,6079022541406,0,0,,,TRISC-FW,ZONE_END,150,/localdev/ijankowski/tt-metal-pin/tt_metal/hw/firmware/src/tt-1xx/trisc.cc,
0,1,1,TRISC_1,5116,6079044893920,0,0,,,TRISC-FW,ZONE_START,150,/localdev/ijankowski/tt-metal-pin/tt_metal/hw/firmware/src/tt-1xx/trisc.cc,
0,1,1,TRISC_1,49825,6079044894113,0,0,,,TRISC-KERNEL,ZONE_START,89,/localdev/ijankowski/tt-metal-pin/tt_metal/hw/firmware/src/tt-1xx/trisck.cc,
0,1,1,TRISC_1,53833,6079044894246,0,0,,,BW_SYN_TANH_MATERIALIZED,ZONE_START,16,/home/ijankowski/tmp/numerical-backward-synthesis/tt/kernels/compute/tanh_bw_baseline.cpp,
0,1,1,TRISC_1,53833,6079045421167,0,0,,,BW_SYN_TANH_MATERIALIZED,ZONE_END,16,/home/ijankowski/tmp/numerical-backward-synthesis/tt/kernels/compute/tanh_bw_baseline.cpp,
0,1,1,TRISC_1,49825,6079045421191,0,0,,,TRISC-KERNEL,ZONE_END,89,/localdev/ijankowski/tt-metal-pin/tt_metal/hw/firmware/src/tt-1xx/trisck.cc,
0,1,1,TRISC_1,5116,6079045421231,0,0,,,TRISC-FW,ZONE_END,150,/localdev/ijankowski/tt-metal-pin/tt_metal/hw/firmware/src/tt-1xx/trisc.cc,
0,1,1,TRISC_1,5116,6079068185053,0,0,,,TRISC-FW,ZONE_START,150,/localdev/ijankowski/tt-metal-pin/tt_metal/hw/firmware/src/tt-1xx/trisc.cc,
0,1,1,TRISC_1,49825,6079068185251,0,0,,,TRISC-KERNEL,ZONE_START,89,/localdev/ijankowski/tt-metal-pin/tt_metal/hw/firmware/src/tt-1xx/trisck.cc,
0,1,1,TRISC_1,32592,6079068185386,0,0,,,BW_SYN_TANH_TAIL_SPLIT4,ZONE_START,19,/home/ijankowski/tmp/numerical-backward-synthesis/tt/kernels/compute/tanh_bw_tail_split4.cpp,
0,1,1,TRISC_1,32592,6079068585751,0,0,,,BW_SYN_TANH_TAIL_SPLIT4,ZONE_END,19,/home/ijankowski/tmp/numerical-backward-synthesis/tt/kernels/compute/tanh_bw_tail_split4.cpp,
0,1,1,TRISC_1,49825,6079068585775,0,0,,,TRISC-KERNEL,ZONE_END,89,/localdev/ijankowski/tt-metal-pin/tt_metal/hw/firmware/src/tt-1xx/trisck.cc,
0,1,1,TRISC_1,5116,6079068585816,0,0,,,TRISC-FW,ZONE_END,150,/localdev/ijankowski/tt-metal-pin/tt_metal/hw/firmware/src/tt-1xx/trisc.cc,
0,1,1,TRISC_1,5116,6079091474975,0,0,,,TRISC-FW,ZONE_START,150,/localdev/ijankowski/tt-metal-pin/tt_metal/hw/firmware/src/tt-1xx/trisc.cc,
0,1,1,TRISC_1,49825,6079091475171,0,0,,,TRISC-KERNEL,ZONE_START,89,/localdev/ijankowski/tt-metal-pin/tt_metal/hw/firmware/src/tt-1xx/trisck.cc,
0,1,1,TRISC_1,53833,6079091475304,0,0,,,BW_SYN_TANH_MATERIALIZED,ZONE_START,16,/home/ijankowski/tmp/numerical-backward-synthesis/tt/kernels/compute/tanh_bw_baseline.cpp,
0,1,1,TRISC_1,53833,6079092002223,0,0,,,BW_SYN_TANH_MATERIALIZED,ZONE_END,16,/home/ijankowski/tmp/numerical-backward-synthesis/tt/kernels/compute/tanh_bw_baseline.cpp,
0,1,1,TRISC_1,49825,6079092002247,0,0,,,TRISC-KERNEL,ZONE_END,89,/localdev/ijankowski/tt-metal-pin/tt_metal/hw/firmware/src/tt-1xx/trisck.cc,
0,1,1,TRISC_1,5116,6079092002287,0,0,,,TRISC-FW,ZONE_END,150,/localdev/ijankowski/tt-metal-pin/tt_metal/hw/firmware/src/tt-1xx/trisc.cc,
0,1,1,TRISC_1,5116,6079114771263,0,0,,,TRISC-FW,ZONE_START,150,/localdev/ijankowski/tt-metal-pin/tt_metal/hw/firmware/src/tt-1xx/trisc.cc,
0,1,1,TRISC_1,49825,6079114771461,0,0,,,TRISC-KERNEL,ZONE_START,89,/localdev/ijankowski/tt-metal-pin/tt_metal/hw/firmware/src/tt-1xx/trisck.cc,
0,1,1,TRISC_1,32592,6079114771596,0,0,,,BW_SYN_TANH_TAIL_SPLIT4,ZONE_START,19,/home/ijankowski/tmp/numerical-backward-synthesis/tt/kernels/compute/tanh_bw_tail_split4.cpp,
0,1,1,TRISC_1,32592,6079115171949,0,0,,,BW_SYN_TANH_TAIL_SPLIT4,ZONE_END,19,/home/ijankowski/tmp/numerical-backward-synthesis/tt/kernels/compute/tanh_bw_tail_split4.cpp,
0,1,1,TRISC_1,49825,6079115171973,0,0,,,TRISC-KERNEL,ZONE_END,89,/localdev/ijankowski/tt-metal-pin/tt_metal/hw/firmware/src/tt-1xx/trisck.cc,
0,1,1,TRISC_1,5116,6079115172014,0,0,,,TRISC-FW,ZONE_END,150,/localdev/ijankowski/tt-metal-pin/tt_metal/hw/firmware/src/tt-1xx/trisc.cc,
0,1,1,TRISC_1,5116,6079138014017,0,0,,,TRISC-FW,ZONE_START,150,/localdev/ijankowski/tt-metal-pin/tt_metal/hw/firmware/src/tt-1xx/trisc.cc,
0,1,1,TRISC_1,49825,6079138014218,0,0,,,TRISC-KERNEL,ZONE_START,89,/localdev/ijankowski/tt-metal-pin/tt_metal/hw/firmware/src/tt-1xx/trisck.cc,
0,1,1,TRISC_1,53833,6079138014353,0,0,,,BW_SYN_TANH_MATERIALIZED,ZONE_START,16,/home/ijankowski/tmp/numerical-backward-synthesis/tt/kernels/compute/tanh_bw_baseline.cpp,
0,1,1,TRISC_1,53833,6079138541411,0,0,,,BW_SYN_TANH_MATERIALIZED,ZONE_END,16,/home/ijankowski/tmp/numerical-backward-synthesis/tt/kernels/compute/tanh_bw_baseline.cpp,
0,1,1,TRISC_1,49825,6079138541435,0,0,,,TRISC-KERNEL,ZONE_END,89,/localdev/ijankowski/tt-metal-pin/tt_metal/hw/firmware/src/tt-1xx/trisck.cc,
0,1,1,TRISC_1,5116,6079138541475,0,0,,,TRISC-FW,ZONE_END,150,/localdev/ijankowski/tt-metal-pin/tt_metal/hw/firmware/src/tt-1xx/trisc.cc,
0,1,1,TRISC_1,5116,6079161359783,0,0,,,TRISC-FW,ZONE_START,150,/localdev/ijankowski/tt-metal-pin/tt_metal/hw/firmware/src/tt-1xx/trisc.cc,
0,1,1,TRISC_1,49825,6079161359986,0,0,,,TRISC-KERNEL,ZONE_START,89,/localdev/ijankowski/tt-metal-pin/tt_metal/hw/firmware/src/tt-1xx/trisck.cc,
0,1,1,TRISC_1,32592,6079161360124,0,0,,,BW_SYN_TANH_TAIL_SPLIT4,ZONE_START,19,/home/ijankowski/tmp/numerical-backward-synthesis/tt/kernels/compute/tanh_bw_tail_split4.cpp,
0,1,1,TRISC_1,32592,6079161760563,0,0,,,BW_SYN_TANH_TAIL_SPLIT4,ZONE_END,19,/home/ijankowski/tmp/numerical-backward-synthesis/tt/kernels/compute/tanh_bw_tail_split4.cpp,
0,1,1,TRISC_1,49825,6079161760587,0,0,,,TRISC-KERNEL,ZONE_END,89,/localdev/ijankowski/tt-metal-pin/tt_metal/hw/firmware/src/tt-1xx/trisck.cc,
0,1,1,TRISC_1,5116,6079161760628,0,0,,,TRISC-FW,ZONE_END,150,/localdev/ijankowski/tt-metal-pin/tt_metal/hw/firmware/src/tt-1xx/trisc.cc,
0,1,1,TRISC_1,5116,6079187275187,0,0,,,TRISC-FW,ZONE_START,150,/localdev/ijankowski/tt-metal-pin/tt_metal/hw/firmware/src/tt-1xx/trisc.cc,
0,1,1,TRISC_1,49825,6079187275383,0,0,,,TRISC-KERNEL,ZONE_START,89,/localdev/ijankowski/tt-metal-pin/tt_metal/hw/firmware/src/tt-1xx/trisck.cc,
0,1,1,TRISC_1,53833,6079187275525,0,0,,,BW_SYN_TANH_MATERIALIZED,ZONE_START,16,/home/ijankowski/tmp/numerical-backward-synthesis/tt/kernels/compute/tanh_bw_baseline.cpp,
0,1,1,TRISC_1,53833,6079187802473,0,0,,,BW_SYN_TANH_MATERIALIZED,ZONE_END,16,/home/ijankowski/tmp/numerical-backward-synthesis/tt/kernels/compute/tanh_bw_baseline.cpp,
0,1,1,TRISC_1,49825,6079187802497,0,0,,,TRISC-KERNEL,ZONE_END,89,/localdev/ijankowski/tt-metal-pin/tt_metal/hw/firmware/src/tt-1xx/trisck.cc,
0,1,1,TRISC_1,5116,6079187802537,0,0,,,TRISC-FW,ZONE_END,150,/localdev/ijankowski/tt-metal-pin/tt_metal/hw/firmware/src/tt-1xx/trisc.cc,
0,1,1,TRISC_1,5116,6079210759011,0,0,,,TRISC-FW,ZONE_START,150,/localdev/ijankowski/tt-metal-pin/tt_metal/hw/firmware/src/tt-1xx/trisc.cc,
0,1,1,TRISC_1,49825,6079210759214,0,0,,,TRISC-KERNEL,ZONE_START,89,/localdev/ijankowski/tt-metal-pin/tt_metal/hw/firmware/src/tt-1xx/trisck.cc,
0,1,1,TRISC_1,32592,6079210759351,0,0,,,BW_SYN_TANH_TAIL_SPLIT4,ZONE_START,19,/home/ijankowski/tmp/numerical-backward-synthesis/tt/kernels/compute/tanh_bw_tail_split4.cpp,
0,1,1,TRISC_1,32592,6079211159890,0,0,,,BW_SYN_TANH_TAIL_SPLIT4,ZONE_END,19,/home/ijankowski/tmp/numerical-backward-synthesis/tt/kernels/compute/tanh_bw_tail_split4.cpp,
0,1,1,TRISC_1,49825,6079211159914,0,0,,,TRISC-KERNEL,ZONE_END,89,/localdev/ijankowski/tt-metal-pin/tt_metal/hw/firmware/src/tt-1xx/trisck.cc,
0,1,1,TRISC_1,5116,6079211159955,0,0,,,TRISC-FW,ZONE_END,150,/localdev/ijankowski/tt-metal-pin/tt_metal/hw/firmware/src/tt-1xx/trisc.cc,
0,1,1,TRISC_1,5116,6079234102917,0,0,,,TRISC-FW,ZONE_START,150,/localdev/ijankowski/tt-metal-pin/tt_metal/hw/firmware/src/tt-1xx/trisc.cc,
0,1,1,TRISC_1,49825,6079234103120,0,0,,,TRISC-KERNEL,ZONE_START,89,/localdev/ijankowski/tt-metal-pin/tt_metal/hw/firmware/src/tt-1xx/trisck.cc,
0,1,1,TRISC_1,53833,6079234103254,0,0,,,BW_SYN_TANH_MATERIALIZED,ZONE_START,16,/home/ijankowski/tmp/numerical-backward-synthesis/tt/kernels/compute/tanh_bw_baseline.cpp,
0,1,1,TRISC_1,53833,6079234630117,0,0,,,BW_SYN_TANH_MATERIALIZED,ZONE_END,16,/home/ijankowski/tmp/numerical-backward-synthesis/tt/kernels/compute/tanh_bw_baseline.cpp,
0,1,1,TRISC_1,49825,6079234630141,0,0,,,TRISC-KERNEL,ZONE_END,89,/localdev/ijankowski/tt-metal-pin/tt_metal/hw/firmware/src/tt-1xx/trisck.cc,
0,1,1,TRISC_1,5116,6079234630181,0,0,,,TRISC-FW,ZONE_END,150,/localdev/ijankowski/tt-metal-pin/tt_metal/hw/firmware/src/tt-1xx/trisc.cc,
0,1,1,TRISC_1,5116,6079257536825,0,0,,,TRISC-FW,ZONE_START,150,/localdev/ijankowski/tt-metal-pin/tt_metal/hw/firmware/src/tt-1xx/trisc.cc,
0,1,1,TRISC_1,49825,6079257537018,0,0,,,TRISC-KERNEL,ZONE_START,89,/localdev/ijankowski/tt-metal-pin/tt_metal/hw/firmware/src/tt-1xx/trisck.cc,
0,1,1,TRISC_1,32592,6079257537155,0,0,,,BW_SYN_TANH_TAIL_SPLIT4,ZONE_START,19,/home/ijankowski/tmp/numerical-backward-synthesis/tt/kernels/compute/tanh_bw_tail_split4.cpp,
0,1,1,TRISC_1,32592,6079257937547,0,0,,,BW_SYN_TANH_TAIL_SPLIT4,ZONE_END,19,/home/ijankowski/tmp/numerical-backward-synthesis/tt/kernels/compute/tanh_bw_tail_split4.cpp,
0,1,1,TRISC_1,49825,6079257937571,0,0,,,TRISC-KERNEL,ZONE_END,89,/localdev/ijankowski/tt-metal-pin/tt_metal/hw/firmware/src/tt-1xx/trisck.cc,
0,1,1,TRISC_1,5116,6079257937612,0,0,,,TRISC-FW,ZONE_END,150,/localdev/ijankowski/tt-metal-pin/tt_metal/hw/firmware/src/tt-1xx/trisc.cc,
0,1,1,TRISC_1,5116,6079280815440,0,0,,,TRISC-FW,ZONE_START,150,/localdev/ijankowski/tt-metal-pin/tt_metal/hw/firmware/src/tt-1xx/trisc.cc,
0,1,1,TRISC_1,49825,6079280815636,0,0,,,TRISC-KERNEL,ZONE_START,89,/localdev/ijankowski/tt-metal-pin/tt_metal/hw/firmware/src/tt-1xx/trisck.cc,
0,1,1,TRISC_1,53833,6079280815769,0,0,,,BW_SYN_TANH_MATERIALIZED,ZONE_START,16,/home/ijankowski/tmp/numerical-backward-synthesis/tt/kernels/compute/tanh_bw_baseline.cpp,
0,1,1,TRISC_1,53833,6079281342609,0,0,,,BW_SYN_TANH_MATERIALIZED,ZONE_END,16,/home/ijankowski/tmp/numerical-backward-synthesis/tt/kernels/compute/tanh_bw_baseline.cpp,
0,1,1,TRISC_1,49825,6079281342634,0,0,,,TRISC-KERNEL,ZONE_END,89,/localdev/ijankowski/tt-metal-pin/tt_metal/hw/firmware/src/tt-1xx/trisck.cc,
0,1,1,TRISC_1,5116,6079281342674,0,0,,,TRISC-FW,ZONE_END,150,/localdev/ijankowski/tt-metal-pin/tt_metal/hw/firmware/src/tt-1xx/trisc.cc,
0,1,1,TRISC_1,5116,6079304252596,0,0,,,TRISC-FW,ZONE_START,150,/localdev/ijankowski/tt-metal-pin/tt_metal/hw/firmware/src/tt-1xx/trisc.cc,
0,1,1,TRISC_1,49825,6079304252794,0,0,,,TRISC-KERNEL,ZONE_START,89,/localdev/ijankowski/tt-metal-pin/tt_metal/hw/firmware/src/tt-1xx/trisck.cc,
0,1,1,TRISC_1,32592,6079304252932,0,0,,,BW_SYN_TANH_TAIL_SPLIT4,ZONE_START,19,/home/ijankowski/tmp/numerical-backward-synthesis/tt/kernels/compute/tanh_bw_tail_split4.cpp,
0,1,1,TRISC_1,32592,6079304653292,0,0,,,BW_SYN_TANH_TAIL_SPLIT4,ZONE_END,19,/home/ijankowski/tmp/numerical-backward-synthesis/tt/kernels/compute/tanh_bw_tail_split4.cpp,
0,1,1,TRISC_1,49825,6079304653316,0,0,,,TRISC-KERNEL,ZONE_END,89,/localdev/ijankowski/tt-metal-pin/tt_metal/hw/firmware/src/tt-1xx/trisck.cc,
0,1,1,TRISC_1,5116,6079304653357,0,0,,,TRISC-FW,ZONE_END,150,/localdev/ijankowski/tt-metal-pin/tt_metal/hw/firmware/src/tt-1xx/trisc.cc,
0,1,1,TRISC_1,5116,6079329074692,0,0,,,TRISC-FW,ZONE_START,150,/localdev/ijankowski/tt-metal-pin/tt_metal/hw/firmware/src/tt-1xx/trisc.cc,
0,1,1,TRISC_1,49825,6079329074881,0,0,,,TRISC-KERNEL,ZONE_START,89,/localdev/ijankowski/tt-metal-pin/tt_metal/hw/firmware/src/tt-1xx/trisck.cc,
0,1,1,TRISC_1,53833,6079329075014,0,0,,,BW_SYN_TANH_MATERIALIZED,ZONE_START,16,/home/ijankowski/tmp/numerical-backward-synthesis/tt/kernels/compute/tanh_bw_baseline.cpp,
0,1,1,TRISC_1,53833,6079329601905,0,0,,,BW_SYN_TANH_MATERIALIZED,ZONE_END,16,/home/ijankowski/tmp/numerical-backward-synthesis/tt/kernels/compute/tanh_bw_baseline.cpp,
0,1,1,TRISC_1,49825,6079329601929,0,0,,,TRISC-KERNEL,ZONE_END,89,/localdev/ijankowski/tt-metal-pin/tt_metal/hw/firmware/src/tt-1xx/trisck.cc,
0,1,1,TRISC_1,5116,6079329601969,0,0,,,TRISC-FW,ZONE_END,150,/localdev/ijankowski/tt-metal-pin/tt_metal/hw/firmware/src/tt-1xx/trisc.cc,
0,1,1,TRISC_1,5116,6079352673002,0,0,,,TRISC-FW,ZONE_START,150,/localdev/ijankowski/tt-metal-pin/tt_metal/hw/firmware/src/tt-1xx/trisc.cc,
0,1,1,TRISC_1,49825,6079352673205,0,0,,,TRISC-KERNEL,ZONE_START,89,/localdev/ijankowski/tt-metal-pin/tt_metal/hw/firmware/src/tt-1xx/trisck.cc,
0,1,1,TRISC_1,32592,6079352673343,0,0,,,BW_SYN_TANH_TAIL_SPLIT4,ZONE_START,19,/home/ijankowski/tmp/numerical-backward-synthesis/tt/kernels/compute/tanh_bw_tail_split4.cpp,
0,1,1,TRISC_1,32592,6079353073869,0,0,,,BW_SYN_TANH_TAIL_SPLIT4,ZONE_END,19,/home/ijankowski/tmp/numerical-backward-synthesis/tt/kernels/compute/tanh_bw_tail_split4.cpp,
0,1,1,TRISC_1,49825,6079353073893,0,0,,,TRISC-KERNEL,ZONE_END,89,/localdev/ijankowski/tt-metal-pin/tt_metal/hw/firmware/src/tt-1xx/trisck.cc,
0,1,1,TRISC_1,5116,6079353073934,0,0,,,TRISC-FW,ZONE_END,150,/localdev/ijankowski/tt-metal-pin/tt_metal/hw/firmware/src/tt-1xx/trisc.cc,
0,1,1,TRISC_1,5116,6079375985327,0,0,,,TRISC-FW,ZONE_START,150,/localdev/ijankowski/tt-metal-pin/tt_metal/hw/firmware/src/tt-1xx/trisc.cc,
0,1,1,TRISC_1,49825,6079375985517,0,0,,,TRISC-KERNEL,ZONE_START,89,/localdev/ijankowski/tt-metal-pin/tt_metal/hw/firmware/src/tt-1xx/trisck.cc,
0,1,1,TRISC_1,53833,6079375985652,0,0,,,BW_SYN_TANH_MATERIALIZED,ZONE_START,16,/home/ijankowski/tmp/numerical-backward-synthesis/tt/kernels/compute/tanh_bw_baseline.cpp,
0,1,1,TRISC_1,53833,6079376512645,0,0,,,BW_SYN_TANH_MATERIALIZED,ZONE_END,16,/home/ijankowski/tmp/numerical-backward-synthesis/tt/kernels/compute/tanh_bw_baseline.cpp,
0,1,1,TRISC_1,49825,6079376512669,0,0,,,TRISC-KERNEL,ZONE_END,89,/localdev/ijankowski/tt-metal-pin/tt_metal/hw/firmware/src/tt-1xx/trisck.cc,
0,1,1,TRISC_1,5116,6079376512709,0,0,,,TRISC-FW,ZONE_END,150,/localdev/ijankowski/tt-metal-pin/tt_metal/hw/firmware/src/tt-1xx/trisc.cc,
0,1,1,TRISC_1,5116,6079399565218,0,0,,,TRISC-FW,ZONE_START,150,/localdev/ijankowski/tt-metal-pin/tt_metal/hw/firmware/src/tt-1xx/trisc.cc,
0,1,1,TRISC_1,49825,6079399565411,0,0,,,TRISC-KERNEL,ZONE_START,89,/localdev/ijankowski/tt-metal-pin/tt_metal/hw/firmware/src/tt-1xx/trisck.cc,
0,1,1,TRISC_1,32592,6079399565548,0,0,,,BW_SYN_TANH_TAIL_SPLIT4,ZONE_START,19,/home/ijankowski/tmp/numerical-backward-synthesis/tt/kernels/compute/tanh_bw_tail_split4.cpp,
0,1,1,TRISC_1,32592,6079399965911,0,0,,,BW_SYN_TANH_TAIL_SPLIT4,ZONE_END,19,/home/ijankowski/tmp/numerical-backward-synthesis/tt/kernels/compute/tanh_bw_tail_split4.cpp,
0,1,1,TRISC_1,49825,6079399965935,0,0,,,TRISC-KERNEL,ZONE_END,89,/localdev/ijankowski/tt-metal-pin/tt_metal/hw/firmware/src/tt-1xx/trisck.cc,
0,1,1,TRISC_1,5116,6079399965976,0,0,,,TRISC-FW,ZONE_END,150,/localdev/ijankowski/tt-metal-pin/tt_metal/hw/firmware/src/tt-1xx/trisc.cc,
0,1,1,TRISC_1,5116,6079423325977,0,0,,,TRISC-FW,ZONE_START,150,/localdev/ijankowski/tt-metal-pin/tt_metal/hw/firmware/src/tt-1xx/trisc.cc,
0,1,1,TRISC_1,49825,6079423326178,0,0,,,TRISC-KERNEL,ZONE_START,89,/localdev/ijankowski/tt-metal-pin/tt_metal/hw/firmware/src/tt-1xx/trisck.cc,
0,1,1,TRISC_1,53833,6079423326312,0,0,,,BW_SYN_TANH_MATERIALIZED,ZONE_START,16,/home/ijankowski/tmp/numerical-backward-synthesis/tt/kernels/compute/tanh_bw_baseline.cpp,
0,1,1,TRISC_1,53833,6079423853131,0,0,,,BW_SYN_TANH_MATERIALIZED,ZONE_END,16,/home/ijankowski/tmp/numerical-backward-synthesis/tt/kernels/compute/tanh_bw_baseline.cpp,
0,1,1,TRISC_1,49825,6079423853155,0,0,,,TRISC-KERNEL,ZONE_END,89,/localdev/ijankowski/tt-metal-pin/tt_metal/hw/firmware/src/tt-1xx/trisck.cc,
0,1,1,TRISC_1,5116,6079423853195,0,0,,,TRISC-FW,ZONE_END,150,/localdev/ijankowski/tt-metal-pin/tt_metal/hw/firmware/src/tt-1xx/trisc.cc,
0,1,1,TRISC_1,5116,6079447001147,0,0,,,TRISC-FW,ZONE_START,150,/localdev/ijankowski/tt-metal-pin/tt_metal/hw/firmware/src/tt-1xx/trisc.cc,
0,1,1,TRISC_1,49825,6079447001336,0,0,,,TRISC-KERNEL,ZONE_START,89,/localdev/ijankowski/tt-metal-pin/tt_metal/hw/firmware/src/tt-1xx/trisck.cc,
0,1,1,TRISC_1,32592,6079447001475,0,0,,,BW_SYN_TANH_TAIL_SPLIT4,ZONE_START,19,/home/ijankowski/tmp/numerical-backward-synthesis/tt/kernels/compute/tanh_bw_tail_split4.cpp,
0,1,1,TRISC_1,32592,6079447401860,0,0,,,BW_SYN_TANH_TAIL_SPLIT4,ZONE_END,19,/home/ijankowski/tmp/numerical-backward-synthesis/tt/kernels/compute/tanh_bw_tail_split4.cpp,
0,1,1,TRISC_1,49825,6079447401884,0,0,,,TRISC-KERNEL,ZONE_END,89,/localdev/ijankowski/tt-metal-pin/tt_metal/hw/firmware/src/tt-1xx/trisck.cc,
0,1,1,TRISC_1,5116,6079447401925,0,0,,,TRISC-FW,ZONE_END,150,/localdev/ijankowski/tt-metal-pin/tt_metal/hw/firmware/src/tt-1xx/trisc.cc,
0,1,1,TRISC_1,5116,6079470305652,0,0,,,TRISC-FW,ZONE_START,150,/localdev/ijankowski/tt-metal-pin/tt_metal/hw/firmware/src/tt-1xx/trisc.cc,
0,1,1,TRISC_1,49825,6079470305851,0,0,,,TRISC-KERNEL,ZONE_START,89,/localdev/ijankowski/tt-metal-pin/tt_metal/hw/firmware/src/tt-1xx/trisck.cc,
0,1,1,TRISC_1,53833,6079470305988,0,0,,,BW_SYN_TANH_MATERIALIZED,ZONE_START,16,/home/ijankowski/tmp/numerical-backward-synthesis/tt/kernels/compute/tanh_bw_baseline.cpp,
0,1,1,TRISC_1,53833,6079470832860,0,0,,,BW_SYN_TANH_MATERIALIZED,ZONE_END,16,/home/ijankowski/tmp/numerical-backward-synthesis/tt/kernels/compute/tanh_bw_baseline.cpp,
0,1,1,TRISC_1,49825,6079470832884,0,0,,,TRISC-KERNEL,ZONE_END,89,/localdev/ijankowski/tt-metal-pin/tt_metal/hw/firmware/src/tt-1xx/trisck.cc,
0,1,1,TRISC_1,5116,6079470832924,0,0,,,TRISC-FW,ZONE_END,150,/localdev/ijankowski/tt-metal-pin/tt_metal/hw/firmware/src/tt-1xx/trisc.cc,
0,1,1,TRISC_1,5116,6079494951346,0,0,,,TRISC-FW,ZONE_START,150,/localdev/ijankowski/tt-metal-pin/tt_metal/hw/firmware/src/tt-1xx/trisc.cc,
0,1,1,TRISC_1,49825,6079494951547,0,0,,,TRISC-KERNEL,ZONE_START,89,/localdev/ijankowski/tt-metal-pin/tt_metal/hw/firmware/src/tt-1xx/trisck.cc,
0,1,1,TRISC_1,32592,6079494951686,0,0,,,BW_SYN_TANH_TAIL_SPLIT4,ZONE_START,19,/home/ijankowski/tmp/numerical-backward-synthesis/tt/kernels/compute/tanh_bw_tail_split4.cpp,
0,1,1,TRISC_1,32592,6079495352065,0,0,,,BW_SYN_TANH_TAIL_SPLIT4,ZONE_END,19,/home/ijankowski/tmp/numerical-backward-synthesis/tt/kernels/compute/tanh_bw_tail_split4.cpp,
0,1,1,TRISC_1,49825,6079495352089,0,0,,,TRISC-KERNEL,ZONE_END,89,/localdev/ijankowski/tt-metal-pin/tt_metal/hw/firmware/src/tt-1xx/trisck.cc,
0,1,1,TRISC_1,5116,6079495352130,0,0,,,TRISC-FW,ZONE_END,150,/localdev/ijankowski/tt-metal-pin/tt_metal/hw/firmware/src/tt-1xx/trisc.cc,
0,1,1,TRISC_1,5116,6079519490973,0,0,,,TRISC-FW,ZONE_START,150,/localdev/ijankowski/tt-metal-pin/tt_metal/hw/firmware/src/tt-1xx/trisc.cc,
0,1,1,TRISC_1,49825,6079519491172,0,0,,,TRISC-KERNEL,ZONE_START,89,/localdev/ijankowski/tt-metal-pin/tt_metal/hw/firmware/src/tt-1xx/trisck.cc,
0,1,1,TRISC_1,53833,6079519491304,0,0,,,BW_SYN_TANH_MATERIALIZED,ZONE_START,16,/home/ijankowski/tmp/numerical-backward-synthesis/tt/kernels/compute/tanh_bw_baseline.cpp,
0,1,1,TRISC_1,53833,6079520018148,0,0,,,BW_SYN_TANH_MATERIALIZED,ZONE_END,16,/home/ijankowski/tmp/numerical-backward-synthesis/tt/kernels/compute/tanh_bw_baseline.cpp,
0,1,1,TRISC_1,49825,6079520018172,0,0,,,TRISC-KERNEL,ZONE_END,89,/localdev/ijankowski/tt-metal-pin/tt_metal/hw/firmware/src/tt-1xx/trisck.cc,
0,1,1,TRISC_1,5116,6079520018212,0,0,,,TRISC-FW,ZONE_END,150,/localdev/ijankowski/tt-metal-pin/tt_metal/hw/firmware/src/tt-1xx/trisc.cc,
0,1,1,TRISC_1,5116,6079542903625,0,0,,,TRISC-FW,ZONE_START,150,/localdev/ijankowski/tt-metal-pin/tt_metal/hw/firmware/src/tt-1xx/trisc.cc,
0,1,1,TRISC_1,49825,6079542903828,0,0,,,TRISC-KERNEL,ZONE_START,89,/localdev/ijankowski/tt-metal-pin/tt_metal/hw/firmware/src/tt-1xx/trisck.cc,
0,1,1,TRISC_1,32592,6079542903965,0,0,,,BW_SYN_TANH_TAIL_SPLIT4,ZONE_START,19,/home/ijankowski/tmp/numerical-backward-synthesis/tt/kernels/compute/tanh_bw_tail_split4.cpp,
0,1,1,TRISC_1,32592,6079543304309,0,0,,,BW_SYN_TANH_TAIL_SPLIT4,ZONE_END,19,/home/ijankowski/tmp/numerical-backward-synthesis/tt/kernels/compute/tanh_bw_tail_split4.cpp,
0,1,1,TRISC_1,49825,6079543304333,0,0,,,TRISC-KERNEL,ZONE_END,89,/localdev/ijankowski/tt-metal-pin/tt_metal/hw/firmware/src/tt-1xx/trisck.cc,
0,1,1,TRISC_1,5116,6079543304374,0,0,,,TRISC-FW,ZONE_END,150,/localdev/ijankowski/tt-metal-pin/tt_metal/hw/firmware/src/tt-1xx/trisc.cc,
0,1,1,TRISC_1,5116,6079566211421,0,0,,,TRISC-FW,ZONE_START,150,/localdev/ijankowski/tt-metal-pin/tt_metal/hw/firmware/src/tt-1xx/trisc.cc,
0,1,1,TRISC_1,49825,6079566211620,0,0,,,TRISC-KERNEL,ZONE_START,89,/localdev/ijankowski/tt-metal-pin/tt_metal/hw/firmware/src/tt-1xx/trisck.cc,
0,1,1,TRISC_1,53833,6079566211762,0,0,,,BW_SYN_TANH_MATERIALIZED,ZONE_START,16,/home/ijankowski/tmp/numerical-backward-synthesis/tt/kernels/compute/tanh_bw_baseline.cpp,
0,1,1,TRISC_1,53833,6079566738608,0,0,,,BW_SYN_TANH_MATERIALIZED,ZONE_END,16,/home/ijankowski/tmp/numerical-backward-synthesis/tt/kernels/compute/tanh_bw_baseline.cpp,
0,1,1,TRISC_1,49825,6079566738632,0,0,,,TRISC-KERNEL,ZONE_END,89,/localdev/ijankowski/tt-metal-pin/tt_metal/hw/firmware/src/tt-1xx/trisck.cc,
0,1,1,TRISC_1,5116,6079566738672,0,0,,,TRISC-FW,ZONE_END,150,/localdev/ijankowski/tt-metal-pin/tt_metal/hw/firmware/src/tt-1xx/trisc.cc,
0,1,1,TRISC_1,5116,6079589640223,0,0,,,TRISC-FW,ZONE_START,150,/localdev/ijankowski/tt-metal-pin/tt_metal/hw/firmware/src/tt-1xx/trisc.cc,
0,1,1,TRISC_1,49825,6079589640416,0,0,,,TRISC-KERNEL,ZONE_START,89,/localdev/ijankowski/tt-metal-pin/tt_metal/hw/firmware/src/tt-1xx/trisck.cc,
0,1,1,TRISC_1,32592,6079589640552,0,0,,,BW_SYN_TANH_TAIL_SPLIT4,ZONE_START,19,/home/ijankowski/tmp/numerical-backward-synthesis/tt/kernels/compute/tanh_bw_tail_split4.cpp,
0,1,1,TRISC_1,32592,6079590041109,0,0,,,BW_SYN_TANH_TAIL_SPLIT4,ZONE_END,19,/home/ijankowski/tmp/numerical-backward-synthesis/tt/kernels/compute/tanh_bw_tail_split4.cpp,
0,1,1,TRISC_1,49825,6079590041133,0,0,,,TRISC-KERNEL,ZONE_END,89,/localdev/ijankowski/tt-metal-pin/tt_metal/hw/firmware/src/tt-1xx/trisck.cc,
0,1,1,TRISC_1,5116,6079590041174,0,0,,,TRISC-FW,ZONE_END,150,/localdev/ijankowski/tt-metal-pin/tt_metal/hw/firmware/src/tt-1xx/trisc.cc,
0,1,1,TRISC_1,5116,6079612932497,0,0,,,TRISC-FW,ZONE_START,150,/localdev/ijankowski/tt-metal-pin/tt_metal/hw/firmware/src/tt-1xx/trisc.cc,
0,1,1,TRISC_1,49825,6079612932696,0,0,,,TRISC-KERNEL,ZONE_START,89,/localdev/ijankowski/tt-metal-pin/tt_metal/hw/firmware/src/tt-1xx/trisck.cc,
0,1,1,TRISC_1,53833,6079612932829,0,0,,,BW_SYN_TANH_MATERIALIZED,ZONE_START,16,/home/ijankowski/tmp/numerical-backward-synthesis/tt/kernels/compute/tanh_bw_baseline.cpp,
0,1,1,TRISC_1,53833,6079613459676,0,0,,,BW_SYN_TANH_MATERIALIZED,ZONE_END,16,/home/ijankowski/tmp/numerical-backward-synthesis/tt/kernels/compute/tanh_bw_baseline.cpp,
0,1,1,TRISC_1,49825,6079613459700,0,0,,,TRISC-KERNEL,ZONE_END,89,/localdev/ijankowski/tt-metal-pin/tt_metal/hw/firmware/src/tt-1xx/trisck.cc,
0,1,1,TRISC_1,5116,6079613459740,0,0,,,TRISC-FW,ZONE_END,150,/localdev/ijankowski/tt-metal-pin/tt_metal/hw/firmware/src/tt-1xx/trisc.cc,
0,1,1,TRISC_1,5116,6079638209412,0,0,,,TRISC-FW,ZONE_START,150,/localdev/ijankowski/tt-metal-pin/tt_metal/hw/firmware/src/tt-1xx/trisc.cc,
0,1,1,TRISC_1,49825,6079638209610,0,0,,,TRISC-KERNEL,ZONE_START,89,/localdev/ijankowski/tt-metal-pin/tt_metal/hw/firmware/src/tt-1xx/trisck.cc,
0,1,1,TRISC_1,32592,6079638209747,0,0,,,BW_SYN_TANH_TAIL_SPLIT4,ZONE_START,19,/home/ijankowski/tmp/numerical-backward-synthesis/tt/kernels/compute/tanh_bw_tail_split4.cpp,
0,1,1,TRISC_1,32592,6079638610175,0,0,,,BW_SYN_TANH_TAIL_SPLIT4,ZONE_END,19,/home/ijankowski/tmp/numerical-backward-synthesis/tt/kernels/compute/tanh_bw_tail_split4.cpp,
0,1,1,TRISC_1,49825,6079638610199,0,0,,,TRISC-KERNEL,ZONE_END,89,/localdev/ijankowski/tt-metal-pin/tt_metal/hw/firmware/src/tt-1xx/trisck.cc,
0,1,1,TRISC_1,5116,6079638610240,0,0,,,TRISC-FW,ZONE_END,150,/localdev/ijankowski/tt-metal-pin/tt_metal/hw/firmware/src/tt-1xx/trisc.cc,
0,1,1,TRISC_1,5116,6079661592206,0,0,,,TRISC-FW,ZONE_START,150,/localdev/ijankowski/tt-metal-pin/tt_metal/hw/firmware/src/tt-1xx/trisc.cc,
0,1,1,TRISC_1,49825,6079661592395,0,0,,,TRISC-KERNEL,ZONE_START,89,/localdev/ijankowski/tt-metal-pin/tt_metal/hw/firmware/src/tt-1xx/trisck.cc,
0,1,1,TRISC_1,53833,6079661592527,0,0,,,BW_SYN_TANH_MATERIALIZED,ZONE_START,16,/home/ijankowski/tmp/numerical-backward-synthesis/tt/kernels/compute/tanh_bw_baseline.cpp,
0,1,1,TRISC_1,53833,6079662119371,0,0,,,BW_SYN_TANH_MATERIALIZED,ZONE_END,16,/home/ijankowski/tmp/numerical-backward-synthesis/tt/kernels/compute/tanh_bw_baseline.cpp,
0,1,1,TRISC_1,49825,6079662119395,0,0,,,TRISC-KERNEL,ZONE_END,89,/localdev/ijankowski/tt-metal-pin/tt_metal/hw/firmware/src/tt-1xx/trisck.cc,
0,1,1,TRISC_1,5116,6079662119435,0,0,,,TRISC-FW,ZONE_END,150,/localdev/ijankowski/tt-metal-pin/tt_metal/hw/firmware/src/tt-1xx/trisc.cc,
0,1,1,TRISC_1,5116,6079685587537,0,0,,,TRISC-FW,ZONE_START,150,/localdev/ijankowski/tt-metal-pin/tt_metal/hw/firmware/src/tt-1xx/trisc.cc,
0,1,1,TRISC_1,49825,6079685587736,0,0,,,TRISC-KERNEL,ZONE_START,89,/localdev/ijankowski/tt-metal-pin/tt_metal/hw/firmware/src/tt-1xx/trisck.cc,
0,1,1,TRISC_1,32592,6079685587872,0,0,,,BW_SYN_TANH_TAIL_SPLIT4,ZONE_START,19,/home/ijankowski/tmp/numerical-backward-synthesis/tt/kernels/compute/tanh_bw_tail_split4.cpp,
0,1,1,TRISC_1,32592,6079685988553,0,0,,,BW_SYN_TANH_TAIL_SPLIT4,ZONE_END,19,/home/ijankowski/tmp/numerical-backward-synthesis/tt/kernels/compute/tanh_bw_tail_split4.cpp,
0,1,1,TRISC_1,49825,6079685988577,0,0,,,TRISC-KERNEL,ZONE_END,89,/localdev/ijankowski/tt-metal-pin/tt_metal/hw/firmware/src/tt-1xx/trisck.cc,
0,1,1,TRISC_1,5116,6079685988618,0,0,,,TRISC-FW,ZONE_END,150,/localdev/ijankowski/tt-metal-pin/tt_metal/hw/firmware/src/tt-1xx/trisc.cc,
0,1,1,TRISC_1,5116,6079708921637,0,0,,,TRISC-FW,ZONE_START,150,/localdev/ijankowski/tt-metal-pin/tt_metal/hw/firmware/src/tt-1xx/trisc.cc,
0,1,1,TRISC_1,49825,6079708921840,0,0,,,TRISC-KERNEL,ZONE_START,89,/localdev/ijankowski/tt-metal-pin/tt_metal/hw/firmware/src/tt-1xx/trisck.cc,
0,1,1,TRISC_1,53833,6079708921980,0,0,,,BW_SYN_TANH_MATERIALIZED,ZONE_START,16,/home/ijankowski/tmp/numerical-backward-synthesis/tt/kernels/compute/tanh_bw_baseline.cpp,
0,1,1,TRISC_1,53833,6079709448851,0,0,,,BW_SYN_TANH_MATERIALIZED,ZONE_END,16,/home/ijankowski/tmp/numerical-backward-synthesis/tt/kernels/compute/tanh_bw_baseline.cpp,
0,1,1,TRISC_1,49825,6079709448875,0,0,,,TRISC-KERNEL,ZONE_END,89,/localdev/ijankowski/tt-metal-pin/tt_metal/hw/firmware/src/tt-1xx/trisck.cc,
0,1,1,TRISC_1,5116,6079709448915,0,0,,,TRISC-FW,ZONE_END,150,/localdev/ijankowski/tt-metal-pin/tt_metal/hw/firmware/src/tt-1xx/trisc.cc,
0,1,1,TRISC_1,5116,6079732473421,0,0,,,TRISC-FW,ZONE_START,150,/localdev/ijankowski/tt-metal-pin/tt_metal/hw/firmware/src/tt-1xx/trisc.cc,
0,1,1,TRISC_1,49825,6079732473624,0,0,,,TRISC-KERNEL,ZONE_START,89,/localdev/ijankowski/tt-metal-pin/tt_metal/hw/firmware/src/tt-1xx/trisck.cc,
0,1,1,TRISC_1,32592,6079732473758,0,0,,,BW_SYN_TANH_TAIL_SPLIT4,ZONE_START,19,/home/ijankowski/tmp/numerical-backward-synthesis/tt/kernels/compute/tanh_bw_tail_split4.cpp,
0,1,1,TRISC_1,32592,6079732874084,0,0,,,BW_SYN_TANH_TAIL_SPLIT4,ZONE_END,19,/home/ijankowski/tmp/numerical-backward-synthesis/tt/kernels/compute/tanh_bw_tail_split4.cpp,
0,1,1,TRISC_1,49825,6079732874108,0,0,,,TRISC-KERNEL,ZONE_END,89,/localdev/ijankowski/tt-metal-pin/tt_metal/hw/firmware/src/tt-1xx/trisck.cc,
0,1,1,TRISC_1,5116,6079732874149,0,0,,,TRISC-FW,ZONE_END,150,/localdev/ijankowski/tt-metal-pin/tt_metal/hw/firmware/src/tt-1xx/trisc.cc,
0,1,1,TRISC_1,5116,6079756065248,0,0,,,TRISC-FW,ZONE_START,150,/localdev/ijankowski/tt-metal-pin/tt_metal/hw/firmware/src/tt-1xx/trisc.cc,
0,1,1,TRISC_1,49825,6079756065451,0,0,,,TRISC-KERNEL,ZONE_START,89,/localdev/ijankowski/tt-metal-pin/tt_metal/hw/firmware/src/tt-1xx/trisck.cc,
0,1,1,TRISC_1,53833,6079756065592,0,0,,,BW_SYN_TANH_MATERIALIZED,ZONE_START,16,/home/ijankowski/tmp/numerical-backward-synthesis/tt/kernels/compute/tanh_bw_baseline.cpp,
0,1,1,TRISC_1,53833,6079756592479,0,0,,,BW_SYN_TANH_MATERIALIZED,ZONE_END,16,/home/ijankowski/tmp/numerical-backward-synthesis/tt/kernels/compute/tanh_bw_baseline.cpp,
0,1,1,TRISC_1,49825,6079756592503,0,0,,,TRISC-KERNEL,ZONE_END,89,/localdev/ijankowski/tt-metal-pin/tt_metal/hw/firmware/src/tt-1xx/trisck.cc,
0,1,1,TRISC_1,5116,6079756592543,0,0,,,TRISC-FW,ZONE_END,150,/localdev/ijankowski/tt-metal-pin/tt_metal/hw/firmware/src/tt-1xx/trisc.cc,
0,1,1,TRISC_1,5116,6079779598564,0,0,,,TRISC-FW,ZONE_START,150,/localdev/ijankowski/tt-metal-pin/tt_metal/hw/firmware/src/tt-1xx/trisc.cc,
0,1,1,TRISC_1,49825,6079779598767,0,0,,,TRISC-KERNEL,ZONE_START,89,/localdev/ijankowski/tt-metal-pin/tt_metal/hw/firmware/src/tt-1xx/trisck.cc,
0,1,1,TRISC_1,32592,6079779598903,0,0,,,BW_SYN_TANH_TAIL_SPLIT4,ZONE_START,19,/home/ijankowski/tmp/numerical-backward-synthesis/tt/kernels/compute/tanh_bw_tail_split4.cpp,
0,1,1,TRISC_1,32592,6079779999253,0,0,,,BW_SYN_TANH_TAIL_SPLIT4,ZONE_END,19,/home/ijankowski/tmp/numerical-backward-synthesis/tt/kernels/compute/tanh_bw_tail_split4.cpp,
0,1,1,TRISC_1,49825,6079779999277,0,0,,,TRISC-KERNEL,ZONE_END,89,/localdev/ijankowski/tt-metal-pin/tt_metal/hw/firmware/src/tt-1xx/trisck.cc,
0,1,1,TRISC_1,5116,6079779999318,0,0,,,TRISC-FW,ZONE_END,150,/localdev/ijankowski/tt-metal-pin/tt_metal/hw/firmware/src/tt-1xx/trisc.cc,
0,1,1,TRISC_1,5116,6079804669323,0,0,,,TRISC-FW,ZONE_START,150,/localdev/ijankowski/tt-metal-pin/tt_metal/hw/firmware/src/tt-1xx/trisc.cc,
0,1,1,TRISC_1,49825,6079804669519,0,0,,,TRISC-KERNEL,ZONE_START,89,/localdev/ijankowski/tt-metal-pin/tt_metal/hw/firmware/src/tt-1xx/trisck.cc,
0,1,1,TRISC_1,53833,6079804669652,0,0,,,BW_SYN_TANH_MATERIALIZED,ZONE_START,16,/home/ijankowski/tmp/numerical-backward-synthesis/tt/kernels/compute/tanh_bw_baseline.cpp,
0,1,1,TRISC_1,53833,6079805196528,0,0,,,BW_SYN_TANH_MATERIALIZED,ZONE_END,16,/home/ijankowski/tmp/numerical-backward-synthesis/tt/kernels/compute/tanh_bw_baseline.cpp,
0,1,1,TRISC_1,49825,6079805196552,0,0,,,TRISC-KERNEL,ZONE_END,89,/localdev/ijankowski/tt-metal-pin/tt_metal/hw/firmware/src/tt-1xx/trisck.cc,
0,1,1,TRISC_1,5116,6079805196592,0,0,,,TRISC-FW,ZONE_END,150,/localdev/ijankowski/tt-metal-pin/tt_metal/hw/firmware/src/tt-1xx/trisc.cc,
0,1,1,TRISC_1,5116,6079828158185,0,0,,,TRISC-FW,ZONE_START,150,/localdev/ijankowski/tt-metal-pin/tt_metal/hw/firmware/src/tt-1xx/trisc.cc,
0,1,1,TRISC_1,49825,6079828158382,0,0,,,TRISC-KERNEL,ZONE_START,89,/localdev/ijankowski/tt-metal-pin/tt_metal/hw/firmware/src/tt-1xx/trisck.cc,
0,1,1,TRISC_1,32592,6079828158517,0,0,,,BW_SYN_TANH_TAIL_SPLIT4,ZONE_START,19,/home/ijankowski/tmp/numerical-backward-synthesis/tt/kernels/compute/tanh_bw_tail_split4.cpp,
0,1,1,TRISC_1,32592,6079828558869,0,0,,,BW_SYN_TANH_TAIL_SPLIT4,ZONE_END,19,/home/ijankowski/tmp/numerical-backward-synthesis/tt/kernels/compute/tanh_bw_tail_split4.cpp,
0,1,1,TRISC_1,49825,6079828558893,0,0,,,TRISC-KERNEL,ZONE_END,89,/localdev/ijankowski/tt-metal-pin/tt_metal/hw/firmware/src/tt-1xx/trisck.cc,
0,1,1,TRISC_1,5116,6079828558934,0,0,,,TRISC-FW,ZONE_END,150,/localdev/ijankowski/tt-metal-pin/tt_metal/hw/firmware/src/tt-1xx/trisc.cc,
0,1,1,TRISC_1,5116,6079851429633,0,0,,,TRISC-FW,ZONE_START,150,/localdev/ijankowski/tt-metal-pin/tt_metal/hw/firmware/src/tt-1xx/trisc.cc,
0,1,1,TRISC_1,49825,6079851429822,0,0,,,TRISC-KERNEL,ZONE_START,89,/localdev/ijankowski/tt-metal-pin/tt_metal/hw/firmware/src/tt-1xx/trisck.cc,
0,1,1,TRISC_1,53833,6079851429955,0,0,,,BW_SYN_TANH_MATERIALIZED,ZONE_START,16,/home/ijankowski/tmp/numerical-backward-synthesis/tt/kernels/compute/tanh_bw_baseline.cpp,
0,1,1,TRISC_1,53833,6079851956876,0,0,,,BW_SYN_TANH_MATERIALIZED,ZONE_END,16,/home/ijankowski/tmp/numerical-backward-synthesis/tt/kernels/compute/tanh_bw_baseline.cpp,
0,1,1,TRISC_1,49825,6079851956900,0,0,,,TRISC-KERNEL,ZONE_END,89,/localdev/ijankowski/tt-metal-pin/tt_metal/hw/firmware/src/tt-1xx/trisck.cc,
0,1,1,TRISC_1,5116,6079851956940,0,0,,,TRISC-FW,ZONE_END,150,/localdev/ijankowski/tt-metal-pin/tt_metal/hw/firmware/src/tt-1xx/trisc.cc,
0,1,1,TRISC_1,5116,6079874934791,0,0,,,TRISC-FW,ZONE_START,150,/localdev/ijankowski/tt-metal-pin/tt_metal/hw/firmware/src/tt-1xx/trisc.cc,
0,1,1,TRISC_1,49825,6079874934996,0,0,,,TRISC-KERNEL,ZONE_START,89,/localdev/ijankowski/tt-metal-pin/tt_metal/hw/firmware/src/tt-1xx/trisck.cc,
0,1,1,TRISC_1,32592,6079874935131,0,0,,,BW_SYN_TANH_TAIL_SPLIT4,ZONE_START,19,/home/ijankowski/tmp/numerical-backward-synthesis/tt/kernels/compute/tanh_bw_tail_split4.cpp,
0,1,1,TRISC_1,32592,6079875335509,0,0,,,BW_SYN_TANH_TAIL_SPLIT4,ZONE_END,19,/home/ijankowski/tmp/numerical-backward-synthesis/tt/kernels/compute/tanh_bw_tail_split4.cpp,
0,1,1,TRISC_1,49825,6079875335533,0,0,,,TRISC-KERNEL,ZONE_END,89,/localdev/ijankowski/tt-metal-pin/tt_metal/hw/firmware/src/tt-1xx/trisck.cc,
0,1,1,TRISC_1,5116,6079875335574,0,0,,,TRISC-FW,ZONE_END,150,/localdev/ijankowski/tt-metal-pin/tt_metal/hw/firmware/src/tt-1xx/trisc.cc,
0,1,1,TRISC_1,5116,6079898327542,0,0,,,TRISC-FW,ZONE_START,150,/localdev/ijankowski/tt-metal-pin/tt_metal/hw/firmware/src/tt-1xx/trisc.cc,
0,1,1,TRISC_1,49825,6079898327741,0,0,,,TRISC-KERNEL,ZONE_START,89,/localdev/ijankowski/tt-metal-pin/tt_metal/hw/firmware/src/tt-1xx/trisck.cc,
0,1,1,TRISC_1,53833,6079898327873,0,0,,,BW_SYN_TANH_MATERIALIZED,ZONE_START,16,/home/ijankowski/tmp/numerical-backward-synthesis/tt/kernels/compute/tanh_bw_baseline.cpp,
0,1,1,TRISC_1,53833,6079898854713,0,0,,,BW_SYN_TANH_MATERIALIZED,ZONE_END,16,/home/ijankowski/tmp/numerical-backward-synthesis/tt/kernels/compute/tanh_bw_baseline.cpp,
0,1,1,TRISC_1,49825,6079898854737,0,0,,,TRISC-KERNEL,ZONE_END,89,/localdev/ijankowski/tt-metal-pin/tt_metal/hw/firmware/src/tt-1xx/trisck.cc,
0,1,1,TRISC_1,5116,6079898854777,0,0,,,TRISC-FW,ZONE_END,150,/localdev/ijankowski/tt-metal-pin/tt_metal/hw/firmware/src/tt-1xx/trisc.cc,
0,1,1,TRISC_1,5116,6079923906038,0,0,,,TRISC-FW,ZONE_START,150,/localdev/ijankowski/tt-metal-pin/tt_metal/hw/firmware/src/tt-1xx/trisc.cc,
0,1,1,TRISC_1,49825,6079923906241,0,0,,,TRISC-KERNEL,ZONE_START,89,/localdev/ijankowski/tt-metal-pin/tt_metal/hw/firmware/src/tt-1xx/trisck.cc,
0,1,1,TRISC_1,32592,6079923906379,0,0,,,BW_SYN_TANH_TAIL_SPLIT4,ZONE_START,19,/home/ijankowski/tmp/numerical-backward-synthesis/tt/kernels/compute/tanh_bw_tail_split4.cpp,
0,1,1,TRISC_1,32592,6079924306816,0,0,,,BW_SYN_TANH_TAIL_SPLIT4,ZONE_END,19,/home/ijankowski/tmp/numerical-backward-synthesis/tt/kernels/compute/tanh_bw_tail_split4.cpp,
0,1,1,TRISC_1,49825,6079924306840,0,0,,,TRISC-KERNEL,ZONE_END,89,/localdev/ijankowski/tt-metal-pin/tt_metal/hw/firmware/src/tt-1xx/trisck.cc,
0,1,1,TRISC_1,5116,6079924306881,0,0,,,TRISC-FW,ZONE_END,150,/localdev/ijankowski/tt-metal-pin/tt_metal/hw/firmware/src/tt-1xx/trisc.cc,
0,1,1,TRISC_1,5116,6079948445629,0,0,,,TRISC-FW,ZONE_START,150,/localdev/ijankowski/tt-metal-pin/tt_metal/hw/firmware/src/tt-1xx/trisc.cc,
0,1,1,TRISC_1,49825,6079948445827,0,0,,,TRISC-KERNEL,ZONE_START,89,/localdev/ijankowski/tt-metal-pin/tt_metal/hw/firmware/src/tt-1xx/trisck.cc,
0,1,1,TRISC_1,53833,6079948445959,0,0,,,BW_SYN_TANH_MATERIALIZED,ZONE_START,16,/home/ijankowski/tmp/numerical-backward-synthesis/tt/kernels/compute/tanh_bw_baseline.cpp,
0,1,1,TRISC_1,53833,6079948972799,0,0,,,BW_SYN_TANH_MATERIALIZED,ZONE_END,16,/home/ijankowski/tmp/numerical-backward-synthesis/tt/kernels/compute/tanh_bw_baseline.cpp,
0,1,1,TRISC_1,49825,6079948972823,0,0,,,TRISC-KERNEL,ZONE_END,89,/localdev/ijankowski/tt-metal-pin/tt_metal/hw/firmware/src/tt-1xx/trisck.cc,
0,1,1,TRISC_1,5116,6079948972863,0,0,,,TRISC-FW,ZONE_END,150,/localdev/ijankowski/tt-metal-pin/tt_metal/hw/firmware/src/tt-1xx/trisc.cc,
0,1,1,TRISC_1,5116,6079971951398,0,0,,,TRISC-FW,ZONE_START,150,/localdev/ijankowski/tt-metal-pin/tt_metal/hw/firmware/src/tt-1xx/trisc.cc,
0,1,1,TRISC_1,49825,6079971951596,0,0,,,TRISC-KERNEL,ZONE_START,89,/localdev/ijankowski/tt-metal-pin/tt_metal/hw/firmware/src/tt-1xx/trisck.cc,
0,1,1,TRISC_1,32592,6079971951731,0,0,,,BW_SYN_TANH_TAIL_SPLIT4,ZONE_START,19,/home/ijankowski/tmp/numerical-backward-synthesis/tt/kernels/compute/tanh_bw_tail_split4.cpp,
0,1,1,TRISC_1,32592,6079972352101,0,0,,,BW_SYN_TANH_TAIL_SPLIT4,ZONE_END,19,/home/ijankowski/tmp/numerical-backward-synthesis/tt/kernels/compute/tanh_bw_tail_split4.cpp,
0,1,1,TRISC_1,49825,6079972352125,0,0,,,TRISC-KERNEL,ZONE_END,89,/localdev/ijankowski/tt-metal-pin/tt_metal/hw/firmware/src/tt-1xx/trisck.cc,
0,1,1,TRISC_1,5116,6079972352166,0,0,,,TRISC-FW,ZONE_END,150,/localdev/ijankowski/tt-metal-pin/tt_metal/hw/firmware/src/tt-1xx/trisc.cc,
0,1,1,TRISC_1,5116,6079995380930,0,0,,,TRISC-FW,ZONE_START,150,/localdev/ijankowski/tt-metal-pin/tt_metal/hw/firmware/src/tt-1xx/trisc.cc,
0,1,1,TRISC_1,49825,6079995381130,0,0,,,TRISC-KERNEL,ZONE_START,89,/localdev/ijankowski/tt-metal-pin/tt_metal/hw/firmware/src/tt-1xx/trisck.cc,
0,1,1,TRISC_1,53833,6079995381271,0,0,,,BW_SYN_TANH_MATERIALIZED,ZONE_START,16,/home/ijankowski/tmp/numerical-backward-synthesis/tt/kernels/compute/tanh_bw_baseline.cpp,
0,1,1,TRISC_1,53833,6079995908158,0,0,,,BW_SYN_TANH_MATERIALIZED,ZONE_END,16,/home/ijankowski/tmp/numerical-backward-synthesis/tt/kernels/compute/tanh_bw_baseline.cpp,
0,1,1,TRISC_1,49825,6079995908182,0,0,,,TRISC-KERNEL,ZONE_END,89,/localdev/ijankowski/tt-metal-pin/tt_metal/hw/firmware/src/tt-1xx/trisck.cc,
0,1,1,TRISC_1,5116,6079995908222,0,0,,,TRISC-FW,ZONE_END,150,/localdev/ijankowski/tt-metal-pin/tt_metal/hw/firmware/src/tt-1xx/trisc.cc,
0,1,1,TRISC_1,5116,6080018850939,0,0,,,TRISC-FW,ZONE_START,150,/localdev/ijankowski/tt-metal-pin/tt_metal/hw/firmware/src/tt-1xx/trisc.cc,
0,1,1,TRISC_1,49825,6080018851136,0,0,,,TRISC-KERNEL,ZONE_START,89,/localdev/ijankowski/tt-metal-pin/tt_metal/hw/firmware/src/tt-1xx/trisck.cc,
0,1,1,TRISC_1,32592,6080018851272,0,0,,,BW_SYN_TANH_TAIL_SPLIT4,ZONE_START,19,/home/ijankowski/tmp/numerical-backward-synthesis/tt/kernels/compute/tanh_bw_tail_split4.cpp,
0,1,1,TRISC_1,32592,6080019251636,0,0,,,BW_SYN_TANH_TAIL_SPLIT4,ZONE_END,19,/home/ijankowski/tmp/numerical-backward-synthesis/tt/kernels/compute/tanh_bw_tail_split4.cpp,
0,1,1,TRISC_1,49825,6080019251660,0,0,,,TRISC-KERNEL,ZONE_END,89,/localdev/ijankowski/tt-metal-pin/tt_metal/hw/firmware/src/tt-1xx/trisck.cc,
0,1,1,TRISC_1,5116,6080019251701,0,0,,,TRISC-FW,ZONE_END,150,/localdev/ijankowski/tt-metal-pin/tt_metal/hw/firmware/src/tt-1xx/trisc.cc,
0,1,1,TRISC_1,5116,6080042212090,0,0,,,TRISC-FW,ZONE_START,150,/localdev/ijankowski/tt-metal-pin/tt_metal/hw/firmware/src/tt-1xx/trisc.cc,
0,1,1,TRISC_1,49825,6080042212286,0,0,,,TRISC-KERNEL,ZONE_START,89,/localdev/ijankowski/tt-metal-pin/tt_metal/hw/firmware/src/tt-1xx/trisck.cc,
0,1,1,TRISC_1,53833,6080042212425,0,0,,,BW_SYN_TANH_MATERIALIZED,ZONE_START,16,/home/ijankowski/tmp/numerical-backward-synthesis/tt/kernels/compute/tanh_bw_baseline.cpp,
0,1,1,TRISC_1,53833,6080042739229,0,0,,,BW_SYN_TANH_MATERIALIZED,ZONE_END,16,/home/ijankowski/tmp/numerical-backward-synthesis/tt/kernels/compute/tanh_bw_baseline.cpp,
0,1,1,TRISC_1,49825,6080042739253,0,0,,,TRISC-KERNEL,ZONE_END,89,/localdev/ijankowski/tt-metal-pin/tt_metal/hw/firmware/src/tt-1xx/trisck.cc,
0,1,1,TRISC_1,5116,6080042739293,0,0,,,TRISC-FW,ZONE_END,150,/localdev/ijankowski/tt-metal-pin/tt_metal/hw/firmware/src/tt-1xx/trisc.cc,
0,1,1,TRISC_1,5116,6080067182718,0,0,,,TRISC-FW,ZONE_START,150,/localdev/ijankowski/tt-metal-pin/tt_metal/hw/firmware/src/tt-1xx/trisc.cc,
0,1,1,TRISC_1,49825,6080067182921,0,0,,,TRISC-KERNEL,ZONE_START,89,/localdev/ijankowski/tt-metal-pin/tt_metal/hw/firmware/src/tt-1xx/trisck.cc,
0,1,1,TRISC_1,32592,6080067183057,0,0,,,BW_SYN_TANH_TAIL_SPLIT4,ZONE_START,19,/home/ijankowski/tmp/numerical-backward-synthesis/tt/kernels/compute/tanh_bw_tail_split4.cpp,
0,1,1,TRISC_1,32592,6080067584041,0,0,,,BW_SYN_TANH_TAIL_SPLIT4,ZONE_END,19,/home/ijankowski/tmp/numerical-backward-synthesis/tt/kernels/compute/tanh_bw_tail_split4.cpp,
0,1,1,TRISC_1,49825,6080067584065,0,0,,,TRISC-KERNEL,ZONE_END,89,/localdev/ijankowski/tt-metal-pin/tt_metal/hw/firmware/src/tt-1xx/trisck.cc,
0,1,1,TRISC_1,5116,6080067584106,0,0,,,TRISC-FW,ZONE_END,150,/localdev/ijankowski/tt-metal-pin/tt_metal/hw/firmware/src/tt-1xx/trisc.cc,
0,1,1,TRISC_1,5116,6080090453524,0,0,,,TRISC-FW,ZONE_START,150,/localdev/ijankowski/tt-metal-pin/tt_metal/hw/firmware/src/tt-1xx/trisc.cc,
0,1,1,TRISC_1,49825,6080090453728,0,0,,,TRISC-KERNEL,ZONE_START,89,/localdev/ijankowski/tt-metal-pin/tt_metal/hw/firmware/src/tt-1xx/trisck.cc,
0,1,1,TRISC_1,53833,6080090453861,0,0,,,BW_SYN_TANH_MATERIALIZED,ZONE_START,16,/home/ijankowski/tmp/numerical-backward-synthesis/tt/kernels/compute/tanh_bw_baseline.cpp,
0,1,1,TRISC_1,53833,6080090980712,0,0,,,BW_SYN_TANH_MATERIALIZED,ZONE_END,16,/home/ijankowski/tmp/numerical-backward-synthesis/tt/kernels/compute/tanh_bw_baseline.cpp,
0,1,1,TRISC_1,49825,6080090980736,0,0,,,TRISC-KERNEL,ZONE_END,89,/localdev/ijankowski/tt-metal-pin/tt_metal/hw/firmware/src/tt-1xx/trisck.cc,
0,1,1,TRISC_1,5116,6080090980776,0,0,,,TRISC-FW,ZONE_END,150,/localdev/ijankowski/tt-metal-pin/tt_metal/hw/firmware/src/tt-1xx/trisc.cc,
0,1,1,TRISC_1,5116,6080113814964,0,0,,,TRISC-FW,ZONE_START,150,/localdev/ijankowski/tt-metal-pin/tt_metal/hw/firmware/src/tt-1xx/trisc.cc,
0,1,1,TRISC_1,49825,6080113815167,0,0,,,TRISC-KERNEL,ZONE_START,89,/localdev/ijankowski/tt-metal-pin/tt_metal/hw/firmware/src/tt-1xx/trisck.cc,
0,1,1,TRISC_1,32592,6080113815305,0,0,,,BW_SYN_TANH_TAIL_SPLIT4,ZONE_START,19,/home/ijankowski/tmp/numerical-backward-synthesis/tt/kernels/compute/tanh_bw_tail_split4.cpp,
0,1,1,TRISC_1,32592,6080114215671,0,0,,,BW_SYN_TANH_TAIL_SPLIT4,ZONE_END,19,/home/ijankowski/tmp/numerical-backward-synthesis/tt/kernels/compute/tanh_bw_tail_split4.cpp,
0,1,1,TRISC_1,49825,6080114215695,0,0,,,TRISC-KERNEL,ZONE_END,89,/localdev/ijankowski/tt-metal-pin/tt_metal/hw/firmware/src/tt-1xx/trisck.cc,
0,1,1,TRISC_1,5116,6080114215736,0,0,,,TRISC-FW,ZONE_END,150,/localdev/ijankowski/tt-metal-pin/tt_metal/hw/firmware/src/tt-1xx/trisc.cc,
0,1,1,TRISC_1,5116,6080137214863,0,0,,,TRISC-FW,ZONE_START,150,/localdev/ijankowski/tt-metal-pin/tt_metal/hw/firmware/src/tt-1xx/trisc.cc,
0,1,1,TRISC_1,49825,6080137215062,0,0,,,TRISC-KERNEL,ZONE_START,89,/localdev/ijankowski/tt-metal-pin/tt_metal/hw/firmware/src/tt-1xx/trisck.cc,
0,1,1,TRISC_1,53833,6080137215195,0,0,,,BW_SYN_TANH_MATERIALIZED,ZONE_START,16,/home/ijankowski/tmp/numerical-backward-synthesis/tt/kernels/compute/tanh_bw_baseline.cpp,
0,1,1,TRISC_1,53833,6080137741987,0,0,,,BW_SYN_TANH_MATERIALIZED,ZONE_END,16,/home/ijankowski/tmp/numerical-backward-synthesis/tt/kernels/compute/tanh_bw_baseline.cpp,
0,1,1,TRISC_1,49825,6080137742011,0,0,,,TRISC-KERNEL,ZONE_END,89,/localdev/ijankowski/tt-metal-pin/tt_metal/hw/firmware/src/tt-1xx/trisck.cc,
0,1,1,TRISC_1,5116,6080137742051,0,0,,,TRISC-FW,ZONE_END,150,/localdev/ijankowski/tt-metal-pin/tt_metal/hw/firmware/src/tt-1xx/trisc.cc,
0,1,1,TRISC_1,5116,6080160771331,0,0,,,TRISC-FW,ZONE_START,150,/localdev/ijankowski/tt-metal-pin/tt_metal/hw/firmware/src/tt-1xx/trisc.cc,
0,1,1,TRISC_1,49825,6080160771525,0,0,,,TRISC-KERNEL,ZONE_START,89,/localdev/ijankowski/tt-metal-pin/tt_metal/hw/firmware/src/tt-1xx/trisck.cc,
0,1,1,TRISC_1,32592,6080160771665,0,0,,,BW_SYN_TANH_TAIL_SPLIT4,ZONE_START,19,/home/ijankowski/tmp/numerical-backward-synthesis/tt/kernels/compute/tanh_bw_tail_split4.cpp,
0,1,1,TRISC_1,32592,6080161172056,0,0,,,BW_SYN_TANH_TAIL_SPLIT4,ZONE_END,19,/home/ijankowski/tmp/numerical-backward-synthesis/tt/kernels/compute/tanh_bw_tail_split4.cpp,
0,1,1,TRISC_1,49825,6080161172080,0,0,,,TRISC-KERNEL,ZONE_END,89,/localdev/ijankowski/tt-metal-pin/tt_metal/hw/firmware/src/tt-1xx/trisck.cc,
0,1,1,TRISC_1,5116,6080161172121,0,0,,,TRISC-FW,ZONE_END,150,/localdev/ijankowski/tt-metal-pin/tt_metal/hw/firmware/src/tt-1xx/trisc.cc,
0,1,1,TRISC_1,5116,6080184940160,0,0,,,TRISC-FW,ZONE_START,150,/localdev/ijankowski/tt-metal-pin/tt_metal/hw/firmware/src/tt-1xx/trisc.cc,
0,1,1,TRISC_1,49825,6080184940359,0,0,,,TRISC-KERNEL,ZONE_START,89,/localdev/ijankowski/tt-metal-pin/tt_metal/hw/firmware/src/tt-1xx/trisck.cc,
0,1,1,TRISC_1,53833,6080184940501,0,0,,,BW_SYN_TANH_MATERIALIZED,ZONE_START,16,/home/ijankowski/tmp/numerical-backward-synthesis/tt/kernels/compute/tanh_bw_baseline.cpp,
0,1,1,TRISC_1,53833,6080185467517,0,0,,,BW_SYN_TANH_MATERIALIZED,ZONE_END,16,/home/ijankowski/tmp/numerical-backward-synthesis/tt/kernels/compute/tanh_bw_baseline.cpp,
0,1,1,TRISC_1,49825,6080185467541,0,0,,,TRISC-KERNEL,ZONE_END,89,/localdev/ijankowski/tt-metal-pin/tt_metal/hw/firmware/src/tt-1xx/trisck.cc,
0,1,1,TRISC_1,5116,6080185467581,0,0,,,TRISC-FW,ZONE_END,150,/localdev/ijankowski/tt-metal-pin/tt_metal/hw/firmware/src/tt-1xx/trisc.cc,
0,1,1,TRISC_2,5116,6077892193484,0,0,,,TRISC-FW,ZONE_START,150,/localdev/ijankowski/tt-metal-pin/tt_metal/hw/firmware/src/tt-1xx/trisc.cc,
0,1,1,TRISC_2,49825,6077892193935,0,0,,,TRISC-KERNEL,ZONE_START,89,/localdev/ijankowski/tt-metal-pin/tt_metal/hw/firmware/src/tt-1xx/trisck.cc,
0,1,1,TRISC_2,32592,6077892194183,0,0,,,BW_SYN_TANH_TAIL_SPLIT4,ZONE_START,19,/home/ijankowski/tmp/numerical-backward-synthesis/tt/kernels/compute/tanh_bw_tail_split4.cpp,
0,1,1,TRISC_2,32592,6077892591726,0,0,,,BW_SYN_TANH_TAIL_SPLIT4,ZONE_END,19,/home/ijankowski/tmp/numerical-backward-synthesis/tt/kernels/compute/tanh_bw_tail_split4.cpp,
0,1,1,TRISC_2,49825,6077892591748,0,0,,,TRISC-KERNEL,ZONE_END,89,/localdev/ijankowski/tt-metal-pin/tt_metal/hw/firmware/src/tt-1xx/trisck.cc,
0,1,1,TRISC_2,5116,6077892594289,0,0,,,TRISC-FW,ZONE_END,150,/localdev/ijankowski/tt-metal-pin/tt_metal/hw/firmware/src/tt-1xx/trisc.cc,
0,1,1,TRISC_2,5116,6077916273731,0,0,,,TRISC-FW,ZONE_START,150,/localdev/ijankowski/tt-metal-pin/tt_metal/hw/firmware/src/tt-1xx/trisc.cc,
0,1,1,TRISC_2,49825,6077916274194,0,0,,,TRISC-KERNEL,ZONE_START,89,/localdev/ijankowski/tt-metal-pin/tt_metal/hw/firmware/src/tt-1xx/trisck.cc,
0,1,1,TRISC_2,32592,6077916274447,0,0,,,BW_SYN_TANH_TAIL_SPLIT4,ZONE_START,19,/home/ijankowski/tmp/numerical-backward-synthesis/tt/kernels/compute/tanh_bw_tail_split4.cpp,
0,1,1,TRISC_2,32592,6077916672066,0,0,,,BW_SYN_TANH_TAIL_SPLIT4,ZONE_END,19,/home/ijankowski/tmp/numerical-backward-synthesis/tt/kernels/compute/tanh_bw_tail_split4.cpp,
0,1,1,TRISC_2,49825,6077916672088,0,0,,,TRISC-KERNEL,ZONE_END,89,/localdev/ijankowski/tt-metal-pin/tt_metal/hw/firmware/src/tt-1xx/trisck.cc,
0,1,1,TRISC_2,5116,6077916674621,0,0,,,TRISC-FW,ZONE_END,150,/localdev/ijankowski/tt-metal-pin/tt_metal/hw/firmware/src/tt-1xx/trisc.cc,
0,1,1,TRISC_2,5116,6077939518955,0,0,,,TRISC-FW,ZONE_START,150,/localdev/ijankowski/tt-metal-pin/tt_metal/hw/firmware/src/tt-1xx/trisc.cc,
0,1,1,TRISC_2,49825,6077939519415,0,0,,,TRISC-KERNEL,ZONE_START,89,/localdev/ijankowski/tt-metal-pin/tt_metal/hw/firmware/src/tt-1xx/trisck.cc,
0,1,1,TRISC_2,32592,6077939519666,0,0,,,BW_SYN_TANH_TAIL_SPLIT4,ZONE_START,19,/home/ijankowski/tmp/numerical-backward-synthesis/tt/kernels/compute/tanh_bw_tail_split4.cpp,
0,1,1,TRISC_2,32592,6077939917239,0,0,,,BW_SYN_TANH_TAIL_SPLIT4,ZONE_END,19,/home/ijankowski/tmp/numerical-backward-synthesis/tt/kernels/compute/tanh_bw_tail_split4.cpp,
0,1,1,TRISC_2,49825,6077939917261,0,0,,,TRISC-KERNEL,ZONE_END,89,/localdev/ijankowski/tt-metal-pin/tt_metal/hw/firmware/src/tt-1xx/trisck.cc,
0,1,1,TRISC_2,5116,6077939919799,0,0,,,TRISC-FW,ZONE_END,150,/localdev/ijankowski/tt-metal-pin/tt_metal/hw/firmware/src/tt-1xx/trisc.cc,
0,1,1,TRISC_2,5116,6077962646587,0,0,,,TRISC-FW,ZONE_START,150,/localdev/ijankowski/tt-metal-pin/tt_metal/hw/firmware/src/tt-1xx/trisc.cc,
0,1,1,TRISC_2,49825,6077962647040,0,0,,,TRISC-KERNEL,ZONE_START,89,/localdev/ijankowski/tt-metal-pin/tt_metal/hw/firmware/src/tt-1xx/trisck.cc,
0,1,1,TRISC_2,32592,6077962647291,0,0,,,BW_SYN_TANH_TAIL_SPLIT4,ZONE_START,19,/home/ijankowski/tmp/numerical-backward-synthesis/tt/kernels/compute/tanh_bw_tail_split4.cpp,
0,1,1,TRISC_2,32592,6077963044872,0,0,,,BW_SYN_TANH_TAIL_SPLIT4,ZONE_END,19,/home/ijankowski/tmp/numerical-backward-synthesis/tt/kernels/compute/tanh_bw_tail_split4.cpp,
0,1,1,TRISC_2,49825,6077963044894,0,0,,,TRISC-KERNEL,ZONE_END,89,/localdev/ijankowski/tt-metal-pin/tt_metal/hw/firmware/src/tt-1xx/trisck.cc,
0,1,1,TRISC_2,5116,6077963047440,0,0,,,TRISC-FW,ZONE_END,150,/localdev/ijankowski/tt-metal-pin/tt_metal/hw/firmware/src/tt-1xx/trisc.cc,
0,1,1,TRISC_2,5116,6077985888901,0,0,,,TRISC-FW,ZONE_START,150,/localdev/ijankowski/tt-metal-pin/tt_metal/hw/firmware/src/tt-1xx/trisc.cc,
0,1,1,TRISC_2,49825,6077985889350,0,0,,,TRISC-KERNEL,ZONE_START,89,/localdev/ijankowski/tt-metal-pin/tt_metal/hw/firmware/src/tt-1xx/trisck.cc,
0,1,1,TRISC_2,32592,6077985889601,0,0,,,BW_SYN_TANH_TAIL_SPLIT4,ZONE_START,19,/home/ijankowski/tmp/numerical-backward-synthesis/tt/kernels/compute/tanh_bw_tail_split4.cpp,
0,1,1,TRISC_2,32592,6077986287115,0,0,,,BW_SYN_TANH_TAIL_SPLIT4,ZONE_END,19,/home/ijankowski/tmp/numerical-backward-synthesis/tt/kernels/compute/tanh_bw_tail_split4.cpp,
0,1,1,TRISC_2,49825,6077986287137,0,0,,,TRISC-KERNEL,ZONE_END,89,/localdev/ijankowski/tt-metal-pin/tt_metal/hw/firmware/src/tt-1xx/trisck.cc,
0,1,1,TRISC_2,5116,6077986289682,0,0,,,TRISC-FW,ZONE_END,150,/localdev/ijankowski/tt-metal-pin/tt_metal/hw/firmware/src/tt-1xx/trisc.cc,
0,1,1,TRISC_2,5116,6078008780776,0,0,,,TRISC-FW,ZONE_START,150,/localdev/ijankowski/tt-metal-pin/tt_metal/hw/firmware/src/tt-1xx/trisc.cc,
0,1,1,TRISC_2,49825,6078008781236,0,0,,,TRISC-KERNEL,ZONE_START,89,/localdev/ijankowski/tt-metal-pin/tt_metal/hw/firmware/src/tt-1xx/trisck.cc,
0,1,1,TRISC_2,32592,6078008781483,0,0,,,BW_SYN_TANH_TAIL_SPLIT4,ZONE_START,19,/home/ijankowski/tmp/numerical-backward-synthesis/tt/kernels/compute/tanh_bw_tail_split4.cpp,
0,1,1,TRISC_2,32592,6078009179066,0,0,,,BW_SYN_TANH_TAIL_SPLIT4,ZONE_END,19,/home/ijankowski/tmp/numerical-backward-synthesis/tt/kernels/compute/tanh_bw_tail_split4.cpp,
0,1,1,TRISC_2,49825,6078009179088,0,0,,,TRISC-KERNEL,ZONE_END,89,/localdev/ijankowski/tt-metal-pin/tt_metal/hw/firmware/src/tt-1xx/trisck.cc,
0,1,1,TRISC_2,5116,6078009181626,0,0,,,TRISC-FW,ZONE_END,150,/localdev/ijankowski/tt-metal-pin/tt_metal/hw/firmware/src/tt-1xx/trisc.cc,
0,1,1,TRISC_2,5116,6078031262801,0,0,,,TRISC-FW,ZONE_START,150,/localdev/ijankowski/tt-metal-pin/tt_metal/hw/firmware/src/tt-1xx/trisc.cc,
0,1,1,TRISC_2,49825,6078031263259,0,0,,,TRISC-KERNEL,ZONE_START,89,/localdev/ijankowski/tt-metal-pin/tt_metal/hw/firmware/src/tt-1xx/trisck.cc,
0,1,1,TRISC_2,32592,6078031263508,0,0,,,BW_SYN_TANH_TAIL_SPLIT4,ZONE_START,19,/home/ijankowski/tmp/numerical-backward-synthesis/tt/kernels/compute/tanh_bw_tail_split4.cpp,
0,1,1,TRISC_2,32592,6078031598773,0,0,,,BW_SYN_TANH_TAIL_SPLIT4,ZONE_END,19,/home/ijankowski/tmp/numerical-backward-synthesis/tt/kernels/compute/tanh_bw_tail_split4.cpp,
0,1,1,TRISC_2,49825,6078031598795,0,0,,,TRISC-KERNEL,ZONE_END,89,/localdev/ijankowski/tt-metal-pin/tt_metal/hw/firmware/src/tt-1xx/trisck.cc,
0,1,1,TRISC_2,5116,6078031601330,0,0,,,TRISC-FW,ZONE_END,150,/localdev/ijankowski/tt-metal-pin/tt_metal/hw/firmware/src/tt-1xx/trisc.cc,
0,1,1,TRISC_2,5116,6078855436476,0,0,,,TRISC-FW,ZONE_START,150,/localdev/ijankowski/tt-metal-pin/tt_metal/hw/firmware/src/tt-1xx/trisc.cc,
0,1,1,TRISC_2,49825,6078855436924,0,0,,,TRISC-KERNEL,ZONE_START,89,/localdev/ijankowski/tt-metal-pin/tt_metal/hw/firmware/src/tt-1xx/trisck.cc,
0,1,1,TRISC_2,53833,6078855437189,0,0,,,BW_SYN_TANH_MATERIALIZED,ZONE_START,16,/home/ijankowski/tmp/numerical-backward-synthesis/tt/kernels/compute/tanh_bw_baseline.cpp,
0,1,1,TRISC_2,53833,6078855963206,0,0,,,BW_SYN_TANH_MATERIALIZED,ZONE_END,16,/home/ijankowski/tmp/numerical-backward-synthesis/tt/kernels/compute/tanh_bw_baseline.cpp,
0,1,1,TRISC_2,49825,6078855963228,0,0,,,TRISC-KERNEL,ZONE_END,89,/localdev/ijankowski/tt-metal-pin/tt_metal/hw/firmware/src/tt-1xx/trisck.cc,
0,1,1,TRISC_2,5116,6078855963840,0,0,,,TRISC-FW,ZONE_END,150,/localdev/ijankowski/tt-metal-pin/tt_metal/hw/firmware/src/tt-1xx/trisc.cc,
0,1,1,TRISC_2,5116,6078878910287,0,0,,,TRISC-FW,ZONE_START,150,/localdev/ijankowski/tt-metal-pin/tt_metal/hw/firmware/src/tt-1xx/trisc.cc,
0,1,1,TRISC_2,49825,6078878910736,0,0,,,TRISC-KERNEL,ZONE_START,89,/localdev/ijankowski/tt-metal-pin/tt_metal/hw/firmware/src/tt-1xx/trisck.cc,
0,1,1,TRISC_2,53833,6078878910986,0,0,,,BW_SYN_TANH_MATERIALIZED,ZONE_START,16,/home/ijankowski/tmp/numerical-backward-synthesis/tt/kernels/compute/tanh_bw_baseline.cpp,
0,1,1,TRISC_2,53833,6078879437129,0,0,,,BW_SYN_TANH_MATERIALIZED,ZONE_END,16,/home/ijankowski/tmp/numerical-backward-synthesis/tt/kernels/compute/tanh_bw_baseline.cpp,
0,1,1,TRISC_2,49825,6078879437151,0,0,,,TRISC-KERNEL,ZONE_END,89,/localdev/ijankowski/tt-metal-pin/tt_metal/hw/firmware/src/tt-1xx/trisck.cc,
0,1,1,TRISC_2,5116,6078879437773,0,0,,,TRISC-FW,ZONE_END,150,/localdev/ijankowski/tt-metal-pin/tt_metal/hw/firmware/src/tt-1xx/trisc.cc,
0,1,1,TRISC_2,5116,6078901972131,0,0,,,TRISC-FW,ZONE_START,150,/localdev/ijankowski/tt-metal-pin/tt_metal/hw/firmware/src/tt-1xx/trisc.cc,
0,1,1,TRISC_2,49825,6078901972580,0,0,,,TRISC-KERNEL,ZONE_START,89,/localdev/ijankowski/tt-metal-pin/tt_metal/hw/firmware/src/tt-1xx/trisck.cc,
0,1,1,TRISC_2,53833,6078901972833,0,0,,,BW_SYN_TANH_MATERIALIZED,ZONE_START,16,/home/ijankowski/tmp/numerical-backward-synthesis/tt/kernels/compute/tanh_bw_baseline.cpp,
0,1,1,TRISC_2,53833,6078902498834,0,0,,,BW_SYN_TANH_MATERIALIZED,ZONE_END,16,/home/ijankowski/tmp/numerical-backward-synthesis/tt/kernels/compute/tanh_bw_baseline.cpp,
0,1,1,TRISC_2,49825,6078902498857,0,0,,,TRISC-KERNEL,ZONE_END,89,/localdev/ijankowski/tt-metal-pin/tt_metal/hw/firmware/src/tt-1xx/trisck.cc,
0,1,1,TRISC_2,5116,6078902499481,0,0,,,TRISC-FW,ZONE_END,150,/localdev/ijankowski/tt-metal-pin/tt_metal/hw/firmware/src/tt-1xx/trisc.cc,
0,1,1,TRISC_2,5116,6078925226783,0,0,,,TRISC-FW,ZONE_START,150,/localdev/ijankowski/tt-metal-pin/tt_metal/hw/firmware/src/tt-1xx/trisc.cc,
0,1,1,TRISC_2,49825,6078925227228,0,0,,,TRISC-KERNEL,ZONE_START,89,/localdev/ijankowski/tt-metal-pin/tt_metal/hw/firmware/src/tt-1xx/trisck.cc,
0,1,1,TRISC_2,53833,6078925227484,0,0,,,BW_SYN_TANH_MATERIALIZED,ZONE_START,16,/home/ijankowski/tmp/numerical-backward-synthesis/tt/kernels/compute/tanh_bw_baseline.cpp,
0,1,1,TRISC_2,53833,6078925753539,0,0,,,BW_SYN_TANH_MATERIALIZED,ZONE_END,16,/home/ijankowski/tmp/numerical-backward-synthesis/tt/kernels/compute/tanh_bw_baseline.cpp,
0,1,1,TRISC_2,49825,6078925753562,0,0,,,TRISC-KERNEL,ZONE_END,89,/localdev/ijankowski/tt-metal-pin/tt_metal/hw/firmware/src/tt-1xx/trisck.cc,
0,1,1,TRISC_2,5116,6078925754187,0,0,,,TRISC-FW,ZONE_END,150,/localdev/ijankowski/tt-metal-pin/tt_metal/hw/firmware/src/tt-1xx/trisc.cc,
0,1,1,TRISC_2,5116,6078949319548,0,0,,,TRISC-FW,ZONE_START,150,/localdev/ijankowski/tt-metal-pin/tt_metal/hw/firmware/src/tt-1xx/trisc.cc,
0,1,1,TRISC_2,49825,6078949319989,0,0,,,TRISC-KERNEL,ZONE_START,89,/localdev/ijankowski/tt-metal-pin/tt_metal/hw/firmware/src/tt-1xx/trisck.cc,
0,1,1,TRISC_2,53833,6078949320241,0,0,,,BW_SYN_TANH_MATERIALIZED,ZONE_START,16,/home/ijankowski/tmp/numerical-backward-synthesis/tt/kernels/compute/tanh_bw_baseline.cpp,
0,1,1,TRISC_2,53833,6078949846215,0,0,,,BW_SYN_TANH_MATERIALIZED,ZONE_END,16,/home/ijankowski/tmp/numerical-backward-synthesis/tt/kernels/compute/tanh_bw_baseline.cpp,
0,1,1,TRISC_2,49825,6078949846237,0,0,,,TRISC-KERNEL,ZONE_END,89,/localdev/ijankowski/tt-metal-pin/tt_metal/hw/firmware/src/tt-1xx/trisck.cc,
0,1,1,TRISC_2,5116,6078949846849,0,0,,,TRISC-FW,ZONE_END,150,/localdev/ijankowski/tt-metal-pin/tt_metal/hw/firmware/src/tt-1xx/trisc.cc,
0,1,1,TRISC_2,5116,6078973117656,0,0,,,TRISC-FW,ZONE_START,150,/localdev/ijankowski/tt-metal-pin/tt_metal/hw/firmware/src/tt-1xx/trisc.cc,
0,1,1,TRISC_2,49825,6078973118097,0,0,,,TRISC-KERNEL,ZONE_START,89,/localdev/ijankowski/tt-metal-pin/tt_metal/hw/firmware/src/tt-1xx/trisck.cc,
0,1,1,TRISC_2,53833,6078973118349,0,0,,,BW_SYN_TANH_MATERIALIZED,ZONE_START,16,/home/ijankowski/tmp/numerical-backward-synthesis/tt/kernels/compute/tanh_bw_baseline.cpp,
0,1,1,TRISC_2,53833,6078973644338,0,0,,,BW_SYN_TANH_MATERIALIZED,ZONE_END,16,/home/ijankowski/tmp/numerical-backward-synthesis/tt/kernels/compute/tanh_bw_baseline.cpp,
0,1,1,TRISC_2,49825,6078973644361,0,0,,,TRISC-KERNEL,ZONE_END,89,/localdev/ijankowski/tt-metal-pin/tt_metal/hw/firmware/src/tt-1xx/trisck.cc,
0,1,1,TRISC_2,5116,6078973644978,0,0,,,TRISC-FW,ZONE_END,150,/localdev/ijankowski/tt-metal-pin/tt_metal/hw/firmware/src/tt-1xx/trisc.cc,
0,1,1,TRISC_2,5116,6078997937357,0,0,,,TRISC-FW,ZONE_START,150,/localdev/ijankowski/tt-metal-pin/tt_metal/hw/firmware/src/tt-1xx/trisc.cc,
0,1,1,TRISC_2,49825,6078997937805,0,0,,,TRISC-KERNEL,ZONE_START,89,/localdev/ijankowski/tt-metal-pin/tt_metal/hw/firmware/src/tt-1xx/trisck.cc,
0,1,1,TRISC_2,53833,6078997938058,0,0,,,BW_SYN_TANH_MATERIALIZED,ZONE_START,16,/home/ijankowski/tmp/numerical-backward-synthesis/tt/kernels/compute/tanh_bw_baseline.cpp,
0,1,1,TRISC_2,53833,6078998381903,0,0,,,BW_SYN_TANH_MATERIALIZED,ZONE_END,16,/home/ijankowski/tmp/numerical-backward-synthesis/tt/kernels/compute/tanh_bw_baseline.cpp,
0,1,1,TRISC_2,49825,6078998381926,0,0,,,TRISC-KERNEL,ZONE_END,89,/localdev/ijankowski/tt-metal-pin/tt_metal/hw/firmware/src/tt-1xx/trisck.cc,
0,1,1,TRISC_2,5116,6078998382544,0,0,,,TRISC-FW,ZONE_END,150,/localdev/ijankowski/tt-metal-pin/tt_metal/hw/firmware/src/tt-1xx/trisc.cc,
0,1,1,TRISC_2,5116,6079022140655,0,0,,,TRISC-FW,ZONE_START,150,/localdev/ijankowski/tt-metal-pin/tt_metal/hw/firmware/src/tt-1xx/trisc.cc,
0,1,1,TRISC_2,49825,6079022141107,0,0,,,TRISC-KERNEL,ZONE_START,89,/localdev/ijankowski/tt-metal-pin/tt_metal/hw/firmware/src/tt-1xx/trisck.cc,
0,1,1,TRISC_2,32592,6079022141360,0,0,,,BW_SYN_TANH_TAIL_SPLIT4,ZONE_START,19,/home/ijankowski/tmp/numerical-backward-synthesis/tt/kernels/compute/tanh_bw_tail_split4.cpp,
0,1,1,TRISC_2,32592,6079022539099,0,0,,,BW_SYN_TANH_TAIL_SPLIT4,ZONE_END,19,/home/ijankowski/tmp/numerical-backward-synthesis/tt/kernels/compute/tanh_bw_tail_split4.cpp,
0,1,1,TRISC_2,49825,6079022539121,0,0,,,TRISC-KERNEL,ZONE_END,89,/localdev/ijankowski/tt-metal-pin/tt_metal/hw/firmware/src/tt-1xx/trisck.cc,
0,1,1,TRISC_2,5116,6079022541486,0,0,,,TRISC-FW,ZONE_END,150,/localdev/ijankowski/tt-metal-pin/tt_metal/hw/firmware/src/tt-1xx/trisc.cc,
0,1,1,TRISC_2,5116,6079044893935,0,0,,,TRISC-FW,ZONE_START,150,/localdev/ijankowski/tt-metal-pin/tt_metal/hw/firmware/src/tt-1xx/trisc.cc,
0,1,1,TRISC_2,49825,6079044894374,0,0,,,TRISC-KERNEL,ZONE_START,89,/localdev/ijankowski/tt-metal-pin/tt_metal/hw/firmware/src/tt-1xx/trisck.cc,
0,1,1,TRISC_2,53833,6079044894645,0,0,,,BW_SYN_TANH_MATERIALIZED,ZONE_START,16,/home/ijankowski/tmp/numerical-backward-synthesis/tt/kernels/compute/tanh_bw_baseline.cpp,
0,1,1,TRISC_2,53833,6079045420672,0,0,,,BW_SYN_TANH_MATERIALIZED,ZONE_END,16,/home/ijankowski/tmp/numerical-backward-synthesis/tt/kernels/compute/tanh_bw_baseline.cpp,
0,1,1,TRISC_2,49825,6079045420695,0,0,,,TRISC-KERNEL,ZONE_END,89,/localdev/ijankowski/tt-metal-pin/tt_metal/hw/firmware/src/tt-1xx/trisck.cc,
0,1,1,TRISC_2,5116,6079045421312,0,0,,,TRISC-FW,ZONE_END,150,/localdev/ijankowski/tt-metal-pin/tt_metal/hw/firmware/src/tt-1xx/trisc.cc,
0,1,1,TRISC_2,5116,6079068185056,0,0,,,TRISC-FW,ZONE_START,150,/localdev/ijankowski/tt-metal-pin/tt_metal/hw/firmware/src/tt-1xx/trisc.cc,
0,1,1,TRISC_2,49825,6079068185508,0,0,,,TRISC-KERNEL,ZONE_START,89,/localdev/ijankowski/tt-metal-pin/tt_metal/hw/firmware/src/tt-1xx/trisck.cc,
0,1,1,TRISC_2,32592,6079068185761,0,0,,,BW_SYN_TANH_TAIL_SPLIT4,ZONE_START,19,/home/ijankowski/tmp/numerical-backward-synthesis/tt/kernels/compute/tanh_bw_tail_split4.cpp,
0,1,1,TRISC_2,32592,6079068583509,0,0,,,BW_SYN_TANH_TAIL_SPLIT4,ZONE_END,19,/home/ijankowski/tmp/numerical-backward-synthesis/tt/kernels/compute/tanh_bw_tail_split4.cpp,
0,1,1,TRISC_2,49825,6079068583531,0,0,,,TRISC-KERNEL,ZONE_END,89,/localdev/ijankowski/tt-metal-pin/tt_metal/hw/firmware/src/tt-1xx/trisck.cc,
0,1,1,TRISC_2,5116,6079068585896,0,0,,,TRISC-FW,ZONE_END,150,/localdev/ijankowski/tt-metal-pin/tt_metal/hw/firmware/src/tt-1xx/trisc.cc,
0,1,1,TRISC_2,5116,6079091474978,0,0,,,TRISC-FW,ZONE_START,150,/localdev/ijankowski/tt-metal-pin/tt_metal/hw/firmware/src/tt-1xx/trisc.cc,
0,1,1,TRISC_2,49825,6079091475415,0,0,,,TRISC-KERNEL,ZONE_START,89,/localdev/ijankowski/tt-metal-pin/tt_metal/hw/firmware/src/tt-1xx/trisck.cc,
0,1,1,TRISC_2,53833,6079091475685,0,0,,,BW_SYN_TANH_MATERIALIZED,ZONE_START,16,/home/ijankowski/tmp/numerical-backward-synthesis/tt/kernels/compute/tanh_bw_baseline.cpp,
0,1,1,TRISC_2,53833,6079092001721,0,0,,,BW_SYN_TANH_MATERIALIZED,ZONE_END,16,/home/ijankowski/tmp/numerical-backward-synthesis/tt/kernels/compute/tanh_bw_baseline.cpp,
0,1,1,TRISC_2,49825,6079092001744,0,0,,,TRISC-KERNEL,ZONE_END,89,/localdev/ijankowski/tt-metal-pin/tt_metal/hw/firmware/src/tt-1xx/trisck.cc,
0,1,1,TRISC_2,5116,6079092002364,0,0,,,TRISC-FW,ZONE_END,150,/localdev/ijankowski/tt-metal-pin/tt_metal/hw/firmware/src/tt-1xx/trisc.cc,
0,1,1,TRISC_2,5116,6079114771266,0,0,,,TRISC-FW,ZONE_START,150,/localdev/ijankowski/tt-metal-pin/tt_metal/hw/firmware/src/tt-1xx/trisc.cc,
0,1,1,TRISC_2,49825,6079114771718,0,0,,,TRISC-KERNEL,ZONE_START,89,/localdev/ijankowski/tt-metal-pin/tt_metal/hw/firmware/src/tt-1xx/trisck.cc,
0,1,1,TRISC_2,32592,6079114771971,0,0,,,BW_SYN_TANH_TAIL_SPLIT4,ZONE_START,19,/home/ijankowski/tmp/numerical-backward-synthesis/tt/kernels/compute/tanh_bw_tail_split4.cpp,
0,1,1,TRISC_2,32592,6079115169532,0,0,,,BW_SYN_TANH_TAIL_SPLIT4,ZONE_END,19,/home/ijankowski/tmp/numerical-backward-synthesis/tt/kernels/compute/tanh_bw_tail_split4.cpp,
0,1,1,TRISC_2,49825,6079115169554,0,0,,,TRISC-KERNEL,ZONE_END,89,/localdev/ijankowski/tt-metal-pin/tt_metal/hw/firmware/src/tt-1xx/trisck.cc,
0,1,1,TRISC_2,5116,6079115172093,0,0,,,TRISC-FW,ZONE_END,150,/localdev/ijankowski/tt-metal-pin/tt_metal/hw/firmware/src/tt-1xx/trisc.cc,
0,1,1,TRISC_2,5116,6079138014026,0,0,,,TRISC-FW,ZONE_START,150,/localdev/ijankowski/tt-metal-pin/tt_metal/hw/firmware/src/tt-1xx/trisc.cc,
0,1,1,TRISC_2,49825,6079138014480,0,0,,,TRISC-KERNEL,ZONE_START,89,/localdev/ijankowski/tt-metal-pin/tt_metal/hw/firmware/src/tt-1xx/trisck.cc,
0,1,1,TRISC_2,53833,6079138014747,0,0,,,BW_SYN_TANH_MATERIALIZED,ZONE_START,16,/home/ijankowski/tmp/numerical-backward-synthesis/tt/kernels/compute/tanh_bw_baseline.cpp,
0,1,1,TRISC_2,53833,6079138540919,0,0,,,BW_SYN_TANH_MATERIALIZED,ZONE_END,16,/home/ijankowski/tmp/numerical-backward-synthesis/tt/kernels/compute/tanh_bw_baseline.cpp,
0,1,1,TRISC_2,49825,6079138540941,0,0,,,TRISC-KERNEL,ZONE_END,89,/localdev/ijankowski/tt-metal-pin/tt_metal/hw/firmware/src/tt-1xx/trisck.cc,
0,1,1,TRISC_2,5116,6079138541552,0,0,,,TRISC-FW,ZONE_END,150,/localdev/ijankowski/tt-metal-pin/tt_metal/hw/firmware/src/tt-1xx/trisc.cc,
0,1,1,TRISC_2,5116,6079161359788,0,0,,,TRISC-FW,ZONE_START,150,/localdev/ijankowski/tt-metal-pin/tt_metal/hw/firmware/src/tt-1xx/trisc.cc,
0,1,1,TRISC_2,49825,6079161360246,0,0,,,TRISC-KERNEL,ZONE_START,89,/localdev/ijankowski/tt-metal-pin/tt_metal/hw/firmware/src/tt-1xx/trisck.cc,
0,1,1,TRISC_2,32592,6079161360494,0,0,,,BW_SYN_TANH_TAIL_SPLIT4,ZONE_START,19,/home/ijankowski/tmp/numerical-backward-synthesis/tt/kernels/compute/tanh_bw_tail_split4.cpp,
0,1,1,TRISC_2,32592,6079161758147,0,0,,,BW_SYN_TANH_TAIL_SPLIT4,ZONE_END,19,/home/ijankowski/tmp/numerical-backward-synthesis/tt/kernels/compute/tanh_bw_tail_split4.cpp,
0,1,1,TRISC_2,49825,6079161758169,0,0,,,TRISC-KERNEL,ZONE_END,89,/localdev/ijankowski/tt-metal-pin/tt_metal/hw/firmware/src/tt-1xx/trisck.cc,
0,1,1,TRISC_2,5116,6079161760704,0,0,,,TRISC-FW,ZONE_END,150,/localdev/ijankowski/tt-metal-pin/tt_metal/hw/firmware/src/tt-1xx/trisc.cc,
0,1,1,TRISC_2,5116,6079187275202,0,0,,,TRISC-FW,ZONE_START,150,/localdev/ijankowski/tt-metal-pin/tt_metal/hw/firmware/src/tt-1xx/trisc.cc,
0,1,1,TRISC_2,49825,6079187275643,0,0,,,TRISC-KERNEL,ZONE_START,89,/localdev/ijankowski/tt-metal-pin/tt_metal/hw/firmware/src/tt-1xx/trisck.cc,
0,1,1,TRISC_2,53833,6079187275904,0,0,,,BW_SYN_TANH_MATERIALIZED,ZONE_START,16,/home/ijankowski/tmp/numerical-backward-synthesis/tt/kernels/compute/tanh_bw_baseline.cpp,
0,1,1,TRISC_2,53833,6079187801967,0,0,,,BW_SYN_TANH_MATERIALIZED,ZONE_END,16,/home/ijankowski/tmp/numerical-backward-synthesis/tt/kernels/compute/tanh_bw_baseline.cpp,
0,1,1,TRISC_2,49825,6079187801990,0,0,,,TRISC-KERNEL,ZONE_END,89,/localdev/ijankowski/tt-metal-pin/tt_metal/hw/firmware/src/tt-1xx/trisck.cc,
0,1,1,TRISC_2,5116,6079187802614,0,0,,,TRISC-FW,ZONE_END,150,/localdev/ijankowski/tt-metal-pin/tt_metal/hw/firmware/src/tt-1xx/trisc.cc,
0,1,1,TRISC_2,5116,6079210759016,0,0,,,TRISC-FW,ZONE_START,150,/localdev/ijankowski/tt-metal-pin/tt_metal/hw/firmware/src/tt-1xx/trisc.cc,
0,1,1,TRISC_2,49825,6079210759472,0,0,,,TRISC-KERNEL,ZONE_START,89,/localdev/ijankowski/tt-metal-pin/tt_metal/hw/firmware/src/tt-1xx/trisck.cc,
0,1,1,TRISC_2,32592,6079210759720,0,0,,,BW_SYN_TANH_TAIL_SPLIT4,ZONE_START,19,/home/ijankowski/tmp/numerical-backward-synthesis/tt/kernels/compute/tanh_bw_tail_split4.cpp,
0,1,1,TRISC_2,32592,6079211157474,0,0,,,BW_SYN_TANH_TAIL_SPLIT4,ZONE_END,19,/home/ijankowski/tmp/numerical-backward-synthesis/tt/kernels/compute/tanh_bw_tail_split4.cpp,
0,1,1,TRISC_2,49825,6079211157496,0,0,,,TRISC-KERNEL,ZONE_END,89,/localdev/ijankowski/tt-metal-pin/tt_metal/hw/firmware/src/tt-1xx/trisck.cc,
0,1,1,TRISC_2,5116,6079211160031,0,0,,,TRISC-FW,ZONE_END,150,/localdev/ijankowski/tt-metal-pin/tt_metal/hw/firmware/src/tt-1xx/trisc.cc,
0,1,1,TRISC_2,5116,6079234102922,0,0,,,TRISC-FW,ZONE_START,150,/localdev/ijankowski/tt-metal-pin/tt_metal/hw/firmware/src/tt-1xx/trisc.cc,
0,1,1,TRISC_2,49825,6079234103372,0,0,,,TRISC-KERNEL,ZONE_START,89,/localdev/ijankowski/tt-metal-pin/tt_metal/hw/firmware/src/tt-1xx/trisck.cc,
0,1,1,TRISC_2,53833,6079234103641,0,0,,,BW_SYN_TANH_MATERIALIZED,ZONE_START,16,/home/ijankowski/tmp/numerical-backward-synthesis/tt/kernels/compute/tanh_bw_baseline.cpp,
0,1,1,TRISC_2,53833,6079234629622,0,0,,,BW_SYN_TANH_MATERIALIZED,ZONE_END,16,/home/ijankowski/tmp/numerical-backward-synthesis/tt/kernels/compute/tanh_bw_baseline.cpp,
0,1,1,TRISC_2,49825,6079234629644,0,0,,,TRISC-KERNEL,ZONE_END,89,/localdev/ijankowski/tt-metal-pin/tt_metal/hw/firmware/src/tt-1xx/trisck.cc,
0,1,1,TRISC_2,5116,6079234630259,0,0,,,TRISC-FW,ZONE_END,150,/localdev/ijankowski/tt-metal-pin/tt_metal/hw/firmware/src/tt-1xx/trisc.cc,
0,1,1,TRISC_2,5116,6079257536824,0,0,,,TRISC-FW,ZONE_START,150,/localdev/ijankowski/tt-metal-pin/tt_metal/hw/firmware/src/tt-1xx/trisc.cc,
0,1,1,TRISC_2,49825,6079257537280,0,0,,,TRISC-KERNEL,ZONE_START,89,/localdev/ijankowski/tt-metal-pin/tt_metal/hw/firmware/src/tt-1xx/trisck.cc,
0,1,1,TRISC_2,32592,6079257537534,0,0,,,BW_SYN_TANH_TAIL_SPLIT4,ZONE_START,19,/home/ijankowski/tmp/numerical-backward-synthesis/tt/kernels/compute/tanh_bw_tail_split4.cpp,
0,1,1,TRISC_2,32592,6079257935129,0,0,,,BW_SYN_TANH_TAIL_SPLIT4,ZONE_END,19,/home/ijankowski/tmp/numerical-backward-synthesis/tt/kernels/compute/tanh_bw_tail_split4.cpp,
0,1,1,TRISC_2,49825,6079257935151,0,0,,,TRISC-KERNEL,ZONE_END,89,/localdev/ijankowski/tt-metal-pin/tt_metal/hw/firmware/src/tt-1xx/trisck.cc,
0,1,1,TRISC_2,5116,6079257937688,0,0,,,TRISC-FW,ZONE_END,150,/localdev/ijankowski/tt-metal-pin/tt_metal/hw/firmware/src/tt-1xx/trisc.cc,
0,1,1,TRISC_2,5116,6079280815455,0,0,,,TRISC-FW,ZONE_START,150,/localdev/ijankowski/tt-metal-pin/tt_metal/hw/firmware/src/tt-1xx/trisc.cc,
0,1,1,TRISC_2,49825,6079280815898,0,0,,,TRISC-KERNEL,ZONE_START,89,/localdev/ijankowski/tt-metal-pin/tt_metal/hw/firmware/src/tt-1xx/trisck.cc,
0,1,1,TRISC_2,53833,6079280816152,0,0,,,BW_SYN_TANH_MATERIALIZED,ZONE_START,16,/home/ijankowski/tmp/numerical-backward-synthesis/tt/kernels/compute/tanh_bw_baseline.cpp,
0,1,1,TRISC_2,53833,6079281342111,0,0,,,BW_SYN_TANH_MATERIALIZED,ZONE_END,16,/home/ijankowski/tmp/numerical-backward-synthesis/tt/kernels/compute/tanh_bw_baseline.cpp,
0,1,1,TRISC_2,49825,6079281342134,0,0,,,TRISC-KERNEL,ZONE_END,89,/localdev/ijankowski/tt-metal-pin/tt_metal/hw/firmware/src/tt-1xx/trisck.cc,
0,1,1,TRISC_2,5116,6079281342752,0,0,,,TRISC-FW,ZONE_END,150,/localdev/ijankowski/tt-metal-pin/tt_metal/hw/firmware/src/tt-1xx/trisc.cc,
0,1,1,TRISC_2,5116,6079304252605,0,0,,,TRISC-FW,ZONE_START,150,/localdev/ijankowski/tt-metal-pin/tt_metal/hw/firmware/src/tt-1xx/trisc.cc,
0,1,1,TRISC_2,49825,6079304253066,0,0,,,TRISC-KERNEL,ZONE_START,89,/localdev/ijankowski/tt-metal-pin/tt_metal/hw/firmware/src/tt-1xx/trisck.cc,
0,1,1,TRISC_2,32592,6079304253317,0,0,,,BW_SYN_TANH_TAIL_SPLIT4,ZONE_START,19,/home/ijankowski/tmp/numerical-backward-synthesis/tt/kernels/compute/tanh_bw_tail_split4.cpp,
0,1,1,TRISC_2,32592,6079304650870,0,0,,,BW_SYN_TANH_TAIL_SPLIT4,ZONE_END,19,/home/ijankowski/tmp/numerical-backward-synthesis/tt/kernels/compute/tanh_bw_tail_split4.cpp,
0,1,1,TRISC_2,49825,6079304650892,0,0,,,TRISC-KERNEL,ZONE_END,89,/localdev/ijankowski/tt-metal-pin/tt_metal/hw/firmware/src/tt-1xx/trisck.cc,
0,1,1,TRISC_2,5116,6079304653433,0,0,,,TRISC-FW,ZONE_END,150,/localdev/ijankowski/tt-metal-pin/tt_metal/hw/firmware/src/tt-1xx/trisc.cc,
0,1,1,TRISC_2,5116,6079329074687,0,0,,,TRISC-FW,ZONE_START,150,/localdev/ijankowski/tt-metal-pin/tt_metal/hw/firmware/src/tt-1xx/trisc.cc,
0,1,1,TRISC_2,49825,6079329075138,0,0,,,TRISC-KERNEL,ZONE_START,89,/localdev/ijankowski/tt-metal-pin/tt_metal/hw/firmware/src/tt-1xx/trisck.cc,
0,1,1,TRISC_2,53833,6079329075408,0,0,,,BW_SYN_TANH_MATERIALIZED,ZONE_START,16,/home/ijankowski/tmp/numerical-backward-synthesis/tt/kernels/compute/tanh_bw_baseline.cpp,
0,1,1,TRISC_2,53833,6079329601406,0,0,,,BW_SYN_TANH_MATERIALIZED,ZONE_END,16,/home/ijankowski/tmp/numerical-backward-synthesis/tt/kernels/compute/tanh_bw_baseline.cpp,
0,1,1,TRISC_2,49825,6079329601429,0,0,,,TRISC-KERNEL,ZONE_END,89,/localdev/ijankowski/tt-metal-pin/tt_metal/hw/firmware/src/tt-1xx/trisck.cc,
0,1,1,TRISC_2,5116,6079329602046,0,0,,,TRISC-FW,ZONE_END,150,/localdev/ijankowski/tt-metal-pin/tt_metal/hw/firmware/src/tt-1xx/trisc.cc,
0,1,1,TRISC_2,5116,6079352673007,0,0,,,TRISC-FW,ZONE_START,150,/localdev/ijankowski/tt-metal-pin/tt_metal/hw/firmware/src/tt-1xx/trisc.cc,
0,1,1,TRISC_2,49825,6079352673464,0,0,,,TRISC-KERNEL,ZONE_START,89,/localdev/ijankowski/tt-metal-pin/tt_metal/hw/firmware/src/tt-1xx/trisck.cc,
0,1,1,TRISC_2,32592,6079352673713,0,0,,,BW_SYN_TANH_TAIL_SPLIT4,ZONE_START,19,/home/ijankowski/tmp/numerical-backward-synthesis/tt/kernels/compute/tanh_bw_tail_split4.cpp,
0,1,1,TRISC_2,32592,6079353071446,0,0,,,BW_SYN_TANH_TAIL_SPLIT4,ZONE_END,19,/home/ijankowski/tmp/numerical-backward-synthesis/tt/kernels/compute/tanh_bw_tail_split4.cpp,
0,1,1,TRISC_2,49825,6079353071468,0,0,,,TRISC-KERNEL,ZONE_END,89,/localdev/ijankowski/tt-metal-pin/tt_metal/hw/firmware/src/tt-1xx/trisck.cc,
0,1,1,TRISC_2,5116,6079353074013,0,0,,,TRISC-FW,ZONE_END,150,/localdev/ijankowski/tt-metal-pin/tt_metal/hw/firmware/src/tt-1xx/trisc.cc,
0,1,1,TRISC_2,5116,6079375985322,0,0,,,TRISC-FW,ZONE_START,150,/localdev/ijankowski/tt-metal-pin/tt_metal/hw/firmware/src/tt-1xx/trisc.cc,
0,1,1,TRISC_2,49825,6079375985776,0,0,,,TRISC-KERNEL,ZONE_START,89,/localdev/ijankowski/tt-metal-pin/tt_metal/hw/firmware/src/tt-1xx/trisck.cc,
0,1,1,TRISC_2,53833,6079375986060,0,0,,,BW_SYN_TANH_MATERIALIZED,ZONE_START,16,/home/ijankowski/tmp/numerical-backward-synthesis/tt/kernels/compute/tanh_bw_baseline.cpp,
0,1,1,TRISC_2,53833,6079376512147,0,0,,,BW_SYN_TANH_MATERIALIZED,ZONE_END,16,/home/ijankowski/tmp/numerical-backward-synthesis/tt/kernels/compute/tanh_bw_baseline.cpp,
0,1,1,TRISC_2,49825,6079376512169,0,0,,,TRISC-KERNEL,ZONE_END,89,/localdev/ijankowski/tt-metal-pin/tt_metal/hw/firmware/src/tt-1xx/trisck.cc,
0,1,1,TRISC_2,5116,6079376512784,0,0,,,TRISC-FW,ZONE_END,150,/localdev/ijankowski/tt-metal-pin/tt_metal/hw/firmware/src/tt-1xx/trisc.cc,
0,1,1,TRISC_2,5116,6079399565217,0,0,,,TRISC-FW,ZONE_START,150,/localdev/ijankowski/tt-metal-pin/tt_metal/hw/firmware/src/tt-1xx/trisc.cc,
0,1,1,TRISC_2,49825,6079399565664,0,0,,,TRISC-KERNEL,ZONE_START,89,/localdev/ijankowski/tt-metal-pin/tt_metal/hw/firmware/src/tt-1xx/trisck.cc,
0,1,1,TRISC_2,32592,6079399565917,0,0,,,BW_SYN_TANH_TAIL_SPLIT4,ZONE_START,19,/home/ijankowski/tmp/numerical-backward-synthesis/tt/kernels/compute/tanh_bw_tail_split4.cpp,
0,1,1,TRISC_2,32592,6079399963488,0,0,,,BW_SYN_TANH_TAIL_SPLIT4,ZONE_END,19,/home/ijankowski/tmp/numerical-backward-synthesis/tt/kernels/compute/tanh_bw_tail_split4.cpp,
0,1,1,TRISC_2,49825,6079399963510,0,0,,,TRISC-KERNEL,ZONE_END,89,/localdev/ijankowski/tt-metal-pin/tt_metal/hw/firmware/src/tt-1xx/trisck.cc,
0,1,1,TRISC_2,5116,6079399966055,0,0,,,TRISC-FW,ZONE_END,150,/localdev/ijankowski/tt-metal-pin/tt_metal/hw/firmware/src/tt-1xx/trisc.cc,
0,1,1,TRISC_2,5116,6079423325986,0,0,,,TRISC-FW,ZONE_START,150,/localdev/ijankowski/tt-metal-pin/tt_metal/hw/firmware/src/tt-1xx/trisc.cc,
0,1,1,TRISC_2,49825,6079423326437,0,0,,,TRISC-KERNEL,ZONE_START,89,/localdev/ijankowski/tt-metal-pin/tt_metal/hw/firmware/src/tt-1xx/trisck.cc,
0,1,1,TRISC_2,53833,6079423326702,0,0,,,BW_SYN_TANH_MATERIALIZED,ZONE_START,16,/home/ijankowski/tmp/numerical-backward-synthesis/tt/kernels/compute/tanh_bw_baseline.cpp,
0,1,1,TRISC_2,53833,6079423852645,0,0,,,BW_SYN_TANH_MATERIALIZED,ZONE_END,16,/home/ijankowski/tmp/numerical-backward-synthesis/tt/kernels/compute/tanh_bw_baseline.cpp,
0,1,1,TRISC_2,49825,6079423852667,0,0,,,TRISC-KERNEL,ZONE_END,89,/localdev/ijankowski/tt-metal-pin/tt_metal/hw/firmware/src/tt-1xx/trisck.cc,
0,1,1,TRISC_2,5116,6079423853271,0,0,,,TRISC-FW,ZONE_END,150,/localdev/ijankowski/tt-metal-pin/tt_metal/hw/firmware/src/tt-1xx/trisc.cc,
0,1,1,TRISC_2,5116,6079447001157,0,0,,,TRISC-FW,ZONE_START,150,/localdev/ijankowski/tt-metal-pin/tt_metal/hw/firmware/src/tt-1xx/trisc.cc,
0,1,1,TRISC_2,49825,6079447001609,0,0,,,TRISC-KERNEL,ZONE_START,89,/localdev/ijankowski/tt-metal-pin/tt_metal/hw/firmware/src/tt-1xx/trisck.cc,
0,1,1,TRISC_2,32592,6079447001858,0,0,,,BW_SYN_TANH_TAIL_SPLIT4,ZONE_START,19,/home/ijankowski/tmp/numerical-backward-synthesis/tt/kernels/compute/tanh_bw_tail_split4.cpp,
0,1,1,TRISC_2,32592,6079447399439,0,0,,,BW_SYN_TANH_TAIL_SPLIT4,ZONE_END,19,/home/ijankowski/tmp/numerical-backward-synthesis/tt/kernels/compute/tanh_bw_tail_split4.cpp,
0,1,1,TRISC_2,49825,6079447399461,0,0,,,TRISC-KERNEL,ZONE_END,89,/localdev/ijankowski/tt-metal-pin/tt_metal/hw/firmware/src/tt-1xx/trisck.cc,
0,1,1,TRISC_2,5116,6079447402004,0,0,,,TRISC-FW,ZONE_END,150,/localdev/ijankowski/tt-metal-pin/tt_metal/hw/firmware/src/tt-1xx/trisc.cc,
0,1,1,TRISC_2,5116,6079470305647,0,0,,,TRISC-FW,ZONE_START,150,/localdev/ijankowski/tt-metal-pin/tt_metal/hw/firmware/src/tt-1xx/trisc.cc,
0,1,1,TRISC_2,49825,6079470306089,0,0,,,TRISC-KERNEL,ZONE_START,89,/localdev/ijankowski/tt-metal-pin/tt_metal/hw/firmware/src/tt-1xx/trisck.cc,
0,1,1,TRISC_2,53833,6079470306343,0,0,,,BW_SYN_TANH_MATERIALIZED,ZONE_START,16,/home/ijankowski/tmp/numerical-backward-synthesis/tt/kernels/compute/tanh_bw_baseline.cpp,
0,1,1,TRISC_2,53833,6079470832365,0,0,,,BW_SYN_TANH_MATERIALIZED,ZONE_END,16,/home/ijankowski/tmp/numerical-backward-synthesis/tt/kernels/compute/tanh_bw_baseline.cpp,
0,1,1,TRISC_2,49825,6079470832388,0,0,,,TRISC-KERNEL,ZONE_END,89,/localdev/ijankowski/tt-metal-pin/tt_metal/hw/firmware/src/tt-1xx/trisck.cc,
0,1,1,TRISC_2,5116,6079470833005,0,0,,,TRISC-FW,ZONE_END,150,/localdev/ijankowski/tt-metal-pin/tt_metal/hw/firmware/src/tt-1xx/trisc.cc,
0,1,1,TRISC_2,5116,6079494951347,0,0,,,TRISC-FW,ZONE_START,150,/localdev/ijankowski/tt-metal-pin/tt_metal/hw/firmware/src/tt-1xx/trisc.cc,
0,1,1,TRISC_2,49825,6079494951802,0,0,,,TRISC-KERNEL,ZONE_START,89,/localdev/ijankowski/tt-metal-pin/tt_metal/hw/firmware/src/tt-1xx/trisck.cc,
0,1,1,TRISC_2,32592,6079494952052,0,0,,,BW_SYN_TANH_TAIL_SPLIT4,ZONE_START,19,/home/ijankowski/tmp/numerical-backward-synthesis/tt/kernels/compute/tanh_bw_tail_split4.cpp,
0,1,1,TRISC_2,32592,6079495349642,0,0,,,BW_SYN_TANH_TAIL_SPLIT4,ZONE_END,19,/home/ijankowski/tmp/numerical-backward-synthesis/tt/kernels/compute/tanh_bw_tail_split4.cpp,
0,1,1,TRISC_2,49825,6079495349664,0,0,,,TRISC-KERNEL,ZONE_END,89,/localdev/ijankowski/tt-metal-pin/tt_metal/hw/firmware/src/tt-1xx/trisck.cc,
0,1,1,TRISC_2,5116,6079495352209,0,0,,,TRISC-FW,ZONE_END,150,/localdev/ijankowski/tt-metal-pin/tt_metal/hw/firmware/src/tt-1xx/trisc.cc,
0,1,1,TRISC_2,5116,6079519490978,0,0,,,TRISC-FW,ZONE_START,150,/localdev/ijankowski/tt-metal-pin/tt_metal/hw/firmware/src/tt-1xx/trisc.cc,
0,1,1,TRISC_2,49825,6079519491428,0,0,,,TRISC-KERNEL,ZONE_START,89,/localdev/ijankowski/tt-metal-pin/tt_metal/hw/firmware/src/tt-1xx/trisck.cc,
0,1,1,TRISC_2,53833,6079519491695,0,0,,,BW_SYN_TANH_MATERIALIZED,ZONE_START,16,/home/ijankowski/tmp/numerical-backward-synthesis/tt/kernels/compute/tanh_bw_baseline.cpp,
0,1,1,TRISC_2,53833,6079520017654,0,0,,,BW_SYN_TANH_MATERIALIZED,ZONE_END,16,/home/ijankowski/tmp/numerical-backward-synthesis/tt/kernels/compute/tanh_bw_baseline.cpp,
0,1,1,TRISC_2,49825,6079520017676,0,0,,,TRISC-KERNEL,ZONE_END,89,/localdev/ijankowski/tt-metal-pin/tt_metal/hw/firmware/src/tt-1xx/trisck.cc,
0,1,1,TRISC_2,5116,6079520018290,0,0,,,TRISC-FW,ZONE_END,150,/localdev/ijankowski/tt-metal-pin/tt_metal/hw/firmware/src/tt-1xx/trisc.cc,
0,1,1,TRISC_2,5116,6079542903630,0,0,,,TRISC-FW,ZONE_START,150,/localdev/ijankowski/tt-metal-pin/tt_metal/hw/firmware/src/tt-1xx/trisc.cc,
0,1,1,TRISC_2,49825,6079542904077,0,0,,,TRISC-KERNEL,ZONE_START,89,/localdev/ijankowski/tt-metal-pin/tt_metal/hw/firmware/src/tt-1xx/trisck.cc,
0,1,1,TRISC_2,32592,6079542904328,0,0,,,BW_SYN_TANH_TAIL_SPLIT4,ZONE_START,19,/home/ijankowski/tmp/numerical-backward-synthesis/tt/kernels/compute/tanh_bw_tail_split4.cpp,
0,1,1,TRISC_2,32592,6079543301893,0,0,,,BW_SYN_TANH_TAIL_SPLIT4,ZONE_END,19,/home/ijankowski/tmp/numerical-backward-synthesis/tt/kernels/compute/tanh_bw_tail_split4.cpp,
0,1,1,TRISC_2,49825,6079543301915,0,0,,,TRISC-KERNEL,ZONE_END,89,/localdev/ijankowski/tt-metal-pin/tt_metal/hw/firmware/src/tt-1xx/trisck.cc,
0,1,1,TRISC_2,5116,6079543304450,0,0,,,TRISC-FW,ZONE_END,150,/localdev/ijankowski/tt-metal-pin/tt_metal/hw/firmware/src/tt-1xx/trisc.cc,
0,1,1,TRISC_2,5116,6079566211426,0,0,,,TRISC-FW,ZONE_START,150,/localdev/ijankowski/tt-metal-pin/tt_metal/hw/firmware/src/tt-1xx/trisc.cc,
0,1,1,TRISC_2,49825,6079566211871,0,0,,,TRISC-KERNEL,ZONE_START,89,/localdev/ijankowski/tt-metal-pin/tt_metal/hw/firmware/src/tt-1xx/trisck.cc,
0,1,1,TRISC_2,53833,6079566212138,0,0,,,BW_SYN_TANH_MATERIALIZED,ZONE_START,16,/home/ijankowski/tmp/numerical-backward-synthesis/tt/kernels/compute/tanh_bw_baseline.cpp,
0,1,1,TRISC_2,53833,6079566738115,0,0,,,BW_SYN_TANH_MATERIALIZED,ZONE_END,16,/home/ijankowski/tmp/numerical-backward-synthesis/tt/kernels/compute/tanh_bw_baseline.cpp,
0,1,1,TRISC_2,49825,6079566738137,0,0,,,TRISC-KERNEL,ZONE_END,89,/localdev/ijankowski/tt-metal-pin/tt_metal/hw/firmware/src/tt-1xx/trisck.cc,
0,1,1,TRISC_2,5116,6079566738752,0,0,,,TRISC-FW,ZONE_END,150,/localdev/ijankowski/tt-metal-pin/tt_metal/hw/firmware/src/tt-1xx/trisc.cc,
0,1,1,TRISC_2,5116,6079589640222,0,0,,,TRISC-FW,ZONE_START,150,/localdev/ijankowski/tt-metal-pin/tt_metal/hw/firmware/src/tt-1xx/trisc.cc,
0,1,1,TRISC_2,49825,6079589640675,0,0,,,TRISC-KERNEL,ZONE_START,89,/localdev/ijankowski/tt-metal-pin/tt_metal/hw/firmware/src/tt-1xx/trisck.cc,
0,1,1,TRISC_2,32592,6079589640925,0,0,,,BW_SYN_TANH_TAIL_SPLIT4,ZONE_START,19,/home/ijankowski/tmp/numerical-backward-synthesis/tt/kernels/compute/tanh_bw_tail_split4.cpp,
0,1,1,TRISC_2,32592,6079590038692,0,0,,,BW_SYN_TANH_TAIL_SPLIT4,ZONE_END,19,/home/ijankowski/tmp/numerical-backward-synthesis/tt/kernels/compute/tanh_bw_tail_split4.cpp,
0,1,1,TRISC_2,49825,6079590038714,0,0,,,TRISC-KERNEL,ZONE_END,89,/localdev/ijankowski/tt-metal-pin/tt_metal/hw/firmware/src/tt-1xx/trisck.cc,
0,1,1,TRISC_2,5116,6079590041253,0,0,,,TRISC-FW,ZONE_END,150,/localdev/ijankowski/tt-metal-pin/tt_metal/hw/firmware/src/tt-1xx/trisc.cc,
0,1,1,TRISC_2,5116,6079612932502,0,0,,,TRISC-FW,ZONE_START,150,/localdev/ijankowski/tt-metal-pin/tt_metal/hw/firmware/src/tt-1xx/trisc.cc,
0,1,1,TRISC_2,49825,6079612932945,0,0,,,TRISC-KERNEL,ZONE_START,89,/localdev/ijankowski/tt-metal-pin/tt_metal/hw/firmware/src/tt-1xx/trisck.cc,
0,1,1,TRISC_2,53833,6079612933206,0,0,,,BW_SYN_TANH_MATERIALIZED,ZONE_START,16,/home/ijankowski/tmp/numerical-backward-synthesis/tt/kernels/compute/tanh_bw_baseline.cpp,
0,1,1,TRISC_2,53833,6079613459180,0,0,,,BW_SYN_TANH_MATERIALIZED,ZONE_END,16,/home/ijankowski/tmp/numerical-backward-synthesis/tt/kernels/compute/tanh_bw_baseline.cpp,
0,1,1,TRISC_2,49825,6079613459202,0,0,,,TRISC-KERNEL,ZONE_END,89,/localdev/ijankowski/tt-metal-pin/tt_metal/hw/firmware/src/tt-1xx/trisck.cc,
0,1,1,TRISC_2,5116,6079613459818,0,0,,,TRISC-FW,ZONE_END,150,/localdev/ijankowski/tt-metal-pin/tt_metal/hw/firmware/src/tt-1xx/trisc.cc,
0,1,1,TRISC_2,5116,6079638209415,0,0,,,TRISC-FW,ZONE_START,150,/localdev/ijankowski/tt-metal-pin/tt_metal/hw/firmware/src/tt-1xx/trisc.cc,
0,1,1,TRISC_2,49825,6079638209870,0,0,,,TRISC-KERNEL,ZONE_START,89,/localdev/ijankowski/tt-metal-pin/tt_metal/hw/firmware/src/tt-1xx/trisck.cc,
0,1,1,TRISC_2,32592,6079638210120,0,0,,,BW_SYN_TANH_TAIL_SPLIT4,ZONE_START,19,/home/ijankowski/tmp/numerical-backward-synthesis/tt/kernels/compute/tanh_bw_tail_split4.cpp,
0,1,1,TRISC_2,32592,6079638607758,0,0,,,BW_SYN_TANH_TAIL_SPLIT4,ZONE_END,19,/home/ijankowski/tmp/numerical-backward-synthesis/tt/kernels/compute/tanh_bw_tail_split4.cpp,
0,1,1,TRISC_2,49825,6079638607780,0,0,,,TRISC-KERNEL,ZONE_END,89,/localdev/ijankowski/tt-metal-pin/tt_metal/hw/firmware/src/tt-1xx/trisck.cc,
0,1,1,TRISC_2,5116,6079638610319,0,0,,,TRISC-FW,ZONE_END,150,/localdev/ijankowski/tt-metal-pin/tt_metal/hw/firmware/src/tt-1xx/trisc.cc,
0,1,1,TRISC_2,5116,6079661592205,0,0,,,TRISC-FW,ZONE_START,150,/localdev/ijankowski/tt-metal-pin/tt_metal/hw/firmware/src/tt-1xx/trisc.cc,
0,1,1,TRISC_2,49825,6079661592654,0,0,,,TRISC-KERNEL,ZONE_START,89,/localdev/ijankowski/tt-metal-pin/tt_metal/hw/firmware/src/tt-1xx/trisck.cc,
0,1,1,TRISC_2,53833,6079661592921,0,0,,,BW_SYN_TANH_MATERIALIZED,ZONE_START,16,/home/ijankowski/tmp/numerical-backward-synthesis/tt/kernels/compute/tanh_bw_baseline.cpp,
0,1,1,TRISC_2,53833,6079662118874,0,0,,,BW_SYN_TANH_MATERIALIZED,ZONE_END,16,/home/ijankowski/tmp/numerical-backward-synthesis/tt/kernels/compute/tanh_bw_baseline.cpp,
0,1,1,TRISC_2,49825,6079662118897,0,0,,,TRISC-KERNEL,ZONE_END,89,/localdev/ijankowski/tt-metal-pin/tt_metal/hw/firmware/src/tt-1xx/trisck.cc,
0,1,1,TRISC_2,5116,6079662119512,0,0,,,TRISC-FW,ZONE_END,150,/localdev/ijankowski/tt-metal-pin/tt_metal/hw/firmware/src/tt-1xx/trisc.cc,
0,1,1,TRISC_2,5116,6079685587552,0,0,,,TRISC-FW,ZONE_START,150,/localdev/ijankowski/tt-metal-pin/tt_metal/hw/firmware/src/tt-1xx/trisc.cc,
0,1,1,TRISC_2,49825,6079685588006,0,0,,,TRISC-KERNEL,ZONE_START,89,/localdev/ijankowski/tt-metal-pin/tt_metal/hw/firmware/src/tt-1xx/trisck.cc,
0,1,1,TRISC_2,32592,6079685588256,0,0,,,BW_SYN_TANH_TAIL_SPLIT4,ZONE_START,19,/home/ijankowski/tmp/numerical-backward-synthesis/tt/kernels/compute/tanh_bw_tail_split4.cpp,
0,1,1,TRISC_2,32592,6079685986136,0,0,,,BW_SYN_TANH_TAIL_SPLIT4,ZONE_END,19,/home/ijankowski/tmp/numerical-backward-synthesis/tt/kernels/compute/tanh_bw_tail_split4.cpp,
0,1,1,TRISC_2,49825,6079685986158,0,0,,,TRISC-KERNEL,ZONE_END,89,/localdev/ijankowski/tt-metal-pin/tt_metal/hw/firmware/src/tt-1xx/trisck.cc,
0,1,1,TRISC_2,5116,6079685988694,0,0,,,TRISC-FW,ZONE_END,150,/localdev/ijankowski/tt-metal-pin/tt_metal/hw/firmware/src/tt-1xx/trisc.cc,
0,1,1,TRISC_2,5116,6079708921641,0,0,,,TRISC-FW,ZONE_START,150,/localdev/ijankowski/tt-metal-pin/tt_metal/hw/firmware/src/tt-1xx/trisc.cc,
0,1,1,TRISC_2,49825,6079708922087,0,0,,,TRISC-KERNEL,ZONE_START,89,/localdev/ijankowski/tt-metal-pin/tt_metal/hw/firmware/src/tt-1xx/trisck.cc,
0,1,1,TRISC_2,53833,6079708922354,0,0,,,BW_SYN_TANH_MATERIALIZED,ZONE_START,16,/home/ijankowski/tmp/numerical-backward-synthesis/tt/kernels/compute/tanh_bw_baseline.cpp,
0,1,1,TRISC_2,53833,6079709448354,0,0,,,BW_SYN_TANH_MATERIALIZED,ZONE_END,16,/home/ijankowski/tmp/numerical-backward-synthesis/tt/kernels/compute/tanh_bw_baseline.cpp,
0,1,1,TRISC_2,49825,6079709448377,0,0,,,TRISC-KERNEL,ZONE_END,89,/localdev/ijankowski/tt-metal-pin/tt_metal/hw/firmware/src/tt-1xx/trisck.cc,
0,1,1,TRISC_2,5116,6079709448993,0,0,,,TRISC-FW,ZONE_END,150,/localdev/ijankowski/tt-metal-pin/tt_metal/hw/firmware/src/tt-1xx/trisc.cc,
0,1,1,TRISC_2,5116,6079732473425,0,0,,,TRISC-FW,ZONE_START,150,/localdev/ijankowski/tt-metal-pin/tt_metal/hw/firmware/src/tt-1xx/trisc.cc,
0,1,1,TRISC_2,49825,6079732473881,0,0,,,TRISC-KERNEL,ZONE_START,89,/localdev/ijankowski/tt-metal-pin/tt_metal/hw/firmware/src/tt-1xx/trisck.cc,
0,1,1,TRISC_2,32592,6079732474132,0,0,,,BW_SYN_TANH_TAIL_SPLIT4,ZONE_START,19,/home/ijankowski/tmp/numerical-backward-synthesis/tt/kernels/compute/tanh_bw_tail_split4.cpp,
0,1,1,TRISC_2,32592,6079732871668,0,0,,,BW_SYN_TANH_TAIL_SPLIT4,ZONE_END,19,/home/ijankowski/tmp/numerical-backward-synthesis/tt/kernels/compute/tanh_bw_tail_split4.cpp,
0,1,1,TRISC_2,49825,6079732871690,0,0,,,TRISC-KERNEL,ZONE_END,89,/localdev/ijankowski/tt-metal-pin/tt_metal/hw/firmware/src/tt-1xx/trisck.cc,
0,1,1,TRISC_2,5116,6079732874228,0,0,,,TRISC-FW,ZONE_END,150,/localdev/ijankowski/tt-metal-pin/tt_metal/hw/firmware/src/tt-1xx/trisc.cc,
0,1,1,TRISC_2,5116,6079756065252,0,0,,,TRISC-FW,ZONE_START,150,/localdev/ijankowski/tt-metal-pin/tt_metal/hw/firmware/src/tt-1xx/trisc.cc,
0,1,1,TRISC_2,49825,6079756065709,0,0,,,TRISC-KERNEL,ZONE_START,89,/localdev/ijankowski/tt-metal-pin/tt_metal/hw/firmware/src/tt-1xx/trisck.cc,
0,1,1,TRISC_2,53833,6079756065972,0,0,,,BW_SYN_TANH_MATERIALIZED,ZONE_START,16,/home/ijankowski/tmp/numerical-backward-synthesis/tt/kernels/compute/tanh_bw_baseline.cpp,
0,1,1,TRISC_2,53833,6079756591983,0,0,,,BW_SYN_TANH_MATERIALIZED,ZONE_END,16,/home/ijankowski/tmp/numerical-backward-synthesis/tt/kernels/compute/tanh_bw_baseline.cpp,
0,1,1,TRISC_2,49825,6079756592005,0,0,,,TRISC-KERNEL,ZONE_END,89,/localdev/ijankowski/tt-metal-pin/tt_metal/hw/firmware/src/tt-1xx/trisck.cc,
0,1,1,TRISC_2,5116,6079756592619,0,0,,,TRISC-FW,ZONE_END,150,/localdev/ijankowski/tt-metal-pin/tt_metal/hw/firmware/src/tt-1xx/trisc.cc,
0,1,1,TRISC_2,5116,6079779598569,0,0,,,TRISC-FW,ZONE_START,150,/localdev/ijankowski/tt-metal-pin/tt_metal/hw/firmware/src/tt-1xx/trisc.cc,
0,1,1,TRISC_2,49825,6079779599018,0,0,,,TRISC-KERNEL,ZONE_START,89,/localdev/ijankowski/tt-metal-pin/tt_metal/hw/firmware/src/tt-1xx/trisck.cc,
0,1,1,TRISC_2,32592,6079779599270,0,0,,,BW_SYN_TANH_TAIL_SPLIT4,ZONE_START,19,/home/ijankowski/tmp/numerical-backward-synthesis/tt/kernels/compute/tanh_bw_tail_split4.cpp,
0,1,1,TRISC_2,32592,6079779996828,0,0,,,BW_SYN_TANH_TAIL_SPLIT4,ZONE_END,19,/home/ijankowski/tmp/numerical-backward-synthesis/tt/kernels/compute/tanh_bw_tail_split4.cpp,
0,1,1,TRISC_2,49825,6079779996850,0,0,,,TRISC-KERNEL,ZONE_END,89,/localdev/ijankowski/tt-metal-pin/tt_metal/hw/firmware/src/tt-1xx/trisck.cc,
0,1,1,TRISC_2,5116,6079779999394,0,0,,,TRISC-FW,ZONE_END,150,/localdev/ijankowski/tt-metal-pin/tt_metal/hw/firmware/src/tt-1xx/trisc.cc,
0,1,1,TRISC_2,5116,6079804669326,0,0,,,TRISC-FW,ZONE_START,150,/localdev/ijankowski/tt-metal-pin/tt_metal/hw/firmware/src/tt-1xx/trisc.cc,
0,1,1,TRISC_2,49825,6079804669769,0,0,,,TRISC-KERNEL,ZONE_START,89,/localdev/ijankowski/tt-metal-pin/tt_metal/hw/firmware/src/tt-1xx/trisck.cc,
0,1,1,TRISC_2,53833,6079804670019,0,0,,,BW_SYN_TANH_MATERIALIZED,ZONE_START,16,/home/ijankowski/tmp/numerical-backward-synthesis/tt/kernels/compute/tanh_bw_baseline.cpp,
0,1,1,TRISC_2,53833,6079805196031,0,0,,,BW_SYN_TANH_MATERIALIZED,ZONE_END,16,/home/ijankowski/tmp/numerical-backward-synthesis/tt/kernels/compute/tanh_bw_baseline.cpp,
0,1,1,TRISC_2,49825,6079805196054,0,0,,,TRISC-KERNEL,ZONE_END,89,/localdev/ijankowski/tt-metal-pin/tt_metal/hw/firmware/src/tt-1xx/trisck.cc,
0,1,1,TRISC_2,5116,6079805196672,0,0,,,TRISC-FW,ZONE_END,150,/localdev/ijankowski/tt-metal-pin/tt_metal/hw/firmware/src/tt-1xx/trisc.cc,
0,1,1,TRISC_2,5116,6079828158180,0,0,,,TRISC-FW,ZONE_START,150,/localdev/ijankowski/tt-metal-pin/tt_metal/hw/firmware/src/tt-1xx/trisc.cc,
0,1,1,TRISC_2,49825,6079828158632,0,0,,,TRISC-KERNEL,ZONE_START,89,/localdev/ijankowski/tt-metal-pin/tt_metal/hw/firmware/src/tt-1xx/trisck.cc,
0,1,1,TRISC_2,32592,6079828158880,0,0,,,BW_SYN_TANH_TAIL_SPLIT4,ZONE_START,19,/home/ijankowski/tmp/numerical-backward-synthesis/tt/kernels/compute/tanh_bw_tail_split4.cpp,
0,1,1,TRISC_2,32592,6079828556452,0,0,,,BW_SYN_TANH_TAIL_SPLIT4,ZONE_END,19,/home/ijankowski/tmp/numerical-backward-synthesis/tt/kernels/compute/tanh_bw_tail_split4.cpp,
0,1,1,TRISC_2,49825,6079828556474,0,0,,,TRISC-KERNEL,ZONE_END,89,/localdev/ijankowski/tt-metal-pin/tt_metal/hw/firmware/src/tt-1xx/trisck.cc,
0,1,1,TRISC_2,5116,6079828559013,0,0,,,TRISC-FW,ZONE_END,150,/localdev/ijankowski/tt-metal-pin/tt_metal/hw/firmware/src/tt-1xx/trisc.cc,
0,1,1,TRISC_2,5116,6079851429632,0,0,,,TRISC-FW,ZONE_START,150,/localdev/ijankowski/tt-metal-pin/tt_metal/hw/firmware/src/tt-1xx/trisc.cc,
0,1,1,TRISC_2,49825,6079851430091,0,0,,,TRISC-KERNEL,ZONE_START,89,/localdev/ijankowski/tt-metal-pin/tt_metal/hw/firmware/src/tt-1xx/trisck.cc,
0,1,1,TRISC_2,53833,6079851430345,0,0,,,BW_SYN_TANH_MATERIALIZED,ZONE_START,16,/home/ijankowski/tmp/numerical-backward-synthesis/tt/kernels/compute/tanh_bw_baseline.cpp,
0,1,1,TRISC_2,53833,6079851956379,0,0,,,BW_SYN_TANH_MATERIALIZED,ZONE_END,16,/home/ijankowski/tmp/numerical-backward-synthesis/tt/kernels/compute/tanh_bw_baseline.cpp,
0,1,1,TRISC_2,49825,6079851956402,0,0,,,TRISC-KERNEL,ZONE_END,89,/localdev/ijankowski/tt-metal-pin/tt_metal/hw/firmware/src/tt-1xx/trisck.cc,
0,1,1,TRISC_2,5116,6079851957020,0,0,,,TRISC-FW,ZONE_END,150,/localdev/ijankowski/tt-metal-pin/tt_metal/hw/firmware/src/tt-1xx/trisc.cc,
0,1,1,TRISC_2,5116,6079874934795,0,0,,,TRISC-FW,ZONE_START,150,/localdev/ijankowski/tt-metal-pin/tt_metal/hw/firmware/src/tt-1xx/trisc.cc,
0,1,1,TRISC_2,49825,6079874935246,0,0,,,TRISC-KERNEL,ZONE_START,89,/localdev/ijankowski/tt-metal-pin/tt_metal/hw/firmware/src/tt-1xx/trisck.cc,
0,1,1,TRISC_2,32592,6079874935497,0,0,,,BW_SYN_TANH_TAIL_SPLIT4,ZONE_START,19,/home/ijankowski/tmp/numerical-backward-synthesis/tt/kernels/compute/tanh_bw_tail_split4.cpp,
0,1,1,TRISC_2,32592,6079875333090,0,0,,,BW_SYN_TANH_TAIL_SPLIT4,ZONE_END,19,/home/ijankowski/tmp/numerical-backward-synthesis/tt/kernels/compute/tanh_bw_tail_split4.cpp,
0,1,1,TRISC_2,49825,6079875333112,0,0,,,TRISC-KERNEL,ZONE_END,89,/localdev/ijankowski/tt-metal-pin/tt_metal/hw/firmware/src/tt-1xx/trisck.cc,
0,1,1,TRISC_2,5116,6079875335653,0,0,,,TRISC-FW,ZONE_END,150,/localdev/ijankowski/tt-metal-pin/tt_metal/hw/firmware/src/tt-1xx/trisc.cc,
0,1,1,TRISC_2,5116,6079898327551,0,0,,,TRISC-FW,ZONE_START,150,/localdev/ijankowski/tt-metal-pin/tt_metal/hw/firmware/src/tt-1xx/trisc.cc,
0,1,1,TRISC_2,49825,6079898327999,0,0,,,TRISC-KERNEL,ZONE_START,89,/localdev/ijankowski/tt-metal-pin/tt_metal/hw/firmware/src/tt-1xx/trisck.cc,
0,1,1,TRISC_2,53833,6079898328256,0,0,,,BW_SYN_TANH_MATERIALIZED,ZONE_START,16,/home/ijankowski/tmp/numerical-backward-synthesis/tt/kernels/compute/tanh_bw_baseline.cpp,
0,1,1,TRISC_2,53833,6079898854211,0,0,,,BW_SYN_TANH_MATERIALIZED,ZONE_END,16,/home/ijankowski/tmp/numerical-backward-synthesis/tt/kernels/compute/tanh_bw_baseline.cpp,
0,1,1,TRISC_2,49825,6079898854234,0,0,,,TRISC-KERNEL,ZONE_END,89,/localdev/ijankowski/tt-metal-pin/tt_metal/hw/firmware/src/tt-1xx/trisck.cc,
0,1,1,TRISC_2,5116,6079898854857,0,0,,,TRISC-FW,ZONE_END,150,/localdev/ijankowski/tt-metal-pin/tt_metal/hw/firmware/src/tt-1xx/trisc.cc,
0,1,1,TRISC_2,5116,6079923906043,0,0,,,TRISC-FW,ZONE_START,150,/localdev/ijankowski/tt-metal-pin/tt_metal/hw/firmware/src/tt-1xx/trisc.cc,
0,1,1,TRISC_2,49825,6079923906500,0,0,,,TRISC-KERNEL,ZONE_START,89,/localdev/ijankowski/tt-metal-pin/tt_metal/hw/firmware/src/tt-1xx/trisck.cc,
0,1,1,TRISC_2,32592,6079923906749,0,0,,,BW_SYN_TANH_TAIL_SPLIT4,ZONE_START,19,/home/ijankowski/tmp/numerical-backward-synthesis/tt/kernels/compute/tanh_bw_tail_split4.cpp,
0,1,1,TRISC_2,32592,6079924304400,0,0,,,BW_SYN_TANH_TAIL_SPLIT4,ZONE_END,19,/home/ijankowski/tmp/numerical-backward-synthesis/tt/kernels/compute/tanh_bw_tail_split4.cpp,
0,1,1,TRISC_2,49825,6079924304422,0,0,,,TRISC-KERNEL,ZONE_END,89,/localdev/ijankowski/tt-metal-pin/tt_metal/hw/firmware/src/tt-1xx/trisck.cc,
0,1,1,TRISC_2,5116,6079924306961,0,0,,,TRISC-FW,ZONE_END,150,/localdev/ijankowski/tt-metal-pin/tt_metal/hw/firmware/src/tt-1xx/trisc.cc,
0,1,1,TRISC_2,5116,6079948445634,0,0,,,TRISC-FW,ZONE_START,150,/localdev/ijankowski/tt-metal-pin/tt_metal/hw/firmware/src/tt-1xx/trisc.cc,
0,1,1,TRISC_2,49825,6079948446087,0,0,,,TRISC-KERNEL,ZONE_START,89,/localdev/ijankowski/tt-metal-pin/tt_metal/hw/firmware/src/tt-1xx/trisck.cc,
0,1,1,TRISC_2,53833,6079948446347,0,0,,,BW_SYN_TANH_MATERIALIZED,ZONE_START,16,/home/ijankowski/tmp/numerical-backward-synthesis/tt/kernels/compute/tanh_bw_baseline.cpp,
0,1,1,TRISC_2,53833,6079948972302,0,0,,,BW_SYN_TANH_MATERIALIZED,ZONE_END,16,/home/ijankowski/tmp/numerical-backward-synthesis/tt/kernels/compute/tanh_bw_baseline.cpp,
0,1,1,TRISC_2,49825,6079948972324,0,0,,,TRISC-KERNEL,ZONE_END,89,/localdev/ijankowski/tt-metal-pin/tt_metal/hw/firmware/src/tt-1xx/trisck.cc,
0,1,1,TRISC_2,5116,6079948972940,0,0,,,TRISC-FW,ZONE_END,150,/localdev/ijankowski/tt-metal-pin/tt_metal/hw/firmware/src/tt-1xx/trisc.cc,
0,1,1,TRISC_2,5116,6079971951401,0,0,,,TRISC-FW,ZONE_START,150,/localdev/ijankowski/tt-metal-pin/tt_metal/hw/firmware/src/tt-1xx/trisc.cc,
0,1,1,TRISC_2,49825,6079971951853,0,0,,,TRISC-KERNEL,ZONE_START,89,/localdev/ijankowski/tt-metal-pin/tt_metal/hw/firmware/src/tt-1xx/trisck.cc,
0,1,1,TRISC_2,32592,6079971952106,0,0,,,BW_SYN_TANH_TAIL_SPLIT4,ZONE_START,19,/home/ijankowski/tmp/numerical-backward-synthesis/tt/kernels/compute/tanh_bw_tail_split4.cpp,
0,1,1,TRISC_2,32592,6079972349684,0,0,,,BW_SYN_TANH_TAIL_SPLIT4,ZONE_END,19,/home/ijankowski/tmp/numerical-backward-synthesis/tt/kernels/compute/tanh_bw_tail_split4.cpp,
0,1,1,TRISC_2,49825,6079972349706,0,0,,,TRISC-KERNEL,ZONE_END,89,/localdev/ijankowski/tt-metal-pin/tt_metal/hw/firmware/src/tt-1xx/trisck.cc,
0,1,1,TRISC_2,5116,6079972352242,0,0,,,TRISC-FW,ZONE_END,150,/localdev/ijankowski/tt-metal-pin/tt_metal/hw/firmware/src/tt-1xx/trisc.cc,
0,1,1,TRISC_2,5116,6079995380935,0,0,,,TRISC-FW,ZONE_START,150,/localdev/ijankowski/tt-metal-pin/tt_metal/hw/firmware/src/tt-1xx/trisc.cc,
0,1,1,TRISC_2,49825,6079995381396,0,0,,,TRISC-KERNEL,ZONE_START,89,/localdev/ijankowski/tt-metal-pin/tt_metal/hw/firmware/src/tt-1xx/trisck.cc,
0,1,1,TRISC_2,53833,6079995381666,0,0,,,BW_SYN_TANH_MATERIALIZED,ZONE_START,16,/home/ijankowski/tmp/numerical-backward-synthesis/tt/kernels/compute/tanh_bw_baseline.cpp,
0,1,1,TRISC_2,53833,6079995907667,0,0,,,BW_SYN_TANH_MATERIALIZED,ZONE_END,16,/home/ijankowski/tmp/numerical-backward-synthesis/tt/kernels/compute/tanh_bw_baseline.cpp,
0,1,1,TRISC_2,49825,6079995907689,0,0,,,TRISC-KERNEL,ZONE_END,89,/localdev/ijankowski/tt-metal-pin/tt_metal/hw/firmware/src/tt-1xx/trisck.cc,
0,1,1,TRISC_2,5116,6079995908298,0,0,,,TRISC-FW,ZONE_END,150,/localdev/ijankowski/tt-metal-pin/tt_metal/hw/firmware/src/tt-1xx/trisc.cc,
0,1,1,TRISC_2,5116,6080018850934,0,0,,,TRISC-FW,ZONE_START,150,/localdev/ijankowski/tt-metal-pin/tt_metal/hw/firmware/src/tt-1xx/trisc.cc,
0,1,1,TRISC_2,49825,6080018851385,0,0,,,TRISC-KERNEL,ZONE_START,89,/localdev/ijankowski/tt-metal-pin/tt_metal/hw/firmware/src/tt-1xx/trisck.cc,
0,1,1,TRISC_2,32592,6080018851633,0,0,,,BW_SYN_TANH_TAIL_SPLIT4,ZONE_START,19,/home/ijankowski/tmp/numerical-backward-synthesis/tt/kernels/compute/tanh_bw_tail_split4.cpp,
0,1,1,TRISC_2,32592,6080019249220,0,0,,,BW_SYN_TANH_TAIL_SPLIT4,ZONE_END,19,/home/ijankowski/tmp/numerical-backward-synthesis/tt/kernels/compute/tanh_bw_tail_split4.cpp,
0,1,1,TRISC_2,49825,6080019249242,0,0,,,TRISC-KERNEL,ZONE_END,89,/localdev/ijankowski/tt-metal-pin/tt_metal/hw/firmware/src/tt-1xx/trisck.cc,
0,1,1,TRISC_2,5116,6080019251777,0,0,,,TRISC-FW,ZONE_END,150,/localdev/ijankowski/tt-metal-pin/tt_metal/hw/firmware/src/tt-1xx/trisc.cc,
0,1,1,TRISC_2,5116,6080042212105,0,0,,,TRISC-FW,ZONE_START,150,/localdev/ijankowski/tt-metal-pin/tt_metal/hw/firmware/src/tt-1xx/trisc.cc,
0,1,1,TRISC_2,49825,6080042212549,0,0,,,TRISC-KERNEL,ZONE_START,89,/localdev/ijankowski/tt-metal-pin/tt_metal/hw/firmware/src/tt-1xx/trisck.cc,
0,1,1,TRISC_2,53833,6080042212802,0,0,,,BW_SYN_TANH_MATERIALIZED,ZONE_START,16,/home/ijankowski/tmp/numerical-backward-synthesis/tt/kernels/compute/tanh_bw_baseline.cpp,
0,1,1,TRISC_2,53833,6080042738738,0,0,,,BW_SYN_TANH_MATERIALIZED,ZONE_END,16,/home/ijankowski/tmp/numerical-backward-synthesis/tt/kernels/compute/tanh_bw_baseline.cpp,
0,1,1,TRISC_2,49825,6080042738760,0,0,,,TRISC-KERNEL,ZONE_END,89,/localdev/ijankowski/tt-metal-pin/tt_metal/hw/firmware/src/tt-1xx/trisck.cc,
0,1,1,TRISC_2,5116,6080042739370,0,0,,,TRISC-FW,ZONE_END,150,/localdev/ijankowski/tt-metal-pin/tt_metal/hw/firmware/src/tt-1xx/trisc.cc,
0,1,1,TRISC_2,5116,6080067182723,0,0,,,TRISC-FW,ZONE_START,150,/localdev/ijankowski/tt-metal-pin/tt_metal/hw/firmware/src/tt-1xx/trisc.cc,
0,1,1,TRISC_2,49825,6080067183172,0,0,,,TRISC-KERNEL,ZONE_START,89,/localdev/ijankowski/tt-metal-pin/tt_metal/hw/firmware/src/tt-1xx/trisck.cc,
0,1,1,TRISC_2,32592,6080067183423,0,0,,,BW_SYN_TANH_TAIL_SPLIT4,ZONE_START,19,/home/ijankowski/tmp/numerical-backward-synthesis/tt/kernels/compute/tanh_bw_tail_split4.cpp,
0,1,1,TRISC_2,32592,6080067581618,0,0,,,BW_SYN_TANH_TAIL_SPLIT4,ZONE_END,19,/home/ijankowski/tmp/numerical-backward-synthesis/tt/kernels/compute/tanh_bw_tail_split4.cpp,
0,1,1,TRISC_2,49825,6080067581640,0,0,,,TRISC-KERNEL,ZONE_END,89,/localdev/ijankowski/tt-metal-pin/tt_metal/hw/firmware/src/tt-1xx/trisck.cc,
0,1,1,TRISC_2,5116,6080067584185,0,0,,,TRISC-FW,ZONE_END,150,/localdev/ijankowski/tt-metal-pin/tt_metal/hw/firmware/src/tt-1xx/trisc.cc,
0,1,1,TRISC_2,5116,6080090453528,0,0,,,TRISC-FW,ZONE_START,150,/localdev/ijankowski/tt-metal-pin/tt_metal/hw/firmware/src/tt-1xx/trisc.cc,
0,1,1,TRISC_2,49825,6080090453976,0,0,,,TRISC-KERNEL,ZONE_START,89,/localdev/ijankowski/tt-metal-pin/tt_metal/hw/firmware/src/tt-1xx/trisck.cc,
0,1,1,TRISC_2,53833,6080090454232,0,0,,,BW_SYN_TANH_MATERIALIZED,ZONE_START,16,/home/ijankowski/tmp/numerical-backward-synthesis/tt/kernels/compute/tanh_bw_baseline.cpp,
0,1,1,TRISC_2,53833,6080090980210,0,0,,,BW_SYN_TANH_MATERIALIZED,ZONE_END,16,/home/ijankowski/tmp/numerical-backward-synthesis/tt/kernels/compute/tanh_bw_baseline.cpp,
0,1,1,TRISC_2,49825,6080090980233,0,0,,,TRISC-KERNEL,ZONE_END,89,/localdev/ijankowski/tt-metal-pin/tt_metal/hw/firmware/src/tt-1xx/trisck.cc,
0,1,1,TRISC_2,5116,6080090980856,0,0,,,TRISC-FW,ZONE_END,150,/localdev/ijankowski/tt-metal-pin/tt_metal/hw/firmware/src/tt-1xx/trisc.cc,
0,1,1,TRISC_2,5116,6080113814969,0,0,,,TRISC-FW,ZONE_START,150,/localdev/ijankowski/tt-metal-pin/tt_metal/hw/firmware/src/tt-1xx/trisc.cc,
0,1,1,TRISC_2,49825,6080113815426,0,0,,,TRISC-KERNEL,ZONE_START,89,/localdev/ijankowski/tt-metal-pin/tt_metal/hw/firmware/src/tt-1xx/trisck.cc,
0,1,1,TRISC_2,32592,6080113815675,0,0,,,BW_SYN_TANH_TAIL_SPLIT4,ZONE_START,19,/home/ijankowski/tmp/numerical-backward-synthesis/tt/kernels/compute/tanh_bw_tail_split4.cpp,
0,1,1,TRISC_2,32592,6080114213252,0,0,,,BW_SYN_TANH_TAIL_SPLIT4,ZONE_END,19,/home/ijankowski/tmp/numerical-backward-synthesis/tt/kernels/compute/tanh_bw_tail_split4.cpp,
0,1,1,TRISC_2,49825,6080114213274,0,0,,,TRISC-KERNEL,ZONE_END,89,/localdev/ijankowski/tt-metal-pin/tt_metal/hw/firmware/src/tt-1xx/trisck.cc,
0,1,1,TRISC_2,5116,6080114215815,0,0,,,TRISC-FW,ZONE_END,150,/localdev/ijankowski/tt-metal-pin/tt_metal/hw/firmware/src/tt-1xx/trisc.cc,
0,1,1,TRISC_2,5116,6080137214868,0,0,,,TRISC-FW,ZONE_START,150,/localdev/ijankowski/tt-metal-pin/tt_metal/hw/firmware/src/tt-1xx/trisc.cc,
0,1,1,TRISC_2,49825,6080137215313,0,0,,,TRISC-KERNEL,ZONE_START,89,/localdev/ijankowski/tt-metal-pin/tt_metal/hw/firmware/src/tt-1xx/trisck.cc,
0,1,1,TRISC_2,53833,6080137215582,0,0,,,BW_SYN_TANH_MATERIALIZED,ZONE_START,16,/home/ijankowski/tmp/numerical-backward-synthesis/tt/kernels/compute/tanh_bw_baseline.cpp,
0,1,1,TRISC_2,53833,6080137741497,0,0,,,BW_SYN_TANH_MATERIALIZED,ZONE_END,16,/home/ijankowski/tmp/numerical-backward-synthesis/tt/kernels/compute/tanh_bw_baseline.cpp,
0,1,1,TRISC_2,49825,6080137741519,0,0,,,TRISC-KERNEL,ZONE_END,89,/localdev/ijankowski/tt-metal-pin/tt_metal/hw/firmware/src/tt-1xx/trisck.cc,
0,1,1,TRISC_2,5116,6080137742128,0,0,,,TRISC-FW,ZONE_END,150,/localdev/ijankowski/tt-metal-pin/tt_metal/hw/firmware/src/tt-1xx/trisc.cc,
0,1,1,TRISC_2,5116,6080160771340,0,0,,,TRISC-FW,ZONE_START,150,/localdev/ijankowski/tt-metal-pin/tt_metal/hw/firmware/src/tt-1xx/trisc.cc,
0,1,1,TRISC_2,49825,6080160771799,0,0,,,TRISC-KERNEL,ZONE_START,89,/localdev/ijankowski/tt-metal-pin/tt_metal/hw/firmware/src/tt-1xx/trisck.cc,
0,1,1,TRISC_2,32592,6080160772046,0,0,,,BW_SYN_TANH_TAIL_SPLIT4,ZONE_START,19,/home/ijankowski/tmp/numerical-backward-synthesis/tt/kernels/compute/tanh_bw_tail_split4.cpp,
0,1,1,TRISC_2,32592,6080161169640,0,0,,,BW_SYN_TANH_TAIL_SPLIT4,ZONE_END,19,/home/ijankowski/tmp/numerical-backward-synthesis/tt/kernels/compute/tanh_bw_tail_split4.cpp,
0,1,1,TRISC_2,49825,6080161169662,0,0,,,TRISC-KERNEL,ZONE_END,89,/localdev/ijankowski/tt-metal-pin/tt_metal/hw/firmware/src/tt-1xx/trisck.cc,
0,1,1,TRISC_2,5116,6080161172197,0,0,,,TRISC-FW,ZONE_END,150,/localdev/ijankowski/tt-metal-pin/tt_metal/hw/firmware/src/tt-1xx/trisc.cc,
0,1,1,TRISC_2,5116,6080184940165,0,0,,,TRISC-FW,ZONE_START,150,/localdev/ijankowski/tt-metal-pin/tt_metal/hw/firmware/src/tt-1xx/trisc.cc,
0,1,1,TRISC_2,49825,6080184940608,0,0,,,TRISC-KERNEL,ZONE_START,89,/localdev/ijankowski/tt-metal-pin/tt_metal/hw/firmware/src/tt-1xx/trisck.cc,
0,1,1,TRISC_2,53833,6080184940869,0,0,,,BW_SYN_TANH_MATERIALIZED,ZONE_START,16,/home/ijankowski/tmp/numerical-backward-synthesis/tt/kernels/compute/tanh_bw_baseline.cpp,
0,1,1,TRISC_2,53833,6080185467022,0,0,,,BW_SYN_TANH_MATERIALIZED,ZONE_END,16,/home/ijankowski/tmp/numerical-backward-synthesis/tt/kernels/compute/tanh_bw_baseline.cpp,
0,1,1,TRISC_2,49825,6080185467044,0,0,,,TRISC-KERNEL,ZONE_END,89,/localdev/ijankowski/tt-metal-pin/tt_metal/hw/firmware/src/tt-1xx/trisck.cc,
0,1,1,TRISC_2,5116,6080185467661,0,0,,,TRISC-FW,ZONE_END,150,/localdev/ijankowski/tt-metal-pin/tt_metal/hw/firmware/src/tt-1xx/trisc.cc,
