ARCH: wormhole_b0, CHIP_FREQ[MHz]: 1000, Max Compute Cores: 80
PCIe slot, core_x, core_y, RISC processor type, timer_id, time[cycles since reset], data, run host ID, trace id, trace id counter, zone name, type, source line, source file, meta data
0,1,1,BRISC,3375,6939470378108,0,0,,,BRISC-FW,ZONE_START,438,/localdev/ijankowski/tt-metal-pin/tt_metal/hw/firmware/src/tt-1xx/brisc.cc,
0,1,1,BRISC,18645,6939470378947,0,0,,,BRISC-KERNEL,ZONE_START,77,/localdev/ijankowski/tt-metal-pin/tt_metal/hw/firmware/src/tt-1xx/brisck.cc,
0,1,1,BRISC,18645,6939470430313,0,0,,,BRISC-KERNEL,ZONE_END,77,/localdev/ijankowski/tt-metal-pin/tt_metal/hw/firmware/src/tt-1xx/brisck.cc,
0,1,1,BRISC,3375,6939470436841,0,0,,,BRISC-FW,ZONE_END,438,/localdev/ijankowski/tt-metal-pin/tt_metal/hw/firmware/src/tt-1xx/brisc.cc,
0,1,1,BRISC,3375,6939499567912,0,0,,,BRISC-FW,ZONE_START,438,/localdev/ijankowski/tt-metal-pin/tt_metal/hw/firmware/src/tt-1xx/brisc.cc,
0,1,1,BRISC,18645,6939499568764,0,0,,,BRISC-KERNEL,ZONE_START,77,/localdev/ijankowski/tt-metal-pin/tt_metal/hw/firmware/src/tt-1xx/brisck.cc,
0,1,1,BRISC,18645,6939499606760,0,0,,,BRISC-KERNEL,ZONE_END,77,/localdev/ijankowski/tt-metal-pin/tt_metal/hw/firmware/src/tt-1xx/brisck.cc,
0,1,1,BRISC,3375,6939499611313,0,0,,,BRISC-FW,ZONE_END,438,/localdev/ijankowski/tt-metal-pin/tt_metal/hw/firmware/src/tt-1xx/brisc.cc,
0,1,1,BRISC,3375,6939516797573,0,0,,,BRISC-FW,ZONE_START,438,/localdev/ijankowski/tt-metal-pin/tt_metal/hw/firmware/src/tt-1xx/brisc.cc,
0,1,1,BRISC,18645,6939516798401,0,0,,,BRISC-KERNEL,ZONE_START,77,/localdev/ijankowski/tt-metal-pin/tt_metal/hw/firmware/src/tt-1xx/brisck.cc,
0,1,1,BRISC,18645,6939516849855,0,0,,,BRISC-KERNEL,ZONE_END,77,/localdev/ijankowski/tt-metal-pin/tt_metal/hw/firmware/src/tt-1xx/brisck.cc,
0,1,1,BRISC,3375,6939516856364,0,0,,,BRISC-FW,ZONE_END,438,/localdev/ijankowski/tt-metal-pin/tt_metal/hw/firmware/src/tt-1xx/brisc.cc,
0,1,1,BRISC,3375,6939533837357,0,0,,,BRISC-FW,ZONE_START,438,/localdev/ijankowski/tt-metal-pin/tt_metal/hw/firmware/src/tt-1xx/brisc.cc,
0,1,1,BRISC,18645,6939533838200,0,0,,,BRISC-KERNEL,ZONE_START,77,/localdev/ijankowski/tt-metal-pin/tt_metal/hw/firmware/src/tt-1xx/brisck.cc,
0,1,1,BRISC,18645,6939533876220,0,0,,,BRISC-KERNEL,ZONE_END,77,/localdev/ijankowski/tt-metal-pin/tt_metal/hw/firmware/src/tt-1xx/brisck.cc,
0,1,1,BRISC,3375,6939533880773,0,0,,,BRISC-FW,ZONE_END,438,/localdev/ijankowski/tt-metal-pin/tt_metal/hw/firmware/src/tt-1xx/brisc.cc,
0,1,1,BRISC,3375,6939550662427,0,0,,,BRISC-FW,ZONE_START,438,/localdev/ijankowski/tt-metal-pin/tt_metal/hw/firmware/src/tt-1xx/brisc.cc,
0,1,1,BRISC,18645,6939550663260,0,0,,,BRISC-KERNEL,ZONE_START,77,/localdev/ijankowski/tt-metal-pin/tt_metal/hw/firmware/src/tt-1xx/brisck.cc,
0,1,1,BRISC,18645,6939550714758,0,0,,,BRISC-KERNEL,ZONE_END,77,/localdev/ijankowski/tt-metal-pin/tt_metal/hw/firmware/src/tt-1xx/brisck.cc,
0,1,1,BRISC,3375,6939550721291,0,0,,,BRISC-FW,ZONE_END,438,/localdev/ijankowski/tt-metal-pin/tt_metal/hw/firmware/src/tt-1xx/brisc.cc,
0,1,1,BRISC,3375,6939567814987,0,0,,,BRISC-FW,ZONE_START,438,/localdev/ijankowski/tt-metal-pin/tt_metal/hw/firmware/src/tt-1xx/brisc.cc,
0,1,1,BRISC,18645,6939567815831,0,0,,,BRISC-KERNEL,ZONE_START,77,/localdev/ijankowski/tt-metal-pin/tt_metal/hw/firmware/src/tt-1xx/brisck.cc,
0,1,1,BRISC,18645,6939567853897,0,0,,,BRISC-KERNEL,ZONE_END,77,/localdev/ijankowski/tt-metal-pin/tt_metal/hw/firmware/src/tt-1xx/brisck.cc,
0,1,1,BRISC,3375,6939567858468,0,0,,,BRISC-FW,ZONE_END,438,/localdev/ijankowski/tt-metal-pin/tt_metal/hw/firmware/src/tt-1xx/brisc.cc,
0,1,1,BRISC,3375,6939584589054,0,0,,,BRISC-FW,ZONE_START,438,/localdev/ijankowski/tt-metal-pin/tt_metal/hw/firmware/src/tt-1xx/brisc.cc,
0,1,1,BRISC,18645,6939584589875,0,0,,,BRISC-KERNEL,ZONE_START,77,/localdev/ijankowski/tt-metal-pin/tt_metal/hw/firmware/src/tt-1xx/brisck.cc,
0,1,1,BRISC,18645,6939584641503,0,0,,,BRISC-KERNEL,ZONE_END,77,/localdev/ijankowski/tt-metal-pin/tt_metal/hw/firmware/src/tt-1xx/brisck.cc,
0,1,1,BRISC,3375,6939584648026,0,0,,,BRISC-FW,ZONE_END,438,/localdev/ijankowski/tt-metal-pin/tt_metal/hw/firmware/src/tt-1xx/brisc.cc,
0,1,1,BRISC,3375,6939601787159,0,0,,,BRISC-FW,ZONE_START,438,/localdev/ijankowski/tt-metal-pin/tt_metal/hw/firmware/src/tt-1xx/brisc.cc,
0,1,1,BRISC,18645,6939601788017,0,0,,,BRISC-KERNEL,ZONE_START,77,/localdev/ijankowski/tt-metal-pin/tt_metal/hw/firmware/src/tt-1xx/brisck.cc,
0,1,1,BRISC,18645,6939601826036,0,0,,,BRISC-KERNEL,ZONE_END,77,/localdev/ijankowski/tt-metal-pin/tt_metal/hw/firmware/src/tt-1xx/brisck.cc,
0,1,1,BRISC,3375,6939601830612,0,0,,,BRISC-FW,ZONE_END,438,/localdev/ijankowski/tt-metal-pin/tt_metal/hw/firmware/src/tt-1xx/brisc.cc,
0,1,1,BRISC,3375,6939621393315,0,0,,,BRISC-FW,ZONE_START,438,/localdev/ijankowski/tt-metal-pin/tt_metal/hw/firmware/src/tt-1xx/brisc.cc,
0,1,1,BRISC,18645,6939621394143,0,0,,,BRISC-KERNEL,ZONE_START,77,/localdev/ijankowski/tt-metal-pin/tt_metal/hw/firmware/src/tt-1xx/brisck.cc,
0,1,1,BRISC,18645,6939621445561,0,0,,,BRISC-KERNEL,ZONE_END,77,/localdev/ijankowski/tt-metal-pin/tt_metal/hw/firmware/src/tt-1xx/brisck.cc,
0,1,1,BRISC,3375,6939621452075,0,0,,,BRISC-FW,ZONE_END,438,/localdev/ijankowski/tt-metal-pin/tt_metal/hw/firmware/src/tt-1xx/brisc.cc,
0,1,1,BRISC,3375,6939640104728,0,0,,,BRISC-FW,ZONE_START,438,/localdev/ijankowski/tt-metal-pin/tt_metal/hw/firmware/src/tt-1xx/brisc.cc,
0,1,1,BRISC,18645,6939640105582,0,0,,,BRISC-KERNEL,ZONE_START,77,/localdev/ijankowski/tt-metal-pin/tt_metal/hw/firmware/src/tt-1xx/brisck.cc,
0,1,1,BRISC,18645,6939640143581,0,0,,,BRISC-KERNEL,ZONE_END,77,/localdev/ijankowski/tt-metal-pin/tt_metal/hw/firmware/src/tt-1xx/brisck.cc,
0,1,1,BRISC,3375,6939640148129,0,0,,,BRISC-FW,ZONE_END,438,/localdev/ijankowski/tt-metal-pin/tt_metal/hw/firmware/src/tt-1xx/brisc.cc,
0,1,1,BRISC,3375,6939658596804,0,0,,,BRISC-FW,ZONE_START,438,/localdev/ijankowski/tt-metal-pin/tt_metal/hw/firmware/src/tt-1xx/brisc.cc,
0,1,1,BRISC,18645,6939658597633,0,0,,,BRISC-KERNEL,ZONE_START,77,/localdev/ijankowski/tt-metal-pin/tt_metal/hw/firmware/src/tt-1xx/brisck.cc,
0,1,1,BRISC,18645,6939658648988,0,0,,,BRISC-KERNEL,ZONE_END,77,/localdev/ijankowski/tt-metal-pin/tt_metal/hw/firmware/src/tt-1xx/brisck.cc,
0,1,1,BRISC,3375,6939658655501,0,0,,,BRISC-FW,ZONE_END,438,/localdev/ijankowski/tt-metal-pin/tt_metal/hw/firmware/src/tt-1xx/brisc.cc,
0,1,1,BRISC,3375,6939675774685,0,0,,,BRISC-FW,ZONE_START,438,/localdev/ijankowski/tt-metal-pin/tt_metal/hw/firmware/src/tt-1xx/brisc.cc,
0,1,1,BRISC,18645,6939675775515,0,0,,,BRISC-KERNEL,ZONE_START,77,/localdev/ijankowski/tt-metal-pin/tt_metal/hw/firmware/src/tt-1xx/brisck.cc,
0,1,1,BRISC,18645,6939675813518,0,0,,,BRISC-KERNEL,ZONE_END,77,/localdev/ijankowski/tt-metal-pin/tt_metal/hw/firmware/src/tt-1xx/brisck.cc,
0,1,1,BRISC,3375,6939675818078,0,0,,,BRISC-FW,ZONE_END,438,/localdev/ijankowski/tt-metal-pin/tt_metal/hw/firmware/src/tt-1xx/brisc.cc,
0,1,1,BRISC,3375,6939696239823,0,0,,,BRISC-FW,ZONE_START,438,/localdev/ijankowski/tt-metal-pin/tt_metal/hw/firmware/src/tt-1xx/brisc.cc,
0,1,1,BRISC,18645,6939696240667,0,0,,,BRISC-KERNEL,ZONE_START,77,/localdev/ijankowski/tt-metal-pin/tt_metal/hw/firmware/src/tt-1xx/brisck.cc,
0,1,1,BRISC,18645,6939696292175,0,0,,,BRISC-KERNEL,ZONE_END,77,/localdev/ijankowski/tt-metal-pin/tt_metal/hw/firmware/src/tt-1xx/brisck.cc,
0,1,1,BRISC,3375,6939696298690,0,0,,,BRISC-FW,ZONE_END,438,/localdev/ijankowski/tt-metal-pin/tt_metal/hw/firmware/src/tt-1xx/brisc.cc,
0,1,1,BRISC,3375,6939713303079,0,0,,,BRISC-FW,ZONE_START,438,/localdev/ijankowski/tt-metal-pin/tt_metal/hw/firmware/src/tt-1xx/brisc.cc,
0,1,1,BRISC,18645,6939713303915,0,0,,,BRISC-KERNEL,ZONE_START,77,/localdev/ijankowski/tt-metal-pin/tt_metal/hw/firmware/src/tt-1xx/brisck.cc,
0,1,1,BRISC,18645,6939713341918,0,0,,,BRISC-KERNEL,ZONE_END,77,/localdev/ijankowski/tt-metal-pin/tt_metal/hw/firmware/src/tt-1xx/brisck.cc,
0,1,1,BRISC,3375,6939713346489,0,0,,,BRISC-FW,ZONE_END,438,/localdev/ijankowski/tt-metal-pin/tt_metal/hw/firmware/src/tt-1xx/brisc.cc,
0,1,1,BRISC,3375,6939730059298,0,0,,,BRISC-FW,ZONE_START,438,/localdev/ijankowski/tt-metal-pin/tt_metal/hw/firmware/src/tt-1xx/brisc.cc,
0,1,1,BRISC,18645,6939730060149,0,0,,,BRISC-KERNEL,ZONE_START,77,/localdev/ijankowski/tt-metal-pin/tt_metal/hw/firmware/src/tt-1xx/brisck.cc,
0,1,1,BRISC,18645,6939730111577,0,0,,,BRISC-KERNEL,ZONE_END,77,/localdev/ijankowski/tt-metal-pin/tt_metal/hw/firmware/src/tt-1xx/brisck.cc,
0,1,1,BRISC,3375,6939730118092,0,0,,,BRISC-FW,ZONE_END,438,/localdev/ijankowski/tt-metal-pin/tt_metal/hw/firmware/src/tt-1xx/brisc.cc,
0,1,1,BRISC,3375,6939747307925,0,0,,,BRISC-FW,ZONE_START,438,/localdev/ijankowski/tt-metal-pin/tt_metal/hw/firmware/src/tt-1xx/brisc.cc,
0,1,1,BRISC,18645,6939747308750,0,0,,,BRISC-KERNEL,ZONE_START,77,/localdev/ijankowski/tt-metal-pin/tt_metal/hw/firmware/src/tt-1xx/brisck.cc,
0,1,1,BRISC,18645,6939747346749,0,0,,,BRISC-KERNEL,ZONE_END,77,/localdev/ijankowski/tt-metal-pin/tt_metal/hw/firmware/src/tt-1xx/brisck.cc,
0,1,1,BRISC,3375,6939747351317,0,0,,,BRISC-FW,ZONE_END,438,/localdev/ijankowski/tt-metal-pin/tt_metal/hw/firmware/src/tt-1xx/brisc.cc,
0,1,1,BRISC,3375,6939764042274,0,0,,,BRISC-FW,ZONE_START,438,/localdev/ijankowski/tt-metal-pin/tt_metal/hw/firmware/src/tt-1xx/brisc.cc,
0,1,1,BRISC,18645,6939764043112,0,0,,,BRISC-KERNEL,ZONE_START,77,/localdev/ijankowski/tt-metal-pin/tt_metal/hw/firmware/src/tt-1xx/brisck.cc,
0,1,1,BRISC,18645,6939764094626,0,0,,,BRISC-KERNEL,ZONE_END,77,/localdev/ijankowski/tt-metal-pin/tt_metal/hw/firmware/src/tt-1xx/brisck.cc,
0,1,1,BRISC,3375,6939764101142,0,0,,,BRISC-FW,ZONE_END,438,/localdev/ijankowski/tt-metal-pin/tt_metal/hw/firmware/src/tt-1xx/brisc.cc,
0,1,1,BRISC,3375,6939780790377,0,0,,,BRISC-FW,ZONE_START,438,/localdev/ijankowski/tt-metal-pin/tt_metal/hw/firmware/src/tt-1xx/brisc.cc,
0,1,1,BRISC,18645,6939780791202,0,0,,,BRISC-KERNEL,ZONE_START,77,/localdev/ijankowski/tt-metal-pin/tt_metal/hw/firmware/src/tt-1xx/brisck.cc,
0,1,1,BRISC,18645,6939780829188,0,0,,,BRISC-KERNEL,ZONE_END,77,/localdev/ijankowski/tt-metal-pin/tt_metal/hw/firmware/src/tt-1xx/brisck.cc,
0,1,1,BRISC,3375,6939780833748,0,0,,,BRISC-FW,ZONE_END,438,/localdev/ijankowski/tt-metal-pin/tt_metal/hw/firmware/src/tt-1xx/brisc.cc,
0,1,1,BRISC,3375,6939797922287,0,0,,,BRISC-FW,ZONE_START,438,/localdev/ijankowski/tt-metal-pin/tt_metal/hw/firmware/src/tt-1xx/brisc.cc,
0,1,1,BRISC,18645,6939797923114,0,0,,,BRISC-KERNEL,ZONE_START,77,/localdev/ijankowski/tt-metal-pin/tt_metal/hw/firmware/src/tt-1xx/brisck.cc,
0,1,1,BRISC,18645,6939797974731,0,0,,,BRISC-KERNEL,ZONE_END,77,/localdev/ijankowski/tt-metal-pin/tt_metal/hw/firmware/src/tt-1xx/brisck.cc,
0,1,1,BRISC,3375,6939797981418,0,0,,,BRISC-FW,ZONE_END,438,/localdev/ijankowski/tt-metal-pin/tt_metal/hw/firmware/src/tt-1xx/brisc.cc,
0,1,1,BRISC,3375,6939814761398,0,0,,,BRISC-FW,ZONE_START,438,/localdev/ijankowski/tt-metal-pin/tt_metal/hw/firmware/src/tt-1xx/brisc.cc,
0,1,1,BRISC,18645,6939814762228,0,0,,,BRISC-KERNEL,ZONE_START,77,/localdev/ijankowski/tt-metal-pin/tt_metal/hw/firmware/src/tt-1xx/brisck.cc,
0,1,1,BRISC,18645,6939814800236,0,0,,,BRISC-KERNEL,ZONE_END,77,/localdev/ijankowski/tt-metal-pin/tt_metal/hw/firmware/src/tt-1xx/brisck.cc,
0,1,1,BRISC,3375,6939814804806,0,0,,,BRISC-FW,ZONE_END,438,/localdev/ijankowski/tt-metal-pin/tt_metal/hw/firmware/src/tt-1xx/brisc.cc,
0,1,1,BRISC,3375,6939831588228,0,0,,,BRISC-FW,ZONE_START,438,/localdev/ijankowski/tt-metal-pin/tt_metal/hw/firmware/src/tt-1xx/brisc.cc,
0,1,1,BRISC,18645,6939831589072,0,0,,,BRISC-KERNEL,ZONE_START,77,/localdev/ijankowski/tt-metal-pin/tt_metal/hw/firmware/src/tt-1xx/brisck.cc,
0,1,1,BRISC,18645,6939831640441,0,0,,,BRISC-KERNEL,ZONE_END,77,/localdev/ijankowski/tt-metal-pin/tt_metal/hw/firmware/src/tt-1xx/brisck.cc,
0,1,1,BRISC,3375,6939831646973,0,0,,,BRISC-FW,ZONE_END,438,/localdev/ijankowski/tt-metal-pin/tt_metal/hw/firmware/src/tt-1xx/brisc.cc,
0,1,1,BRISC,3375,6939848583411,0,0,,,BRISC-FW,ZONE_START,438,/localdev/ijankowski/tt-metal-pin/tt_metal/hw/firmware/src/tt-1xx/brisc.cc,
0,1,1,BRISC,18645,6939848584261,0,0,,,BRISC-KERNEL,ZONE_START,77,/localdev/ijankowski/tt-metal-pin/tt_metal/hw/firmware/src/tt-1xx/brisck.cc,
0,1,1,BRISC,18645,6939848622259,0,0,,,BRISC-KERNEL,ZONE_END,77,/localdev/ijankowski/tt-metal-pin/tt_metal/hw/firmware/src/tt-1xx/brisck.cc,
0,1,1,BRISC,3375,6939848626819,0,0,,,BRISC-FW,ZONE_END,438,/localdev/ijankowski/tt-metal-pin/tt_metal/hw/firmware/src/tt-1xx/brisc.cc,
0,1,1,BRISC,3375,6939865371535,0,0,,,BRISC-FW,ZONE_START,438,/localdev/ijankowski/tt-metal-pin/tt_metal/hw/firmware/src/tt-1xx/brisc.cc,
0,1,1,BRISC,18645,6939865372380,0,0,,,BRISC-KERNEL,ZONE_START,77,/localdev/ijankowski/tt-metal-pin/tt_metal/hw/firmware/src/tt-1xx/brisck.cc,
0,1,1,BRISC,18645,6939865423958,0,0,,,BRISC-KERNEL,ZONE_END,77,/localdev/ijankowski/tt-metal-pin/tt_metal/hw/firmware/src/tt-1xx/brisck.cc,
0,1,1,BRISC,3375,6939865430476,0,0,,,BRISC-FW,ZONE_END,438,/localdev/ijankowski/tt-metal-pin/tt_metal/hw/firmware/src/tt-1xx/brisc.cc,
0,1,1,BRISC,3375,6939882204168,0,0,,,BRISC-FW,ZONE_START,438,/localdev/ijankowski/tt-metal-pin/tt_metal/hw/firmware/src/tt-1xx/brisc.cc,
0,1,1,BRISC,18645,6939882204983,0,0,,,BRISC-KERNEL,ZONE_START,77,/localdev/ijankowski/tt-metal-pin/tt_metal/hw/firmware/src/tt-1xx/brisck.cc,
0,1,1,BRISC,18645,6939882242979,0,0,,,BRISC-KERNEL,ZONE_END,77,/localdev/ijankowski/tt-metal-pin/tt_metal/hw/firmware/src/tt-1xx/brisck.cc,
0,1,1,BRISC,3375,6939882247533,0,0,,,BRISC-FW,ZONE_END,438,/localdev/ijankowski/tt-metal-pin/tt_metal/hw/firmware/src/tt-1xx/brisc.cc,
0,1,1,BRISC,3375,6939899105972,0,0,,,BRISC-FW,ZONE_START,438,/localdev/ijankowski/tt-metal-pin/tt_metal/hw/firmware/src/tt-1xx/brisc.cc,
0,1,1,BRISC,18645,6939899106795,0,0,,,BRISC-KERNEL,ZONE_START,77,/localdev/ijankowski/tt-metal-pin/tt_metal/hw/firmware/src/tt-1xx/brisck.cc,
0,1,1,BRISC,18645,6939899158294,0,0,,,BRISC-KERNEL,ZONE_END,77,/localdev/ijankowski/tt-metal-pin/tt_metal/hw/firmware/src/tt-1xx/brisck.cc,
0,1,1,BRISC,3375,6939899164817,0,0,,,BRISC-FW,ZONE_END,438,/localdev/ijankowski/tt-metal-pin/tt_metal/hw/firmware/src/tt-1xx/brisc.cc,
0,1,1,BRISC,3375,6939915986034,0,0,,,BRISC-FW,ZONE_START,438,/localdev/ijankowski/tt-metal-pin/tt_metal/hw/firmware/src/tt-1xx/brisc.cc,
0,1,1,BRISC,18645,6939915986878,0,0,,,BRISC-KERNEL,ZONE_START,77,/localdev/ijankowski/tt-metal-pin/tt_metal/hw/firmware/src/tt-1xx/brisck.cc,
0,1,1,BRISC,18645,6939916024858,0,0,,,BRISC-KERNEL,ZONE_END,77,/localdev/ijankowski/tt-metal-pin/tt_metal/hw/firmware/src/tt-1xx/brisck.cc,
0,1,1,BRISC,3375,6939916029422,0,0,,,BRISC-FW,ZONE_END,438,/localdev/ijankowski/tt-metal-pin/tt_metal/hw/firmware/src/tt-1xx/brisc.cc,
0,1,1,BRISC,3375,6939933771716,0,0,,,BRISC-FW,ZONE_START,438,/localdev/ijankowski/tt-metal-pin/tt_metal/hw/firmware/src/tt-1xx/brisc.cc,
0,1,1,BRISC,18645,6939933772567,0,0,,,BRISC-KERNEL,ZONE_START,77,/localdev/ijankowski/tt-metal-pin/tt_metal/hw/firmware/src/tt-1xx/brisck.cc,
0,1,1,BRISC,18645,6939933824038,0,0,,,BRISC-KERNEL,ZONE_END,77,/localdev/ijankowski/tt-metal-pin/tt_metal/hw/firmware/src/tt-1xx/brisck.cc,
0,1,1,BRISC,3375,6939933830565,0,0,,,BRISC-FW,ZONE_END,438,/localdev/ijankowski/tt-metal-pin/tt_metal/hw/firmware/src/tt-1xx/brisc.cc,
0,1,1,BRISC,3375,6939952205869,0,0,,,BRISC-FW,ZONE_START,438,/localdev/ijankowski/tt-metal-pin/tt_metal/hw/firmware/src/tt-1xx/brisc.cc,
0,1,1,BRISC,18645,6939952206687,0,0,,,BRISC-KERNEL,ZONE_START,77,/localdev/ijankowski/tt-metal-pin/tt_metal/hw/firmware/src/tt-1xx/brisck.cc,
0,1,1,BRISC,18645,6939952244681,0,0,,,BRISC-KERNEL,ZONE_END,77,/localdev/ijankowski/tt-metal-pin/tt_metal/hw/firmware/src/tt-1xx/brisck.cc,
0,1,1,BRISC,3375,6939952249232,0,0,,,BRISC-FW,ZONE_END,438,/localdev/ijankowski/tt-metal-pin/tt_metal/hw/firmware/src/tt-1xx/brisc.cc,
0,1,1,BRISC,3375,6939969016479,0,0,,,BRISC-FW,ZONE_START,438,/localdev/ijankowski/tt-metal-pin/tt_metal/hw/firmware/src/tt-1xx/brisc.cc,
0,1,1,BRISC,18645,6939969017307,0,0,,,BRISC-KERNEL,ZONE_START,77,/localdev/ijankowski/tt-metal-pin/tt_metal/hw/firmware/src/tt-1xx/brisck.cc,
0,1,1,BRISC,18645,6939969068701,0,0,,,BRISC-KERNEL,ZONE_END,77,/localdev/ijankowski/tt-metal-pin/tt_metal/hw/firmware/src/tt-1xx/brisck.cc,
0,1,1,BRISC,3375,6939969075219,0,0,,,BRISC-FW,ZONE_END,438,/localdev/ijankowski/tt-metal-pin/tt_metal/hw/firmware/src/tt-1xx/brisc.cc,
0,1,1,BRISC,3375,6939987682376,0,0,,,BRISC-FW,ZONE_START,438,/localdev/ijankowski/tt-metal-pin/tt_metal/hw/firmware/src/tt-1xx/brisc.cc,
0,1,1,BRISC,18645,6939987683208,0,0,,,BRISC-KERNEL,ZONE_START,77,/localdev/ijankowski/tt-metal-pin/tt_metal/hw/firmware/src/tt-1xx/brisck.cc,
0,1,1,BRISC,18645,6939987721220,0,0,,,BRISC-KERNEL,ZONE_END,77,/localdev/ijankowski/tt-metal-pin/tt_metal/hw/firmware/src/tt-1xx/brisck.cc,
0,1,1,BRISC,3375,6939987725779,0,0,,,BRISC-FW,ZONE_END,438,/localdev/ijankowski/tt-metal-pin/tt_metal/hw/firmware/src/tt-1xx/brisc.cc,
0,1,1,BRISC,3375,6940004447240,0,0,,,BRISC-FW,ZONE_START,438,/localdev/ijankowski/tt-metal-pin/tt_metal/hw/firmware/src/tt-1xx/brisc.cc,
0,1,1,BRISC,18645,6940004448074,0,0,,,BRISC-KERNEL,ZONE_START,77,/localdev/ijankowski/tt-metal-pin/tt_metal/hw/firmware/src/tt-1xx/brisck.cc,
0,1,1,BRISC,18645,6940004499680,0,0,,,BRISC-KERNEL,ZONE_END,77,/localdev/ijankowski/tt-metal-pin/tt_metal/hw/firmware/src/tt-1xx/brisck.cc,
0,1,1,BRISC,3375,6940004506211,0,0,,,BRISC-FW,ZONE_END,438,/localdev/ijankowski/tt-metal-pin/tt_metal/hw/firmware/src/tt-1xx/brisc.cc,
0,1,1,BRISC,3375,6940021407347,0,0,,,BRISC-FW,ZONE_START,438,/localdev/ijankowski/tt-metal-pin/tt_metal/hw/firmware/src/tt-1xx/brisc.cc,
0,1,1,BRISC,18645,6940021408183,0,0,,,BRISC-KERNEL,ZONE_START,77,/localdev/ijankowski/tt-metal-pin/tt_metal/hw/firmware/src/tt-1xx/brisck.cc,
0,1,1,BRISC,18645,6940021446200,0,0,,,BRISC-KERNEL,ZONE_END,77,/localdev/ijankowski/tt-metal-pin/tt_metal/hw/firmware/src/tt-1xx/brisck.cc,
0,1,1,BRISC,3375,6940021450773,0,0,,,BRISC-FW,ZONE_END,438,/localdev/ijankowski/tt-metal-pin/tt_metal/hw/firmware/src/tt-1xx/brisc.cc,
0,1,1,BRISC,3375,6940039759224,0,0,,,BRISC-FW,ZONE_START,438,/localdev/ijankowski/tt-metal-pin/tt_metal/hw/firmware/src/tt-1xx/brisc.cc,
0,1,1,BRISC,18645,6940039760079,0,0,,,BRISC-KERNEL,ZONE_START,77,/localdev/ijankowski/tt-metal-pin/tt_metal/hw/firmware/src/tt-1xx/brisck.cc,
0,1,1,BRISC,18645,6940039811518,0,0,,,BRISC-KERNEL,ZONE_END,77,/localdev/ijankowski/tt-metal-pin/tt_metal/hw/firmware/src/tt-1xx/brisck.cc,
0,1,1,BRISC,3375,6940039818042,0,0,,,BRISC-FW,ZONE_END,438,/localdev/ijankowski/tt-metal-pin/tt_metal/hw/firmware/src/tt-1xx/brisc.cc,
0,1,1,BRISC,3375,6940056783736,0,0,,,BRISC-FW,ZONE_START,438,/localdev/ijankowski/tt-metal-pin/tt_metal/hw/firmware/src/tt-1xx/brisc.cc,
0,1,1,BRISC,18645,6940056784568,0,0,,,BRISC-KERNEL,ZONE_START,77,/localdev/ijankowski/tt-metal-pin/tt_metal/hw/firmware/src/tt-1xx/brisck.cc,
0,1,1,BRISC,18645,6940056822549,0,0,,,BRISC-KERNEL,ZONE_END,77,/localdev/ijankowski/tt-metal-pin/tt_metal/hw/firmware/src/tt-1xx/brisck.cc,
0,1,1,BRISC,3375,6940056827111,0,0,,,BRISC-FW,ZONE_END,438,/localdev/ijankowski/tt-metal-pin/tt_metal/hw/firmware/src/tt-1xx/brisc.cc,
0,1,1,BRISC,3375,6940073549610,0,0,,,BRISC-FW,ZONE_START,438,/localdev/ijankowski/tt-metal-pin/tt_metal/hw/firmware/src/tt-1xx/brisc.cc,
0,1,1,BRISC,18645,6940073550461,0,0,,,BRISC-KERNEL,ZONE_START,77,/localdev/ijankowski/tt-metal-pin/tt_metal/hw/firmware/src/tt-1xx/brisck.cc,
0,1,1,BRISC,18645,6940073601894,0,0,,,BRISC-KERNEL,ZONE_END,77,/localdev/ijankowski/tt-metal-pin/tt_metal/hw/firmware/src/tt-1xx/brisck.cc,
0,1,1,BRISC,3375,6940073608420,0,0,,,BRISC-FW,ZONE_END,438,/localdev/ijankowski/tt-metal-pin/tt_metal/hw/firmware/src/tt-1xx/brisc.cc,
0,1,1,BRISC,3375,6940090546736,0,0,,,BRISC-FW,ZONE_START,438,/localdev/ijankowski/tt-metal-pin/tt_metal/hw/firmware/src/tt-1xx/brisc.cc,
0,1,1,BRISC,18645,6940090547582,0,0,,,BRISC-KERNEL,ZONE_START,77,/localdev/ijankowski/tt-metal-pin/tt_metal/hw/firmware/src/tt-1xx/brisck.cc,
0,1,1,BRISC,18645,6940090585581,0,0,,,BRISC-KERNEL,ZONE_END,77,/localdev/ijankowski/tt-metal-pin/tt_metal/hw/firmware/src/tt-1xx/brisck.cc,
0,1,1,BRISC,3375,6940090590132,0,0,,,BRISC-FW,ZONE_END,438,/localdev/ijankowski/tt-metal-pin/tt_metal/hw/firmware/src/tt-1xx/brisc.cc,
0,1,1,BRISC,3375,6940107547987,0,0,,,BRISC-FW,ZONE_START,438,/localdev/ijankowski/tt-metal-pin/tt_metal/hw/firmware/src/tt-1xx/brisc.cc,
0,1,1,BRISC,18645,6940107548817,0,0,,,BRISC-KERNEL,ZONE_START,77,/localdev/ijankowski/tt-metal-pin/tt_metal/hw/firmware/src/tt-1xx/brisck.cc,
0,1,1,BRISC,18645,6940107600431,0,0,,,BRISC-KERNEL,ZONE_END,77,/localdev/ijankowski/tt-metal-pin/tt_metal/hw/firmware/src/tt-1xx/brisck.cc,
0,1,1,BRISC,3375,6940107606909,0,0,,,BRISC-FW,ZONE_END,438,/localdev/ijankowski/tt-metal-pin/tt_metal/hw/firmware/src/tt-1xx/brisc.cc,
0,1,1,BRISC,3375,6940125590763,0,0,,,BRISC-FW,ZONE_START,438,/localdev/ijankowski/tt-metal-pin/tt_metal/hw/firmware/src/tt-1xx/brisc.cc,
0,1,1,BRISC,18645,6940125591608,0,0,,,BRISC-KERNEL,ZONE_START,77,/localdev/ijankowski/tt-metal-pin/tt_metal/hw/firmware/src/tt-1xx/brisck.cc,
0,1,1,BRISC,18645,6940125629635,0,0,,,BRISC-KERNEL,ZONE_END,77,/localdev/ijankowski/tt-metal-pin/tt_metal/hw/firmware/src/tt-1xx/brisck.cc,
0,1,1,BRISC,3375,6940125634184,0,0,,,BRISC-FW,ZONE_END,438,/localdev/ijankowski/tt-metal-pin/tt_metal/hw/firmware/src/tt-1xx/brisc.cc,
0,1,1,BRISC,3375,6940142633277,0,0,,,BRISC-FW,ZONE_START,438,/localdev/ijankowski/tt-metal-pin/tt_metal/hw/firmware/src/tt-1xx/brisc.cc,
0,1,1,BRISC,18645,6940142634127,0,0,,,BRISC-KERNEL,ZONE_START,77,/localdev/ijankowski/tt-metal-pin/tt_metal/hw/firmware/src/tt-1xx/brisck.cc,
0,1,1,BRISC,18645,6940142685672,0,0,,,BRISC-KERNEL,ZONE_END,77,/localdev/ijankowski/tt-metal-pin/tt_metal/hw/firmware/src/tt-1xx/brisck.cc,
0,1,1,BRISC,3375,6940142692200,0,0,,,BRISC-FW,ZONE_END,438,/localdev/ijankowski/tt-metal-pin/tt_metal/hw/firmware/src/tt-1xx/brisc.cc,
0,1,1,BRISC,3375,6940159832470,0,0,,,BRISC-FW,ZONE_START,438,/localdev/ijankowski/tt-metal-pin/tt_metal/hw/firmware/src/tt-1xx/brisc.cc,
0,1,1,BRISC,18645,6940159833321,0,0,,,BRISC-KERNEL,ZONE_START,77,/localdev/ijankowski/tt-metal-pin/tt_metal/hw/firmware/src/tt-1xx/brisck.cc,
0,1,1,BRISC,18645,6940159871402,0,0,,,BRISC-KERNEL,ZONE_END,77,/localdev/ijankowski/tt-metal-pin/tt_metal/hw/firmware/src/tt-1xx/brisck.cc,
0,1,1,BRISC,3375,6940159875972,0,0,,,BRISC-FW,ZONE_END,438,/localdev/ijankowski/tt-metal-pin/tt_metal/hw/firmware/src/tt-1xx/brisc.cc,
0,1,1,BRISC,3375,6940177006197,0,0,,,BRISC-FW,ZONE_START,438,/localdev/ijankowski/tt-metal-pin/tt_metal/hw/firmware/src/tt-1xx/brisc.cc,
0,1,1,BRISC,18645,6940177007042,0,0,,,BRISC-KERNEL,ZONE_START,77,/localdev/ijankowski/tt-metal-pin/tt_metal/hw/firmware/src/tt-1xx/brisck.cc,
0,1,1,BRISC,18645,6940177058457,0,0,,,BRISC-KERNEL,ZONE_END,77,/localdev/ijankowski/tt-metal-pin/tt_metal/hw/firmware/src/tt-1xx/brisck.cc,
0,1,1,BRISC,3375,6940177064982,0,0,,,BRISC-FW,ZONE_END,438,/localdev/ijankowski/tt-metal-pin/tt_metal/hw/firmware/src/tt-1xx/brisc.cc,
0,1,1,BRISC,3375,6940194158706,0,0,,,BRISC-FW,ZONE_START,438,/localdev/ijankowski/tt-metal-pin/tt_metal/hw/firmware/src/tt-1xx/brisc.cc,
0,1,1,BRISC,18645,6940194159545,0,0,,,BRISC-KERNEL,ZONE_START,77,/localdev/ijankowski/tt-metal-pin/tt_metal/hw/firmware/src/tt-1xx/brisck.cc,
0,1,1,BRISC,18645,6940194197547,0,0,,,BRISC-KERNEL,ZONE_END,77,/localdev/ijankowski/tt-metal-pin/tt_metal/hw/firmware/src/tt-1xx/brisck.cc,
0,1,1,BRISC,3375,6940194202106,0,0,,,BRISC-FW,ZONE_END,438,/localdev/ijankowski/tt-metal-pin/tt_metal/hw/firmware/src/tt-1xx/brisc.cc,
0,1,1,BRISC,3375,6940211309014,0,0,,,BRISC-FW,ZONE_START,438,/localdev/ijankowski/tt-metal-pin/tt_metal/hw/firmware/src/tt-1xx/brisc.cc,
0,1,1,BRISC,18645,6940211309854,0,0,,,BRISC-KERNEL,ZONE_START,77,/localdev/ijankowski/tt-metal-pin/tt_metal/hw/firmware/src/tt-1xx/brisck.cc,
0,1,1,BRISC,18645,6940211361239,0,0,,,BRISC-KERNEL,ZONE_END,77,/localdev/ijankowski/tt-metal-pin/tt_metal/hw/firmware/src/tt-1xx/brisck.cc,
0,1,1,BRISC,3375,6940211367769,0,0,,,BRISC-FW,ZONE_END,438,/localdev/ijankowski/tt-metal-pin/tt_metal/hw/firmware/src/tt-1xx/brisc.cc,
0,1,1,BRISC,3375,6940230012762,0,0,,,BRISC-FW,ZONE_START,438,/localdev/ijankowski/tt-metal-pin/tt_metal/hw/firmware/src/tt-1xx/brisc.cc,
0,1,1,BRISC,18645,6940230013596,0,0,,,BRISC-KERNEL,ZONE_START,77,/localdev/ijankowski/tt-metal-pin/tt_metal/hw/firmware/src/tt-1xx/brisck.cc,
0,1,1,BRISC,18645,6940230051594,0,0,,,BRISC-KERNEL,ZONE_END,77,/localdev/ijankowski/tt-metal-pin/tt_metal/hw/firmware/src/tt-1xx/brisck.cc,
0,1,1,BRISC,3375,6940230056156,0,0,,,BRISC-FW,ZONE_END,438,/localdev/ijankowski/tt-metal-pin/tt_metal/hw/firmware/src/tt-1xx/brisc.cc,
0,1,1,BRISC,3375,6940246931955,0,0,,,BRISC-FW,ZONE_START,438,/localdev/ijankowski/tt-metal-pin/tt_metal/hw/firmware/src/tt-1xx/brisc.cc,
0,1,1,BRISC,18645,6940246932784,0,0,,,BRISC-KERNEL,ZONE_START,77,/localdev/ijankowski/tt-metal-pin/tt_metal/hw/firmware/src/tt-1xx/brisck.cc,
0,1,1,BRISC,18645,6940246984305,0,0,,,BRISC-KERNEL,ZONE_END,77,/localdev/ijankowski/tt-metal-pin/tt_metal/hw/firmware/src/tt-1xx/brisck.cc,
0,1,1,BRISC,3375,6940246990775,0,0,,,BRISC-FW,ZONE_END,438,/localdev/ijankowski/tt-metal-pin/tt_metal/hw/firmware/src/tt-1xx/brisc.cc,
0,1,1,BRISC,3375,6940265368109,0,0,,,BRISC-FW,ZONE_START,438,/localdev/ijankowski/tt-metal-pin/tt_metal/hw/firmware/src/tt-1xx/brisc.cc,
0,1,1,BRISC,18645,6940265368935,0,0,,,BRISC-KERNEL,ZONE_START,77,/localdev/ijankowski/tt-metal-pin/tt_metal/hw/firmware/src/tt-1xx/brisck.cc,
0,1,1,BRISC,18645,6940265406931,0,0,,,BRISC-KERNEL,ZONE_END,77,/localdev/ijankowski/tt-metal-pin/tt_metal/hw/firmware/src/tt-1xx/brisck.cc,
0,1,1,BRISC,3375,6940265411478,0,0,,,BRISC-FW,ZONE_END,438,/localdev/ijankowski/tt-metal-pin/tt_metal/hw/firmware/src/tt-1xx/brisc.cc,
0,1,1,BRISC,3375,6940282184721,0,0,,,BRISC-FW,ZONE_START,438,/localdev/ijankowski/tt-metal-pin/tt_metal/hw/firmware/src/tt-1xx/brisc.cc,
0,1,1,BRISC,18645,6940282185564,0,0,,,BRISC-KERNEL,ZONE_START,77,/localdev/ijankowski/tt-metal-pin/tt_metal/hw/firmware/src/tt-1xx/brisck.cc,
0,1,1,BRISC,18645,6940282237111,0,0,,,BRISC-KERNEL,ZONE_END,77,/localdev/ijankowski/tt-metal-pin/tt_metal/hw/firmware/src/tt-1xx/brisck.cc,
0,1,1,BRISC,3375,6940282243632,0,0,,,BRISC-FW,ZONE_END,438,/localdev/ijankowski/tt-metal-pin/tt_metal/hw/firmware/src/tt-1xx/brisc.cc,
0,1,1,BRISC,3375,6940302545027,0,0,,,BRISC-FW,ZONE_START,438,/localdev/ijankowski/tt-metal-pin/tt_metal/hw/firmware/src/tt-1xx/brisc.cc,
0,1,1,BRISC,18645,6940302545861,0,0,,,BRISC-KERNEL,ZONE_START,77,/localdev/ijankowski/tt-metal-pin/tt_metal/hw/firmware/src/tt-1xx/brisck.cc,
0,1,1,BRISC,18645,6940302583868,0,0,,,BRISC-KERNEL,ZONE_END,77,/localdev/ijankowski/tt-metal-pin/tt_metal/hw/firmware/src/tt-1xx/brisck.cc,
0,1,1,BRISC,3375,6940302588435,0,0,,,BRISC-FW,ZONE_END,438,/localdev/ijankowski/tt-metal-pin/tt_metal/hw/firmware/src/tt-1xx/brisc.cc,
0,1,1,BRISC,3375,6940319651710,0,0,,,BRISC-FW,ZONE_START,438,/localdev/ijankowski/tt-metal-pin/tt_metal/hw/firmware/src/tt-1xx/brisc.cc,
0,1,1,BRISC,18645,6940319652541,0,0,,,BRISC-KERNEL,ZONE_START,77,/localdev/ijankowski/tt-metal-pin/tt_metal/hw/firmware/src/tt-1xx/brisck.cc,
0,1,1,BRISC,18645,6940319703874,0,0,,,BRISC-KERNEL,ZONE_END,77,/localdev/ijankowski/tt-metal-pin/tt_metal/hw/firmware/src/tt-1xx/brisck.cc,
0,1,1,BRISC,3375,6940319710407,0,0,,,BRISC-FW,ZONE_END,438,/localdev/ijankowski/tt-metal-pin/tt_metal/hw/firmware/src/tt-1xx/brisc.cc,
0,1,1,BRISC,3375,6940336761318,0,0,,,BRISC-FW,ZONE_START,438,/localdev/ijankowski/tt-metal-pin/tt_metal/hw/firmware/src/tt-1xx/brisc.cc,
0,1,1,BRISC,18645,6940336762163,0,0,,,BRISC-KERNEL,ZONE_START,77,/localdev/ijankowski/tt-metal-pin/tt_metal/hw/firmware/src/tt-1xx/brisck.cc,
0,1,1,BRISC,18645,6940336800202,0,0,,,BRISC-KERNEL,ZONE_END,77,/localdev/ijankowski/tt-metal-pin/tt_metal/hw/firmware/src/tt-1xx/brisck.cc,
0,1,1,BRISC,3375,6940336804762,0,0,,,BRISC-FW,ZONE_END,438,/localdev/ijankowski/tt-metal-pin/tt_metal/hw/firmware/src/tt-1xx/brisc.cc,
0,1,1,BRISC,3375,6940353745260,0,0,,,BRISC-FW,ZONE_START,438,/localdev/ijankowski/tt-metal-pin/tt_metal/hw/firmware/src/tt-1xx/brisc.cc,
0,1,1,BRISC,18645,6940353746098,0,0,,,BRISC-KERNEL,ZONE_START,77,/localdev/ijankowski/tt-metal-pin/tt_metal/hw/firmware/src/tt-1xx/brisck.cc,
0,1,1,BRISC,18645,6940353797488,0,0,,,BRISC-KERNEL,ZONE_END,77,/localdev/ijankowski/tt-metal-pin/tt_metal/hw/firmware/src/tt-1xx/brisck.cc,
0,1,1,BRISC,3375,6940353804012,0,0,,,BRISC-FW,ZONE_END,438,/localdev/ijankowski/tt-metal-pin/tt_metal/hw/firmware/src/tt-1xx/brisc.cc,
0,1,1,BRISC,3375,6940370439674,0,0,,,BRISC-FW,ZONE_START,438,/localdev/ijankowski/tt-metal-pin/tt_metal/hw/firmware/src/tt-1xx/brisc.cc,
0,1,1,BRISC,18645,6940370440504,0,0,,,BRISC-KERNEL,ZONE_START,77,/localdev/ijankowski/tt-metal-pin/tt_metal/hw/firmware/src/tt-1xx/brisck.cc,
0,1,1,BRISC,18645,6940370478481,0,0,,,BRISC-KERNEL,ZONE_END,77,/localdev/ijankowski/tt-metal-pin/tt_metal/hw/firmware/src/tt-1xx/brisck.cc,
0,1,1,BRISC,3375,6940370483040,0,0,,,BRISC-FW,ZONE_END,438,/localdev/ijankowski/tt-metal-pin/tt_metal/hw/firmware/src/tt-1xx/brisc.cc,
0,1,1,NCRISC,31803,6939470378265,0,0,,,NCRISC-FW,ZONE_START,129,/localdev/ijankowski/tt-metal-pin/tt_metal/hw/firmware/src/tt-1xx/ncrisc.cc,
0,1,1,NCRISC,22816,6939470378932,0,0,,,NCRISC-KERNEL,ZONE_START,70,/localdev/ijankowski/tt-metal-pin/tt_metal/hw/firmware/src/tt-1xx/ncrisck.cc,
0,1,1,NCRISC,22816,6939470436719,0,0,,,NCRISC-KERNEL,ZONE_END,70,/localdev/ijankowski/tt-metal-pin/tt_metal/hw/firmware/src/tt-1xx/ncrisck.cc,
0,1,1,NCRISC,31803,6939470436843,0,0,,,NCRISC-FW,ZONE_END,129,/localdev/ijankowski/tt-metal-pin/tt_metal/hw/firmware/src/tt-1xx/ncrisc.cc,
0,1,1,NCRISC,31803,6939499568070,0,0,,,NCRISC-FW,ZONE_START,129,/localdev/ijankowski/tt-metal-pin/tt_metal/hw/firmware/src/tt-1xx/ncrisc.cc,
0,1,1,NCRISC,22816,6939499568743,0,0,,,NCRISC-KERNEL,ZONE_START,70,/localdev/ijankowski/tt-metal-pin/tt_metal/hw/firmware/src/tt-1xx/ncrisck.cc,
0,1,1,NCRISC,22816,6939499611186,0,0,,,NCRISC-KERNEL,ZONE_END,70,/localdev/ijankowski/tt-metal-pin/tt_metal/hw/firmware/src/tt-1xx/ncrisck.cc,
0,1,1,NCRISC,31803,6939499611307,0,0,,,NCRISC-FW,ZONE_END,129,/localdev/ijankowski/tt-metal-pin/tt_metal/hw/firmware/src/tt-1xx/ncrisc.cc,
0,1,1,NCRISC,31803,6939516797724,0,0,,,NCRISC-FW,ZONE_START,129,/localdev/ijankowski/tt-metal-pin/tt_metal/hw/firmware/src/tt-1xx/ncrisc.cc,
0,1,1,NCRISC,22816,6939516798381,0,0,,,NCRISC-KERNEL,ZONE_START,70,/localdev/ijankowski/tt-metal-pin/tt_metal/hw/firmware/src/tt-1xx/ncrisck.cc,
0,1,1,NCRISC,22816,6939516856244,0,0,,,NCRISC-KERNEL,ZONE_END,70,/localdev/ijankowski/tt-metal-pin/tt_metal/hw/firmware/src/tt-1xx/ncrisck.cc,
0,1,1,NCRISC,31803,6939516856365,0,0,,,NCRISC-FW,ZONE_END,129,/localdev/ijankowski/tt-metal-pin/tt_metal/hw/firmware/src/tt-1xx/ncrisc.cc,
0,1,1,NCRISC,31803,6939533837517,0,0,,,NCRISC-FW,ZONE_START,129,/localdev/ijankowski/tt-metal-pin/tt_metal/hw/firmware/src/tt-1xx/ncrisc.cc,
0,1,1,NCRISC,22816,6939533838179,0,0,,,NCRISC-KERNEL,ZONE_START,70,/localdev/ijankowski/tt-metal-pin/tt_metal/hw/firmware/src/tt-1xx/ncrisck.cc,
0,1,1,NCRISC,22816,6939533880647,0,0,,,NCRISC-KERNEL,ZONE_END,70,/localdev/ijankowski/tt-metal-pin/tt_metal/hw/firmware/src/tt-1xx/ncrisck.cc,
0,1,1,NCRISC,31803,6939533880767,0,0,,,NCRISC-FW,ZONE_END,129,/localdev/ijankowski/tt-metal-pin/tt_metal/hw/firmware/src/tt-1xx/ncrisc.cc,
0,1,1,NCRISC,31803,6939550662581,0,0,,,NCRISC-FW,ZONE_START,129,/localdev/ijankowski/tt-metal-pin/tt_metal/hw/firmware/src/tt-1xx/ncrisc.cc,
0,1,1,NCRISC,22816,6939550663240,0,0,,,NCRISC-KERNEL,ZONE_START,70,/localdev/ijankowski/tt-metal-pin/tt_metal/hw/firmware/src/tt-1xx/ncrisck.cc,
0,1,1,NCRISC,22816,6939550721164,0,0,,,NCRISC-KERNEL,ZONE_END,70,/localdev/ijankowski/tt-metal-pin/tt_metal/hw/firmware/src/tt-1xx/ncrisck.cc,
0,1,1,NCRISC,31803,6939550721285,0,0,,,NCRISC-FW,ZONE_END,129,/localdev/ijankowski/tt-metal-pin/tt_metal/hw/firmware/src/tt-1xx/ncrisc.cc,
0,1,1,NCRISC,31803,6939567815137,0,0,,,NCRISC-FW,ZONE_START,129,/localdev/ijankowski/tt-metal-pin/tt_metal/hw/firmware/src/tt-1xx/ncrisc.cc,
0,1,1,NCRISC,22816,6939567815809,0,0,,,NCRISC-KERNEL,ZONE_START,70,/localdev/ijankowski/tt-metal-pin/tt_metal/hw/firmware/src/tt-1xx/ncrisck.cc,
0,1,1,NCRISC,22816,6939567858349,0,0,,,NCRISC-KERNEL,ZONE_END,70,/localdev/ijankowski/tt-metal-pin/tt_metal/hw/firmware/src/tt-1xx/ncrisck.cc,
0,1,1,NCRISC,31803,6939567858470,0,0,,,NCRISC-FW,ZONE_END,129,/localdev/ijankowski/tt-metal-pin/tt_metal/hw/firmware/src/tt-1xx/ncrisc.cc,
0,1,1,NCRISC,31803,6939584589198,0,0,,,NCRISC-FW,ZONE_START,129,/localdev/ijankowski/tt-metal-pin/tt_metal/hw/firmware/src/tt-1xx/ncrisc.cc,
0,1,1,NCRISC,22816,6939584589855,0,0,,,NCRISC-KERNEL,ZONE_START,70,/localdev/ijankowski/tt-metal-pin/tt_metal/hw/firmware/src/tt-1xx/ncrisck.cc,
0,1,1,NCRISC,22816,6939584647898,0,0,,,NCRISC-KERNEL,ZONE_END,70,/localdev/ijankowski/tt-metal-pin/tt_metal/hw/firmware/src/tt-1xx/ncrisck.cc,
0,1,1,NCRISC,31803,6939584648020,0,0,,,NCRISC-FW,ZONE_END,129,/localdev/ijankowski/tt-metal-pin/tt_metal/hw/firmware/src/tt-1xx/ncrisc.cc,
0,1,1,NCRISC,31803,6939601787325,0,0,,,NCRISC-FW,ZONE_START,129,/localdev/ijankowski/tt-metal-pin/tt_metal/hw/firmware/src/tt-1xx/ncrisc.cc,
0,1,1,NCRISC,22816,6939601788002,0,0,,,NCRISC-KERNEL,ZONE_START,70,/localdev/ijankowski/tt-metal-pin/tt_metal/hw/firmware/src/tt-1xx/ncrisck.cc,
0,1,1,NCRISC,22816,6939601830486,0,0,,,NCRISC-KERNEL,ZONE_END,70,/localdev/ijankowski/tt-metal-pin/tt_metal/hw/firmware/src/tt-1xx/ncrisck.cc,
0,1,1,NCRISC,31803,6939601830606,0,0,,,NCRISC-FW,ZONE_END,129,/localdev/ijankowski/tt-metal-pin/tt_metal/hw/firmware/src/tt-1xx/ncrisc.cc,
0,1,1,NCRISC,31803,6939621393473,0,0,,,NCRISC-FW,ZONE_START,129,/localdev/ijankowski/tt-metal-pin/tt_metal/hw/firmware/src/tt-1xx/ncrisc.cc,
0,1,1,NCRISC,22816,6939621394124,0,0,,,NCRISC-KERNEL,ZONE_START,70,/localdev/ijankowski/tt-metal-pin/tt_metal/hw/firmware/src/tt-1xx/ncrisck.cc,
0,1,1,NCRISC,22816,6939621451955,0,0,,,NCRISC-KERNEL,ZONE_END,70,/localdev/ijankowski/tt-metal-pin/tt_metal/hw/firmware/src/tt-1xx/ncrisck.cc,
0,1,1,NCRISC,31803,6939621452076,0,0,,,NCRISC-FW,ZONE_END,129,/localdev/ijankowski/tt-metal-pin/tt_metal/hw/firmware/src/tt-1xx/ncrisc.cc,
0,1,1,NCRISC,31803,6939640104878,0,0,,,NCRISC-FW,ZONE_START,129,/localdev/ijankowski/tt-metal-pin/tt_metal/hw/firmware/src/tt-1xx/ncrisc.cc,
0,1,1,NCRISC,22816,6939640105561,0,0,,,NCRISC-KERNEL,ZONE_START,70,/localdev/ijankowski/tt-metal-pin/tt_metal/hw/firmware/src/tt-1xx/ncrisck.cc,
0,1,1,NCRISC,22816,6939640148006,0,0,,,NCRISC-KERNEL,ZONE_END,70,/localdev/ijankowski/tt-metal-pin/tt_metal/hw/firmware/src/tt-1xx/ncrisck.cc,
0,1,1,NCRISC,31803,6939640148130,0,0,,,NCRISC-FW,ZONE_END,129,/localdev/ijankowski/tt-metal-pin/tt_metal/hw/firmware/src/tt-1xx/ncrisc.cc,
0,1,1,NCRISC,31803,6939658596954,0,0,,,NCRISC-FW,ZONE_START,129,/localdev/ijankowski/tt-metal-pin/tt_metal/hw/firmware/src/tt-1xx/ncrisc.cc,
0,1,1,NCRISC,22816,6939658597612,0,0,,,NCRISC-KERNEL,ZONE_START,70,/localdev/ijankowski/tt-metal-pin/tt_metal/hw/firmware/src/tt-1xx/ncrisck.cc,
0,1,1,NCRISC,22816,6939658655382,0,0,,,NCRISC-KERNEL,ZONE_END,70,/localdev/ijankowski/tt-metal-pin/tt_metal/hw/firmware/src/tt-1xx/ncrisck.cc,
0,1,1,NCRISC,31803,6939658655502,0,0,,,NCRISC-FW,ZONE_END,129,/localdev/ijankowski/tt-metal-pin/tt_metal/hw/firmware/src/tt-1xx/ncrisc.cc,
0,1,1,NCRISC,31803,6939675774843,0,0,,,NCRISC-FW,ZONE_START,129,/localdev/ijankowski/tt-metal-pin/tt_metal/hw/firmware/src/tt-1xx/ncrisc.cc,
0,1,1,NCRISC,22816,6939675775495,0,0,,,NCRISC-KERNEL,ZONE_START,70,/localdev/ijankowski/tt-metal-pin/tt_metal/hw/firmware/src/tt-1xx/ncrisck.cc,
0,1,1,NCRISC,22816,6939675817958,0,0,,,NCRISC-KERNEL,ZONE_END,70,/localdev/ijankowski/tt-metal-pin/tt_metal/hw/firmware/src/tt-1xx/ncrisck.cc,
0,1,1,NCRISC,31803,6939675818079,0,0,,,NCRISC-FW,ZONE_END,129,/localdev/ijankowski/tt-metal-pin/tt_metal/hw/firmware/src/tt-1xx/ncrisc.cc,
0,1,1,NCRISC,31803,6939696239981,0,0,,,NCRISC-FW,ZONE_START,129,/localdev/ijankowski/tt-metal-pin/tt_metal/hw/firmware/src/tt-1xx/ncrisc.cc,
0,1,1,NCRISC,22816,6939696240647,0,0,,,NCRISC-KERNEL,ZONE_START,70,/localdev/ijankowski/tt-metal-pin/tt_metal/hw/firmware/src/tt-1xx/ncrisck.cc,
0,1,1,NCRISC,22816,6939696298570,0,0,,,NCRISC-KERNEL,ZONE_END,70,/localdev/ijankowski/tt-metal-pin/tt_metal/hw/firmware/src/tt-1xx/ncrisck.cc,
0,1,1,NCRISC,31803,6939696298691,0,0,,,NCRISC-FW,ZONE_END,129,/localdev/ijankowski/tt-metal-pin/tt_metal/hw/firmware/src/tt-1xx/ncrisc.cc,
0,1,1,NCRISC,31803,6939713303230,0,0,,,NCRISC-FW,ZONE_START,129,/localdev/ijankowski/tt-metal-pin/tt_metal/hw/firmware/src/tt-1xx/ncrisc.cc,
0,1,1,NCRISC,22816,6939713303893,0,0,,,NCRISC-KERNEL,ZONE_START,70,/localdev/ijankowski/tt-metal-pin/tt_metal/hw/firmware/src/tt-1xx/ncrisck.cc,
0,1,1,NCRISC,22816,6939713346368,0,0,,,NCRISC-KERNEL,ZONE_END,70,/localdev/ijankowski/tt-metal-pin/tt_metal/hw/firmware/src/tt-1xx/ncrisck.cc,
0,1,1,NCRISC,31803,6939713346491,0,0,,,NCRISC-FW,ZONE_END,129,/localdev/ijankowski/tt-metal-pin/tt_metal/hw/firmware/src/tt-1xx/ncrisc.cc,
0,1,1,NCRISC,31803,6939730059457,0,0,,,NCRISC-FW,ZONE_START,129,/localdev/ijankowski/tt-metal-pin/tt_metal/hw/firmware/src/tt-1xx/ncrisc.cc,
0,1,1,NCRISC,22816,6939730060126,0,0,,,NCRISC-KERNEL,ZONE_START,70,/localdev/ijankowski/tt-metal-pin/tt_metal/hw/firmware/src/tt-1xx/ncrisck.cc,
0,1,1,NCRISC,22816,6939730117962,0,0,,,NCRISC-KERNEL,ZONE_END,70,/localdev/ijankowski/tt-metal-pin/tt_metal/hw/firmware/src/tt-1xx/ncrisck.cc,
0,1,1,NCRISC,31803,6939730118082,0,0,,,NCRISC-FW,ZONE_END,129,/localdev/ijankowski/tt-metal-pin/tt_metal/hw/firmware/src/tt-1xx/ncrisc.cc,
0,1,1,NCRISC,31803,6939747308083,0,0,,,NCRISC-FW,ZONE_START,129,/localdev/ijankowski/tt-metal-pin/tt_metal/hw/firmware/src/tt-1xx/ncrisc.cc,
0,1,1,NCRISC,22816,6939747308734,0,0,,,NCRISC-KERNEL,ZONE_START,70,/localdev/ijankowski/tt-metal-pin/tt_metal/hw/firmware/src/tt-1xx/ncrisck.cc,
0,1,1,NCRISC,22816,6939747351190,0,0,,,NCRISC-KERNEL,ZONE_END,70,/localdev/ijankowski/tt-metal-pin/tt_metal/hw/firmware/src/tt-1xx/ncrisck.cc,
0,1,1,NCRISC,31803,6939747351311,0,0,,,NCRISC-FW,ZONE_END,129,/localdev/ijankowski/tt-metal-pin/tt_metal/hw/firmware/src/tt-1xx/ncrisc.cc,
0,1,1,NCRISC,31803,6939764042423,0,0,,,NCRISC-FW,ZONE_START,129,/localdev/ijankowski/tt-metal-pin/tt_metal/hw/firmware/src/tt-1xx/ncrisc.cc,
0,1,1,NCRISC,22816,6939764043091,0,0,,,NCRISC-KERNEL,ZONE_START,70,/localdev/ijankowski/tt-metal-pin/tt_metal/hw/firmware/src/tt-1xx/ncrisck.cc,
0,1,1,NCRISC,22816,6939764101023,0,0,,,NCRISC-KERNEL,ZONE_END,70,/localdev/ijankowski/tt-metal-pin/tt_metal/hw/firmware/src/tt-1xx/ncrisck.cc,
0,1,1,NCRISC,31803,6939764101143,0,0,,,NCRISC-FW,ZONE_END,129,/localdev/ijankowski/tt-metal-pin/tt_metal/hw/firmware/src/tt-1xx/ncrisc.cc,
0,1,1,NCRISC,31803,6939780790535,0,0,,,NCRISC-FW,ZONE_START,129,/localdev/ijankowski/tt-metal-pin/tt_metal/hw/firmware/src/tt-1xx/ncrisc.cc,
0,1,1,NCRISC,22816,6939780791186,0,0,,,NCRISC-KERNEL,ZONE_START,70,/localdev/ijankowski/tt-metal-pin/tt_metal/hw/firmware/src/tt-1xx/ncrisck.cc,
0,1,1,NCRISC,22816,6939780833628,0,0,,,NCRISC-KERNEL,ZONE_END,70,/localdev/ijankowski/tt-metal-pin/tt_metal/hw/firmware/src/tt-1xx/ncrisck.cc,
0,1,1,NCRISC,31803,6939780833749,0,0,,,NCRISC-FW,ZONE_END,129,/localdev/ijankowski/tt-metal-pin/tt_metal/hw/firmware/src/tt-1xx/ncrisc.cc,
0,1,1,NCRISC,31803,6939797922442,0,0,,,NCRISC-FW,ZONE_START,129,/localdev/ijankowski/tt-metal-pin/tt_metal/hw/firmware/src/tt-1xx/ncrisc.cc,
0,1,1,NCRISC,22816,6939797923100,0,0,,,NCRISC-KERNEL,ZONE_START,70,/localdev/ijankowski/tt-metal-pin/tt_metal/hw/firmware/src/tt-1xx/ncrisck.cc,
0,1,1,NCRISC,22816,6939797981293,0,0,,,NCRISC-KERNEL,ZONE_END,70,/localdev/ijankowski/tt-metal-pin/tt_metal/hw/firmware/src/tt-1xx/ncrisck.cc,
0,1,1,NCRISC,31803,6939797981412,0,0,,,NCRISC-FW,ZONE_END,129,/localdev/ijankowski/tt-metal-pin/tt_metal/hw/firmware/src/tt-1xx/ncrisc.cc,
0,1,1,NCRISC,31803,6939814761556,0,0,,,NCRISC-FW,ZONE_START,129,/localdev/ijankowski/tt-metal-pin/tt_metal/hw/firmware/src/tt-1xx/ncrisc.cc,
0,1,1,NCRISC,22816,6939814762208,0,0,,,NCRISC-KERNEL,ZONE_START,70,/localdev/ijankowski/tt-metal-pin/tt_metal/hw/firmware/src/tt-1xx/ncrisck.cc,
0,1,1,NCRISC,22816,6939814804679,0,0,,,NCRISC-KERNEL,ZONE_END,70,/localdev/ijankowski/tt-metal-pin/tt_metal/hw/firmware/src/tt-1xx/ncrisck.cc,
0,1,1,NCRISC,31803,6939814804800,0,0,,,NCRISC-FW,ZONE_END,129,/localdev/ijankowski/tt-metal-pin/tt_metal/hw/firmware/src/tt-1xx/ncrisc.cc,
0,1,1,NCRISC,31803,6939831588386,0,0,,,NCRISC-FW,ZONE_START,129,/localdev/ijankowski/tt-metal-pin/tt_metal/hw/firmware/src/tt-1xx/ncrisc.cc,
0,1,1,NCRISC,22816,6939831589057,0,0,,,NCRISC-KERNEL,ZONE_START,70,/localdev/ijankowski/tt-metal-pin/tt_metal/hw/firmware/src/tt-1xx/ncrisck.cc,
0,1,1,NCRISC,22816,6939831646845,0,0,,,NCRISC-KERNEL,ZONE_END,70,/localdev/ijankowski/tt-metal-pin/tt_metal/hw/firmware/src/tt-1xx/ncrisck.cc,
0,1,1,NCRISC,31803,6939831646964,0,0,,,NCRISC-FW,ZONE_END,129,/localdev/ijankowski/tt-metal-pin/tt_metal/hw/firmware/src/tt-1xx/ncrisc.cc,
0,1,1,NCRISC,31803,6939848583561,0,0,,,NCRISC-FW,ZONE_START,129,/localdev/ijankowski/tt-metal-pin/tt_metal/hw/firmware/src/tt-1xx/ncrisc.cc,
0,1,1,NCRISC,22816,6939848584239,0,0,,,NCRISC-KERNEL,ZONE_START,70,/localdev/ijankowski/tt-metal-pin/tt_metal/hw/firmware/src/tt-1xx/ncrisck.cc,
0,1,1,NCRISC,22816,6939848626692,0,0,,,NCRISC-KERNEL,ZONE_END,70,/localdev/ijankowski/tt-metal-pin/tt_metal/hw/firmware/src/tt-1xx/ncrisck.cc,
0,1,1,NCRISC,31803,6939848626813,0,0,,,NCRISC-FW,ZONE_END,129,/localdev/ijankowski/tt-metal-pin/tt_metal/hw/firmware/src/tt-1xx/ncrisc.cc,
0,1,1,NCRISC,31803,6939865371684,0,0,,,NCRISC-FW,ZONE_START,129,/localdev/ijankowski/tt-metal-pin/tt_metal/hw/firmware/src/tt-1xx/ncrisc.cc,
0,1,1,NCRISC,22816,6939865372351,0,0,,,NCRISC-KERNEL,ZONE_START,70,/localdev/ijankowski/tt-metal-pin/tt_metal/hw/firmware/src/tt-1xx/ncrisck.cc,
0,1,1,NCRISC,22816,6939865430356,0,0,,,NCRISC-KERNEL,ZONE_END,70,/localdev/ijankowski/tt-metal-pin/tt_metal/hw/firmware/src/tt-1xx/ncrisck.cc,
0,1,1,NCRISC,31803,6939865430477,0,0,,,NCRISC-FW,ZONE_END,129,/localdev/ijankowski/tt-metal-pin/tt_metal/hw/firmware/src/tt-1xx/ncrisc.cc,
0,1,1,NCRISC,31803,6939882204312,0,0,,,NCRISC-FW,ZONE_START,129,/localdev/ijankowski/tt-metal-pin/tt_metal/hw/firmware/src/tt-1xx/ncrisc.cc,
0,1,1,NCRISC,22816,6939882204954,0,0,,,NCRISC-KERNEL,ZONE_START,70,/localdev/ijankowski/tt-metal-pin/tt_metal/hw/firmware/src/tt-1xx/ncrisck.cc,
0,1,1,NCRISC,22816,6939882247406,0,0,,,NCRISC-KERNEL,ZONE_END,70,/localdev/ijankowski/tt-metal-pin/tt_metal/hw/firmware/src/tt-1xx/ncrisck.cc,
0,1,1,NCRISC,31803,6939882247527,0,0,,,NCRISC-FW,ZONE_END,129,/localdev/ijankowski/tt-metal-pin/tt_metal/hw/firmware/src/tt-1xx/ncrisc.cc,
0,1,1,NCRISC,31803,6939899106116,0,0,,,NCRISC-FW,ZONE_START,129,/localdev/ijankowski/tt-metal-pin/tt_metal/hw/firmware/src/tt-1xx/ncrisc.cc,
0,1,1,NCRISC,22816,6939899106772,0,0,,,NCRISC-KERNEL,ZONE_START,70,/localdev/ijankowski/tt-metal-pin/tt_metal/hw/firmware/src/tt-1xx/ncrisck.cc,
0,1,1,NCRISC,22816,6939899164694,0,0,,,NCRISC-KERNEL,ZONE_END,70,/localdev/ijankowski/tt-metal-pin/tt_metal/hw/firmware/src/tt-1xx/ncrisck.cc,
0,1,1,NCRISC,31803,6939899164818,0,0,,,NCRISC-FW,ZONE_END,129,/localdev/ijankowski/tt-metal-pin/tt_metal/hw/firmware/src/tt-1xx/ncrisc.cc,
0,1,1,NCRISC,31803,6939915986185,0,0,,,NCRISC-FW,ZONE_START,129,/localdev/ijankowski/tt-metal-pin/tt_metal/hw/firmware/src/tt-1xx/ncrisc.cc,
0,1,1,NCRISC,22816,6939915986849,0,0,,,NCRISC-KERNEL,ZONE_START,70,/localdev/ijankowski/tt-metal-pin/tt_metal/hw/firmware/src/tt-1xx/ncrisck.cc,
0,1,1,NCRISC,22816,6939916029300,0,0,,,NCRISC-KERNEL,ZONE_END,70,/localdev/ijankowski/tt-metal-pin/tt_metal/hw/firmware/src/tt-1xx/ncrisck.cc,
0,1,1,NCRISC,31803,6939916029423,0,0,,,NCRISC-FW,ZONE_END,129,/localdev/ijankowski/tt-metal-pin/tt_metal/hw/firmware/src/tt-1xx/ncrisc.cc,
0,1,1,NCRISC,31803,6939933771867,0,0,,,NCRISC-FW,ZONE_START,129,/localdev/ijankowski/tt-metal-pin/tt_metal/hw/firmware/src/tt-1xx/ncrisc.cc,
0,1,1,NCRISC,22816,6939933772536,0,0,,,NCRISC-KERNEL,ZONE_START,70,/localdev/ijankowski/tt-metal-pin/tt_metal/hw/firmware/src/tt-1xx/ncrisck.cc,
0,1,1,NCRISC,22816,6939933830444,0,0,,,NCRISC-KERNEL,ZONE_END,70,/localdev/ijankowski/tt-metal-pin/tt_metal/hw/firmware/src/tt-1xx/ncrisck.cc,
0,1,1,NCRISC,31803,6939933830566,0,0,,,NCRISC-FW,ZONE_END,129,/localdev/ijankowski/tt-metal-pin/tt_metal/hw/firmware/src/tt-1xx/ncrisc.cc,
0,1,1,NCRISC,31803,6939952206019,0,0,,,NCRISC-FW,ZONE_START,129,/localdev/ijankowski/tt-metal-pin/tt_metal/hw/firmware/src/tt-1xx/ncrisc.cc,
0,1,1,NCRISC,22816,6939952206673,0,0,,,NCRISC-KERNEL,ZONE_START,70,/localdev/ijankowski/tt-metal-pin/tt_metal/hw/firmware/src/tt-1xx/ncrisck.cc,
0,1,1,NCRISC,22816,6939952249105,0,0,,,NCRISC-KERNEL,ZONE_END,70,/localdev/ijankowski/tt-metal-pin/tt_metal/hw/firmware/src/tt-1xx/ncrisck.cc,
0,1,1,NCRISC,31803,6939952249226,0,0,,,NCRISC-FW,ZONE_END,129,/localdev/ijankowski/tt-metal-pin/tt_metal/hw/firmware/src/tt-1xx/ncrisc.cc,
0,1,1,NCRISC,31803,6939969016630,0,0,,,NCRISC-FW,ZONE_START,129,/localdev/ijankowski/tt-metal-pin/tt_metal/hw/firmware/src/tt-1xx/ncrisc.cc,
0,1,1,NCRISC,22816,6939969017287,0,0,,,NCRISC-KERNEL,ZONE_START,70,/localdev/ijankowski/tt-metal-pin/tt_metal/hw/firmware/src/tt-1xx/ncrisck.cc,
0,1,1,NCRISC,22816,6939969075098,0,0,,,NCRISC-KERNEL,ZONE_END,70,/localdev/ijankowski/tt-metal-pin/tt_metal/hw/firmware/src/tt-1xx/ncrisck.cc,
0,1,1,NCRISC,31803,6939969075220,0,0,,,NCRISC-FW,ZONE_END,129,/localdev/ijankowski/tt-metal-pin/tt_metal/hw/firmware/src/tt-1xx/ncrisc.cc,
0,1,1,NCRISC,31803,6939987682527,0,0,,,NCRISC-FW,ZONE_START,129,/localdev/ijankowski/tt-metal-pin/tt_metal/hw/firmware/src/tt-1xx/ncrisc.cc,
0,1,1,NCRISC,22816,6939987683187,0,0,,,NCRISC-KERNEL,ZONE_START,70,/localdev/ijankowski/tt-metal-pin/tt_metal/hw/firmware/src/tt-1xx/ncrisck.cc,
0,1,1,NCRISC,22816,6939987725660,0,0,,,NCRISC-KERNEL,ZONE_END,70,/localdev/ijankowski/tt-metal-pin/tt_metal/hw/firmware/src/tt-1xx/ncrisck.cc,
0,1,1,NCRISC,31803,6939987725780,0,0,,,NCRISC-FW,ZONE_END,129,/localdev/ijankowski/tt-metal-pin/tt_metal/hw/firmware/src/tt-1xx/ncrisc.cc,
0,1,1,NCRISC,31803,6940004447398,0,0,,,NCRISC-FW,ZONE_START,129,/localdev/ijankowski/tt-metal-pin/tt_metal/hw/firmware/src/tt-1xx/ncrisc.cc,
0,1,1,NCRISC,22816,6940004448053,0,0,,,NCRISC-KERNEL,ZONE_START,70,/localdev/ijankowski/tt-metal-pin/tt_metal/hw/firmware/src/tt-1xx/ncrisck.cc,
0,1,1,NCRISC,22816,6940004506084,0,0,,,NCRISC-KERNEL,ZONE_END,70,/localdev/ijankowski/tt-metal-pin/tt_metal/hw/firmware/src/tt-1xx/ncrisck.cc,
0,1,1,NCRISC,31803,6940004506205,0,0,,,NCRISC-FW,ZONE_END,129,/localdev/ijankowski/tt-metal-pin/tt_metal/hw/firmware/src/tt-1xx/ncrisc.cc,
0,1,1,NCRISC,31803,6940021407501,0,0,,,NCRISC-FW,ZONE_START,129,/localdev/ijankowski/tt-metal-pin/tt_metal/hw/firmware/src/tt-1xx/ncrisc.cc,
0,1,1,NCRISC,22816,6940021408162,0,0,,,NCRISC-KERNEL,ZONE_START,70,/localdev/ijankowski/tt-metal-pin/tt_metal/hw/firmware/src/tt-1xx/ncrisck.cc,
0,1,1,NCRISC,22816,6940021450650,0,0,,,NCRISC-KERNEL,ZONE_END,70,/localdev/ijankowski/tt-metal-pin/tt_metal/hw/firmware/src/tt-1xx/ncrisck.cc,
0,1,1,NCRISC,31803,6940021450774,0,0,,,NCRISC-FW,ZONE_END,129,/localdev/ijankowski/tt-metal-pin/tt_metal/hw/firmware/src/tt-1xx/ncrisc.cc,
0,1,1,NCRISC,31803,6940039759368,0,0,,,NCRISC-FW,ZONE_START,129,/localdev/ijankowski/tt-metal-pin/tt_metal/hw/firmware/src/tt-1xx/ncrisc.cc,
0,1,1,NCRISC,22816,6940039760058,0,0,,,NCRISC-KERNEL,ZONE_START,70,/localdev/ijankowski/tt-metal-pin/tt_metal/hw/firmware/src/tt-1xx/ncrisck.cc,
0,1,1,NCRISC,22816,6940039817916,0,0,,,NCRISC-KERNEL,ZONE_END,70,/localdev/ijankowski/tt-metal-pin/tt_metal/hw/firmware/src/tt-1xx/ncrisck.cc,
0,1,1,NCRISC,31803,6940039818036,0,0,,,NCRISC-FW,ZONE_END,129,/localdev/ijankowski/tt-metal-pin/tt_metal/hw/firmware/src/tt-1xx/ncrisc.cc,
0,1,1,NCRISC,31803,6940056783887,0,0,,,NCRISC-FW,ZONE_START,129,/localdev/ijankowski/tt-metal-pin/tt_metal/hw/firmware/src/tt-1xx/ncrisc.cc,
0,1,1,NCRISC,22816,6940056784548,0,0,,,NCRISC-KERNEL,ZONE_START,70,/localdev/ijankowski/tt-metal-pin/tt_metal/hw/firmware/src/tt-1xx/ncrisck.cc,
0,1,1,NCRISC,22816,6940056826987,0,0,,,NCRISC-KERNEL,ZONE_END,70,/localdev/ijankowski/tt-metal-pin/tt_metal/hw/firmware/src/tt-1xx/ncrisck.cc,
0,1,1,NCRISC,31803,6940056827105,0,0,,,NCRISC-FW,ZONE_END,129,/localdev/ijankowski/tt-metal-pin/tt_metal/hw/firmware/src/tt-1xx/ncrisc.cc,
0,1,1,NCRISC,31803,6940073549760,0,0,,,NCRISC-FW,ZONE_START,129,/localdev/ijankowski/tt-metal-pin/tt_metal/hw/firmware/src/tt-1xx/ncrisc.cc,
0,1,1,NCRISC,22816,6940073550440,0,0,,,NCRISC-KERNEL,ZONE_START,70,/localdev/ijankowski/tt-metal-pin/tt_metal/hw/firmware/src/tt-1xx/ncrisck.cc,
0,1,1,NCRISC,22816,6940073608293,0,0,,,NCRISC-KERNEL,ZONE_END,70,/localdev/ijankowski/tt-metal-pin/tt_metal/hw/firmware/src/tt-1xx/ncrisck.cc,
0,1,1,NCRISC,31803,6940073608414,0,0,,,NCRISC-FW,ZONE_END,129,/localdev/ijankowski/tt-metal-pin/tt_metal/hw/firmware/src/tt-1xx/ncrisc.cc,
0,1,1,NCRISC,31803,6940090546894,0,0,,,NCRISC-FW,ZONE_START,129,/localdev/ijankowski/tt-metal-pin/tt_metal/hw/firmware/src/tt-1xx/ncrisc.cc,
0,1,1,NCRISC,22816,6940090547563,0,0,,,NCRISC-KERNEL,ZONE_START,70,/localdev/ijankowski/tt-metal-pin/tt_metal/hw/firmware/src/tt-1xx/ncrisck.cc,
0,1,1,NCRISC,22816,6940090590013,0,0,,,NCRISC-KERNEL,ZONE_END,70,/localdev/ijankowski/tt-metal-pin/tt_metal/hw/firmware/src/tt-1xx/ncrisck.cc,
0,1,1,NCRISC,31803,6940090590134,0,0,,,NCRISC-FW,ZONE_END,129,/localdev/ijankowski/tt-metal-pin/tt_metal/hw/firmware/src/tt-1xx/ncrisc.cc,
0,1,1,NCRISC,31803,6940107548139,0,0,,,NCRISC-FW,ZONE_START,129,/localdev/ijankowski/tt-metal-pin/tt_metal/hw/firmware/src/tt-1xx/ncrisc.cc,
0,1,1,NCRISC,22816,6940107548794,0,0,,,NCRISC-KERNEL,ZONE_START,70,/localdev/ijankowski/tt-metal-pin/tt_metal/hw/firmware/src/tt-1xx/ncrisck.cc,
0,1,1,NCRISC,22816,6940107606782,0,0,,,NCRISC-KERNEL,ZONE_END,70,/localdev/ijankowski/tt-metal-pin/tt_metal/hw/firmware/src/tt-1xx/ncrisck.cc,
0,1,1,NCRISC,31803,6940107606903,0,0,,,NCRISC-FW,ZONE_END,129,/localdev/ijankowski/tt-metal-pin/tt_metal/hw/firmware/src/tt-1xx/ncrisc.cc,
0,1,1,NCRISC,31803,6940125590917,0,0,,,NCRISC-FW,ZONE_START,129,/localdev/ijankowski/tt-metal-pin/tt_metal/hw/firmware/src/tt-1xx/ncrisc.cc,
0,1,1,NCRISC,22816,6940125591578,0,0,,,NCRISC-KERNEL,ZONE_START,70,/localdev/ijankowski/tt-metal-pin/tt_metal/hw/firmware/src/tt-1xx/ncrisck.cc,
0,1,1,NCRISC,22816,6940125634060,0,0,,,NCRISC-KERNEL,ZONE_END,70,/localdev/ijankowski/tt-metal-pin/tt_metal/hw/firmware/src/tt-1xx/ncrisck.cc,
0,1,1,NCRISC,31803,6940125634178,0,0,,,NCRISC-FW,ZONE_END,129,/localdev/ijankowski/tt-metal-pin/tt_metal/hw/firmware/src/tt-1xx/ncrisc.cc,
0,1,1,NCRISC,31803,6940142633427,0,0,,,NCRISC-FW,ZONE_START,129,/localdev/ijankowski/tt-metal-pin/tt_metal/hw/firmware/src/tt-1xx/ncrisc.cc,
0,1,1,NCRISC,22816,6940142634096,0,0,,,NCRISC-KERNEL,ZONE_START,70,/localdev/ijankowski/tt-metal-pin/tt_metal/hw/firmware/src/tt-1xx/ncrisck.cc,
0,1,1,NCRISC,22816,6940142692078,0,0,,,NCRISC-KERNEL,ZONE_END,70,/localdev/ijankowski/tt-metal-pin/tt_metal/hw/firmware/src/tt-1xx/ncrisck.cc,
0,1,1,NCRISC,31803,6940142692202,0,0,,,NCRISC-FW,ZONE_END,129,/localdev/ijankowski/tt-metal-pin/tt_metal/hw/firmware/src/tt-1xx/ncrisc.cc,
0,1,1,NCRISC,31803,6940159832628,0,0,,,NCRISC-FW,ZONE_START,129,/localdev/ijankowski/tt-metal-pin/tt_metal/hw/firmware/src/tt-1xx/ncrisc.cc,
0,1,1,NCRISC,22816,6940159833301,0,0,,,NCRISC-KERNEL,ZONE_START,70,/localdev/ijankowski/tt-metal-pin/tt_metal/hw/firmware/src/tt-1xx/ncrisck.cc,
0,1,1,NCRISC,22816,6940159875851,0,0,,,NCRISC-KERNEL,ZONE_END,70,/localdev/ijankowski/tt-metal-pin/tt_metal/hw/firmware/src/tt-1xx/ncrisck.cc,
0,1,1,NCRISC,31803,6940159875973,0,0,,,NCRISC-FW,ZONE_END,129,/localdev/ijankowski/tt-metal-pin/tt_metal/hw/firmware/src/tt-1xx/ncrisc.cc,
0,1,1,NCRISC,31803,6940177006347,0,0,,,NCRISC-FW,ZONE_START,129,/localdev/ijankowski/tt-metal-pin/tt_metal/hw/firmware/src/tt-1xx/ncrisc.cc,
0,1,1,NCRISC,22816,6940177007029,0,0,,,NCRISC-KERNEL,ZONE_START,70,/localdev/ijankowski/tt-metal-pin/tt_metal/hw/firmware/src/tt-1xx/ncrisck.cc,
0,1,1,NCRISC,22816,6940177064863,0,0,,,NCRISC-KERNEL,ZONE_END,70,/localdev/ijankowski/tt-metal-pin/tt_metal/hw/firmware/src/tt-1xx/ncrisck.cc,
0,1,1,NCRISC,31803,6940177064984,0,0,,,NCRISC-FW,ZONE_END,129,/localdev/ijankowski/tt-metal-pin/tt_metal/hw/firmware/src/tt-1xx/ncrisc.cc,
0,1,1,NCRISC,31803,6940194158864,0,0,,,NCRISC-FW,ZONE_START,129,/localdev/ijankowski/tt-metal-pin/tt_metal/hw/firmware/src/tt-1xx/ncrisc.cc,
0,1,1,NCRISC,22816,6940194159522,0,0,,,NCRISC-KERNEL,ZONE_START,70,/localdev/ijankowski/tt-metal-pin/tt_metal/hw/firmware/src/tt-1xx/ncrisck.cc,
0,1,1,NCRISC,22816,6940194201979,0,0,,,NCRISC-KERNEL,ZONE_END,70,/localdev/ijankowski/tt-metal-pin/tt_metal/hw/firmware/src/tt-1xx/ncrisck.cc,
0,1,1,NCRISC,31803,6940194202100,0,0,,,NCRISC-FW,ZONE_END,129,/localdev/ijankowski/tt-metal-pin/tt_metal/hw/firmware/src/tt-1xx/ncrisc.cc,
0,1,1,NCRISC,31803,6940211309163,0,0,,,NCRISC-FW,ZONE_START,129,/localdev/ijankowski/tt-metal-pin/tt_metal/hw/firmware/src/tt-1xx/ncrisc.cc,
0,1,1,NCRISC,22816,6940211309833,0,0,,,NCRISC-KERNEL,ZONE_START,70,/localdev/ijankowski/tt-metal-pin/tt_metal/hw/firmware/src/tt-1xx/ncrisck.cc,
0,1,1,NCRISC,22816,6940211367645,0,0,,,NCRISC-KERNEL,ZONE_END,70,/localdev/ijankowski/tt-metal-pin/tt_metal/hw/firmware/src/tt-1xx/ncrisck.cc,
0,1,1,NCRISC,31803,6940211367770,0,0,,,NCRISC-FW,ZONE_END,129,/localdev/ijankowski/tt-metal-pin/tt_metal/hw/firmware/src/tt-1xx/ncrisc.cc,
0,1,1,NCRISC,31803,6940230012913,0,0,,,NCRISC-FW,ZONE_START,129,/localdev/ijankowski/tt-metal-pin/tt_metal/hw/firmware/src/tt-1xx/ncrisc.cc,
0,1,1,NCRISC,22816,6940230013573,0,0,,,NCRISC-KERNEL,ZONE_START,70,/localdev/ijankowski/tt-metal-pin/tt_metal/hw/firmware/src/tt-1xx/ncrisck.cc,
0,1,1,NCRISC,22816,6940230056032,0,0,,,NCRISC-KERNEL,ZONE_END,70,/localdev/ijankowski/tt-metal-pin/tt_metal/hw/firmware/src/tt-1xx/ncrisck.cc,
0,1,1,NCRISC,31803,6940230056150,0,0,,,NCRISC-FW,ZONE_END,129,/localdev/ijankowski/tt-metal-pin/tt_metal/hw/firmware/src/tt-1xx/ncrisc.cc,
0,1,1,NCRISC,31803,6940246932105,0,0,,,NCRISC-FW,ZONE_START,129,/localdev/ijankowski/tt-metal-pin/tt_metal/hw/firmware/src/tt-1xx/ncrisc.cc,
0,1,1,NCRISC,22816,6940246932763,0,0,,,NCRISC-KERNEL,ZONE_START,70,/localdev/ijankowski/tt-metal-pin/tt_metal/hw/firmware/src/tt-1xx/ncrisck.cc,
0,1,1,NCRISC,22816,6940246990651,0,0,,,NCRISC-KERNEL,ZONE_END,70,/localdev/ijankowski/tt-metal-pin/tt_metal/hw/firmware/src/tt-1xx/ncrisck.cc,
0,1,1,NCRISC,31803,6940246990776,0,0,,,NCRISC-FW,ZONE_END,129,/localdev/ijankowski/tt-metal-pin/tt_metal/hw/firmware/src/tt-1xx/ncrisc.cc,
0,1,1,NCRISC,31803,6940265368259,0,0,,,NCRISC-FW,ZONE_START,129,/localdev/ijankowski/tt-metal-pin/tt_metal/hw/firmware/src/tt-1xx/ncrisc.cc,
0,1,1,NCRISC,22816,6940265368914,0,0,,,NCRISC-KERNEL,ZONE_START,70,/localdev/ijankowski/tt-metal-pin/tt_metal/hw/firmware/src/tt-1xx/ncrisck.cc,
0,1,1,NCRISC,22816,6940265411352,0,0,,,NCRISC-KERNEL,ZONE_END,70,/localdev/ijankowski/tt-metal-pin/tt_metal/hw/firmware/src/tt-1xx/ncrisck.cc,
0,1,1,NCRISC,31803,6940265411472,0,0,,,NCRISC-FW,ZONE_END,129,/localdev/ijankowski/tt-metal-pin/tt_metal/hw/firmware/src/tt-1xx/ncrisc.cc,
0,1,1,NCRISC,31803,6940282184879,0,0,,,NCRISC-FW,ZONE_START,129,/localdev/ijankowski/tt-metal-pin/tt_metal/hw/firmware/src/tt-1xx/ncrisc.cc,
0,1,1,NCRISC,22816,6940282185542,0,0,,,NCRISC-KERNEL,ZONE_START,70,/localdev/ijankowski/tt-metal-pin/tt_metal/hw/firmware/src/tt-1xx/ncrisck.cc,
0,1,1,NCRISC,22816,6940282243501,0,0,,,NCRISC-KERNEL,ZONE_END,70,/localdev/ijankowski/tt-metal-pin/tt_metal/hw/firmware/src/tt-1xx/ncrisck.cc,
0,1,1,NCRISC,31803,6940282243622,0,0,,,NCRISC-FW,ZONE_END,129,/localdev/ijankowski/tt-metal-pin/tt_metal/hw/firmware/src/tt-1xx/ncrisc.cc,
0,1,1,NCRISC,31803,6940302545172,0,0,,,NCRISC-FW,ZONE_START,129,/localdev/ijankowski/tt-metal-pin/tt_metal/hw/firmware/src/tt-1xx/ncrisc.cc,
0,1,1,NCRISC,22816,6940302545841,0,0,,,NCRISC-KERNEL,ZONE_START,70,/localdev/ijankowski/tt-metal-pin/tt_metal/hw/firmware/src/tt-1xx/ncrisck.cc,
0,1,1,NCRISC,22816,6940302588310,0,0,,,NCRISC-KERNEL,ZONE_END,70,/localdev/ijankowski/tt-metal-pin/tt_metal/hw/firmware/src/tt-1xx/ncrisck.cc,
0,1,1,NCRISC,31803,6940302588429,0,0,,,NCRISC-FW,ZONE_END,129,/localdev/ijankowski/tt-metal-pin/tt_metal/hw/firmware/src/tt-1xx/ncrisc.cc,
0,1,1,NCRISC,31803,6940319651855,0,0,,,NCRISC-FW,ZONE_START,129,/localdev/ijankowski/tt-metal-pin/tt_metal/hw/firmware/src/tt-1xx/ncrisc.cc,
0,1,1,NCRISC,22816,6940319652519,0,0,,,NCRISC-KERNEL,ZONE_START,70,/localdev/ijankowski/tt-metal-pin/tt_metal/hw/firmware/src/tt-1xx/ncrisck.cc,
0,1,1,NCRISC,22816,6940319710281,0,0,,,NCRISC-KERNEL,ZONE_END,70,/localdev/ijankowski/tt-metal-pin/tt_metal/hw/firmware/src/tt-1xx/ncrisck.cc,
0,1,1,NCRISC,31803,6940319710401,0,0,,,NCRISC-FW,ZONE_END,129,/localdev/ijankowski/tt-metal-pin/tt_metal/hw/firmware/src/tt-1xx/ncrisc.cc,
0,1,1,NCRISC,31803,6940336761469,0,0,,,NCRISC-FW,ZONE_START,129,/localdev/ijankowski/tt-metal-pin/tt_metal/hw/firmware/src/tt-1xx/ncrisc.cc,
0,1,1,NCRISC,22816,6940336762141,0,0,,,NCRISC-KERNEL,ZONE_START,70,/localdev/ijankowski/tt-metal-pin/tt_metal/hw/firmware/src/tt-1xx/ncrisck.cc,
0,1,1,NCRISC,22816,6940336804637,0,0,,,NCRISC-KERNEL,ZONE_END,70,/localdev/ijankowski/tt-metal-pin/tt_metal/hw/firmware/src/tt-1xx/ncrisck.cc,
0,1,1,NCRISC,31803,6940336804756,0,0,,,NCRISC-FW,ZONE_END,129,/localdev/ijankowski/tt-metal-pin/tt_metal/hw/firmware/src/tt-1xx/ncrisc.cc,
0,1,1,NCRISC,31803,6940353745409,0,0,,,NCRISC-FW,ZONE_START,129,/localdev/ijankowski/tt-metal-pin/tt_metal/hw/firmware/src/tt-1xx/ncrisc.cc,
0,1,1,NCRISC,22816,6940353746085,0,0,,,NCRISC-KERNEL,ZONE_START,70,/localdev/ijankowski/tt-metal-pin/tt_metal/hw/firmware/src/tt-1xx/ncrisck.cc,
0,1,1,NCRISC,22816,6940353803883,0,0,,,NCRISC-KERNEL,ZONE_END,70,/localdev/ijankowski/tt-metal-pin/tt_metal/hw/firmware/src/tt-1xx/ncrisck.cc,
0,1,1,NCRISC,31803,6940353804002,0,0,,,NCRISC-FW,ZONE_END,129,/localdev/ijankowski/tt-metal-pin/tt_metal/hw/firmware/src/tt-1xx/ncrisc.cc,
0,1,1,NCRISC,31803,6940370439824,0,0,,,NCRISC-FW,ZONE_START,129,/localdev/ijankowski/tt-metal-pin/tt_metal/hw/firmware/src/tt-1xx/ncrisc.cc,
0,1,1,NCRISC,22816,6940370440483,0,0,,,NCRISC-KERNEL,ZONE_START,70,/localdev/ijankowski/tt-metal-pin/tt_metal/hw/firmware/src/tt-1xx/ncrisck.cc,
0,1,1,NCRISC,22816,6940370482921,0,0,,,NCRISC-KERNEL,ZONE_END,70,/localdev/ijankowski/tt-metal-pin/tt_metal/hw/firmware/src/tt-1xx/ncrisck.cc,
0,1,1,NCRISC,31803,6940370483041,0,0,,,NCRISC-FW,ZONE_END,129,/localdev/ijankowski/tt-metal-pin/tt_metal/hw/firmware/src/tt-1xx/ncrisc.cc,
0,1,1,TRISC_0,5116,6939470378371,0,0,,,TRISC-FW,ZONE_START,150,/localdev/ijankowski/tt-metal-pin/tt_metal/hw/firmware/src/tt-1xx/trisc.cc,
0,1,1,TRISC_0,49825,6939470378820,0,0,,,TRISC-KERNEL,ZONE_START,89,/localdev/ijankowski/tt-metal-pin/tt_metal/hw/firmware/src/tt-1xx/trisck.cc,
0,1,1,TRISC_0,25968,6939470378996,0,0,,,BW_SYN_TANH_FACTORED,ZONE_START,17,/home/ijankowski/tmp/numerical-backward-synthesis/tt/kernels/compute/tanh_bw_scale_separated.cpp,
0,1,1,TRISC_0,25968,6939470430720,0,0,,,BW_SYN_TANH_FACTORED,ZONE_END,17,/home/ijankowski/tmp/numerical-backward-synthesis/tt/kernels/compute/tanh_bw_scale_separated.cpp,
0,1,1,TRISC_0,49825,6939470430742,0,0,,,TRISC-KERNEL,ZONE_END,89,/localdev/ijankowski/tt-metal-pin/tt_metal/hw/firmware/src/tt-1xx/trisck.cc,
0,1,1,TRISC_0,5116,6939470434979,0,0,,,TRISC-FW,ZONE_END,150,/localdev/ijankowski/tt-metal-pin/tt_metal/hw/firmware/src/tt-1xx/trisc.cc,
0,1,1,TRISC_0,5116,6939499568182,0,0,,,TRISC-FW,ZONE_START,150,/localdev/ijankowski/tt-metal-pin/tt_metal/hw/firmware/src/tt-1xx/trisc.cc,
0,1,1,TRISC_0,49825,6939499568634,0,0,,,TRISC-KERNEL,ZONE_START,89,/localdev/ijankowski/tt-metal-pin/tt_metal/hw/firmware/src/tt-1xx/trisck.cc,
0,1,1,TRISC_0,53833,6939499568797,0,0,,,BW_SYN_TANH_MATERIALIZED,ZONE_START,16,/home/ijankowski/tmp/numerical-backward-synthesis/tt/kernels/compute/tanh_bw_baseline.cpp,
0,1,1,TRISC_0,53833,6939499610414,0,0,,,BW_SYN_TANH_MATERIALIZED,ZONE_END,16,/home/ijankowski/tmp/numerical-backward-synthesis/tt/kernels/compute/tanh_bw_baseline.cpp,
0,1,1,TRISC_0,49825,6939499610436,0,0,,,TRISC-KERNEL,ZONE_END,89,/localdev/ijankowski/tt-metal-pin/tt_metal/hw/firmware/src/tt-1xx/trisck.cc,
0,1,1,TRISC_0,5116,6939499610481,0,0,,,TRISC-FW,ZONE_END,150,/localdev/ijankowski/tt-metal-pin/tt_metal/hw/firmware/src/tt-1xx/trisc.cc,
0,1,1,TRISC_0,5116,6939516797839,0,0,,,TRISC-FW,ZONE_START,150,/localdev/ijankowski/tt-metal-pin/tt_metal/hw/firmware/src/tt-1xx/trisc.cc,
0,1,1,TRISC_0,49825,6939516798280,0,0,,,TRISC-KERNEL,ZONE_START,89,/localdev/ijankowski/tt-metal-pin/tt_metal/hw/firmware/src/tt-1xx/trisck.cc,
0,1,1,TRISC_0,25968,6939516798448,0,0,,,BW_SYN_TANH_FACTORED,ZONE_START,17,/home/ijankowski/tmp/numerical-backward-synthesis/tt/kernels/compute/tanh_bw_scale_separated.cpp,
0,1,1,TRISC_0,25968,6939516850258,0,0,,,BW_SYN_TANH_FACTORED,ZONE_END,17,/home/ijankowski/tmp/numerical-backward-synthesis/tt/kernels/compute/tanh_bw_scale_separated.cpp,
0,1,1,TRISC_0,49825,6939516850281,0,0,,,TRISC-KERNEL,ZONE_END,89,/localdev/ijankowski/tt-metal-pin/tt_metal/hw/firmware/src/tt-1xx/trisck.cc,
0,1,1,TRISC_0,5116,6939516854507,0,0,,,TRISC-FW,ZONE_END,150,/localdev/ijankowski/tt-metal-pin/tt_metal/hw/firmware/src/tt-1xx/trisc.cc,
0,1,1,TRISC_0,5116,6939533837624,0,0,,,TRISC-FW,ZONE_START,150,/localdev/ijankowski/tt-metal-pin/tt_metal/hw/firmware/src/tt-1xx/trisc.cc,
0,1,1,TRISC_0,49825,6939533838061,0,0,,,TRISC-KERNEL,ZONE_START,89,/localdev/ijankowski/tt-metal-pin/tt_metal/hw/firmware/src/tt-1xx/trisck.cc,
0,1,1,TRISC_0,53833,6939533838234,0,0,,,BW_SYN_TANH_MATERIALIZED,ZONE_START,16,/home/ijankowski/tmp/numerical-backward-synthesis/tt/kernels/compute/tanh_bw_baseline.cpp,
0,1,1,TRISC_0,53833,6939533879877,0,0,,,BW_SYN_TANH_MATERIALIZED,ZONE_END,16,/home/ijankowski/tmp/numerical-backward-synthesis/tt/kernels/compute/tanh_bw_baseline.cpp,
0,1,1,TRISC_0,49825,6939533879899,0,0,,,TRISC-KERNEL,ZONE_END,89,/localdev/ijankowski/tt-metal-pin/tt_metal/hw/firmware/src/tt-1xx/trisck.cc,
0,1,1,TRISC_0,5116,6939533879944,0,0,,,TRISC-FW,ZONE_END,150,/localdev/ijankowski/tt-metal-pin/tt_metal/hw/firmware/src/tt-1xx/trisc.cc,
0,1,1,TRISC_0,5116,6939550662678,0,0,,,TRISC-FW,ZONE_START,150,/localdev/ijankowski/tt-metal-pin/tt_metal/hw/firmware/src/tt-1xx/trisc.cc,
0,1,1,TRISC_0,49825,6939550663131,0,0,,,TRISC-KERNEL,ZONE_START,89,/localdev/ijankowski/tt-metal-pin/tt_metal/hw/firmware/src/tt-1xx/trisck.cc,
0,1,1,TRISC_0,25968,6939550663303,0,0,,,BW_SYN_TANH_FACTORED,ZONE_START,17,/home/ijankowski/tmp/numerical-backward-synthesis/tt/kernels/compute/tanh_bw_scale_separated.cpp,
0,1,1,TRISC_0,25968,6939550715168,0,0,,,BW_SYN_TANH_FACTORED,ZONE_END,17,/home/ijankowski/tmp/numerical-backward-synthesis/tt/kernels/compute/tanh_bw_scale_separated.cpp,
0,1,1,TRISC_0,49825,6939550715192,0,0,,,TRISC-KERNEL,ZONE_END,89,/localdev/ijankowski/tt-metal-pin/tt_metal/hw/firmware/src/tt-1xx/trisck.cc,
0,1,1,TRISC_0,5116,6939550719423,0,0,,,TRISC-FW,ZONE_END,150,/localdev/ijankowski/tt-metal-pin/tt_metal/hw/firmware/src/tt-1xx/trisc.cc,
0,1,1,TRISC_0,5116,6939567815250,0,0,,,TRISC-FW,ZONE_START,150,/localdev/ijankowski/tt-metal-pin/tt_metal/hw/firmware/src/tt-1xx/trisc.cc,
0,1,1,TRISC_0,49825,6939567815690,0,0,,,TRISC-KERNEL,ZONE_START,89,/localdev/ijankowski/tt-metal-pin/tt_metal/hw/firmware/src/tt-1xx/trisck.cc,
0,1,1,TRISC_0,53833,6939567815863,0,0,,,BW_SYN_TANH_MATERIALIZED,ZONE_START,16,/home/ijankowski/tmp/numerical-backward-synthesis/tt/kernels/compute/tanh_bw_baseline.cpp,
0,1,1,TRISC_0,53833,6939567857546,0,0,,,BW_SYN_TANH_MATERIALIZED,ZONE_END,16,/home/ijankowski/tmp/numerical-backward-synthesis/tt/kernels/compute/tanh_bw_baseline.cpp,
0,1,1,TRISC_0,49825,6939567857568,0,0,,,TRISC-KERNEL,ZONE_END,89,/localdev/ijankowski/tt-metal-pin/tt_metal/hw/firmware/src/tt-1xx/trisck.cc,
0,1,1,TRISC_0,5116,6939567857612,0,0,,,TRISC-FW,ZONE_END,150,/localdev/ijankowski/tt-metal-pin/tt_metal/hw/firmware/src/tt-1xx/trisc.cc,
0,1,1,TRISC_0,5116,6939584589323,0,0,,,TRISC-FW,ZONE_START,150,/localdev/ijankowski/tt-metal-pin/tt_metal/hw/firmware/src/tt-1xx/trisc.cc,
0,1,1,TRISC_0,49825,6939584589770,0,0,,,TRISC-KERNEL,ZONE_START,89,/localdev/ijankowski/tt-metal-pin/tt_metal/hw/firmware/src/tt-1xx/trisck.cc,
0,1,1,TRISC_0,25968,6939584589940,0,0,,,BW_SYN_TANH_FACTORED,ZONE_START,17,/home/ijankowski/tmp/numerical-backward-synthesis/tt/kernels/compute/tanh_bw_scale_separated.cpp,
0,1,1,TRISC_0,25968,6939584641910,0,0,,,BW_SYN_TANH_FACTORED,ZONE_END,17,/home/ijankowski/tmp/numerical-backward-synthesis/tt/kernels/compute/tanh_bw_scale_separated.cpp,
0,1,1,TRISC_0,49825,6939584641932,0,0,,,TRISC-KERNEL,ZONE_END,89,/localdev/ijankowski/tt-metal-pin/tt_metal/hw/firmware/src/tt-1xx/trisck.cc,
0,1,1,TRISC_0,5116,6939584646157,0,0,,,TRISC-FW,ZONE_END,150,/localdev/ijankowski/tt-metal-pin/tt_metal/hw/firmware/src/tt-1xx/trisc.cc,
0,1,1,TRISC_0,5116,6939601787432,0,0,,,TRISC-FW,ZONE_START,150,/localdev/ijankowski/tt-metal-pin/tt_metal/hw/firmware/src/tt-1xx/trisc.cc,
0,1,1,TRISC_0,49825,6939601787898,0,0,,,TRISC-KERNEL,ZONE_START,89,/localdev/ijankowski/tt-metal-pin/tt_metal/hw/firmware/src/tt-1xx/trisck.cc,
0,1,1,TRISC_0,53833,6939601788066,0,0,,,BW_SYN_TANH_MATERIALIZED,ZONE_START,16,/home/ijankowski/tmp/numerical-backward-synthesis/tt/kernels/compute/tanh_bw_baseline.cpp,
0,1,1,TRISC_0,53833,6939601829708,0,0,,,BW_SYN_TANH_MATERIALIZED,ZONE_END,16,/home/ijankowski/tmp/numerical-backward-synthesis/tt/kernels/compute/tanh_bw_baseline.cpp,
0,1,1,TRISC_0,49825,6939601829730,0,0,,,TRISC-KERNEL,ZONE_END,89,/localdev/ijankowski/tt-metal-pin/tt_metal/hw/firmware/src/tt-1xx/trisck.cc,
0,1,1,TRISC_0,5116,6939601829775,0,0,,,TRISC-FW,ZONE_END,150,/localdev/ijankowski/tt-metal-pin/tt_metal/hw/firmware/src/tt-1xx/trisc.cc,
0,1,1,TRISC_0,5116,6939621393589,0,0,,,TRISC-FW,ZONE_START,150,/localdev/ijankowski/tt-metal-pin/tt_metal/hw/firmware/src/tt-1xx/trisc.cc,
0,1,1,TRISC_0,49825,6939621394031,0,0,,,TRISC-KERNEL,ZONE_START,89,/localdev/ijankowski/tt-metal-pin/tt_metal/hw/firmware/src/tt-1xx/trisck.cc,
0,1,1,TRISC_0,25968,6939621394204,0,0,,,BW_SYN_TANH_FACTORED,ZONE_START,17,/home/ijankowski/tmp/numerical-backward-synthesis/tt/kernels/compute/tanh_bw_scale_separated.cpp,
0,1,1,TRISC_0,25968,6939621445969,0,0,,,BW_SYN_TANH_FACTORED,ZONE_END,17,/home/ijankowski/tmp/numerical-backward-synthesis/tt/kernels/compute/tanh_bw_scale_separated.cpp,
0,1,1,TRISC_0,49825,6939621445992,0,0,,,TRISC-KERNEL,ZONE_END,89,/localdev/ijankowski/tt-metal-pin/tt_metal/hw/firmware/src/tt-1xx/trisck.cc,
0,1,1,TRISC_0,5116,6939621450223,0,0,,,TRISC-FW,ZONE_END,150,/localdev/ijankowski/tt-metal-pin/tt_metal/hw/firmware/src/tt-1xx/trisc.cc,
0,1,1,TRISC_0,5116,6939640104991,0,0,,,TRISC-FW,ZONE_START,150,/localdev/ijankowski/tt-metal-pin/tt_metal/hw/firmware/src/tt-1xx/trisc.cc,
0,1,1,TRISC_0,49825,6939640105435,0,0,,,TRISC-KERNEL,ZONE_START,89,/localdev/ijankowski/tt-metal-pin/tt_metal/hw/firmware/src/tt-1xx/trisck.cc,
0,1,1,TRISC_0,53833,6939640105606,0,0,,,BW_SYN_TANH_MATERIALIZED,ZONE_START,16,/home/ijankowski/tmp/numerical-backward-synthesis/tt/kernels/compute/tanh_bw_baseline.cpp,
0,1,1,TRISC_0,53833,6939640147229,0,0,,,BW_SYN_TANH_MATERIALIZED,ZONE_END,16,/home/ijankowski/tmp/numerical-backward-synthesis/tt/kernels/compute/tanh_bw_baseline.cpp,
0,1,1,TRISC_0,49825,6939640147251,0,0,,,TRISC-KERNEL,ZONE_END,89,/localdev/ijankowski/tt-metal-pin/tt_metal/hw/firmware/src/tt-1xx/trisck.cc,
0,1,1,TRISC_0,5116,6939640147295,0,0,,,TRISC-FW,ZONE_END,150,/localdev/ijankowski/tt-metal-pin/tt_metal/hw/firmware/src/tt-1xx/trisc.cc,
0,1,1,TRISC_0,5116,6939658597056,0,0,,,TRISC-FW,ZONE_START,150,/localdev/ijankowski/tt-metal-pin/tt_metal/hw/firmware/src/tt-1xx/trisc.cc,
0,1,1,TRISC_0,49825,6939658597497,0,0,,,TRISC-KERNEL,ZONE_START,89,/localdev/ijankowski/tt-metal-pin/tt_metal/hw/firmware/src/tt-1xx/trisck.cc,
0,1,1,TRISC_0,25968,6939658597668,0,0,,,BW_SYN_TANH_FACTORED,ZONE_START,17,/home/ijankowski/tmp/numerical-backward-synthesis/tt/kernels/compute/tanh_bw_scale_separated.cpp,
0,1,1,TRISC_0,25968,6939658649392,0,0,,,BW_SYN_TANH_FACTORED,ZONE_END,17,/home/ijankowski/tmp/numerical-backward-synthesis/tt/kernels/compute/tanh_bw_scale_separated.cpp,
0,1,1,TRISC_0,49825,6939658649415,0,0,,,TRISC-KERNEL,ZONE_END,89,/localdev/ijankowski/tt-metal-pin/tt_metal/hw/firmware/src/tt-1xx/trisck.cc,
0,1,1,TRISC_0,5116,6939658653646,0,0,,,TRISC-FW,ZONE_END,150,/localdev/ijankowski/tt-metal-pin/tt_metal/hw/firmware/src/tt-1xx/trisc.cc,
0,1,1,TRISC_0,5116,6939675774959,0,0,,,TRISC-FW,ZONE_START,150,/localdev/ijankowski/tt-metal-pin/tt_metal/hw/firmware/src/tt-1xx/trisc.cc,
0,1,1,TRISC_0,49825,6939675775402,0,0,,,TRISC-KERNEL,ZONE_START,89,/localdev/ijankowski/tt-metal-pin/tt_metal/hw/firmware/src/tt-1xx/trisck.cc,
0,1,1,TRISC_0,53833,6939675775572,0,0,,,BW_SYN_TANH_MATERIALIZED,ZONE_START,16,/home/ijankowski/tmp/numerical-backward-synthesis/tt/kernels/compute/tanh_bw_baseline.cpp,
0,1,1,TRISC_0,53833,6939675817176,0,0,,,BW_SYN_TANH_MATERIALIZED,ZONE_END,16,/home/ijankowski/tmp/numerical-backward-synthesis/tt/kernels/compute/tanh_bw_baseline.cpp,
0,1,1,TRISC_0,49825,6939675817198,0,0,,,TRISC-KERNEL,ZONE_END,89,/localdev/ijankowski/tt-metal-pin/tt_metal/hw/firmware/src/tt-1xx/trisck.cc,
0,1,1,TRISC_0,5116,6939675817243,0,0,,,TRISC-FW,ZONE_END,150,/localdev/ijankowski/tt-metal-pin/tt_metal/hw/firmware/src/tt-1xx/trisc.cc,
0,1,1,TRISC_0,5116,6939696240094,0,0,,,TRISC-FW,ZONE_START,150,/localdev/ijankowski/tt-metal-pin/tt_metal/hw/firmware/src/tt-1xx/trisc.cc,
0,1,1,TRISC_0,49825,6939696240546,0,0,,,TRISC-KERNEL,ZONE_START,89,/localdev/ijankowski/tt-metal-pin/tt_metal/hw/firmware/src/tt-1xx/trisck.cc,
0,1,1,TRISC_0,25968,6939696240714,0,0,,,BW_SYN_TANH_FACTORED,ZONE_START,17,/home/ijankowski/tmp/numerical-backward-synthesis/tt/kernels/compute/tanh_bw_scale_separated.cpp,
0,1,1,TRISC_0,25968,6939696292587,0,0,,,BW_SYN_TANH_FACTORED,ZONE_END,17,/home/ijankowski/tmp/numerical-backward-synthesis/tt/kernels/compute/tanh_bw_scale_separated.cpp,
0,1,1,TRISC_0,49825,6939696292611,0,0,,,TRISC-KERNEL,ZONE_END,89,/localdev/ijankowski/tt-metal-pin/tt_metal/hw/firmware/src/tt-1xx/trisck.cc,
0,1,1,TRISC_0,5116,6939696296833,0,0,,,TRISC-FW,ZONE_END,150,/localdev/ijankowski/tt-metal-pin/tt_metal/hw/firmware/src/tt-1xx/trisc.cc,
0,1,1,TRISC_0,5116,6939713303341,0,0,,,TRISC-FW,ZONE_START,150,/localdev/ijankowski/tt-metal-pin/tt_metal/hw/firmware/src/tt-1xx/trisc.cc,
0,1,1,TRISC_0,49825,6939713303779,0,0,,,TRISC-KERNEL,ZONE_START,89,/localdev/ijankowski/tt-metal-pin/tt_metal/hw/firmware/src/tt-1xx/trisck.cc,
0,1,1,TRISC_0,53833,6939713303947,0,0,,,BW_SYN_TANH_MATERIALIZED,ZONE_START,16,/home/ijankowski/tmp/numerical-backward-synthesis/tt/kernels/compute/tanh_bw_baseline.cpp,
0,1,1,TRISC_0,53833,6939713345583,0,0,,,BW_SYN_TANH_MATERIALIZED,ZONE_END,16,/home/ijankowski/tmp/numerical-backward-synthesis/tt/kernels/compute/tanh_bw_baseline.cpp,
0,1,1,TRISC_0,49825,6939713345605,0,0,,,TRISC-KERNEL,ZONE_END,89,/localdev/ijankowski/tt-metal-pin/tt_metal/hw/firmware/src/tt-1xx/trisck.cc,
0,1,1,TRISC_0,5116,6939713345649,0,0,,,TRISC-FW,ZONE_END,150,/localdev/ijankowski/tt-metal-pin/tt_metal/hw/firmware/src/tt-1xx/trisc.cc,
0,1,1,TRISC_0,5116,6939730059568,0,0,,,TRISC-FW,ZONE_START,150,/localdev/ijankowski/tt-metal-pin/tt_metal/hw/firmware/src/tt-1xx/trisc.cc,
0,1,1,TRISC_0,49825,6939730060007,0,0,,,TRISC-KERNEL,ZONE_START,89,/localdev/ijankowski/tt-metal-pin/tt_metal/hw/firmware/src/tt-1xx/trisck.cc,
0,1,1,TRISC_0,25968,6939730060174,0,0,,,BW_SYN_TANH_FACTORED,ZONE_START,17,/home/ijankowski/tmp/numerical-backward-synthesis/tt/kernels/compute/tanh_bw_scale_separated.cpp,
0,1,1,TRISC_0,25968,6939730111984,0,0,,,BW_SYN_TANH_FACTORED,ZONE_END,17,/home/ijankowski/tmp/numerical-backward-synthesis/tt/kernels/compute/tanh_bw_scale_separated.cpp,
0,1,1,TRISC_0,49825,6939730112007,0,0,,,TRISC-KERNEL,ZONE_END,89,/localdev/ijankowski/tt-metal-pin/tt_metal/hw/firmware/src/tt-1xx/trisck.cc,
0,1,1,TRISC_0,5116,6939730116229,0,0,,,TRISC-FW,ZONE_END,150,/localdev/ijankowski/tt-metal-pin/tt_metal/hw/firmware/src/tt-1xx/trisc.cc,
0,1,1,TRISC_0,5116,6939747308199,0,0,,,TRISC-FW,ZONE_START,150,/localdev/ijankowski/tt-metal-pin/tt_metal/hw/firmware/src/tt-1xx/trisc.cc,
0,1,1,TRISC_0,49825,6939747308641,0,0,,,TRISC-KERNEL,ZONE_START,89,/localdev/ijankowski/tt-metal-pin/tt_metal/hw/firmware/src/tt-1xx/trisck.cc,
0,1,1,TRISC_0,53833,6939747308815,0,0,,,BW_SYN_TANH_MATERIALIZED,ZONE_START,16,/home/ijankowski/tmp/numerical-backward-synthesis/tt/kernels/compute/tanh_bw_baseline.cpp,
0,1,1,TRISC_0,53833,6939747350413,0,0,,,BW_SYN_TANH_MATERIALIZED,ZONE_END,16,/home/ijankowski/tmp/numerical-backward-synthesis/tt/kernels/compute/tanh_bw_baseline.cpp,
0,1,1,TRISC_0,49825,6939747350435,0,0,,,TRISC-KERNEL,ZONE_END,89,/localdev/ijankowski/tt-metal-pin/tt_metal/hw/firmware/src/tt-1xx/trisck.cc,
0,1,1,TRISC_0,5116,6939747350479,0,0,,,TRISC-FW,ZONE_END,150,/localdev/ijankowski/tt-metal-pin/tt_metal/hw/firmware/src/tt-1xx/trisc.cc,
0,1,1,TRISC_0,5116,6939764042536,0,0,,,TRISC-FW,ZONE_START,150,/localdev/ijankowski/tt-metal-pin/tt_metal/hw/firmware/src/tt-1xx/trisc.cc,
0,1,1,TRISC_0,49825,6939764042972,0,0,,,TRISC-KERNEL,ZONE_START,89,/localdev/ijankowski/tt-metal-pin/tt_metal/hw/firmware/src/tt-1xx/trisck.cc,
0,1,1,TRISC_0,25968,6939764043146,0,0,,,BW_SYN_TANH_FACTORED,ZONE_START,17,/home/ijankowski/tmp/numerical-backward-synthesis/tt/kernels/compute/tanh_bw_scale_separated.cpp,
0,1,1,TRISC_0,25968,6939764095034,0,0,,,BW_SYN_TANH_FACTORED,ZONE_END,17,/home/ijankowski/tmp/numerical-backward-synthesis/tt/kernels/compute/tanh_bw_scale_separated.cpp,
0,1,1,TRISC_0,49825,6939764095058,0,0,,,TRISC-KERNEL,ZONE_END,89,/localdev/ijankowski/tt-metal-pin/tt_metal/hw/firmware/src/tt-1xx/trisck.cc,
0,1,1,TRISC_0,5116,6939764099286,0,0,,,TRISC-FW,ZONE_END,150,/localdev/ijankowski/tt-metal-pin/tt_metal/hw/firmware/src/tt-1xx/trisc.cc,
0,1,1,TRISC_0,5116,6939780790651,0,0,,,TRISC-FW,ZONE_START,150,/localdev/ijankowski/tt-metal-pin/tt_metal/hw/firmware/src/tt-1xx/trisc.cc,
0,1,1,TRISC_0,49825,6939780791093,0,0,,,TRISC-KERNEL,ZONE_START,89,/localdev/ijankowski/tt-metal-pin/tt_metal/hw/firmware/src/tt-1xx/trisck.cc,
0,1,1,TRISC_0,53833,6939780791265,0,0,,,BW_SYN_TANH_MATERIALIZED,ZONE_START,16,/home/ijankowski/tmp/numerical-backward-synthesis/tt/kernels/compute/tanh_bw_baseline.cpp,
0,1,1,TRISC_0,53833,6939780832849,0,0,,,BW_SYN_TANH_MATERIALIZED,ZONE_END,16,/home/ijankowski/tmp/numerical-backward-synthesis/tt/kernels/compute/tanh_bw_baseline.cpp,
0,1,1,TRISC_0,49825,6939780832871,0,0,,,TRISC-KERNEL,ZONE_END,89,/localdev/ijankowski/tt-metal-pin/tt_metal/hw/firmware/src/tt-1xx/trisck.cc,
0,1,1,TRISC_0,5116,6939780832915,0,0,,,TRISC-FW,ZONE_END,150,/localdev/ijankowski/tt-metal-pin/tt_metal/hw/firmware/src/tt-1xx/trisc.cc,
0,1,1,TRISC_0,5116,6939797922537,0,0,,,TRISC-FW,ZONE_START,150,/localdev/ijankowski/tt-metal-pin/tt_metal/hw/firmware/src/tt-1xx/trisc.cc,
0,1,1,TRISC_0,49825,6939797922966,0,0,,,TRISC-KERNEL,ZONE_START,89,/localdev/ijankowski/tt-metal-pin/tt_metal/hw/firmware/src/tt-1xx/trisck.cc,
0,1,1,TRISC_0,25968,6939797923130,0,0,,,BW_SYN_TANH_FACTORED,ZONE_START,17,/home/ijankowski/tmp/numerical-backward-synthesis/tt/kernels/compute/tanh_bw_scale_separated.cpp,
0,1,1,TRISC_0,25968,6939797975139,0,0,,,BW_SYN_TANH_FACTORED,ZONE_END,17,/home/ijankowski/tmp/numerical-backward-synthesis/tt/kernels/compute/tanh_bw_scale_separated.cpp,
0,1,1,TRISC_0,49825,6939797975163,0,0,,,TRISC-KERNEL,ZONE_END,89,/localdev/ijankowski/tt-metal-pin/tt_metal/hw/firmware/src/tt-1xx/trisck.cc,
0,1,1,TRISC_0,5116,6939797979387,0,0,,,TRISC-FW,ZONE_END,150,/localdev/ijankowski/tt-metal-pin/tt_metal/hw/firmware/src/tt-1xx/trisc.cc,
0,1,1,TRISC_0,5116,6939814761672,0,0,,,TRISC-FW,ZONE_START,150,/localdev/ijankowski/tt-metal-pin/tt_metal/hw/firmware/src/tt-1xx/trisc.cc,
0,1,1,TRISC_0,49825,6939814762115,0,0,,,TRISC-KERNEL,ZONE_START,89,/localdev/ijankowski/tt-metal-pin/tt_metal/hw/firmware/src/tt-1xx/trisck.cc,
0,1,1,TRISC_0,53833,6939814762285,0,0,,,BW_SYN_TANH_MATERIALIZED,ZONE_START,16,/home/ijankowski/tmp/numerical-backward-synthesis/tt/kernels/compute/tanh_bw_baseline.cpp,
0,1,1,TRISC_0,53833,6939814803905,0,0,,,BW_SYN_TANH_MATERIALIZED,ZONE_END,16,/home/ijankowski/tmp/numerical-backward-synthesis/tt/kernels/compute/tanh_bw_baseline.cpp,
0,1,1,TRISC_0,49825,6939814803928,0,0,,,TRISC-KERNEL,ZONE_END,89,/localdev/ijankowski/tt-metal-pin/tt_metal/hw/firmware/src/tt-1xx/trisck.cc,
0,1,1,TRISC_0,5116,6939814803973,0,0,,,TRISC-FW,ZONE_END,150,/localdev/ijankowski/tt-metal-pin/tt_metal/hw/firmware/src/tt-1xx/trisc.cc,
0,1,1,TRISC_0,5116,6939831588499,0,0,,,TRISC-FW,ZONE_START,150,/localdev/ijankowski/tt-metal-pin/tt_metal/hw/firmware/src/tt-1xx/trisc.cc,
0,1,1,TRISC_0,49825,6939831588944,0,0,,,TRISC-KERNEL,ZONE_START,89,/localdev/ijankowski/tt-metal-pin/tt_metal/hw/firmware/src/tt-1xx/trisck.cc,
0,1,1,TRISC_0,25968,6939831589121,0,0,,,BW_SYN_TANH_FACTORED,ZONE_START,17,/home/ijankowski/tmp/numerical-backward-synthesis/tt/kernels/compute/tanh_bw_scale_separated.cpp,
0,1,1,TRISC_0,25968,6939831640850,0,0,,,BW_SYN_TANH_FACTORED,ZONE_END,17,/home/ijankowski/tmp/numerical-backward-synthesis/tt/kernels/compute/tanh_bw_scale_separated.cpp,
0,1,1,TRISC_0,49825,6939831640873,0,0,,,TRISC-KERNEL,ZONE_END,89,/localdev/ijankowski/tt-metal-pin/tt_metal/hw/firmware/src/tt-1xx/trisck.cc,
0,1,1,TRISC_0,5116,6939831645112,0,0,,,TRISC-FW,ZONE_END,150,/localdev/ijankowski/tt-metal-pin/tt_metal/hw/firmware/src/tt-1xx/trisc.cc,
0,1,1,TRISC_0,5116,6939848583674,0,0,,,TRISC-FW,ZONE_START,150,/localdev/ijankowski/tt-metal-pin/tt_metal/hw/firmware/src/tt-1xx/trisc.cc,
0,1,1,TRISC_0,49825,6939848584115,0,0,,,TRISC-KERNEL,ZONE_START,89,/localdev/ijankowski/tt-metal-pin/tt_metal/hw/firmware/src/tt-1xx/trisck.cc,
0,1,1,TRISC_0,53833,6939848584293,0,0,,,BW_SYN_TANH_MATERIALIZED,ZONE_START,16,/home/ijankowski/tmp/numerical-backward-synthesis/tt/kernels/compute/tanh_bw_baseline.cpp,
0,1,1,TRISC_0,53833,6939848625920,0,0,,,BW_SYN_TANH_MATERIALIZED,ZONE_END,16,/home/ijankowski/tmp/numerical-backward-synthesis/tt/kernels/compute/tanh_bw_baseline.cpp,
0,1,1,TRISC_0,49825,6939848625942,0,0,,,TRISC-KERNEL,ZONE_END,89,/localdev/ijankowski/tt-metal-pin/tt_metal/hw/firmware/src/tt-1xx/trisck.cc,
0,1,1,TRISC_0,5116,6939848625986,0,0,,,TRISC-FW,ZONE_END,150,/localdev/ijankowski/tt-metal-pin/tt_metal/hw/firmware/src/tt-1xx/trisc.cc,
0,1,1,TRISC_0,5116,6939865371797,0,0,,,TRISC-FW,ZONE_START,150,/localdev/ijankowski/tt-metal-pin/tt_metal/hw/firmware/src/tt-1xx/trisc.cc,
0,1,1,TRISC_0,49825,6939865372236,0,0,,,TRISC-KERNEL,ZONE_START,89,/localdev/ijankowski/tt-metal-pin/tt_metal/hw/firmware/src/tt-1xx/trisck.cc,
0,1,1,TRISC_0,25968,6939865372403,0,0,,,BW_SYN_TANH_FACTORED,ZONE_START,17,/home/ijankowski/tmp/numerical-backward-synthesis/tt/kernels/compute/tanh_bw_scale_separated.cpp,
0,1,1,TRISC_0,25968,6939865424366,0,0,,,BW_SYN_TANH_FACTORED,ZONE_END,17,/home/ijankowski/tmp/numerical-backward-synthesis/tt/kernels/compute/tanh_bw_scale_separated.cpp,
0,1,1,TRISC_0,49825,6939865424389,0,0,,,TRISC-KERNEL,ZONE_END,89,/localdev/ijankowski/tt-metal-pin/tt_metal/hw/firmware/src/tt-1xx/trisck.cc,
0,1,1,TRISC_0,5116,6939865428619,0,0,,,TRISC-FW,ZONE_END,150,/localdev/ijankowski/tt-metal-pin/tt_metal/hw/firmware/src/tt-1xx/trisc.cc,
0,1,1,TRISC_0,5116,6939882204437,0,0,,,TRISC-FW,ZONE_START,150,/localdev/ijankowski/tt-metal-pin/tt_metal/hw/firmware/src/tt-1xx/trisc.cc,
0,1,1,TRISC_0,49825,6939882204887,0,0,,,TRISC-KERNEL,ZONE_START,89,/localdev/ijankowski/tt-metal-pin/tt_metal/hw/firmware/src/tt-1xx/trisck.cc,
0,1,1,TRISC_0,53833,6939882205059,0,0,,,BW_SYN_TANH_MATERIALIZED,ZONE_START,16,/home/ijankowski/tmp/numerical-backward-synthesis/tt/kernels/compute/tanh_bw_baseline.cpp,
0,1,1,TRISC_0,53833,6939882246634,0,0,,,BW_SYN_TANH_MATERIALIZED,ZONE_END,16,/home/ijankowski/tmp/numerical-backward-synthesis/tt/kernels/compute/tanh_bw_baseline.cpp,
0,1,1,TRISC_0,49825,6939882246656,0,0,,,TRISC-KERNEL,ZONE_END,89,/localdev/ijankowski/tt-metal-pin/tt_metal/hw/firmware/src/tt-1xx/trisck.cc,
0,1,1,TRISC_0,5116,6939882246701,0,0,,,TRISC-FW,ZONE_END,150,/localdev/ijankowski/tt-metal-pin/tt_metal/hw/firmware/src/tt-1xx/trisc.cc,
0,1,1,TRISC_0,5116,6939899106241,0,0,,,TRISC-FW,ZONE_START,150,/localdev/ijankowski/tt-metal-pin/tt_metal/hw/firmware/src/tt-1xx/trisc.cc,
0,1,1,TRISC_0,49825,6939899106687,0,0,,,TRISC-KERNEL,ZONE_START,89,/localdev/ijankowski/tt-metal-pin/tt_metal/hw/firmware/src/tt-1xx/trisck.cc,
0,1,1,TRISC_0,25968,6939899106861,0,0,,,BW_SYN_TANH_FACTORED,ZONE_START,17,/home/ijankowski/tmp/numerical-backward-synthesis/tt/kernels/compute/tanh_bw_scale_separated.cpp,
0,1,1,TRISC_0,25968,6939899158702,0,0,,,BW_SYN_TANH_FACTORED,ZONE_END,17,/home/ijankowski/tmp/numerical-backward-synthesis/tt/kernels/compute/tanh_bw_scale_separated.cpp,
0,1,1,TRISC_0,49825,6939899158725,0,0,,,TRISC-KERNEL,ZONE_END,89,/localdev/ijankowski/tt-metal-pin/tt_metal/hw/firmware/src/tt-1xx/trisck.cc,
0,1,1,TRISC_0,5116,6939899162957,0,0,,,TRISC-FW,ZONE_END,150,/localdev/ijankowski/tt-metal-pin/tt_metal/hw/firmware/src/tt-1xx/trisc.cc,
0,1,1,TRISC_0,5116,6939915986296,0,0,,,TRISC-FW,ZONE_START,150,/localdev/ijankowski/tt-metal-pin/tt_metal/hw/firmware/src/tt-1xx/trisc.cc,
0,1,1,TRISC_0,49825,6939915986741,0,0,,,TRISC-KERNEL,ZONE_START,89,/localdev/ijankowski/tt-metal-pin/tt_metal/hw/firmware/src/tt-1xx/trisck.cc,
0,1,1,TRISC_0,53833,6939915986913,0,0,,,BW_SYN_TANH_MATERIALIZED,ZONE_START,16,/home/ijankowski/tmp/numerical-backward-synthesis/tt/kernels/compute/tanh_bw_baseline.cpp,
0,1,1,TRISC_0,53833,6939916028521,0,0,,,BW_SYN_TANH_MATERIALIZED,ZONE_END,16,/home/ijankowski/tmp/numerical-backward-synthesis/tt/kernels/compute/tanh_bw_baseline.cpp,
0,1,1,TRISC_0,49825,6939916028543,0,0,,,TRISC-KERNEL,ZONE_END,89,/localdev/ijankowski/tt-metal-pin/tt_metal/hw/firmware/src/tt-1xx/trisck.cc,
0,1,1,TRISC_0,5116,6939916028587,0,0,,,TRISC-FW,ZONE_END,150,/localdev/ijankowski/tt-metal-pin/tt_metal/hw/firmware/src/tt-1xx/trisc.cc,
0,1,1,TRISC_0,5116,6939933771982,0,0,,,TRISC-FW,ZONE_START,150,/localdev/ijankowski/tt-metal-pin/tt_metal/hw/firmware/src/tt-1xx/trisc.cc,
0,1,1,TRISC_0,49825,6939933772429,0,0,,,TRISC-KERNEL,ZONE_START,89,/localdev/ijankowski/tt-metal-pin/tt_metal/hw/firmware/src/tt-1xx/trisck.cc,
0,1,1,TRISC_0,25968,6939933772601,0,0,,,BW_SYN_TANH_FACTORED,ZONE_START,17,/home/ijankowski/tmp/numerical-backward-synthesis/tt/kernels/compute/tanh_bw_scale_separated.cpp,
0,1,1,TRISC_0,25968,6939933824452,0,0,,,BW_SYN_TANH_FACTORED,ZONE_END,17,/home/ijankowski/tmp/numerical-backward-synthesis/tt/kernels/compute/tanh_bw_scale_separated.cpp,
0,1,1,TRISC_0,49825,6939933824475,0,0,,,TRISC-KERNEL,ZONE_END,89,/localdev/ijankowski/tt-metal-pin/tt_metal/hw/firmware/src/tt-1xx/trisck.cc,
0,1,1,TRISC_0,5116,6939933828706,0,0,,,TRISC-FW,ZONE_END,150,/localdev/ijankowski/tt-metal-pin/tt_metal/hw/firmware/src/tt-1xx/trisc.cc,
0,1,1,TRISC_0,5116,6939952206131,0,0,,,TRISC-FW,ZONE_START,150,/localdev/ijankowski/tt-metal-pin/tt_metal/hw/firmware/src/tt-1xx/trisc.cc,
0,1,1,TRISC_0,49825,6939952206578,0,0,,,TRISC-KERNEL,ZONE_START,89,/localdev/ijankowski/tt-metal-pin/tt_metal/hw/firmware/src/tt-1xx/trisck.cc,
0,1,1,TRISC_0,53833,6939952206746,0,0,,,BW_SYN_TANH_MATERIALIZED,ZONE_START,16,/home/ijankowski/tmp/numerical-backward-synthesis/tt/kernels/compute/tanh_bw_baseline.cpp,
0,1,1,TRISC_0,53833,6939952248332,0,0,,,BW_SYN_TANH_MATERIALIZED,ZONE_END,16,/home/ijankowski/tmp/numerical-backward-synthesis/tt/kernels/compute/tanh_bw_baseline.cpp,
0,1,1,TRISC_0,49825,6939952248355,0,0,,,TRISC-KERNEL,ZONE_END,89,/localdev/ijankowski/tt-metal-pin/tt_metal/hw/firmware/src/tt-1xx/trisck.cc,
0,1,1,TRISC_0,5116,6939952248400,0,0,,,TRISC-FW,ZONE_END,150,/localdev/ijankowski/tt-metal-pin/tt_metal/hw/firmware/src/tt-1xx/trisc.cc,
0,1,1,TRISC_0,5116,6939969016745,0,0,,,TRISC-FW,ZONE_START,150,/localdev/ijankowski/tt-metal-pin/tt_metal/hw/firmware/src/tt-1xx/trisc.cc,
0,1,1,TRISC_0,49825,6939969017186,0,0,,,TRISC-KERNEL,ZONE_START,89,/localdev/ijankowski/tt-metal-pin/tt_metal/hw/firmware/src/tt-1xx/trisck.cc,
0,1,1,TRISC_0,25968,6939969017354,0,0,,,BW_SYN_TANH_FACTORED,ZONE_START,17,/home/ijankowski/tmp/numerical-backward-synthesis/tt/kernels/compute/tanh_bw_scale_separated.cpp,
0,1,1,TRISC_0,25968,6939969069104,0,0,,,BW_SYN_TANH_FACTORED,ZONE_END,17,/home/ijankowski/tmp/numerical-backward-synthesis/tt/kernels/compute/tanh_bw_scale_separated.cpp,
0,1,1,TRISC_0,49825,6939969069127,0,0,,,TRISC-KERNEL,ZONE_END,89,/localdev/ijankowski/tt-metal-pin/tt_metal/hw/firmware/src/tt-1xx/trisck.cc,
0,1,1,TRISC_0,5116,6939969073360,0,0,,,TRISC-FW,ZONE_END,150,/localdev/ijankowski/tt-metal-pin/tt_metal/hw/firmware/src/tt-1xx/trisc.cc,
0,1,1,TRISC_0,5116,6939987682642,0,0,,,TRISC-FW,ZONE_START,150,/localdev/ijankowski/tt-metal-pin/tt_metal/hw/firmware/src/tt-1xx/trisc.cc,
0,1,1,TRISC_0,49825,6939987683079,0,0,,,TRISC-KERNEL,ZONE_START,89,/localdev/ijankowski/tt-metal-pin/tt_metal/hw/firmware/src/tt-1xx/trisck.cc,
0,1,1,TRISC_0,53833,6939987683241,0,0,,,BW_SYN_TANH_MATERIALIZED,ZONE_START,16,/home/ijankowski/tmp/numerical-backward-synthesis/tt/kernels/compute/tanh_bw_baseline.cpp,
0,1,1,TRISC_0,53833,6939987724881,0,0,,,BW_SYN_TANH_MATERIALIZED,ZONE_END,16,/home/ijankowski/tmp/numerical-backward-synthesis/tt/kernels/compute/tanh_bw_baseline.cpp,
0,1,1,TRISC_0,49825,6939987724903,0,0,,,TRISC-KERNEL,ZONE_END,89,/localdev/ijankowski/tt-metal-pin/tt_metal/hw/firmware/src/tt-1xx/trisck.cc,
0,1,1,TRISC_0,5116,6939987724947,0,0,,,TRISC-FW,ZONE_END,150,/localdev/ijankowski/tt-metal-pin/tt_metal/hw/firmware/src/tt-1xx/trisc.cc,
0,1,1,TRISC_0,5116,6940004447514,0,0,,,TRISC-FW,ZONE_START,150,/localdev/ijankowski/tt-metal-pin/tt_metal/hw/firmware/src/tt-1xx/trisc.cc,
0,1,1,TRISC_0,49825,6940004447952,0,0,,,TRISC-KERNEL,ZONE_START,89,/localdev/ijankowski/tt-metal-pin/tt_metal/hw/firmware/src/tt-1xx/trisck.cc,
0,1,1,TRISC_0,25968,6940004448121,0,0,,,BW_SYN_TANH_FACTORED,ZONE_START,17,/home/ijankowski/tmp/numerical-backward-synthesis/tt/kernels/compute/tanh_bw_scale_separated.cpp,
0,1,1,TRISC_0,25968,6940004500093,0,0,,,BW_SYN_TANH_FACTORED,ZONE_END,17,/home/ijankowski/tmp/numerical-backward-synthesis/tt/kernels/compute/tanh_bw_scale_separated.cpp,
0,1,1,TRISC_0,49825,6940004500116,0,0,,,TRISC-KERNEL,ZONE_END,89,/localdev/ijankowski/tt-metal-pin/tt_metal/hw/firmware/src/tt-1xx/trisck.cc,
0,1,1,TRISC_0,5116,6940004504343,0,0,,,TRISC-FW,ZONE_END,150,/localdev/ijankowski/tt-metal-pin/tt_metal/hw/firmware/src/tt-1xx/trisc.cc,
0,1,1,TRISC_0,5116,6940021407598,0,0,,,TRISC-FW,ZONE_START,150,/localdev/ijankowski/tt-metal-pin/tt_metal/hw/firmware/src/tt-1xx/trisc.cc,
0,1,1,TRISC_0,49825,6940021408054,0,0,,,TRISC-KERNEL,ZONE_START,89,/localdev/ijankowski/tt-metal-pin/tt_metal/hw/firmware/src/tt-1xx/trisck.cc,
0,1,1,TRISC_0,53833,6940021408219,0,0,,,BW_SYN_TANH_MATERIALIZED,ZONE_START,16,/home/ijankowski/tmp/numerical-backward-synthesis/tt/kernels/compute/tanh_bw_baseline.cpp,
0,1,1,TRISC_0,53833,6940021449871,0,0,,,BW_SYN_TANH_MATERIALIZED,ZONE_END,16,/home/ijankowski/tmp/numerical-backward-synthesis/tt/kernels/compute/tanh_bw_baseline.cpp,
0,1,1,TRISC_0,49825,6940021449893,0,0,,,TRISC-KERNEL,ZONE_END,89,/localdev/ijankowski/tt-metal-pin/tt_metal/hw/firmware/src/tt-1xx/trisck.cc,
0,1,1,TRISC_0,5116,6940021449938,0,0,,,TRISC-FW,ZONE_END,150,/localdev/ijankowski/tt-metal-pin/tt_metal/hw/firmware/src/tt-1xx/trisc.cc,
0,1,1,TRISC_0,5116,6940039759492,0,0,,,TRISC-FW,ZONE_START,150,/localdev/ijankowski/tt-metal-pin/tt_metal/hw/firmware/src/tt-1xx/trisc.cc,
0,1,1,TRISC_0,49825,6940039759952,0,0,,,TRISC-KERNEL,ZONE_START,89,/localdev/ijankowski/tt-metal-pin/tt_metal/hw/firmware/src/tt-1xx/trisck.cc,
0,1,1,TRISC_0,25968,6940039760123,0,0,,,BW_SYN_TANH_FACTORED,ZONE_START,17,/home/ijankowski/tmp/numerical-backward-synthesis/tt/kernels/compute/tanh_bw_scale_separated.cpp,
0,1,1,TRISC_0,25968,6940039811917,0,0,,,BW_SYN_TANH_FACTORED,ZONE_END,17,/home/ijankowski/tmp/numerical-backward-synthesis/tt/kernels/compute/tanh_bw_scale_separated.cpp,
0,1,1,TRISC_0,49825,6940039811941,0,0,,,TRISC-KERNEL,ZONE_END,89,/localdev/ijankowski/tt-metal-pin/tt_metal/hw/firmware/src/tt-1xx/trisck.cc,
0,1,1,TRISC_0,5116,6940039816174,0,0,,,TRISC-FW,ZONE_END,150,/localdev/ijankowski/tt-metal-pin/tt_metal/hw/firmware/src/tt-1xx/trisc.cc,
0,1,1,TRISC_0,5116,6940056783998,0,0,,,TRISC-FW,ZONE_START,150,/localdev/ijankowski/tt-metal-pin/tt_metal/hw/firmware/src/tt-1xx/trisc.cc,
0,1,1,TRISC_0,49825,6940056784447,0,0,,,TRISC-KERNEL,ZONE_START,89,/localdev/ijankowski/tt-metal-pin/tt_metal/hw/firmware/src/tt-1xx/trisck.cc,
0,1,1,TRISC_0,53833,6940056784615,0,0,,,BW_SYN_TANH_MATERIALIZED,ZONE_START,16,/home/ijankowski/tmp/numerical-backward-synthesis/tt/kernels/compute/tanh_bw_baseline.cpp,
0,1,1,TRISC_0,53833,6940056826204,0,0,,,BW_SYN_TANH_MATERIALIZED,ZONE_END,16,/home/ijankowski/tmp/numerical-backward-synthesis/tt/kernels/compute/tanh_bw_baseline.cpp,
0,1,1,TRISC_0,49825,6940056826226,0,0,,,TRISC-KERNEL,ZONE_END,89,/localdev/ijankowski/tt-metal-pin/tt_metal/hw/firmware/src/tt-1xx/trisck.cc,
0,1,1,TRISC_0,5116,6940056826271,0,0,,,TRISC-FW,ZONE_END,150,/localdev/ijankowski/tt-metal-pin/tt_metal/hw/firmware/src/tt-1xx/trisc.cc,
0,1,1,TRISC_0,5116,6940073549873,0,0,,,TRISC-FW,ZONE_START,150,/localdev/ijankowski/tt-metal-pin/tt_metal/hw/firmware/src/tt-1xx/trisc.cc,
0,1,1,TRISC_0,49825,6940073550314,0,0,,,TRISC-KERNEL,ZONE_START,89,/localdev/ijankowski/tt-metal-pin/tt_metal/hw/firmware/src/tt-1xx/trisck.cc,
0,1,1,TRISC_0,25968,6940073550485,0,0,,,BW_SYN_TANH_FACTORED,ZONE_START,17,/home/ijankowski/tmp/numerical-backward-synthesis/tt/kernels/compute/tanh_bw_scale_separated.cpp,
0,1,1,TRISC_0,25968,6940073602295,0,0,,,BW_SYN_TANH_FACTORED,ZONE_END,17,/home/ijankowski/tmp/numerical-backward-synthesis/tt/kernels/compute/tanh_bw_scale_separated.cpp,
0,1,1,TRISC_0,49825,6940073602319,0,0,,,TRISC-KERNEL,ZONE_END,89,/localdev/ijankowski/tt-metal-pin/tt_metal/hw/firmware/src/tt-1xx/trisck.cc,
0,1,1,TRISC_0,5116,6940073606552,0,0,,,TRISC-FW,ZONE_END,150,/localdev/ijankowski/tt-metal-pin/tt_metal/hw/firmware/src/tt-1xx/trisc.cc,
0,1,1,TRISC_0,5116,6940090547007,0,0,,,TRISC-FW,ZONE_START,150,/localdev/ijankowski/tt-metal-pin/tt_metal/hw/firmware/src/tt-1xx/trisc.cc,
0,1,1,TRISC_0,49825,6940090547463,0,0,,,TRISC-KERNEL,ZONE_START,89,/localdev/ijankowski/tt-metal-pin/tt_metal/hw/firmware/src/tt-1xx/trisck.cc,
0,1,1,TRISC_0,53833,6940090547625,0,0,,,BW_SYN_TANH_MATERIALIZED,ZONE_START,16,/home/ijankowski/tmp/numerical-backward-synthesis/tt/kernels/compute/tanh_bw_baseline.cpp,
0,1,1,TRISC_0,53833,6940090589235,0,0,,,BW_SYN_TANH_MATERIALIZED,ZONE_END,16,/home/ijankowski/tmp/numerical-backward-synthesis/tt/kernels/compute/tanh_bw_baseline.cpp,
0,1,1,TRISC_0,49825,6940090589257,0,0,,,TRISC-KERNEL,ZONE_END,89,/localdev/ijankowski/tt-metal-pin/tt_metal/hw/firmware/src/tt-1xx/trisck.cc,
0,1,1,TRISC_0,5116,6940090589302,0,0,,,TRISC-FW,ZONE_END,150,/localdev/ijankowski/tt-metal-pin/tt_metal/hw/firmware/src/tt-1xx/trisc.cc,
0,1,1,TRISC_0,5116,6940107548255,0,0,,,TRISC-FW,ZONE_START,150,/localdev/ijankowski/tt-metal-pin/tt_metal/hw/firmware/src/tt-1xx/trisc.cc,
0,1,1,TRISC_0,49825,6940107548697,0,0,,,TRISC-KERNEL,ZONE_START,89,/localdev/ijankowski/tt-metal-pin/tt_metal/hw/firmware/src/tt-1xx/trisck.cc,
0,1,1,TRISC_0,25968,6940107548863,0,0,,,BW_SYN_TANH_FACTORED,ZONE_START,17,/home/ijankowski/tmp/numerical-backward-synthesis/tt/kernels/compute/tanh_bw_scale_separated.cpp,
0,1,1,TRISC_0,25968,6940107600834,0,0,,,BW_SYN_TANH_FACTORED,ZONE_END,17,/home/ijankowski/tmp/numerical-backward-synthesis/tt/kernels/compute/tanh_bw_scale_separated.cpp,
0,1,1,TRISC_0,49825,6940107600857,0,0,,,TRISC-KERNEL,ZONE_END,89,/localdev/ijankowski/tt-metal-pin/tt_metal/hw/firmware/src/tt-1xx/trisck.cc,
0,1,1,TRISC_0,5116,6940107605041,0,0,,,TRISC-FW,ZONE_END,150,/localdev/ijankowski/tt-metal-pin/tt_metal/hw/firmware/src/tt-1xx/trisc.cc,
0,1,1,TRISC_0,5116,6940125591014,0,0,,,TRISC-FW,ZONE_START,150,/localdev/ijankowski/tt-metal-pin/tt_metal/hw/firmware/src/tt-1xx/trisc.cc,
0,1,1,TRISC_0,49825,6940125591468,0,0,,,TRISC-KERNEL,ZONE_START,89,/localdev/ijankowski/tt-metal-pin/tt_metal/hw/firmware/src/tt-1xx/trisck.cc,
0,1,1,TRISC_0,53833,6940125591642,0,0,,,BW_SYN_TANH_MATERIALIZED,ZONE_START,16,/home/ijankowski/tmp/numerical-backward-synthesis/tt/kernels/compute/tanh_bw_baseline.cpp,
0,1,1,TRISC_0,53833,6940125633286,0,0,,,BW_SYN_TANH_MATERIALIZED,ZONE_END,16,/home/ijankowski/tmp/numerical-backward-synthesis/tt/kernels/compute/tanh_bw_baseline.cpp,
0,1,1,TRISC_0,49825,6940125633309,0,0,,,TRISC-KERNEL,ZONE_END,89,/localdev/ijankowski/tt-metal-pin/tt_metal/hw/firmware/src/tt-1xx/trisck.cc,
0,1,1,TRISC_0,5116,6940125633354,0,0,,,TRISC-FW,ZONE_END,150,/localdev/ijankowski/tt-metal-pin/tt_metal/hw/firmware/src/tt-1xx/trisc.cc,
0,1,1,TRISC_0,5116,6940142633542,0,0,,,TRISC-FW,ZONE_START,150,/localdev/ijankowski/tt-metal-pin/tt_metal/hw/firmware/src/tt-1xx/trisc.cc,
0,1,1,TRISC_0,49825,6940142633989,0,0,,,TRISC-KERNEL,ZONE_START,89,/localdev/ijankowski/tt-metal-pin/tt_metal/hw/firmware/src/tt-1xx/trisck.cc,
0,1,1,TRISC_0,25968,6940142634161,0,0,,,BW_SYN_TANH_FACTORED,ZONE_START,17,/home/ijankowski/tmp/numerical-backward-synthesis/tt/kernels/compute/tanh_bw_scale_separated.cpp,
0,1,1,TRISC_0,25968,6940142686087,0,0,,,BW_SYN_TANH_FACTORED,ZONE_END,17,/home/ijankowski/tmp/numerical-backward-synthesis/tt/kernels/compute/tanh_bw_scale_separated.cpp,
0,1,1,TRISC_0,49825,6940142686110,0,0,,,TRISC-KERNEL,ZONE_END,89,/localdev/ijankowski/tt-metal-pin/tt_metal/hw/firmware/src/tt-1xx/trisck.cc,
0,1,1,TRISC_0,5116,6940142690340,0,0,,,TRISC-FW,ZONE_END,150,/localdev/ijankowski/tt-metal-pin/tt_metal/hw/firmware/src/tt-1xx/trisc.cc,
0,1,1,TRISC_0,5116,6940159832740,0,0,,,TRISC-FW,ZONE_START,150,/localdev/ijankowski/tt-metal-pin/tt_metal/hw/firmware/src/tt-1xx/trisc.cc,
0,1,1,TRISC_0,49825,6940159833188,0,0,,,TRISC-KERNEL,ZONE_START,89,/localdev/ijankowski/tt-metal-pin/tt_metal/hw/firmware/src/tt-1xx/trisck.cc,
0,1,1,TRISC_0,53833,6940159833356,0,0,,,BW_SYN_TANH_MATERIALIZED,ZONE_START,16,/home/ijankowski/tmp/numerical-backward-synthesis/tt/kernels/compute/tanh_bw_baseline.cpp,
0,1,1,TRISC_0,53833,6940159875074,0,0,,,BW_SYN_TANH_MATERIALIZED,ZONE_END,16,/home/ijankowski/tmp/numerical-backward-synthesis/tt/kernels/compute/tanh_bw_baseline.cpp,
0,1,1,TRISC_0,49825,6940159875096,0,0,,,TRISC-KERNEL,ZONE_END,89,/localdev/ijankowski/tt-metal-pin/tt_metal/hw/firmware/src/tt-1xx/trisck.cc,
0,1,1,TRISC_0,5116,6940159875141,0,0,,,TRISC-FW,ZONE_END,150,/localdev/ijankowski/tt-metal-pin/tt_metal/hw/firmware/src/tt-1xx/trisc.cc,
0,1,1,TRISC_0,5116,6940177006460,0,0,,,TRISC-FW,ZONE_START,150,/localdev/ijankowski/tt-metal-pin/tt_metal/hw/firmware/src/tt-1xx/trisc.cc,
0,1,1,TRISC_0,49825,6940177006901,0,0,,,TRISC-KERNEL,ZONE_START,89,/localdev/ijankowski/tt-metal-pin/tt_metal/hw/firmware/src/tt-1xx/trisck.cc,
0,1,1,TRISC_0,25968,6940177007081,0,0,,,BW_SYN_TANH_FACTORED,ZONE_START,17,/home/ijankowski/tmp/numerical-backward-synthesis/tt/kernels/compute/tanh_bw_scale_separated.cpp,
0,1,1,TRISC_0,25968,6940177058871,0,0,,,BW_SYN_TANH_FACTORED,ZONE_END,17,/home/ijankowski/tmp/numerical-backward-synthesis/tt/kernels/compute/tanh_bw_scale_separated.cpp,
0,1,1,TRISC_0,49825,6940177058894,0,0,,,TRISC-KERNEL,ZONE_END,89,/localdev/ijankowski/tt-metal-pin/tt_metal/hw/firmware/src/tt-1xx/trisck.cc,
0,1,1,TRISC_0,5116,6940177063126,0,0,,,TRISC-FW,ZONE_END,150,/localdev/ijankowski/tt-metal-pin/tt_metal/hw/firmware/src/tt-1xx/trisc.cc,
0,1,1,TRISC_0,5116,6940194158977,0,0,,,TRISC-FW,ZONE_START,150,/localdev/ijankowski/tt-metal-pin/tt_metal/hw/firmware/src/tt-1xx/trisc.cc,
0,1,1,TRISC_0,49825,6940194159421,0,0,,,TRISC-KERNEL,ZONE_START,89,/localdev/ijankowski/tt-metal-pin/tt_metal/hw/firmware/src/tt-1xx/trisck.cc,
0,1,1,TRISC_0,53833,6940194159589,0,0,,,BW_SYN_TANH_MATERIALIZED,ZONE_START,16,/home/ijankowski/tmp/numerical-backward-synthesis/tt/kernels/compute/tanh_bw_baseline.cpp,
0,1,1,TRISC_0,53833,6940194201206,0,0,,,BW_SYN_TANH_MATERIALIZED,ZONE_END,16,/home/ijankowski/tmp/numerical-backward-synthesis/tt/kernels/compute/tanh_bw_baseline.cpp,
0,1,1,TRISC_0,49825,6940194201228,0,0,,,TRISC-KERNEL,ZONE_END,89,/localdev/ijankowski/tt-metal-pin/tt_metal/hw/firmware/src/tt-1xx/trisck.cc,
0,1,1,TRISC_0,5116,6940194201273,0,0,,,TRISC-FW,ZONE_END,150,/localdev/ijankowski/tt-metal-pin/tt_metal/hw/firmware/src/tt-1xx/trisc.cc,
0,1,1,TRISC_0,5116,6940211309276,0,0,,,TRISC-FW,ZONE_START,150,/localdev/ijankowski/tt-metal-pin/tt_metal/hw/firmware/src/tt-1xx/trisc.cc,
0,1,1,TRISC_0,49825,6940211309714,0,0,,,TRISC-KERNEL,ZONE_START,89,/localdev/ijankowski/tt-metal-pin/tt_metal/hw/firmware/src/tt-1xx/trisck.cc,
0,1,1,TRISC_0,25968,6940211309888,0,0,,,BW_SYN_TANH_FACTORED,ZONE_START,17,/home/ijankowski/tmp/numerical-backward-synthesis/tt/kernels/compute/tanh_bw_scale_separated.cpp,
0,1,1,TRISC_0,25968,6940211361649,0,0,,,BW_SYN_TANH_FACTORED,ZONE_END,17,/home/ijankowski/tmp/numerical-backward-synthesis/tt/kernels/compute/tanh_bw_scale_separated.cpp,
0,1,1,TRISC_0,49825,6940211361672,0,0,,,TRISC-KERNEL,ZONE_END,89,/localdev/ijankowski/tt-metal-pin/tt_metal/hw/firmware/src/tt-1xx/trisck.cc,
0,1,1,TRISC_0,5116,6940211365909,0,0,,,TRISC-FW,ZONE_END,150,/localdev/ijankowski/tt-metal-pin/tt_metal/hw/firmware/src/tt-1xx/trisc.cc,
0,1,1,TRISC_0,5116,6940230013024,0,0,,,TRISC-FW,ZONE_START,150,/localdev/ijankowski/tt-metal-pin/tt_metal/hw/firmware/src/tt-1xx/trisc.cc,
0,1,1,TRISC_0,49825,6940230013472,0,0,,,TRISC-KERNEL,ZONE_START,89,/localdev/ijankowski/tt-metal-pin/tt_metal/hw/firmware/src/tt-1xx/trisck.cc,
0,1,1,TRISC_0,53833,6940230013640,0,0,,,BW_SYN_TANH_MATERIALIZED,ZONE_START,16,/home/ijankowski/tmp/numerical-backward-synthesis/tt/kernels/compute/tanh_bw_baseline.cpp,
0,1,1,TRISC_0,53833,6940230055249,0,0,,,BW_SYN_TANH_MATERIALIZED,ZONE_END,16,/home/ijankowski/tmp/numerical-backward-synthesis/tt/kernels/compute/tanh_bw_baseline.cpp,
0,1,1,TRISC_0,49825,6940230055271,0,0,,,TRISC-KERNEL,ZONE_END,89,/localdev/ijankowski/tt-metal-pin/tt_metal/hw/firmware/src/tt-1xx/trisck.cc,
0,1,1,TRISC_0,5116,6940230055316,0,0,,,TRISC-FW,ZONE_END,150,/localdev/ijankowski/tt-metal-pin/tt_metal/hw/firmware/src/tt-1xx/trisc.cc,
0,1,1,TRISC_0,5116,6940246932207,0,0,,,TRISC-FW,ZONE_START,150,/localdev/ijankowski/tt-metal-pin/tt_metal/hw/firmware/src/tt-1xx/trisc.cc,
0,1,1,TRISC_0,49825,6940246932648,0,0,,,TRISC-KERNEL,ZONE_START,89,/localdev/ijankowski/tt-metal-pin/tt_metal/hw/firmware/src/tt-1xx/trisck.cc,
0,1,1,TRISC_0,25968,6940246932819,0,0,,,BW_SYN_TANH_FACTORED,ZONE_START,17,/home/ijankowski/tmp/numerical-backward-synthesis/tt/kernels/compute/tanh_bw_scale_separated.cpp,
0,1,1,TRISC_0,25968,6940246984707,0,0,,,BW_SYN_TANH_FACTORED,ZONE_END,17,/home/ijankowski/tmp/numerical-backward-synthesis/tt/kernels/compute/tanh_bw_scale_separated.cpp,
0,1,1,TRISC_0,49825,6940246984731,0,0,,,TRISC-KERNEL,ZONE_END,89,/localdev/ijankowski/tt-metal-pin/tt_metal/hw/firmware/src/tt-1xx/trisck.cc,
0,1,1,TRISC_0,5116,6940246988915,0,0,,,TRISC-FW,ZONE_END,150,/localdev/ijankowski/tt-metal-pin/tt_metal/hw/firmware/src/tt-1xx/trisc.cc,
0,1,1,TRISC_0,5116,6940265368371,0,0,,,TRISC-FW,ZONE_START,150,/localdev/ijankowski/tt-metal-pin/tt_metal/hw/firmware/src/tt-1xx/trisc.cc,
0,1,1,TRISC_0,49825,6940265368816,0,0,,,TRISC-KERNEL,ZONE_START,89,/localdev/ijankowski/tt-metal-pin/tt_metal/hw/firmware/src/tt-1xx/trisck.cc,
0,1,1,TRISC_0,53833,6940265368983,0,0,,,BW_SYN_TANH_MATERIALIZED,ZONE_START,16,/home/ijankowski/tmp/numerical-backward-synthesis/tt/kernels/compute/tanh_bw_baseline.cpp,
0,1,1,TRISC_0,53833,6940265410577,0,0,,,BW_SYN_TANH_MATERIALIZED,ZONE_END,16,/home/ijankowski/tmp/numerical-backward-synthesis/tt/kernels/compute/tanh_bw_baseline.cpp,
0,1,1,TRISC_0,49825,6940265410599,0,0,,,TRISC-KERNEL,ZONE_END,89,/localdev/ijankowski/tt-metal-pin/tt_metal/hw/firmware/src/tt-1xx/trisck.cc,
0,1,1,TRISC_0,5116,6940265410643,0,0,,,TRISC-FW,ZONE_END,150,/localdev/ijankowski/tt-metal-pin/tt_metal/hw/firmware/src/tt-1xx/trisc.cc,
0,1,1,TRISC_0,5116,6940282184995,0,0,,,TRISC-FW,ZONE_START,150,/localdev/ijankowski/tt-metal-pin/tt_metal/hw/firmware/src/tt-1xx/trisc.cc,
0,1,1,TRISC_0,49825,6940282185440,0,0,,,TRISC-KERNEL,ZONE_START,89,/localdev/ijankowski/tt-metal-pin/tt_metal/hw/firmware/src/tt-1xx/trisck.cc,
0,1,1,TRISC_0,25968,6940282185611,0,0,,,BW_SYN_TANH_FACTORED,ZONE_START,17,/home/ijankowski/tmp/numerical-backward-synthesis/tt/kernels/compute/tanh_bw_scale_separated.cpp,
0,1,1,TRISC_0,25968,6940282237519,0,0,,,BW_SYN_TANH_FACTORED,ZONE_END,17,/home/ijankowski/tmp/numerical-backward-synthesis/tt/kernels/compute/tanh_bw_scale_separated.cpp,
0,1,1,TRISC_0,49825,6940282237542,0,0,,,TRISC-KERNEL,ZONE_END,89,/localdev/ijankowski/tt-metal-pin/tt_metal/hw/firmware/src/tt-1xx/trisck.cc,
0,1,1,TRISC_0,5116,6940282241772,0,0,,,TRISC-FW,ZONE_END,150,/localdev/ijankowski/tt-metal-pin/tt_metal/hw/firmware/src/tt-1xx/trisc.cc,
0,1,1,TRISC_0,5116,6940302545281,0,0,,,TRISC-FW,ZONE_START,150,/localdev/ijankowski/tt-metal-pin/tt_metal/hw/firmware/src/tt-1xx/trisc.cc,
0,1,1,TRISC_0,49825,6940302545736,0,0,,,TRISC-KERNEL,ZONE_START,89,/localdev/ijankowski/tt-metal-pin/tt_metal/hw/firmware/src/tt-1xx/trisck.cc,
0,1,1,TRISC_0,53833,6940302545906,0,0,,,BW_SYN_TANH_MATERIALIZED,ZONE_START,16,/home/ijankowski/tmp/numerical-backward-synthesis/tt/kernels/compute/tanh_bw_baseline.cpp,
0,1,1,TRISC_0,53833,6940302587524,0,0,,,BW_SYN_TANH_MATERIALIZED,ZONE_END,16,/home/ijankowski/tmp/numerical-backward-synthesis/tt/kernels/compute/tanh_bw_baseline.cpp,
0,1,1,TRISC_0,49825,6940302587546,0,0,,,TRISC-KERNEL,ZONE_END,89,/localdev/ijankowski/tt-metal-pin/tt_metal/hw/firmware/src/tt-1xx/trisck.cc,
0,1,1,TRISC_0,5116,6940302587591,0,0,,,TRISC-FW,ZONE_END,150,/localdev/ijankowski/tt-metal-pin/tt_metal/hw/firmware/src/tt-1xx/trisc.cc,
0,1,1,TRISC_0,5116,6940319651964,0,0,,,TRISC-FW,ZONE_START,150,/localdev/ijankowski/tt-metal-pin/tt_metal/hw/firmware/src/tt-1xx/trisc.cc,
0,1,1,TRISC_0,49825,6940319652417,0,0,,,TRISC-KERNEL,ZONE_START,89,/localdev/ijankowski/tt-metal-pin/tt_metal/hw/firmware/src/tt-1xx/trisck.cc,
0,1,1,TRISC_0,25968,6940319652585,0,0,,,BW_SYN_TANH_FACTORED,ZONE_START,17,/home/ijankowski/tmp/numerical-backward-synthesis/tt/kernels/compute/tanh_bw_scale_separated.cpp,
0,1,1,TRISC_0,25968,6940319704282,0,0,,,BW_SYN_TANH_FACTORED,ZONE_END,17,/home/ijankowski/tmp/numerical-backward-synthesis/tt/kernels/compute/tanh_bw_scale_separated.cpp,
0,1,1,TRISC_0,49825,6940319704306,0,0,,,TRISC-KERNEL,ZONE_END,89,/localdev/ijankowski/tt-metal-pin/tt_metal/hw/firmware/src/tt-1xx/trisck.cc,
0,1,1,TRISC_0,5116,6940319708539,0,0,,,TRISC-FW,ZONE_END,150,/localdev/ijankowski/tt-metal-pin/tt_metal/hw/firmware/src/tt-1xx/trisc.cc,
0,1,1,TRISC_0,5116,6940336761582,0,0,,,TRISC-FW,ZONE_START,150,/localdev/ijankowski/tt-metal-pin/tt_metal/hw/firmware/src/tt-1xx/trisc.cc,
0,1,1,TRISC_0,49825,6940336762022,0,0,,,TRISC-KERNEL,ZONE_START,89,/localdev/ijankowski/tt-metal-pin/tt_metal/hw/firmware/src/tt-1xx/trisck.cc,
0,1,1,TRISC_0,53833,6940336762195,0,0,,,BW_SYN_TANH_MATERIALIZED,ZONE_START,16,/home/ijankowski/tmp/numerical-backward-synthesis/tt/kernels/compute/tanh_bw_baseline.cpp,
0,1,1,TRISC_0,53833,6940336803854,0,0,,,BW_SYN_TANH_MATERIALIZED,ZONE_END,16,/home/ijankowski/tmp/numerical-backward-synthesis/tt/kernels/compute/tanh_bw_baseline.cpp,
0,1,1,TRISC_0,49825,6940336803876,0,0,,,TRISC-KERNEL,ZONE_END,89,/localdev/ijankowski/tt-metal-pin/tt_metal/hw/firmware/src/tt-1xx/trisck.cc,
0,1,1,TRISC_0,5116,6940336803921,0,0,,,TRISC-FW,ZONE_END,150,/localdev/ijankowski/tt-metal-pin/tt_metal/hw/firmware/src/tt-1xx/trisc.cc,
0,1,1,TRISC_0,5116,6940353745522,0,0,,,TRISC-FW,ZONE_START,150,/localdev/ijankowski/tt-metal-pin/tt_metal/hw/firmware/src/tt-1xx/trisc.cc,
0,1,1,TRISC_0,49825,6940353745958,0,0,,,TRISC-KERNEL,ZONE_START,89,/localdev/ijankowski/tt-metal-pin/tt_metal/hw/firmware/src/tt-1xx/trisck.cc,
0,1,1,TRISC_0,25968,6940353746137,0,0,,,BW_SYN_TANH_FACTORED,ZONE_START,17,/home/ijankowski/tmp/numerical-backward-synthesis/tt/kernels/compute/tanh_bw_scale_separated.cpp,
0,1,1,TRISC_0,25968,6940353797900,0,0,,,BW_SYN_TANH_FACTORED,ZONE_END,17,/home/ijankowski/tmp/numerical-backward-synthesis/tt/kernels/compute/tanh_bw_scale_separated.cpp,
0,1,1,TRISC_0,49825,6940353797924,0,0,,,TRISC-KERNEL,ZONE_END,89,/localdev/ijankowski/tt-metal-pin/tt_metal/hw/firmware/src/tt-1xx/trisck.cc,
0,1,1,TRISC_0,5116,6940353802153,0,0,,,TRISC-FW,ZONE_END,150,/localdev/ijankowski/tt-metal-pin/tt_metal/hw/firmware/src/tt-1xx/trisc.cc,
0,1,1,TRISC_0,5116,6940370439926,0,0,,,TRISC-FW,ZONE_START,150,/localdev/ijankowski/tt-metal-pin/tt_metal/hw/firmware/src/tt-1xx/trisc.cc,
0,1,1,TRISC_0,49825,6940370440368,0,0,,,TRISC-KERNEL,ZONE_START,89,/localdev/ijankowski/tt-metal-pin/tt_metal/hw/firmware/src/tt-1xx/trisck.cc,
0,1,1,TRISC_0,53833,6940370440539,0,0,,,BW_SYN_TANH_MATERIALIZED,ZONE_START,16,/home/ijankowski/tmp/numerical-backward-synthesis/tt/kernels/compute/tanh_bw_baseline.cpp,
0,1,1,TRISC_0,53833,6940370482142,0,0,,,BW_SYN_TANH_MATERIALIZED,ZONE_END,16,/home/ijankowski/tmp/numerical-backward-synthesis/tt/kernels/compute/tanh_bw_baseline.cpp,
0,1,1,TRISC_0,49825,6940370482164,0,0,,,TRISC-KERNEL,ZONE_END,89,/localdev/ijankowski/tt-metal-pin/tt_metal/hw/firmware/src/tt-1xx/trisck.cc,
0,1,1,TRISC_0,5116,6940370482208,0,0,,,TRISC-FW,ZONE_END,150,/localdev/ijankowski/tt-metal-pin/tt_metal/hw/firmware/src/tt-1xx/trisc.cc,
0,1,1,TRISC_1,5116,6939470378360,0,0,,,TRISC-FW,ZONE_START,150,/localdev/ijankowski/tt-metal-pin/tt_metal/hw/firmware/src/tt-1xx/trisc.cc,
0,1,1,TRISC_1,49825,6939470378567,0,0,,,TRISC-KERNEL,ZONE_START,89,/localdev/ijankowski/tt-metal-pin/tt_metal/hw/firmware/src/tt-1xx/trisck.cc,
0,1,1,TRISC_1,25968,6939470378713,0,0,,,BW_SYN_TANH_FACTORED,ZONE_START,17,/home/ijankowski/tmp/numerical-backward-synthesis/tt/kernels/compute/tanh_bw_scale_separated.cpp,
0,1,1,TRISC_1,25968,6939470436116,0,0,,,BW_SYN_TANH_FACTORED,ZONE_END,17,/home/ijankowski/tmp/numerical-backward-synthesis/tt/kernels/compute/tanh_bw_scale_separated.cpp,
0,1,1,TRISC_1,49825,6939470436140,0,0,,,TRISC-KERNEL,ZONE_END,89,/localdev/ijankowski/tt-metal-pin/tt_metal/hw/firmware/src/tt-1xx/trisck.cc,
0,1,1,TRISC_1,5116,6939470436184,0,0,,,TRISC-FW,ZONE_END,150,/localdev/ijankowski/tt-metal-pin/tt_metal/hw/firmware/src/tt-1xx/trisc.cc,
0,1,1,TRISC_1,5116,6939499568167,0,0,,,TRISC-FW,ZONE_START,150,/localdev/ijankowski/tt-metal-pin/tt_metal/hw/firmware/src/tt-1xx/trisc.cc,
0,1,1,TRISC_1,49825,6939499568366,0,0,,,TRISC-KERNEL,ZONE_START,89,/localdev/ijankowski/tt-metal-pin/tt_metal/hw/firmware/src/tt-1xx/trisck.cc,
0,1,1,TRISC_1,53833,6939499568498,0,0,,,BW_SYN_TANH_MATERIALIZED,ZONE_START,16,/home/ijankowski/tmp/numerical-backward-synthesis/tt/kernels/compute/tanh_bw_baseline.cpp,
0,1,1,TRISC_1,53833,6939499610567,0,0,,,BW_SYN_TANH_MATERIALIZED,ZONE_END,16,/home/ijankowski/tmp/numerical-backward-synthesis/tt/kernels/compute/tanh_bw_baseline.cpp,
0,1,1,TRISC_1,49825,6939499610591,0,0,,,TRISC-KERNEL,ZONE_END,89,/localdev/ijankowski/tt-metal-pin/tt_metal/hw/firmware/src/tt-1xx/trisck.cc,
0,1,1,TRISC_1,5116,6939499610631,0,0,,,TRISC-FW,ZONE_END,150,/localdev/ijankowski/tt-metal-pin/tt_metal/hw/firmware/src/tt-1xx/trisc.cc,
0,1,1,TRISC_1,5116,6939516797827,0,0,,,TRISC-FW,ZONE_START,150,/localdev/ijankowski/tt-metal-pin/tt_metal/hw/firmware/src/tt-1xx/trisc.cc,
0,1,1,TRISC_1,49825,6939516798028,0,0,,,TRISC-KERNEL,ZONE_START,89,/localdev/ijankowski/tt-metal-pin/tt_metal/hw/firmware/src/tt-1xx/trisck.cc,
0,1,1,TRISC_1,25968,6939516798170,0,0,,,BW_SYN_TANH_FACTORED,ZONE_START,17,/home/ijankowski/tmp/numerical-backward-synthesis/tt/kernels/compute/tanh_bw_scale_separated.cpp,
0,1,1,TRISC_1,25968,6939516855643,0,0,,,BW_SYN_TANH_FACTORED,ZONE_END,17,/home/ijankowski/tmp/numerical-backward-synthesis/tt/kernels/compute/tanh_bw_scale_separated.cpp,
0,1,1,TRISC_1,49825,6939516855667,0,0,,,TRISC-KERNEL,ZONE_END,89,/localdev/ijankowski/tt-metal-pin/tt_metal/hw/firmware/src/tt-1xx/trisck.cc,
0,1,1,TRISC_1,5116,6939516855712,0,0,,,TRISC-FW,ZONE_END,150,/localdev/ijankowski/tt-metal-pin/tt_metal/hw/firmware/src/tt-1xx/trisc.cc,
0,1,1,TRISC_1,5116,6939533837612,0,0,,,TRISC-FW,ZONE_START,150,/localdev/ijankowski/tt-metal-pin/tt_metal/hw/firmware/src/tt-1xx/trisc.cc,
0,1,1,TRISC_1,49825,6939533837817,0,0,,,TRISC-KERNEL,ZONE_START,89,/localdev/ijankowski/tt-metal-pin/tt_metal/hw/firmware/src/tt-1xx/trisck.cc,
0,1,1,TRISC_1,53833,6939533837950,0,0,,,BW_SYN_TANH_MATERIALIZED,ZONE_START,16,/home/ijankowski/tmp/numerical-backward-synthesis/tt/kernels/compute/tanh_bw_baseline.cpp,
0,1,1,TRISC_1,53833,6939533880028,0,0,,,BW_SYN_TANH_MATERIALIZED,ZONE_END,16,/home/ijankowski/tmp/numerical-backward-synthesis/tt/kernels/compute/tanh_bw_baseline.cpp,
0,1,1,TRISC_1,49825,6939533880052,0,0,,,TRISC-KERNEL,ZONE_END,89,/localdev/ijankowski/tt-metal-pin/tt_metal/hw/firmware/src/tt-1xx/trisck.cc,
0,1,1,TRISC_1,5116,6939533880092,0,0,,,TRISC-FW,ZONE_END,150,/localdev/ijankowski/tt-metal-pin/tt_metal/hw/firmware/src/tt-1xx/trisc.cc,
0,1,1,TRISC_1,5116,6939550662685,0,0,,,TRISC-FW,ZONE_START,150,/localdev/ijankowski/tt-metal-pin/tt_metal/hw/firmware/src/tt-1xx/trisc.cc,
0,1,1,TRISC_1,49825,6939550662888,0,0,,,TRISC-KERNEL,ZONE_START,89,/localdev/ijankowski/tt-metal-pin/tt_metal/hw/firmware/src/tt-1xx/trisck.cc,
0,1,1,TRISC_1,25968,6939550663029,0,0,,,BW_SYN_TANH_FACTORED,ZONE_START,17,/home/ijankowski/tmp/numerical-backward-synthesis/tt/kernels/compute/tanh_bw_scale_separated.cpp,
0,1,1,TRISC_1,25968,6939550720559,0,0,,,BW_SYN_TANH_FACTORED,ZONE_END,17,/home/ijankowski/tmp/numerical-backward-synthesis/tt/kernels/compute/tanh_bw_scale_separated.cpp,
0,1,1,TRISC_1,49825,6939550720583,0,0,,,TRISC-KERNEL,ZONE_END,89,/localdev/ijankowski/tt-metal-pin/tt_metal/hw/firmware/src/tt-1xx/trisck.cc,
0,1,1,TRISC_1,5116,6939550720628,0,0,,,TRISC-FW,ZONE_END,150,/localdev/ijankowski/tt-metal-pin/tt_metal/hw/firmware/src/tt-1xx/trisc.cc,
0,1,1,TRISC_1,5116,6939567815247,0,0,,,TRISC-FW,ZONE_START,150,/localdev/ijankowski/tt-metal-pin/tt_metal/hw/firmware/src/tt-1xx/trisc.cc,
0,1,1,TRISC_1,49825,6939567815445,0,0,,,TRISC-KERNEL,ZONE_START,89,/localdev/ijankowski/tt-metal-pin/tt_metal/hw/firmware/src/tt-1xx/trisck.cc,
0,1,1,TRISC_1,53833,6939567815577,0,0,,,BW_SYN_TANH_MATERIALIZED,ZONE_START,16,/home/ijankowski/tmp/numerical-backward-synthesis/tt/kernels/compute/tanh_bw_baseline.cpp,
0,1,1,TRISC_1,53833,6939567857704,0,0,,,BW_SYN_TANH_MATERIALIZED,ZONE_END,16,/home/ijankowski/tmp/numerical-backward-synthesis/tt/kernels/compute/tanh_bw_baseline.cpp,
0,1,1,TRISC_1,49825,6939567857728,0,0,,,TRISC-KERNEL,ZONE_END,89,/localdev/ijankowski/tt-metal-pin/tt_metal/hw/firmware/src/tt-1xx/trisck.cc,
0,1,1,TRISC_1,5116,6939567857768,0,0,,,TRISC-FW,ZONE_END,150,/localdev/ijankowski/tt-metal-pin/tt_metal/hw/firmware/src/tt-1xx/trisc.cc,
0,1,1,TRISC_1,5116,6939584589315,0,0,,,TRISC-FW,ZONE_START,150,/localdev/ijankowski/tt-metal-pin/tt_metal/hw/firmware/src/tt-1xx/trisc.cc,
0,1,1,TRISC_1,49825,6939584589520,0,0,,,TRISC-KERNEL,ZONE_START,89,/localdev/ijankowski/tt-metal-pin/tt_metal/hw/firmware/src/tt-1xx/trisck.cc,
0,1,1,TRISC_1,25968,6939584589665,0,0,,,BW_SYN_TANH_FACTORED,ZONE_START,17,/home/ijankowski/tmp/numerical-backward-synthesis/tt/kernels/compute/tanh_bw_scale_separated.cpp,
0,1,1,TRISC_1,25968,6939584647289,0,0,,,BW_SYN_TANH_FACTORED,ZONE_END,17,/home/ijankowski/tmp/numerical-backward-synthesis/tt/kernels/compute/tanh_bw_scale_separated.cpp,
0,1,1,TRISC_1,49825,6939584647313,0,0,,,TRISC-KERNEL,ZONE_END,89,/localdev/ijankowski/tt-metal-pin/tt_metal/hw/firmware/src/tt-1xx/trisck.cc,
0,1,1,TRISC_1,5116,6939584647356,0,0,,,TRISC-FW,ZONE_END,150,/localdev/ijankowski/tt-metal-pin/tt_metal/hw/firmware/src/tt-1xx/trisc.cc,
0,1,1,TRISC_1,5116,6939601787423,0,0,,,TRISC-FW,ZONE_START,150,/localdev/ijankowski/tt-metal-pin/tt_metal/hw/firmware/src/tt-1xx/trisc.cc,
0,1,1,TRISC_1,49825,6939601787626,0,0,,,TRISC-KERNEL,ZONE_START,89,/localdev/ijankowski/tt-metal-pin/tt_metal/hw/firmware/src/tt-1xx/trisck.cc,
0,1,1,TRISC_1,53833,6939601787759,0,0,,,BW_SYN_TANH_MATERIALIZED,ZONE_START,16,/home/ijankowski/tmp/numerical-backward-synthesis/tt/kernels/compute/tanh_bw_baseline.cpp,
0,1,1,TRISC_1,53833,6939601829865,0,0,,,BW_SYN_TANH_MATERIALIZED,ZONE_END,16,/home/ijankowski/tmp/numerical-backward-synthesis/tt/kernels/compute/tanh_bw_baseline.cpp,
0,1,1,TRISC_1,49825,6939601829889,0,0,,,TRISC-KERNEL,ZONE_END,89,/localdev/ijankowski/tt-metal-pin/tt_metal/hw/firmware/src/tt-1xx/trisck.cc,
0,1,1,TRISC_1,5116,6939601829929,0,0,,,TRISC-FW,ZONE_END,150,/localdev/ijankowski/tt-metal-pin/tt_metal/hw/firmware/src/tt-1xx/trisc.cc,
0,1,1,TRISC_1,5116,6939621393582,0,0,,,TRISC-FW,ZONE_START,150,/localdev/ijankowski/tt-metal-pin/tt_metal/hw/firmware/src/tt-1xx/trisc.cc,
0,1,1,TRISC_1,49825,6939621393790,0,0,,,TRISC-KERNEL,ZONE_START,89,/localdev/ijankowski/tt-metal-pin/tt_metal/hw/firmware/src/tt-1xx/trisck.cc,
0,1,1,TRISC_1,25968,6939621393936,0,0,,,BW_SYN_TANH_FACTORED,ZONE_START,17,/home/ijankowski/tmp/numerical-backward-synthesis/tt/kernels/compute/tanh_bw_scale_separated.cpp,
0,1,1,TRISC_1,25968,6939621451356,0,0,,,BW_SYN_TANH_FACTORED,ZONE_END,17,/home/ijankowski/tmp/numerical-backward-synthesis/tt/kernels/compute/tanh_bw_scale_separated.cpp,
0,1,1,TRISC_1,49825,6939621451380,0,0,,,TRISC-KERNEL,ZONE_END,89,/localdev/ijankowski/tt-metal-pin/tt_metal/hw/firmware/src/tt-1xx/trisck.cc,
0,1,1,TRISC_1,5116,6939621451423,0,0,,,TRISC-FW,ZONE_END,150,/localdev/ijankowski/tt-metal-pin/tt_metal/hw/firmware/src/tt-1xx/trisc.cc,
0,1,1,TRISC_1,5116,6939640104988,0,0,,,TRISC-FW,ZONE_START,150,/localdev/ijankowski/tt-metal-pin/tt_metal/hw/firmware/src/tt-1xx/trisc.cc,
0,1,1,TRISC_1,49825,6939640105186,0,0,,,TRISC-KERNEL,ZONE_START,89,/localdev/ijankowski/tt-metal-pin/tt_metal/hw/firmware/src/tt-1xx/trisck.cc,
0,1,1,TRISC_1,53833,6939640105317,0,0,,,BW_SYN_TANH_MATERIALIZED,ZONE_START,16,/home/ijankowski/tmp/numerical-backward-synthesis/tt/kernels/compute/tanh_bw_baseline.cpp,
0,1,1,TRISC_1,53833,6939640147380,0,0,,,BW_SYN_TANH_MATERIALIZED,ZONE_END,16,/home/ijankowski/tmp/numerical-backward-synthesis/tt/kernels/compute/tanh_bw_baseline.cpp,
0,1,1,TRISC_1,49825,6939640147404,0,0,,,TRISC-KERNEL,ZONE_END,89,/localdev/ijankowski/tt-metal-pin/tt_metal/hw/firmware/src/tt-1xx/trisck.cc,
0,1,1,TRISC_1,5116,6939640147444,0,0,,,TRISC-FW,ZONE_END,150,/localdev/ijankowski/tt-metal-pin/tt_metal/hw/firmware/src/tt-1xx/trisc.cc,
0,1,1,TRISC_1,5116,6939658597057,0,0,,,TRISC-FW,ZONE_START,150,/localdev/ijankowski/tt-metal-pin/tt_metal/hw/firmware/src/tt-1xx/trisc.cc,
0,1,1,TRISC_1,49825,6939658597264,0,0,,,TRISC-KERNEL,ZONE_START,89,/localdev/ijankowski/tt-metal-pin/tt_metal/hw/firmware/src/tt-1xx/trisck.cc,
0,1,1,TRISC_1,25968,6939658597410,0,0,,,BW_SYN_TANH_FACTORED,ZONE_START,17,/home/ijankowski/tmp/numerical-backward-synthesis/tt/kernels/compute/tanh_bw_scale_separated.cpp,
0,1,1,TRISC_1,25968,6939658654780,0,0,,,BW_SYN_TANH_FACTORED,ZONE_END,17,/home/ijankowski/tmp/numerical-backward-synthesis/tt/kernels/compute/tanh_bw_scale_separated.cpp,
0,1,1,TRISC_1,49825,6939658654804,0,0,,,TRISC-KERNEL,ZONE_END,89,/localdev/ijankowski/tt-metal-pin/tt_metal/hw/firmware/src/tt-1xx/trisck.cc,
0,1,1,TRISC_1,5116,6939658654850,0,0,,,TRISC-FW,ZONE_END,150,/localdev/ijankowski/tt-metal-pin/tt_metal/hw/firmware/src/tt-1xx/trisc.cc,
0,1,1,TRISC_1,5116,6939675774952,0,0,,,TRISC-FW,ZONE_START,150,/localdev/ijankowski/tt-metal-pin/tt_metal/hw/firmware/src/tt-1xx/trisc.cc,
0,1,1,TRISC_1,49825,6939675775151,0,0,,,TRISC-KERNEL,ZONE_START,89,/localdev/ijankowski/tt-metal-pin/tt_metal/hw/firmware/src/tt-1xx/trisck.cc,
0,1,1,TRISC_1,53833,6939675775284,0,0,,,BW_SYN_TANH_MATERIALIZED,ZONE_START,16,/home/ijankowski/tmp/numerical-backward-synthesis/tt/kernels/compute/tanh_bw_baseline.cpp,
0,1,1,TRISC_1,53833,6939675817335,0,0,,,BW_SYN_TANH_MATERIALIZED,ZONE_END,16,/home/ijankowski/tmp/numerical-backward-synthesis/tt/kernels/compute/tanh_bw_baseline.cpp,
0,1,1,TRISC_1,49825,6939675817360,0,0,,,TRISC-KERNEL,ZONE_END,89,/localdev/ijankowski/tt-metal-pin/tt_metal/hw/firmware/src/tt-1xx/trisck.cc,
0,1,1,TRISC_1,5116,6939675817400,0,0,,,TRISC-FW,ZONE_END,150,/localdev/ijankowski/tt-metal-pin/tt_metal/hw/firmware/src/tt-1xx/trisc.cc,
0,1,1,TRISC_1,5116,6939696240080,0,0,,,TRISC-FW,ZONE_START,150,/localdev/ijankowski/tt-metal-pin/tt_metal/hw/firmware/src/tt-1xx/trisc.cc,
0,1,1,TRISC_1,49825,6939696240280,0,0,,,TRISC-KERNEL,ZONE_START,89,/localdev/ijankowski/tt-metal-pin/tt_metal/hw/firmware/src/tt-1xx/trisck.cc,
0,1,1,TRISC_1,25968,6939696240425,0,0,,,BW_SYN_TANH_FACTORED,ZONE_START,17,/home/ijankowski/tmp/numerical-backward-synthesis/tt/kernels/compute/tanh_bw_scale_separated.cpp,
0,1,1,TRISC_1,25968,6939696297971,0,0,,,BW_SYN_TANH_FACTORED,ZONE_END,17,/home/ijankowski/tmp/numerical-backward-synthesis/tt/kernels/compute/tanh_bw_scale_separated.cpp,
0,1,1,TRISC_1,49825,6939696297995,0,0,,,TRISC-KERNEL,ZONE_END,89,/localdev/ijankowski/tt-metal-pin/tt_metal/hw/firmware/src/tt-1xx/trisck.cc,
0,1,1,TRISC_1,5116,6939696298039,0,0,,,TRISC-FW,ZONE_END,150,/localdev/ijankowski/tt-metal-pin/tt_metal/hw/firmware/src/tt-1xx/trisc.cc,
0,1,1,TRISC_1,5116,6939713303337,0,0,,,TRISC-FW,ZONE_START,150,/localdev/ijankowski/tt-metal-pin/tt_metal/hw/firmware/src/tt-1xx/trisc.cc,
0,1,1,TRISC_1,49825,6939713303526,0,0,,,TRISC-KERNEL,ZONE_START,89,/localdev/ijankowski/tt-metal-pin/tt_metal/hw/firmware/src/tt-1xx/trisck.cc,
0,1,1,TRISC_1,53833,6939713303659,0,0,,,BW_SYN_TANH_MATERIALIZED,ZONE_START,16,/home/ijankowski/tmp/numerical-backward-synthesis/tt/kernels/compute/tanh_bw_baseline.cpp,
0,1,1,TRISC_1,53833,6939713345741,0,0,,,BW_SYN_TANH_MATERIALIZED,ZONE_END,16,/home/ijankowski/tmp/numerical-backward-synthesis/tt/kernels/compute/tanh_bw_baseline.cpp,
0,1,1,TRISC_1,49825,6939713345765,0,0,,,TRISC-KERNEL,ZONE_END,89,/localdev/ijankowski/tt-metal-pin/tt_metal/hw/firmware/src/tt-1xx/trisck.cc,
0,1,1,TRISC_1,5116,6939713345805,0,0,,,TRISC-FW,ZONE_END,150,/localdev/ijankowski/tt-metal-pin/tt_metal/hw/firmware/src/tt-1xx/trisc.cc,
0,1,1,TRISC_1,5116,6939730059562,0,0,,,TRISC-FW,ZONE_START,150,/localdev/ijankowski/tt-metal-pin/tt_metal/hw/firmware/src/tt-1xx/trisc.cc,
0,1,1,TRISC_1,49825,6939730059767,0,0,,,TRISC-KERNEL,ZONE_START,89,/localdev/ijankowski/tt-metal-pin/tt_metal/hw/firmware/src/tt-1xx/trisck.cc,
0,1,1,TRISC_1,25968,6939730059909,0,0,,,BW_SYN_TANH_FACTORED,ZONE_START,17,/home/ijankowski/tmp/numerical-backward-synthesis/tt/kernels/compute/tanh_bw_scale_separated.cpp,
0,1,1,TRISC_1,25968,6939730117362,0,0,,,BW_SYN_TANH_FACTORED,ZONE_END,17,/home/ijankowski/tmp/numerical-backward-synthesis/tt/kernels/compute/tanh_bw_scale_separated.cpp,
0,1,1,TRISC_1,49825,6939730117386,0,0,,,TRISC-KERNEL,ZONE_END,89,/localdev/ijankowski/tt-metal-pin/tt_metal/hw/firmware/src/tt-1xx/trisck.cc,
0,1,1,TRISC_1,5116,6939730117429,0,0,,,TRISC-FW,ZONE_END,150,/localdev/ijankowski/tt-metal-pin/tt_metal/hw/firmware/src/tt-1xx/trisc.cc,
0,1,1,TRISC_1,5116,6939747308192,0,0,,,TRISC-FW,ZONE_START,150,/localdev/ijankowski/tt-metal-pin/tt_metal/hw/firmware/src/tt-1xx/trisc.cc,
0,1,1,TRISC_1,49825,6939747308391,0,0,,,TRISC-KERNEL,ZONE_START,89,/localdev/ijankowski/tt-metal-pin/tt_metal/hw/firmware/src/tt-1xx/trisck.cc,
0,1,1,TRISC_1,53833,6939747308523,0,0,,,BW_SYN_TANH_MATERIALIZED,ZONE_START,16,/home/ijankowski/tmp/numerical-backward-synthesis/tt/kernels/compute/tanh_bw_baseline.cpp,
0,1,1,TRISC_1,53833,6939747350571,0,0,,,BW_SYN_TANH_MATERIALIZED,ZONE_END,16,/home/ijankowski/tmp/numerical-backward-synthesis/tt/kernels/compute/tanh_bw_baseline.cpp,
0,1,1,TRISC_1,49825,6939747350595,0,0,,,TRISC-KERNEL,ZONE_END,89,/localdev/ijankowski/tt-metal-pin/tt_metal/hw/firmware/src/tt-1xx/trisck.cc,
0,1,1,TRISC_1,5116,6939747350635,0,0,,,TRISC-FW,ZONE_END,150,/localdev/ijankowski/tt-metal-pin/tt_metal/hw/firmware/src/tt-1xx/trisc.cc,
0,1,1,TRISC_1,5116,6939764042533,0,0,,,TRISC-FW,ZONE_START,150,/localdev/ijankowski/tt-metal-pin/tt_metal/hw/firmware/src/tt-1xx/trisc.cc,
0,1,1,TRISC_1,49825,6939764042739,0,0,,,TRISC-KERNEL,ZONE_START,89,/localdev/ijankowski/tt-metal-pin/tt_metal/hw/firmware/src/tt-1xx/trisck.cc,
0,1,1,TRISC_1,25968,6939764042887,0,0,,,BW_SYN_TANH_FACTORED,ZONE_START,17,/home/ijankowski/tmp/numerical-backward-synthesis/tt/kernels/compute/tanh_bw_scale_separated.cpp,
0,1,1,TRISC_1,25968,6939764100420,0,0,,,BW_SYN_TANH_FACTORED,ZONE_END,17,/home/ijankowski/tmp/numerical-backward-synthesis/tt/kernels/compute/tanh_bw_scale_separated.cpp,
0,1,1,TRISC_1,49825,6939764100445,0,0,,,TRISC-KERNEL,ZONE_END,89,/localdev/ijankowski/tt-metal-pin/tt_metal/hw/firmware/src/tt-1xx/trisck.cc,
0,1,1,TRISC_1,5116,6939764100488,0,0,,,TRISC-FW,ZONE_END,150,/localdev/ijankowski/tt-metal-pin/tt_metal/hw/firmware/src/tt-1xx/trisc.cc,
0,1,1,TRISC_1,5116,6939780790644,0,0,,,TRISC-FW,ZONE_START,150,/localdev/ijankowski/tt-metal-pin/tt_metal/hw/firmware/src/tt-1xx/trisc.cc,
0,1,1,TRISC_1,49825,6939780790843,0,0,,,TRISC-KERNEL,ZONE_START,89,/localdev/ijankowski/tt-metal-pin/tt_metal/hw/firmware/src/tt-1xx/trisck.cc,
0,1,1,TRISC_1,53833,6939780790975,0,0,,,BW_SYN_TANH_MATERIALIZED,ZONE_START,16,/home/ijankowski/tmp/numerical-backward-synthesis/tt/kernels/compute/tanh_bw_baseline.cpp,
0,1,1,TRISC_1,53833,6939780833006,0,0,,,BW_SYN_TANH_MATERIALIZED,ZONE_END,16,/home/ijankowski/tmp/numerical-backward-synthesis/tt/kernels/compute/tanh_bw_baseline.cpp,
0,1,1,TRISC_1,49825,6939780833030,0,0,,,TRISC-KERNEL,ZONE_END,89,/localdev/ijankowski/tt-metal-pin/tt_metal/hw/firmware/src/tt-1xx/trisck.cc,
0,1,1,TRISC_1,5116,6939780833070,0,0,,,TRISC-FW,ZONE_END,150,/localdev/ijankowski/tt-metal-pin/tt_metal/hw/firmware/src/tt-1xx/trisc.cc,
0,1,1,TRISC_1,5116,6939797922549,0,0,,,TRISC-FW,ZONE_START,150,/localdev/ijankowski/tt-metal-pin/tt_metal/hw/firmware/src/tt-1xx/trisc.cc,
0,1,1,TRISC_1,49825,6939797922751,0,0,,,TRISC-KERNEL,ZONE_START,89,/localdev/ijankowski/tt-metal-pin/tt_metal/hw/firmware/src/tt-1xx/trisck.cc,
0,1,1,TRISC_1,25968,6939797922897,0,0,,,BW_SYN_TANH_FACTORED,ZONE_START,17,/home/ijankowski/tmp/numerical-backward-synthesis/tt/kernels/compute/tanh_bw_scale_separated.cpp,
0,1,1,TRISC_1,25968,6939797980517,0,0,,,BW_SYN_TANH_FACTORED,ZONE_END,17,/home/ijankowski/tmp/numerical-backward-synthesis/tt/kernels/compute/tanh_bw_scale_separated.cpp,
0,1,1,TRISC_1,49825,6939797980541,0,0,,,TRISC-KERNEL,ZONE_END,89,/localdev/ijankowski/tt-metal-pin/tt_metal/hw/firmware/src/tt-1xx/trisck.cc,
0,1,1,TRISC_1,5116,6939797980584,0,0,,,TRISC-FW,ZONE_END,150,/localdev/ijankowski/tt-metal-pin/tt_metal/hw/firmware/src/tt-1xx/trisc.cc,
0,1,1,TRISC_1,5116,6939814761665,0,0,,,TRISC-FW,ZONE_START,150,/localdev/ijankowski/tt-metal-pin/tt_metal/hw/firmware/src/tt-1xx/trisc.cc,
0,1,1,TRISC_1,49825,6939814761864,0,0,,,TRISC-KERNEL,ZONE_START,89,/localdev/ijankowski/tt-metal-pin/tt_metal/hw/firmware/src/tt-1xx/trisck.cc,
0,1,1,TRISC_1,53833,6939814761997,0,0,,,BW_SYN_TANH_MATERIALIZED,ZONE_START,16,/home/ijankowski/tmp/numerical-backward-synthesis/tt/kernels/compute/tanh_bw_baseline.cpp,
0,1,1,TRISC_1,53833,6939814804063,0,0,,,BW_SYN_TANH_MATERIALIZED,ZONE_END,16,/home/ijankowski/tmp/numerical-backward-synthesis/tt/kernels/compute/tanh_bw_baseline.cpp,
0,1,1,TRISC_1,49825,6939814804087,0,0,,,TRISC-KERNEL,ZONE_END,89,/localdev/ijankowski/tt-metal-pin/tt_metal/hw/firmware/src/tt-1xx/trisck.cc,
0,1,1,TRISC_1,5116,6939814804127,0,0,,,TRISC-FW,ZONE_END,150,/localdev/ijankowski/tt-metal-pin/tt_metal/hw/firmware/src/tt-1xx/trisc.cc,
0,1,1,TRISC_1,5116,6939831588485,0,0,,,TRISC-FW,ZONE_START,150,/localdev/ijankowski/tt-metal-pin/tt_metal/hw/firmware/src/tt-1xx/trisc.cc,
0,1,1,TRISC_1,49825,6939831588685,0,0,,,TRISC-KERNEL,ZONE_START,89,/localdev/ijankowski/tt-metal-pin/tt_metal/hw/firmware/src/tt-1xx/trisck.cc,
0,1,1,TRISC_1,25968,6939831588827,0,0,,,BW_SYN_TANH_FACTORED,ZONE_START,17,/home/ijankowski/tmp/numerical-backward-synthesis/tt/kernels/compute/tanh_bw_scale_separated.cpp,
0,1,1,TRISC_1,25968,6939831646245,0,0,,,BW_SYN_TANH_FACTORED,ZONE_END,17,/home/ijankowski/tmp/numerical-backward-synthesis/tt/kernels/compute/tanh_bw_scale_separated.cpp,
0,1,1,TRISC_1,49825,6939831646269,0,0,,,TRISC-KERNEL,ZONE_END,89,/localdev/ijankowski/tt-metal-pin/tt_metal/hw/firmware/src/tt-1xx/trisck.cc,
0,1,1,TRISC_1,5116,6939831646312,0,0,,,TRISC-FW,ZONE_END,150,/localdev/ijankowski/tt-metal-pin/tt_metal/hw/firmware/src/tt-1xx/trisc.cc,
0,1,1,TRISC_1,5116,6939848583671,0,0,,,TRISC-FW,ZONE_START,150,/localdev/ijankowski/tt-metal-pin/tt_metal/hw/firmware/src/tt-1xx/trisc.cc,
0,1,1,TRISC_1,49825,6939848583869,0,0,,,TRISC-KERNEL,ZONE_START,89,/localdev/ijankowski/tt-metal-pin/tt_metal/hw/firmware/src/tt-1xx/trisck.cc,
0,1,1,TRISC_1,53833,6939848583999,0,0,,,BW_SYN_TANH_MATERIALIZED,ZONE_START,16,/home/ijankowski/tmp/numerical-backward-synthesis/tt/kernels/compute/tanh_bw_baseline.cpp,
0,1,1,TRISC_1,53833,6939848626077,0,0,,,BW_SYN_TANH_MATERIALIZED,ZONE_END,16,/home/ijankowski/tmp/numerical-backward-synthesis/tt/kernels/compute/tanh_bw_baseline.cpp,
0,1,1,TRISC_1,49825,6939848626101,0,0,,,TRISC-KERNEL,ZONE_END,89,/localdev/ijankowski/tt-metal-pin/tt_metal/hw/firmware/src/tt-1xx/trisck.cc,
0,1,1,TRISC_1,5116,6939848626141,0,0,,,TRISC-FW,ZONE_END,150,/localdev/ijankowski/tt-metal-pin/tt_metal/hw/firmware/src/tt-1xx/trisc.cc,
0,1,1,TRISC_1,5116,6939865371794,0,0,,,TRISC-FW,ZONE_START,150,/localdev/ijankowski/tt-metal-pin/tt_metal/hw/firmware/src/tt-1xx/trisc.cc,
0,1,1,TRISC_1,49825,6939865372000,0,0,,,TRISC-KERNEL,ZONE_START,89,/localdev/ijankowski/tt-metal-pin/tt_metal/hw/firmware/src/tt-1xx/trisck.cc,
0,1,1,TRISC_1,25968,6939865372146,0,0,,,BW_SYN_TANH_FACTORED,ZONE_START,17,/home/ijankowski/tmp/numerical-backward-synthesis/tt/kernels/compute/tanh_bw_scale_separated.cpp,
0,1,1,TRISC_1,25968,6939865429753,0,0,,,BW_SYN_TANH_FACTORED,ZONE_END,17,/home/ijankowski/tmp/numerical-backward-synthesis/tt/kernels/compute/tanh_bw_scale_separated.cpp,
0,1,1,TRISC_1,49825,6939865429778,0,0,,,TRISC-KERNEL,ZONE_END,89,/localdev/ijankowski/tt-metal-pin/tt_metal/hw/firmware/src/tt-1xx/trisck.cc,
0,1,1,TRISC_1,5116,6939865429823,0,0,,,TRISC-FW,ZONE_END,150,/localdev/ijankowski/tt-metal-pin/tt_metal/hw/firmware/src/tt-1xx/trisc.cc,
0,1,1,TRISC_1,5116,6939882204429,0,0,,,TRISC-FW,ZONE_START,150,/localdev/ijankowski/tt-metal-pin/tt_metal/hw/firmware/src/tt-1xx/trisc.cc,
0,1,1,TRISC_1,49825,6939882204630,0,0,,,TRISC-KERNEL,ZONE_START,89,/localdev/ijankowski/tt-metal-pin/tt_metal/hw/firmware/src/tt-1xx/trisck.cc,
0,1,1,TRISC_1,53833,6939882204764,0,0,,,BW_SYN_TANH_MATERIALIZED,ZONE_START,16,/home/ijankowski/tmp/numerical-backward-synthesis/tt/kernels/compute/tanh_bw_baseline.cpp,
0,1,1,TRISC_1,53833,6939882246789,0,0,,,BW_SYN_TANH_MATERIALIZED,ZONE_END,16,/home/ijankowski/tmp/numerical-backward-synthesis/tt/kernels/compute/tanh_bw_baseline.cpp,
0,1,1,TRISC_1,49825,6939882246813,0,0,,,TRISC-KERNEL,ZONE_END,89,/localdev/ijankowski/tt-metal-pin/tt_metal/hw/firmware/src/tt-1xx/trisck.cc,
0,1,1,TRISC_1,5116,6939882246853,0,0,,,TRISC-FW,ZONE_END,150,/localdev/ijankowski/tt-metal-pin/tt_metal/hw/firmware/src/tt-1xx/trisc.cc,
0,1,1,TRISC_1,5116,6939899106233,0,0,,,TRISC-FW,ZONE_START,150,/localdev/ijankowski/tt-metal-pin/tt_metal/hw/firmware/src/tt-1xx/trisc.cc,
0,1,1,TRISC_1,49825,6939899106438,0,0,,,TRISC-KERNEL,ZONE_START,89,/localdev/ijankowski/tt-metal-pin/tt_metal/hw/firmware/src/tt-1xx/trisck.cc,
0,1,1,TRISC_1,25968,6939899106581,0,0,,,BW_SYN_TANH_FACTORED,ZONE_START,17,/home/ijankowski/tmp/numerical-backward-synthesis/tt/kernels/compute/tanh_bw_scale_separated.cpp,
0,1,1,TRISC_1,25968,6939899164091,0,0,,,BW_SYN_TANH_FACTORED,ZONE_END,17,/home/ijankowski/tmp/numerical-backward-synthesis/tt/kernels/compute/tanh_bw_scale_separated.cpp,
0,1,1,TRISC_1,49825,6939899164116,0,0,,,TRISC-KERNEL,ZONE_END,89,/localdev/ijankowski/tt-metal-pin/tt_metal/hw/firmware/src/tt-1xx/trisck.cc,
0,1,1,TRISC_1,5116,6939899164161,0,0,,,TRISC-FW,ZONE_END,150,/localdev/ijankowski/tt-metal-pin/tt_metal/hw/firmware/src/tt-1xx/trisc.cc,
0,1,1,TRISC_1,5116,6939915986292,0,0,,,TRISC-FW,ZONE_START,150,/localdev/ijankowski/tt-metal-pin/tt_metal/hw/firmware/src/tt-1xx/trisc.cc,
0,1,1,TRISC_1,49825,6939915986481,0,0,,,TRISC-KERNEL,ZONE_START,89,/localdev/ijankowski/tt-metal-pin/tt_metal/hw/firmware/src/tt-1xx/trisck.cc,
0,1,1,TRISC_1,53833,6939915986613,0,0,,,BW_SYN_TANH_MATERIALIZED,ZONE_START,16,/home/ijankowski/tmp/numerical-backward-synthesis/tt/kernels/compute/tanh_bw_baseline.cpp,
0,1,1,TRISC_1,53833,6939916028679,0,0,,,BW_SYN_TANH_MATERIALIZED,ZONE_END,16,/home/ijankowski/tmp/numerical-backward-synthesis/tt/kernels/compute/tanh_bw_baseline.cpp,
0,1,1,TRISC_1,49825,6939916028703,0,0,,,TRISC-KERNEL,ZONE_END,89,/localdev/ijankowski/tt-metal-pin/tt_metal/hw/firmware/src/tt-1xx/trisck.cc,
0,1,1,TRISC_1,5116,6939916028743,0,0,,,TRISC-FW,ZONE_END,150,/localdev/ijankowski/tt-metal-pin/tt_metal/hw/firmware/src/tt-1xx/trisc.cc,
0,1,1,TRISC_1,5116,6939933771970,0,0,,,TRISC-FW,ZONE_START,150,/localdev/ijankowski/tt-metal-pin/tt_metal/hw/firmware/src/tt-1xx/trisc.cc,
0,1,1,TRISC_1,49825,6939933772172,0,0,,,TRISC-KERNEL,ZONE_START,89,/localdev/ijankowski/tt-metal-pin/tt_metal/hw/firmware/src/tt-1xx/trisck.cc,
0,1,1,TRISC_1,25968,6939933772315,0,0,,,BW_SYN_TANH_FACTORED,ZONE_START,17,/home/ijankowski/tmp/numerical-backward-synthesis/tt/kernels/compute/tanh_bw_scale_separated.cpp,
0,1,1,TRISC_1,25968,6939933829839,0,0,,,BW_SYN_TANH_FACTORED,ZONE_END,17,/home/ijankowski/tmp/numerical-backward-synthesis/tt/kernels/compute/tanh_bw_scale_separated.cpp,
0,1,1,TRISC_1,49825,6939933829863,0,0,,,TRISC-KERNEL,ZONE_END,89,/localdev/ijankowski/tt-metal-pin/tt_metal/hw/firmware/src/tt-1xx/trisck.cc,
0,1,1,TRISC_1,5116,6939933829906,0,0,,,TRISC-FW,ZONE_END,150,/localdev/ijankowski/tt-metal-pin/tt_metal/hw/firmware/src/tt-1xx/trisc.cc,
0,1,1,TRISC_1,5116,6939952206127,0,0,,,TRISC-FW,ZONE_START,150,/localdev/ijankowski/tt-metal-pin/tt_metal/hw/firmware/src/tt-1xx/trisc.cc,
0,1,1,TRISC_1,49825,6939952206322,0,0,,,TRISC-KERNEL,ZONE_START,89,/localdev/ijankowski/tt-metal-pin/tt_metal/hw/firmware/src/tt-1xx/trisck.cc,
0,1,1,TRISC_1,53833,6939952206458,0,0,,,BW_SYN_TANH_MATERIALIZED,ZONE_START,16,/home/ijankowski/tmp/numerical-backward-synthesis/tt/kernels/compute/tanh_bw_baseline.cpp,
0,1,1,TRISC_1,53833,6939952248488,0,0,,,BW_SYN_TANH_MATERIALIZED,ZONE_END,16,/home/ijankowski/tmp/numerical-backward-synthesis/tt/kernels/compute/tanh_bw_baseline.cpp,
0,1,1,TRISC_1,49825,6939952248512,0,0,,,TRISC-KERNEL,ZONE_END,89,/localdev/ijankowski/tt-metal-pin/tt_metal/hw/firmware/src/tt-1xx/trisck.cc,
0,1,1,TRISC_1,5116,6939952248552,0,0,,,TRISC-FW,ZONE_END,150,/localdev/ijankowski/tt-metal-pin/tt_metal/hw/firmware/src/tt-1xx/trisc.cc,
0,1,1,TRISC_1,5116,6939969016733,0,0,,,TRISC-FW,ZONE_START,150,/localdev/ijankowski/tt-metal-pin/tt_metal/hw/firmware/src/tt-1xx/trisc.cc,
0,1,1,TRISC_1,49825,6939969016934,0,0,,,TRISC-KERNEL,ZONE_START,89,/localdev/ijankowski/tt-metal-pin/tt_metal/hw/firmware/src/tt-1xx/trisck.cc,
0,1,1,TRISC_1,25968,6939969017076,0,0,,,BW_SYN_TANH_FACTORED,ZONE_START,17,/home/ijankowski/tmp/numerical-backward-synthesis/tt/kernels/compute/tanh_bw_scale_separated.cpp,
0,1,1,TRISC_1,25968,6939969074498,0,0,,,BW_SYN_TANH_FACTORED,ZONE_END,17,/home/ijankowski/tmp/numerical-backward-synthesis/tt/kernels/compute/tanh_bw_scale_separated.cpp,
0,1,1,TRISC_1,49825,6939969074522,0,0,,,TRISC-KERNEL,ZONE_END,89,/localdev/ijankowski/tt-metal-pin/tt_metal/hw/firmware/src/tt-1xx/trisck.cc,
0,1,1,TRISC_1,5116,6939969074566,0,0,,,TRISC-FW,ZONE_END,150,/localdev/ijankowski/tt-metal-pin/tt_metal/hw/firmware/src/tt-1xx/trisc.cc,
0,1,1,TRISC_1,5116,6939987682630,0,0,,,TRISC-FW,ZONE_START,150,/localdev/ijankowski/tt-metal-pin/tt_metal/hw/firmware/src/tt-1xx/trisc.cc,
0,1,1,TRISC_1,49825,6939987682826,0,0,,,TRISC-KERNEL,ZONE_START,89,/localdev/ijankowski/tt-metal-pin/tt_metal/hw/firmware/src/tt-1xx/trisck.cc,
0,1,1,TRISC_1,53833,6939987682959,0,0,,,BW_SYN_TANH_MATERIALIZED,ZONE_START,16,/home/ijankowski/tmp/numerical-backward-synthesis/tt/kernels/compute/tanh_bw_baseline.cpp,
0,1,1,TRISC_1,53833,6939987725033,0,0,,,BW_SYN_TANH_MATERIALIZED,ZONE_END,16,/home/ijankowski/tmp/numerical-backward-synthesis/tt/kernels/compute/tanh_bw_baseline.cpp,
0,1,1,TRISC_1,49825,6939987725057,0,0,,,TRISC-KERNEL,ZONE_END,89,/localdev/ijankowski/tt-metal-pin/tt_metal/hw/firmware/src/tt-1xx/trisck.cc,
0,1,1,TRISC_1,5116,6939987725097,0,0,,,TRISC-FW,ZONE_END,150,/localdev/ijankowski/tt-metal-pin/tt_metal/hw/firmware/src/tt-1xx/trisc.cc,
0,1,1,TRISC_1,5116,6940004447507,0,0,,,TRISC-FW,ZONE_START,150,/localdev/ijankowski/tt-metal-pin/tt_metal/hw/firmware/src/tt-1xx/trisc.cc,
0,1,1,TRISC_1,49825,6940004447715,0,0,,,TRISC-KERNEL,ZONE_START,89,/localdev/ijankowski/tt-metal-pin/tt_metal/hw/firmware/src/tt-1xx/trisck.cc,
0,1,1,TRISC_1,25968,6940004447857,0,0,,,BW_SYN_TANH_FACTORED,ZONE_START,17,/home/ijankowski/tmp/numerical-backward-synthesis/tt/kernels/compute/tanh_bw_scale_separated.cpp,
0,1,1,TRISC_1,25968,6940004505479,0,0,,,BW_SYN_TANH_FACTORED,ZONE_END,17,/home/ijankowski/tmp/numerical-backward-synthesis/tt/kernels/compute/tanh_bw_scale_separated.cpp,
0,1,1,TRISC_1,49825,6940004505503,0,0,,,TRISC-KERNEL,ZONE_END,89,/localdev/ijankowski/tt-metal-pin/tt_metal/hw/firmware/src/tt-1xx/trisck.cc,
0,1,1,TRISC_1,5116,6940004505548,0,0,,,TRISC-FW,ZONE_END,150,/localdev/ijankowski/tt-metal-pin/tt_metal/hw/firmware/src/tt-1xx/trisc.cc,
0,1,1,TRISC_1,5116,6940021407605,0,0,,,TRISC-FW,ZONE_START,150,/localdev/ijankowski/tt-metal-pin/tt_metal/hw/firmware/src/tt-1xx/trisc.cc,
0,1,1,TRISC_1,49825,6940021407801,0,0,,,TRISC-KERNEL,ZONE_START,89,/localdev/ijankowski/tt-metal-pin/tt_metal/hw/firmware/src/tt-1xx/trisck.cc,
0,1,1,TRISC_1,53833,6940021407933,0,0,,,BW_SYN_TANH_MATERIALIZED,ZONE_START,16,/home/ijankowski/tmp/numerical-backward-synthesis/tt/kernels/compute/tanh_bw_baseline.cpp,
0,1,1,TRISC_1,53833,6940021450029,0,0,,,BW_SYN_TANH_MATERIALIZED,ZONE_END,16,/home/ijankowski/tmp/numerical-backward-synthesis/tt/kernels/compute/tanh_bw_baseline.cpp,
0,1,1,TRISC_1,49825,6940021450053,0,0,,,TRISC-KERNEL,ZONE_END,89,/localdev/ijankowski/tt-metal-pin/tt_metal/hw/firmware/src/tt-1xx/trisck.cc,
0,1,1,TRISC_1,5116,6940021450093,0,0,,,TRISC-FW,ZONE_END,150,/localdev/ijankowski/tt-metal-pin/tt_metal/hw/firmware/src/tt-1xx/trisc.cc,
0,1,1,TRISC_1,5116,6940039759507,0,0,,,TRISC-FW,ZONE_START,150,/localdev/ijankowski/tt-metal-pin/tt_metal/hw/firmware/src/tt-1xx/trisc.cc,
0,1,1,TRISC_1,49825,6940039759701,0,0,,,TRISC-KERNEL,ZONE_START,89,/localdev/ijankowski/tt-metal-pin/tt_metal/hw/firmware/src/tt-1xx/trisck.cc,
0,1,1,TRISC_1,25968,6940039759848,0,0,,,BW_SYN_TANH_FACTORED,ZONE_START,17,/home/ijankowski/tmp/numerical-backward-synthesis/tt/kernels/compute/tanh_bw_scale_separated.cpp,
0,1,1,TRISC_1,25968,6940039817311,0,0,,,BW_SYN_TANH_FACTORED,ZONE_END,17,/home/ijankowski/tmp/numerical-backward-synthesis/tt/kernels/compute/tanh_bw_scale_separated.cpp,
0,1,1,TRISC_1,49825,6940039817335,0,0,,,TRISC-KERNEL,ZONE_END,89,/localdev/ijankowski/tt-metal-pin/tt_metal/hw/firmware/src/tt-1xx/trisck.cc,
0,1,1,TRISC_1,5116,6940039817379,0,0,,,TRISC-FW,ZONE_END,150,/localdev/ijankowski/tt-metal-pin/tt_metal/hw/firmware/src/tt-1xx/trisc.cc,
0,1,1,TRISC_1,5116,6940056783994,0,0,,,TRISC-FW,ZONE_START,150,/localdev/ijankowski/tt-metal-pin/tt_metal/hw/firmware/src/tt-1xx/trisc.cc,
0,1,1,TRISC_1,49825,6940056784184,0,0,,,TRISC-KERNEL,ZONE_START,89,/localdev/ijankowski/tt-metal-pin/tt_metal/hw/firmware/src/tt-1xx/trisck.cc,
0,1,1,TRISC_1,53833,6940056784316,0,0,,,BW_SYN_TANH_MATERIALIZED,ZONE_START,16,/home/ijankowski/tmp/numerical-backward-synthesis/tt/kernels/compute/tanh_bw_baseline.cpp,
0,1,1,TRISC_1,53833,6940056826362,0,0,,,BW_SYN_TANH_MATERIALIZED,ZONE_END,16,/home/ijankowski/tmp/numerical-backward-synthesis/tt/kernels/compute/tanh_bw_baseline.cpp,
0,1,1,TRISC_1,49825,6940056826386,0,0,,,TRISC-KERNEL,ZONE_END,89,/localdev/ijankowski/tt-metal-pin/tt_metal/hw/firmware/src/tt-1xx/trisck.cc,
0,1,1,TRISC_1,5116,6940056826426,0,0,,,TRISC-FW,ZONE_END,150,/localdev/ijankowski/tt-metal-pin/tt_metal/hw/firmware/src/tt-1xx/trisc.cc,
0,1,1,TRISC_1,5116,6940073549870,0,0,,,TRISC-FW,ZONE_START,150,/localdev/ijankowski/tt-metal-pin/tt_metal/hw/firmware/src/tt-1xx/trisc.cc,
0,1,1,TRISC_1,49825,6940073550076,0,0,,,TRISC-KERNEL,ZONE_START,89,/localdev/ijankowski/tt-metal-pin/tt_metal/hw/firmware/src/tt-1xx/trisck.cc,
0,1,1,TRISC_1,25968,6940073550219,0,0,,,BW_SYN_TANH_FACTORED,ZONE_START,17,/home/ijankowski/tmp/numerical-backward-synthesis/tt/kernels/compute/tanh_bw_scale_separated.cpp,
0,1,1,TRISC_1,25968,6940073607690,0,0,,,BW_SYN_TANH_FACTORED,ZONE_END,17,/home/ijankowski/tmp/numerical-backward-synthesis/tt/kernels/compute/tanh_bw_scale_separated.cpp,
0,1,1,TRISC_1,49825,6940073607715,0,0,,,TRISC-KERNEL,ZONE_END,89,/localdev/ijankowski/tt-metal-pin/tt_metal/hw/firmware/src/tt-1xx/trisck.cc,
0,1,1,TRISC_1,5116,6940073607757,0,0,,,TRISC-FW,ZONE_END,150,/localdev/ijankowski/tt-metal-pin/tt_metal/hw/firmware/src/tt-1xx/trisc.cc,
0,1,1,TRISC_1,5116,6940090546993,0,0,,,TRISC-FW,ZONE_START,150,/localdev/ijankowski/tt-metal-pin/tt_metal/hw/firmware/src/tt-1xx/trisc.cc,
0,1,1,TRISC_1,49825,6940090547189,0,0,,,TRISC-KERNEL,ZONE_START,89,/localdev/ijankowski/tt-metal-pin/tt_metal/hw/firmware/src/tt-1xx/trisck.cc,
0,1,1,TRISC_1,53833,6940090547323,0,0,,,BW_SYN_TANH_MATERIALIZED,ZONE_START,16,/home/ijankowski/tmp/numerical-backward-synthesis/tt/kernels/compute/tanh_bw_baseline.cpp,
0,1,1,TRISC_1,53833,6940090589390,0,0,,,BW_SYN_TANH_MATERIALIZED,ZONE_END,16,/home/ijankowski/tmp/numerical-backward-synthesis/tt/kernels/compute/tanh_bw_baseline.cpp,
0,1,1,TRISC_1,49825,6940090589415,0,0,,,TRISC-KERNEL,ZONE_END,89,/localdev/ijankowski/tt-metal-pin/tt_metal/hw/firmware/src/tt-1xx/trisck.cc,
0,1,1,TRISC_1,5116,6940090589455,0,0,,,TRISC-FW,ZONE_END,150,/localdev/ijankowski/tt-metal-pin/tt_metal/hw/firmware/src/tt-1xx/trisc.cc,
0,1,1,TRISC_1,5116,6940107548248,0,0,,,TRISC-FW,ZONE_START,150,/localdev/ijankowski/tt-metal-pin/tt_metal/hw/firmware/src/tt-1xx/trisc.cc,
0,1,1,TRISC_1,49825,6940107548448,0,0,,,TRISC-KERNEL,ZONE_START,89,/localdev/ijankowski/tt-metal-pin/tt_metal/hw/firmware/src/tt-1xx/trisck.cc,
0,1,1,TRISC_1,25968,6940107548589,0,0,,,BW_SYN_TANH_FACTORED,ZONE_START,17,/home/ijankowski/tmp/numerical-backward-synthesis/tt/kernels/compute/tanh_bw_scale_separated.cpp,
0,1,1,TRISC_1,25968,6940107606177,0,0,,,BW_SYN_TANH_FACTORED,ZONE_END,17,/home/ijankowski/tmp/numerical-backward-synthesis/tt/kernels/compute/tanh_bw_scale_separated.cpp,
0,1,1,TRISC_1,49825,6940107606201,0,0,,,TRISC-KERNEL,ZONE_END,89,/localdev/ijankowski/tt-metal-pin/tt_metal/hw/firmware/src/tt-1xx/trisck.cc,
0,1,1,TRISC_1,5116,6940107606246,0,0,,,TRISC-FW,ZONE_END,150,/localdev/ijankowski/tt-metal-pin/tt_metal/hw/firmware/src/tt-1xx/trisc.cc,
0,1,1,TRISC_1,5116,6940125591021,0,0,,,TRISC-FW,ZONE_START,150,/localdev/ijankowski/tt-metal-pin/tt_metal/hw/firmware/src/tt-1xx/trisc.cc,
0,1,1,TRISC_1,49825,6940125591217,0,0,,,TRISC-KERNEL,ZONE_START,89,/localdev/ijankowski/tt-metal-pin/tt_metal/hw/firmware/src/tt-1xx/trisck.cc,
0,1,1,TRISC_1,53833,6940125591349,0,0,,,BW_SYN_TANH_MATERIALIZED,ZONE_START,16,/home/ijankowski/tmp/numerical-backward-synthesis/tt/kernels/compute/tanh_bw_baseline.cpp,
0,1,1,TRISC_1,53833,6940125633443,0,0,,,BW_SYN_TANH_MATERIALIZED,ZONE_END,16,/home/ijankowski/tmp/numerical-backward-synthesis/tt/kernels/compute/tanh_bw_baseline.cpp,
0,1,1,TRISC_1,49825,6940125633467,0,0,,,TRISC-KERNEL,ZONE_END,89,/localdev/ijankowski/tt-metal-pin/tt_metal/hw/firmware/src/tt-1xx/trisck.cc,
0,1,1,TRISC_1,5116,6940125633507,0,0,,,TRISC-FW,ZONE_END,150,/localdev/ijankowski/tt-metal-pin/tt_metal/hw/firmware/src/tt-1xx/trisc.cc,
0,1,1,TRISC_1,5116,6940142633530,0,0,,,TRISC-FW,ZONE_START,150,/localdev/ijankowski/tt-metal-pin/tt_metal/hw/firmware/src/tt-1xx/trisc.cc,
0,1,1,TRISC_1,49825,6940142633732,0,0,,,TRISC-KERNEL,ZONE_START,89,/localdev/ijankowski/tt-metal-pin/tt_metal/hw/firmware/src/tt-1xx/trisck.cc,
0,1,1,TRISC_1,25968,6940142633875,0,0,,,BW_SYN_TANH_FACTORED,ZONE_START,17,/home/ijankowski/tmp/numerical-backward-synthesis/tt/kernels/compute/tanh_bw_scale_separated.cpp,
0,1,1,TRISC_1,25968,6940142691473,0,0,,,BW_SYN_TANH_FACTORED,ZONE_END,17,/home/ijankowski/tmp/numerical-backward-synthesis/tt/kernels/compute/tanh_bw_scale_separated.cpp,
0,1,1,TRISC_1,49825,6940142691497,0,0,,,TRISC-KERNEL,ZONE_END,89,/localdev/ijankowski/tt-metal-pin/tt_metal/hw/firmware/src/tt-1xx/trisck.cc,
0,1,1,TRISC_1,5116,6940142691540,0,0,,,TRISC-FW,ZONE_END,150,/localdev/ijankowski/tt-metal-pin/tt_metal/hw/firmware/src/tt-1xx/trisc.cc,
0,1,1,TRISC_1,5116,6940159832725,0,0,,,TRISC-FW,ZONE_START,150,/localdev/ijankowski/tt-metal-pin/tt_metal/hw/firmware/src/tt-1xx/trisc.cc,
0,1,1,TRISC_1,49825,6940159832924,0,0,,,TRISC-KERNEL,ZONE_START,89,/localdev/ijankowski/tt-metal-pin/tt_metal/hw/firmware/src/tt-1xx/trisck.cc,
0,1,1,TRISC_1,53833,6940159833058,0,0,,,BW_SYN_TANH_MATERIALIZED,ZONE_START,16,/home/ijankowski/tmp/numerical-backward-synthesis/tt/kernels/compute/tanh_bw_baseline.cpp,
0,1,1,TRISC_1,53833,6940159875225,0,0,,,BW_SYN_TANH_MATERIALIZED,ZONE_END,16,/home/ijankowski/tmp/numerical-backward-synthesis/tt/kernels/compute/tanh_bw_baseline.cpp,
0,1,1,TRISC_1,49825,6940159875249,0,0,,,TRISC-KERNEL,ZONE_END,89,/localdev/ijankowski/tt-metal-pin/tt_metal/hw/firmware/src/tt-1xx/trisck.cc,
0,1,1,TRISC_1,5116,6940159875289,0,0,,,TRISC-FW,ZONE_END,150,/localdev/ijankowski/tt-metal-pin/tt_metal/hw/firmware/src/tt-1xx/trisc.cc,
0,1,1,TRISC_1,5116,6940177006457,0,0,,,TRISC-FW,ZONE_START,150,/localdev/ijankowski/tt-metal-pin/tt_metal/hw/firmware/src/tt-1xx/trisc.cc,
0,1,1,TRISC_1,49825,6940177006663,0,0,,,TRISC-KERNEL,ZONE_START,89,/localdev/ijankowski/tt-metal-pin/tt_metal/hw/firmware/src/tt-1xx/trisck.cc,
0,1,1,TRISC_1,25968,6940177006809,0,0,,,BW_SYN_TANH_FACTORED,ZONE_START,17,/home/ijankowski/tmp/numerical-backward-synthesis/tt/kernels/compute/tanh_bw_scale_separated.cpp,
0,1,1,TRISC_1,25968,6940177064262,0,0,,,BW_SYN_TANH_FACTORED,ZONE_END,17,/home/ijankowski/tmp/numerical-backward-synthesis/tt/kernels/compute/tanh_bw_scale_separated.cpp,
0,1,1,TRISC_1,49825,6940177064286,0,0,,,TRISC-KERNEL,ZONE_END,89,/localdev/ijankowski/tt-metal-pin/tt_metal/hw/firmware/src/tt-1xx/trisck.cc,
0,1,1,TRISC_1,5116,6940177064331,0,0,,,TRISC-FW,ZONE_END,150,/localdev/ijankowski/tt-metal-pin/tt_metal/hw/firmware/src/tt-1xx/trisc.cc,
0,1,1,TRISC_1,5116,6940194158963,0,0,,,TRISC-FW,ZONE_START,150,/localdev/ijankowski/tt-metal-pin/tt_metal/hw/firmware/src/tt-1xx/trisc.cc,
0,1,1,TRISC_1,49825,6940194159158,0,0,,,TRISC-KERNEL,ZONE_START,89,/localdev/ijankowski/tt-metal-pin/tt_metal/hw/firmware/src/tt-1xx/trisck.cc,
0,1,1,TRISC_1,53833,6940194159291,0,0,,,BW_SYN_TANH_MATERIALIZED,ZONE_START,16,/home/ijankowski/tmp/numerical-backward-synthesis/tt/kernels/compute/tanh_bw_baseline.cpp,
0,1,1,TRISC_1,53833,6940194201363,0,0,,,BW_SYN_TANH_MATERIALIZED,ZONE_END,16,/home/ijankowski/tmp/numerical-backward-synthesis/tt/kernels/compute/tanh_bw_baseline.cpp,
0,1,1,TRISC_1,49825,6940194201387,0,0,,,TRISC-KERNEL,ZONE_END,89,/localdev/ijankowski/tt-metal-pin/tt_metal/hw/firmware/src/tt-1xx/trisck.cc,
0,1,1,TRISC_1,5116,6940194201427,0,0,,,TRISC-FW,ZONE_END,150,/localdev/ijankowski/tt-metal-pin/tt_metal/hw/firmware/src/tt-1xx/trisc.cc,
0,1,1,TRISC_1,5116,6940211309273,0,0,,,TRISC-FW,ZONE_START,150,/localdev/ijankowski/tt-metal-pin/tt_metal/hw/firmware/src/tt-1xx/trisc.cc,
0,1,1,TRISC_1,49825,6940211309479,0,0,,,TRISC-KERNEL,ZONE_START,89,/localdev/ijankowski/tt-metal-pin/tt_metal/hw/firmware/src/tt-1xx/trisck.cc,
0,1,1,TRISC_1,25968,6940211309627,0,0,,,BW_SYN_TANH_FACTORED,ZONE_START,17,/home/ijankowski/tmp/numerical-backward-synthesis/tt/kernels/compute/tanh_bw_scale_separated.cpp,
0,1,1,TRISC_1,25968,6940211367044,0,0,,,BW_SYN_TANH_FACTORED,ZONE_END,17,/home/ijankowski/tmp/numerical-backward-synthesis/tt/kernels/compute/tanh_bw_scale_separated.cpp,
0,1,1,TRISC_1,49825,6940211367068,0,0,,,TRISC-KERNEL,ZONE_END,89,/localdev/ijankowski/tt-metal-pin/tt_metal/hw/firmware/src/tt-1xx/trisck.cc,
0,1,1,TRISC_1,5116,6940211367112,0,0,,,TRISC-FW,ZONE_END,150,/localdev/ijankowski/tt-metal-pin/tt_metal/hw/firmware/src/tt-1xx/trisc.cc,
0,1,1,TRISC_1,5116,6940230013020,0,0,,,TRISC-FW,ZONE_START,150,/localdev/ijankowski/tt-metal-pin/tt_metal/hw/firmware/src/tt-1xx/trisc.cc,
0,1,1,TRISC_1,49825,6940230013209,0,0,,,TRISC-KERNEL,ZONE_START,89,/localdev/ijankowski/tt-metal-pin/tt_metal/hw/firmware/src/tt-1xx/trisck.cc,
0,1,1,TRISC_1,53833,6940230013341,0,0,,,BW_SYN_TANH_MATERIALIZED,ZONE_START,16,/home/ijankowski/tmp/numerical-backward-synthesis/tt/kernels/compute/tanh_bw_baseline.cpp,
0,1,1,TRISC_1,53833,6940230055407,0,0,,,BW_SYN_TANH_MATERIALIZED,ZONE_END,16,/home/ijankowski/tmp/numerical-backward-synthesis/tt/kernels/compute/tanh_bw_baseline.cpp,
0,1,1,TRISC_1,49825,6940230055431,0,0,,,TRISC-KERNEL,ZONE_END,89,/localdev/ijankowski/tt-metal-pin/tt_metal/hw/firmware/src/tt-1xx/trisck.cc,
0,1,1,TRISC_1,5116,6940230055471,0,0,,,TRISC-FW,ZONE_END,150,/localdev/ijankowski/tt-metal-pin/tt_metal/hw/firmware/src/tt-1xx/trisc.cc,
0,1,1,TRISC_1,5116,6940246932208,0,0,,,TRISC-FW,ZONE_START,150,/localdev/ijankowski/tt-metal-pin/tt_metal/hw/firmware/src/tt-1xx/trisc.cc,
0,1,1,TRISC_1,49825,6940246932415,0,0,,,TRISC-KERNEL,ZONE_START,89,/localdev/ijankowski/tt-metal-pin/tt_metal/hw/firmware/src/tt-1xx/trisck.cc,
0,1,1,TRISC_1,25968,6940246932561,0,0,,,BW_SYN_TANH_FACTORED,ZONE_START,17,/home/ijankowski/tmp/numerical-backward-synthesis/tt/kernels/compute/tanh_bw_scale_separated.cpp,
0,1,1,TRISC_1,25968,6940246990046,0,0,,,BW_SYN_TANH_FACTORED,ZONE_END,17,/home/ijankowski/tmp/numerical-backward-synthesis/tt/kernels/compute/tanh_bw_scale_separated.cpp,
0,1,1,TRISC_1,49825,6940246990070,0,0,,,TRISC-KERNEL,ZONE_END,89,/localdev/ijankowski/tt-metal-pin/tt_metal/hw/firmware/src/tt-1xx/trisck.cc,
0,1,1,TRISC_1,5116,6940246990114,0,0,,,TRISC-FW,ZONE_END,150,/localdev/ijankowski/tt-metal-pin/tt_metal/hw/firmware/src/tt-1xx/trisc.cc,
0,1,1,TRISC_1,5116,6940265368367,0,0,,,TRISC-FW,ZONE_START,150,/localdev/ijankowski/tt-metal-pin/tt_metal/hw/firmware/src/tt-1xx/trisc.cc,
0,1,1,TRISC_1,49825,6940265368562,0,0,,,TRISC-KERNEL,ZONE_START,89,/localdev/ijankowski/tt-metal-pin/tt_metal/hw/firmware/src/tt-1xx/trisck.cc,
0,1,1,TRISC_1,53833,6940265368698,0,0,,,BW_SYN_TANH_MATERIALIZED,ZONE_START,16,/home/ijankowski/tmp/numerical-backward-synthesis/tt/kernels/compute/tanh_bw_baseline.cpp,
0,1,1,TRISC_1,53833,6940265410733,0,0,,,BW_SYN_TANH_MATERIALIZED,ZONE_END,16,/home/ijankowski/tmp/numerical-backward-synthesis/tt/kernels/compute/tanh_bw_baseline.cpp,
0,1,1,TRISC_1,49825,6940265410757,0,0,,,TRISC-KERNEL,ZONE_END,89,/localdev/ijankowski/tt-metal-pin/tt_metal/hw/firmware/src/tt-1xx/trisck.cc,
0,1,1,TRISC_1,5116,6940265410797,0,0,,,TRISC-FW,ZONE_END,150,/localdev/ijankowski/tt-metal-pin/tt_metal/hw/firmware/src/tt-1xx/trisc.cc,
0,1,1,TRISC_1,5116,6940282184988,0,0,,,TRISC-FW,ZONE_START,150,/localdev/ijankowski/tt-metal-pin/tt_metal/hw/firmware/src/tt-1xx/trisc.cc,
0,1,1,TRISC_1,49825,6940282185196,0,0,,,TRISC-KERNEL,ZONE_START,89,/localdev/ijankowski/tt-metal-pin/tt_metal/hw/firmware/src/tt-1xx/trisck.cc,
0,1,1,TRISC_1,25968,6940282185338,0,0,,,BW_SYN_TANH_FACTORED,ZONE_START,17,/home/ijankowski/tmp/numerical-backward-synthesis/tt/kernels/compute/tanh_bw_scale_separated.cpp,
0,1,1,TRISC_1,25968,6940282242908,0,0,,,BW_SYN_TANH_FACTORED,ZONE_END,17,/home/ijankowski/tmp/numerical-backward-synthesis/tt/kernels/compute/tanh_bw_scale_separated.cpp,
0,1,1,TRISC_1,49825,6940282242932,0,0,,,TRISC-KERNEL,ZONE_END,89,/localdev/ijankowski/tt-metal-pin/tt_metal/hw/firmware/src/tt-1xx/trisck.cc,
0,1,1,TRISC_1,5116,6940282242976,0,0,,,TRISC-FW,ZONE_END,150,/localdev/ijankowski/tt-metal-pin/tt_metal/hw/firmware/src/tt-1xx/trisc.cc,
0,1,1,TRISC_1,5116,6940302545287,0,0,,,TRISC-FW,ZONE_START,150,/localdev/ijankowski/tt-metal-pin/tt_metal/hw/firmware/src/tt-1xx/trisc.cc,
0,1,1,TRISC_1,49825,6940302545476,0,0,,,TRISC-KERNEL,ZONE_START,89,/localdev/ijankowski/tt-metal-pin/tt_metal/hw/firmware/src/tt-1xx/trisck.cc,
0,1,1,TRISC_1,53833,6940302545610,0,0,,,BW_SYN_TANH_MATERIALIZED,ZONE_START,16,/home/ijankowski/tmp/numerical-backward-synthesis/tt/kernels/compute/tanh_bw_baseline.cpp,
0,1,1,TRISC_1,53833,6940302587682,0,0,,,BW_SYN_TANH_MATERIALIZED,ZONE_END,16,/home/ijankowski/tmp/numerical-backward-synthesis/tt/kernels/compute/tanh_bw_baseline.cpp,
0,1,1,TRISC_1,49825,6940302587706,0,0,,,TRISC-KERNEL,ZONE_END,89,/localdev/ijankowski/tt-metal-pin/tt_metal/hw/firmware/src/tt-1xx/trisck.cc,
0,1,1,TRISC_1,5116,6940302587746,0,0,,,TRISC-FW,ZONE_END,150,/localdev/ijankowski/tt-metal-pin/tt_metal/hw/firmware/src/tt-1xx/trisc.cc,
0,1,1,TRISC_1,5116,6940319651970,0,0,,,TRISC-FW,ZONE_START,150,/localdev/ijankowski/tt-metal-pin/tt_metal/hw/firmware/src/tt-1xx/trisc.cc,
0,1,1,TRISC_1,49825,6940319652161,0,0,,,TRISC-KERNEL,ZONE_START,89,/localdev/ijankowski/tt-metal-pin/tt_metal/hw/firmware/src/tt-1xx/trisck.cc,
0,1,1,TRISC_1,25968,6940319652304,0,0,,,BW_SYN_TANH_FACTORED,ZONE_START,17,/home/ijankowski/tmp/numerical-backward-synthesis/tt/kernels/compute/tanh_bw_scale_separated.cpp,
0,1,1,TRISC_1,25968,6940319709676,0,0,,,BW_SYN_TANH_FACTORED,ZONE_END,17,/home/ijankowski/tmp/numerical-backward-synthesis/tt/kernels/compute/tanh_bw_scale_separated.cpp,
0,1,1,TRISC_1,49825,6940319709700,0,0,,,TRISC-KERNEL,ZONE_END,89,/localdev/ijankowski/tt-metal-pin/tt_metal/hw/firmware/src/tt-1xx/trisck.cc,
0,1,1,TRISC_1,5116,6940319709744,0,0,,,TRISC-FW,ZONE_END,150,/localdev/ijankowski/tt-metal-pin/tt_metal/hw/firmware/src/tt-1xx/trisc.cc,
0,1,1,TRISC_1,5116,6940336761579,0,0,,,TRISC-FW,ZONE_START,150,/localdev/ijankowski/tt-metal-pin/tt_metal/hw/firmware/src/tt-1xx/trisc.cc,
0,1,1,TRISC_1,49825,6940336761777,0,0,,,TRISC-KERNEL,ZONE_START,89,/localdev/ijankowski/tt-metal-pin/tt_metal/hw/firmware/src/tt-1xx/trisck.cc,
0,1,1,TRISC_1,53833,6940336761909,0,0,,,BW_SYN_TANH_MATERIALIZED,ZONE_START,16,/home/ijankowski/tmp/numerical-backward-synthesis/tt/kernels/compute/tanh_bw_baseline.cpp,
0,1,1,TRISC_1,53833,6940336804011,0,0,,,BW_SYN_TANH_MATERIALIZED,ZONE_END,16,/home/ijankowski/tmp/numerical-backward-synthesis/tt/kernels/compute/tanh_bw_baseline.cpp,
0,1,1,TRISC_1,49825,6940336804035,0,0,,,TRISC-KERNEL,ZONE_END,89,/localdev/ijankowski/tt-metal-pin/tt_metal/hw/firmware/src/tt-1xx/trisck.cc,
0,1,1,TRISC_1,5116,6940336804075,0,0,,,TRISC-FW,ZONE_END,150,/localdev/ijankowski/tt-metal-pin/tt_metal/hw/firmware/src/tt-1xx/trisc.cc,
0,1,1,TRISC_1,5116,6940353745519,0,0,,,TRISC-FW,ZONE_START,150,/localdev/ijankowski/tt-metal-pin/tt_metal/hw/firmware/src/tt-1xx/trisc.cc,
0,1,1,TRISC_1,49825,6940353745724,0,0,,,TRISC-KERNEL,ZONE_START,89,/localdev/ijankowski/tt-metal-pin/tt_metal/hw/firmware/src/tt-1xx/trisck.cc,
0,1,1,TRISC_1,25968,6940353745869,0,0,,,BW_SYN_TANH_FACTORED,ZONE_START,17,/home/ijankowski/tmp/numerical-backward-synthesis/tt/kernels/compute/tanh_bw_scale_separated.cpp,
0,1,1,TRISC_1,25968,6940353803284,0,0,,,BW_SYN_TANH_FACTORED,ZONE_END,17,/home/ijankowski/tmp/numerical-backward-synthesis/tt/kernels/compute/tanh_bw_scale_separated.cpp,
0,1,1,TRISC_1,49825,6940353803308,0,0,,,TRISC-KERNEL,ZONE_END,89,/localdev/ijankowski/tt-metal-pin/tt_metal/hw/firmware/src/tt-1xx/trisck.cc,
0,1,1,TRISC_1,5116,6940353803352,0,0,,,TRISC-FW,ZONE_END,150,/localdev/ijankowski/tt-metal-pin/tt_metal/hw/firmware/src/tt-1xx/trisc.cc,
0,1,1,TRISC_1,5116,6940370439927,0,0,,,TRISC-FW,ZONE_START,150,/localdev/ijankowski/tt-metal-pin/tt_metal/hw/firmware/src/tt-1xx/trisc.cc,
0,1,1,TRISC_1,49825,6940370440131,0,0,,,TRISC-KERNEL,ZONE_START,89,/localdev/ijankowski/tt-metal-pin/tt_metal/hw/firmware/src/tt-1xx/trisck.cc,
0,1,1,TRISC_1,53833,6940370440264,0,0,,,BW_SYN_TANH_MATERIALIZED,ZONE_START,16,/home/ijankowski/tmp/numerical-backward-synthesis/tt/kernels/compute/tanh_bw_baseline.cpp,
0,1,1,TRISC_1,53833,6940370482294,0,0,,,BW_SYN_TANH_MATERIALIZED,ZONE_END,16,/home/ijankowski/tmp/numerical-backward-synthesis/tt/kernels/compute/tanh_bw_baseline.cpp,
0,1,1,TRISC_1,49825,6940370482318,0,0,,,TRISC-KERNEL,ZONE_END,89,/localdev/ijankowski/tt-metal-pin/tt_metal/hw/firmware/src/tt-1xx/trisck.cc,
0,1,1,TRISC_1,5116,6940370482358,0,0,,,TRISC-FW,ZONE_END,150,/localdev/ijankowski/tt-metal-pin/tt_metal/hw/firmware/src/tt-1xx/trisc.cc,
0,1,1,TRISC_2,5116,6939470378365,0,0,,,TRISC-FW,ZONE_START,150,/localdev/ijankowski/tt-metal-pin/tt_metal/hw/firmware/src/tt-1xx/trisc.cc,
0,1,1,TRISC_2,49825,6939470378813,0,0,,,TRISC-KERNEL,ZONE_START,89,/localdev/ijankowski/tt-metal-pin/tt_metal/hw/firmware/src/tt-1xx/trisck.cc,
0,1,1,TRISC_2,25968,6939470379069,0,0,,,BW_SYN_TANH_FACTORED,ZONE_START,17,/home/ijankowski/tmp/numerical-backward-synthesis/tt/kernels/compute/tanh_bw_scale_separated.cpp,
0,1,1,TRISC_2,25968,6939470431187,0,0,,,BW_SYN_TANH_FACTORED,ZONE_END,17,/home/ijankowski/tmp/numerical-backward-synthesis/tt/kernels/compute/tanh_bw_scale_separated.cpp,
0,1,1,TRISC_2,49825,6939470431209,0,0,,,TRISC-KERNEL,ZONE_END,89,/localdev/ijankowski/tt-metal-pin/tt_metal/hw/firmware/src/tt-1xx/trisck.cc,
0,1,1,TRISC_2,5116,6939470436238,0,0,,,TRISC-FW,ZONE_END,150,/localdev/ijankowski/tt-metal-pin/tt_metal/hw/firmware/src/tt-1xx/trisc.cc,
0,1,1,TRISC_2,5116,6939499568184,0,0,,,TRISC-FW,ZONE_START,150,/localdev/ijankowski/tt-metal-pin/tt_metal/hw/firmware/src/tt-1xx/trisc.cc,
0,1,1,TRISC_2,49825,6939499568626,0,0,,,TRISC-KERNEL,ZONE_START,89,/localdev/ijankowski/tt-metal-pin/tt_metal/hw/firmware/src/tt-1xx/trisck.cc,
0,1,1,TRISC_2,53833,6939499568873,0,0,,,BW_SYN_TANH_MATERIALIZED,ZONE_START,16,/home/ijankowski/tmp/numerical-backward-synthesis/tt/kernels/compute/tanh_bw_baseline.cpp,
0,1,1,TRISC_2,53833,6939499610068,0,0,,,BW_SYN_TANH_MATERIALIZED,ZONE_END,16,/home/ijankowski/tmp/numerical-backward-synthesis/tt/kernels/compute/tanh_bw_baseline.cpp,
0,1,1,TRISC_2,49825,6939499610093,0,0,,,TRISC-KERNEL,ZONE_END,89,/localdev/ijankowski/tt-metal-pin/tt_metal/hw/firmware/src/tt-1xx/trisck.cc,
0,1,1,TRISC_2,5116,6939499610709,0,0,,,TRISC-FW,ZONE_END,150,/localdev/ijankowski/tt-metal-pin/tt_metal/hw/firmware/src/tt-1xx/trisc.cc,
0,1,1,TRISC_2,5116,6939516797830,0,0,,,TRISC-FW,ZONE_START,150,/localdev/ijankowski/tt-metal-pin/tt_metal/hw/firmware/src/tt-1xx/trisc.cc,
0,1,1,TRISC_2,49825,6939516798276,0,0,,,TRISC-KERNEL,ZONE_START,89,/localdev/ijankowski/tt-metal-pin/tt_metal/hw/firmware/src/tt-1xx/trisck.cc,
0,1,1,TRISC_2,25968,6939516798532,0,0,,,BW_SYN_TANH_FACTORED,ZONE_START,17,/home/ijankowski/tmp/numerical-backward-synthesis/tt/kernels/compute/tanh_bw_scale_separated.cpp,
0,1,1,TRISC_2,25968,6939516850717,0,0,,,BW_SYN_TANH_FACTORED,ZONE_END,17,/home/ijankowski/tmp/numerical-backward-synthesis/tt/kernels/compute/tanh_bw_scale_separated.cpp,
0,1,1,TRISC_2,49825,6939516850739,0,0,,,TRISC-KERNEL,ZONE_END,89,/localdev/ijankowski/tt-metal-pin/tt_metal/hw/firmware/src/tt-1xx/trisck.cc,
0,1,1,TRISC_2,5116,6939516855767,0,0,,,TRISC-FW,ZONE_END,150,/localdev/ijankowski/tt-metal-pin/tt_metal/hw/firmware/src/tt-1xx/trisc.cc,
0,1,1,TRISC_2,5116,6939533837615,0,0,,,TRISC-FW,ZONE_START,150,/localdev/ijankowski/tt-metal-pin/tt_metal/hw/firmware/src/tt-1xx/trisc.cc,
0,1,1,TRISC_2,49825,6939533838077,0,0,,,TRISC-KERNEL,ZONE_START,89,/localdev/ijankowski/tt-metal-pin/tt_metal/hw/firmware/src/tt-1xx/trisck.cc,
0,1,1,TRISC_2,53833,6939533838328,0,0,,,BW_SYN_TANH_MATERIALIZED,ZONE_START,16,/home/ijankowski/tmp/numerical-backward-synthesis/tt/kernels/compute/tanh_bw_baseline.cpp,
0,1,1,TRISC_2,53833,6939533879537,0,0,,,BW_SYN_TANH_MATERIALIZED,ZONE_END,16,/home/ijankowski/tmp/numerical-backward-synthesis/tt/kernels/compute/tanh_bw_baseline.cpp,
0,1,1,TRISC_2,49825,6939533879559,0,0,,,TRISC-KERNEL,ZONE_END,89,/localdev/ijankowski/tt-metal-pin/tt_metal/hw/firmware/src/tt-1xx/trisck.cc,
0,1,1,TRISC_2,5116,6939533880169,0,0,,,TRISC-FW,ZONE_END,150,/localdev/ijankowski/tt-metal-pin/tt_metal/hw/firmware/src/tt-1xx/trisc.cc,
0,1,1,TRISC_2,5116,6939550662686,0,0,,,TRISC-FW,ZONE_START,150,/localdev/ijankowski/tt-metal-pin/tt_metal/hw/firmware/src/tt-1xx/trisc.cc,
0,1,1,TRISC_2,49825,6939550663125,0,0,,,TRISC-KERNEL,ZONE_START,89,/localdev/ijankowski/tt-metal-pin/tt_metal/hw/firmware/src/tt-1xx/trisck.cc,
0,1,1,TRISC_2,25968,6939550663381,0,0,,,BW_SYN_TANH_FACTORED,ZONE_START,17,/home/ijankowski/tmp/numerical-backward-synthesis/tt/kernels/compute/tanh_bw_scale_separated.cpp,
0,1,1,TRISC_2,25968,6939550715628,0,0,,,BW_SYN_TANH_FACTORED,ZONE_END,17,/home/ijankowski/tmp/numerical-backward-synthesis/tt/kernels/compute/tanh_bw_scale_separated.cpp,
0,1,1,TRISC_2,49825,6939550715650,0,0,,,TRISC-KERNEL,ZONE_END,89,/localdev/ijankowski/tt-metal-pin/tt_metal/hw/firmware/src/tt-1xx/trisck.cc,
0,1,1,TRISC_2,5116,6939550720683,0,0,,,TRISC-FW,ZONE_END,150,/localdev/ijankowski/tt-metal-pin/tt_metal/hw/firmware/src/tt-1xx/trisc.cc,
0,1,1,TRISC_2,5116,6939567815252,0,0,,,TRISC-FW,ZONE_START,150,/localdev/ijankowski/tt-metal-pin/tt_metal/hw/firmware/src/tt-1xx/trisc.cc,
0,1,1,TRISC_2,49825,6939567815701,0,0,,,TRISC-KERNEL,ZONE_START,89,/localdev/ijankowski/tt-metal-pin/tt_metal/hw/firmware/src/tt-1xx/trisck.cc,
0,1,1,TRISC_2,53833,6939567815955,0,0,,,BW_SYN_TANH_MATERIALIZED,ZONE_START,16,/home/ijankowski/tmp/numerical-backward-synthesis/tt/kernels/compute/tanh_bw_baseline.cpp,
0,1,1,TRISC_2,53833,6939567857214,0,0,,,BW_SYN_TANH_MATERIALIZED,ZONE_END,16,/home/ijankowski/tmp/numerical-backward-synthesis/tt/kernels/compute/tanh_bw_baseline.cpp,
0,1,1,TRISC_2,49825,6939567857236,0,0,,,TRISC-KERNEL,ZONE_END,89,/localdev/ijankowski/tt-metal-pin/tt_metal/hw/firmware/src/tt-1xx/trisck.cc,
0,1,1,TRISC_2,5116,6939567857848,0,0,,,TRISC-FW,ZONE_END,150,/localdev/ijankowski/tt-metal-pin/tt_metal/hw/firmware/src/tt-1xx/trisc.cc,
0,1,1,TRISC_2,5116,6939584589324,0,0,,,TRISC-FW,ZONE_START,150,/localdev/ijankowski/tt-metal-pin/tt_metal/hw/firmware/src/tt-1xx/trisc.cc,
0,1,1,TRISC_2,49825,6939584589765,0,0,,,TRISC-KERNEL,ZONE_START,89,/localdev/ijankowski/tt-metal-pin/tt_metal/hw/firmware/src/tt-1xx/trisck.cc,
0,1,1,TRISC_2,25968,6939584590021,0,0,,,BW_SYN_TANH_FACTORED,ZONE_START,17,/home/ijankowski/tmp/numerical-backward-synthesis/tt/kernels/compute/tanh_bw_scale_separated.cpp,
0,1,1,TRISC_2,25968,6939584642377,0,0,,,BW_SYN_TANH_FACTORED,ZONE_END,17,/home/ijankowski/tmp/numerical-backward-synthesis/tt/kernels/compute/tanh_bw_scale_separated.cpp,
0,1,1,TRISC_2,49825,6939584642399,0,0,,,TRISC-KERNEL,ZONE_END,89,/localdev/ijankowski/tt-metal-pin/tt_metal/hw/firmware/src/tt-1xx/trisck.cc,
0,1,1,TRISC_2,5116,6939584647414,0,0,,,TRISC-FW,ZONE_END,150,/localdev/ijankowski/tt-metal-pin/tt_metal/hw/firmware/src/tt-1xx/trisc.cc,
0,1,1,TRISC_2,5116,6939601787433,0,0,,,TRISC-FW,ZONE_START,150,/localdev/ijankowski/tt-metal-pin/tt_metal/hw/firmware/src/tt-1xx/trisc.cc,
0,1,1,TRISC_2,49825,6939601787886,0,0,,,TRISC-KERNEL,ZONE_START,89,/localdev/ijankowski/tt-metal-pin/tt_metal/hw/firmware/src/tt-1xx/trisck.cc,
0,1,1,TRISC_2,53833,6939601788135,0,0,,,BW_SYN_TANH_MATERIALIZED,ZONE_START,16,/home/ijankowski/tmp/numerical-backward-synthesis/tt/kernels/compute/tanh_bw_baseline.cpp,
0,1,1,TRISC_2,53833,6939601829356,0,0,,,BW_SYN_TANH_MATERIALIZED,ZONE_END,16,/home/ijankowski/tmp/numerical-backward-synthesis/tt/kernels/compute/tanh_bw_baseline.cpp,
0,1,1,TRISC_2,49825,6939601829379,0,0,,,TRISC-KERNEL,ZONE_END,89,/localdev/ijankowski/tt-metal-pin/tt_metal/hw/firmware/src/tt-1xx/trisck.cc,
0,1,1,TRISC_2,5116,6939601830005,0,0,,,TRISC-FW,ZONE_END,150,/localdev/ijankowski/tt-metal-pin/tt_metal/hw/firmware/src/tt-1xx/trisc.cc,
0,1,1,TRISC_2,5116,6939621393587,0,0,,,TRISC-FW,ZONE_START,150,/localdev/ijankowski/tt-metal-pin/tt_metal/hw/firmware/src/tt-1xx/trisc.cc,
0,1,1,TRISC_2,49825,6939621394029,0,0,,,TRISC-KERNEL,ZONE_START,89,/localdev/ijankowski/tt-metal-pin/tt_metal/hw/firmware/src/tt-1xx/trisck.cc,
0,1,1,TRISC_2,25968,6939621394281,0,0,,,BW_SYN_TANH_FACTORED,ZONE_START,17,/home/ijankowski/tmp/numerical-backward-synthesis/tt/kernels/compute/tanh_bw_scale_separated.cpp,
0,1,1,TRISC_2,25968,6939621446443,0,0,,,BW_SYN_TANH_FACTORED,ZONE_END,17,/home/ijankowski/tmp/numerical-backward-synthesis/tt/kernels/compute/tanh_bw_scale_separated.cpp,
0,1,1,TRISC_2,49825,6939621446465,0,0,,,TRISC-KERNEL,ZONE_END,89,/localdev/ijankowski/tt-metal-pin/tt_metal/hw/firmware/src/tt-1xx/trisck.cc,
0,1,1,TRISC_2,5116,6939621451478,0,0,,,TRISC-FW,ZONE_END,150,/localdev/ijankowski/tt-metal-pin/tt_metal/hw/firmware/src/tt-1xx/trisc.cc,
0,1,1,TRISC_2,5116,6939640104993,0,0,,,TRISC-FW,ZONE_START,150,/localdev/ijankowski/tt-metal-pin/tt_metal/hw/firmware/src/tt-1xx/trisc.cc,
0,1,1,TRISC_2,49825,6939640105439,0,0,,,TRISC-KERNEL,ZONE_START,89,/localdev/ijankowski/tt-metal-pin/tt_metal/hw/firmware/src/tt-1xx/trisck.cc,
0,1,1,TRISC_2,53833,6939640105696,0,0,,,BW_SYN_TANH_MATERIALIZED,ZONE_START,16,/home/ijankowski/tmp/numerical-backward-synthesis/tt/kernels/compute/tanh_bw_baseline.cpp,
0,1,1,TRISC_2,53833,6939640146893,0,0,,,BW_SYN_TANH_MATERIALIZED,ZONE_END,16,/home/ijankowski/tmp/numerical-backward-synthesis/tt/kernels/compute/tanh_bw_baseline.cpp,
0,1,1,TRISC_2,49825,6939640146915,0,0,,,TRISC-KERNEL,ZONE_END,89,/localdev/ijankowski/tt-metal-pin/tt_metal/hw/firmware/src/tt-1xx/trisck.cc,
0,1,1,TRISC_2,5116,6939640147524,0,0,,,TRISC-FW,ZONE_END,150,/localdev/ijankowski/tt-metal-pin/tt_metal/hw/firmware/src/tt-1xx/trisc.cc,
0,1,1,TRISC_2,5116,6939658597061,0,0,,,TRISC-FW,ZONE_START,150,/localdev/ijankowski/tt-metal-pin/tt_metal/hw/firmware/src/tt-1xx/trisc.cc,
0,1,1,TRISC_2,49825,6939658597510,0,0,,,TRISC-KERNEL,ZONE_START,89,/localdev/ijankowski/tt-metal-pin/tt_metal/hw/firmware/src/tt-1xx/trisck.cc,
0,1,1,TRISC_2,25968,6939658597763,0,0,,,BW_SYN_TANH_FACTORED,ZONE_START,17,/home/ijankowski/tmp/numerical-backward-synthesis/tt/kernels/compute/tanh_bw_scale_separated.cpp,
0,1,1,TRISC_2,25968,6939658649859,0,0,,,BW_SYN_TANH_FACTORED,ZONE_END,17,/home/ijankowski/tmp/numerical-backward-synthesis/tt/kernels/compute/tanh_bw_scale_separated.cpp,
0,1,1,TRISC_2,49825,6939658649881,0,0,,,TRISC-KERNEL,ZONE_END,89,/localdev/ijankowski/tt-metal-pin/tt_metal/hw/firmware/src/tt-1xx/trisck.cc,
0,1,1,TRISC_2,5116,6939658654907,0,0,,,TRISC-FW,ZONE_END,150,/localdev/ijankowski/tt-metal-pin/tt_metal/hw/firmware/src/tt-1xx/trisc.cc,
0,1,1,TRISC_2,5116,6939675774957,0,0,,,TRISC-FW,ZONE_START,150,/localdev/ijankowski/tt-metal-pin/tt_metal/hw/firmware/src/tt-1xx/trisc.cc,
0,1,1,TRISC_2,49825,6939675775400,0,0,,,TRISC-KERNEL,ZONE_START,89,/localdev/ijankowski/tt-metal-pin/tt_metal/hw/firmware/src/tt-1xx/trisck.cc,
0,1,1,TRISC_2,53833,6939675775654,0,0,,,BW_SYN_TANH_MATERIALIZED,ZONE_START,16,/home/ijankowski/tmp/numerical-backward-synthesis/tt/kernels/compute/tanh_bw_baseline.cpp,
0,1,1,TRISC_2,53833,6939675816835,0,0,,,BW_SYN_TANH_MATERIALIZED,ZONE_END,16,/home/ijankowski/tmp/numerical-backward-synthesis/tt/kernels/compute/tanh_bw_baseline.cpp,
0,1,1,TRISC_2,49825,6939675816857,0,0,,,TRISC-KERNEL,ZONE_END,89,/localdev/ijankowski/tt-metal-pin/tt_metal/hw/firmware/src/tt-1xx/trisck.cc,
0,1,1,TRISC_2,5116,6939675817478,0,0,,,TRISC-FW,ZONE_END,150,/localdev/ijankowski/tt-metal-pin/tt_metal/hw/firmware/src/tt-1xx/trisc.cc,
0,1,1,TRISC_2,5116,6939696240095,0,0,,,TRISC-FW,ZONE_START,150,/localdev/ijankowski/tt-metal-pin/tt_metal/hw/firmware/src/tt-1xx/trisc.cc,
0,1,1,TRISC_2,49825,6939696240542,0,0,,,TRISC-KERNEL,ZONE_START,89,/localdev/ijankowski/tt-metal-pin/tt_metal/hw/firmware/src/tt-1xx/trisck.cc,
0,1,1,TRISC_2,25968,6939696240797,0,0,,,BW_SYN_TANH_FACTORED,ZONE_START,17,/home/ijankowski/tmp/numerical-backward-synthesis/tt/kernels/compute/tanh_bw_scale_separated.cpp,
0,1,1,TRISC_2,25968,6939696293045,0,0,,,BW_SYN_TANH_FACTORED,ZONE_END,17,/home/ijankowski/tmp/numerical-backward-synthesis/tt/kernels/compute/tanh_bw_scale_separated.cpp,
0,1,1,TRISC_2,49825,6939696293067,0,0,,,TRISC-KERNEL,ZONE_END,89,/localdev/ijankowski/tt-metal-pin/tt_metal/hw/firmware/src/tt-1xx/trisck.cc,
0,1,1,TRISC_2,5116,6939696298086,0,0,,,TRISC-FW,ZONE_END,150,/localdev/ijankowski/tt-metal-pin/tt_metal/hw/firmware/src/tt-1xx/trisc.cc,
0,1,1,TRISC_2,5116,6939713303336,0,0,,,TRISC-FW,ZONE_START,150,/localdev/ijankowski/tt-metal-pin/tt_metal/hw/firmware/src/tt-1xx/trisc.cc,
0,1,1,TRISC_2,49825,6939713303786,0,0,,,TRISC-KERNEL,ZONE_START,89,/localdev/ijankowski/tt-metal-pin/tt_metal/hw/firmware/src/tt-1xx/trisck.cc,
0,1,1,TRISC_2,53833,6939713304040,0,0,,,BW_SYN_TANH_MATERIALIZED,ZONE_START,16,/home/ijankowski/tmp/numerical-backward-synthesis/tt/kernels/compute/tanh_bw_baseline.cpp,
0,1,1,TRISC_2,53833,6939713345239,0,0,,,BW_SYN_TANH_MATERIALIZED,ZONE_END,16,/home/ijankowski/tmp/numerical-backward-synthesis/tt/kernels/compute/tanh_bw_baseline.cpp,
0,1,1,TRISC_2,49825,6939713345262,0,0,,,TRISC-KERNEL,ZONE_END,89,/localdev/ijankowski/tt-metal-pin/tt_metal/hw/firmware/src/tt-1xx/trisck.cc,
0,1,1,TRISC_2,5116,6939713345886,0,0,,,TRISC-FW,ZONE_END,150,/localdev/ijankowski/tt-metal-pin/tt_metal/hw/firmware/src/tt-1xx/trisc.cc,
0,1,1,TRISC_2,5116,6939730059563,0,0,,,TRISC-FW,ZONE_START,150,/localdev/ijankowski/tt-metal-pin/tt_metal/hw/firmware/src/tt-1xx/trisc.cc,
0,1,1,TRISC_2,49825,6939730059999,0,0,,,TRISC-KERNEL,ZONE_START,89,/localdev/ijankowski/tt-metal-pin/tt_metal/hw/firmware/src/tt-1xx/trisck.cc,
0,1,1,TRISC_2,25968,6939730060251,0,0,,,BW_SYN_TANH_FACTORED,ZONE_START,17,/home/ijankowski/tmp/numerical-backward-synthesis/tt/kernels/compute/tanh_bw_scale_separated.cpp,
0,1,1,TRISC_2,25968,6939730112447,0,0,,,BW_SYN_TANH_FACTORED,ZONE_END,17,/home/ijankowski/tmp/numerical-backward-synthesis/tt/kernels/compute/tanh_bw_scale_separated.cpp,
0,1,1,TRISC_2,49825,6939730112469,0,0,,,TRISC-KERNEL,ZONE_END,89,/localdev/ijankowski/tt-metal-pin/tt_metal/hw/firmware/src/tt-1xx/trisck.cc,
0,1,1,TRISC_2,5116,6939730117484,0,0,,,TRISC-FW,ZONE_END,150,/localdev/ijankowski/tt-metal-pin/tt_metal/hw/firmware/src/tt-1xx/trisc.cc,
0,1,1,TRISC_2,5116,6939747308197,0,0,,,TRISC-FW,ZONE_START,150,/localdev/ijankowski/tt-metal-pin/tt_metal/hw/firmware/src/tt-1xx/trisc.cc,
0,1,1,TRISC_2,49825,6939747308637,0,0,,,TRISC-KERNEL,ZONE_START,89,/localdev/ijankowski/tt-metal-pin/tt_metal/hw/firmware/src/tt-1xx/trisck.cc,
0,1,1,TRISC_2,53833,6939747308890,0,0,,,BW_SYN_TANH_MATERIALIZED,ZONE_START,16,/home/ijankowski/tmp/numerical-backward-synthesis/tt/kernels/compute/tanh_bw_baseline.cpp,
0,1,1,TRISC_2,53833,6939747350069,0,0,,,BW_SYN_TANH_MATERIALIZED,ZONE_END,16,/home/ijankowski/tmp/numerical-backward-synthesis/tt/kernels/compute/tanh_bw_baseline.cpp,
0,1,1,TRISC_2,49825,6939747350092,0,0,,,TRISC-KERNEL,ZONE_END,89,/localdev/ijankowski/tt-metal-pin/tt_metal/hw/firmware/src/tt-1xx/trisck.cc,
0,1,1,TRISC_2,5116,6939747350715,0,0,,,TRISC-FW,ZONE_END,150,/localdev/ijankowski/tt-metal-pin/tt_metal/hw/firmware/src/tt-1xx/trisc.cc,
0,1,1,TRISC_2,5116,6939764042538,0,0,,,TRISC-FW,ZONE_START,150,/localdev/ijankowski/tt-metal-pin/tt_metal/hw/firmware/src/tt-1xx/trisc.cc,
0,1,1,TRISC_2,49825,6939764042988,0,0,,,TRISC-KERNEL,ZONE_START,89,/localdev/ijankowski/tt-metal-pin/tt_metal/hw/firmware/src/tt-1xx/trisck.cc,
0,1,1,TRISC_2,25968,6939764043238,0,0,,,BW_SYN_TANH_FACTORED,ZONE_START,17,/home/ijankowski/tmp/numerical-backward-synthesis/tt/kernels/compute/tanh_bw_scale_separated.cpp,
0,1,1,TRISC_2,25968,6939764095497,0,0,,,BW_SYN_TANH_FACTORED,ZONE_END,17,/home/ijankowski/tmp/numerical-backward-synthesis/tt/kernels/compute/tanh_bw_scale_separated.cpp,
0,1,1,TRISC_2,49825,6939764095519,0,0,,,TRISC-KERNEL,ZONE_END,89,/localdev/ijankowski/tt-metal-pin/tt_metal/hw/firmware/src/tt-1xx/trisck.cc,
0,1,1,TRISC_2,5116,6939764100545,0,0,,,TRISC-FW,ZONE_END,150,/localdev/ijankowski/tt-metal-pin/tt_metal/hw/firmware/src/tt-1xx/trisc.cc,
0,1,1,TRISC_2,5116,6939780790649,0,0,,,TRISC-FW,ZONE_START,150,/localdev/ijankowski/tt-metal-pin/tt_metal/hw/firmware/src/tt-1xx/trisc.cc,
0,1,1,TRISC_2,49825,6939780791099,0,0,,,TRISC-KERNEL,ZONE_START,89,/localdev/ijankowski/tt-metal-pin/tt_metal/hw/firmware/src/tt-1xx/trisck.cc,
0,1,1,TRISC_2,53833,6939780791357,0,0,,,BW_SYN_TANH_MATERIALIZED,ZONE_START,16,/home/ijankowski/tmp/numerical-backward-synthesis/tt/kernels/compute/tanh_bw_baseline.cpp,
0,1,1,TRISC_2,53833,6939780832509,0,0,,,BW_SYN_TANH_MATERIALIZED,ZONE_END,16,/home/ijankowski/tmp/numerical-backward-synthesis/tt/kernels/compute/tanh_bw_baseline.cpp,
0,1,1,TRISC_2,49825,6939780832532,0,0,,,TRISC-KERNEL,ZONE_END,89,/localdev/ijankowski/tt-metal-pin/tt_metal/hw/firmware/src/tt-1xx/trisck.cc,
0,1,1,TRISC_2,5116,6939780833146,0,0,,,TRISC-FW,ZONE_END,150,/localdev/ijankowski/tt-metal-pin/tt_metal/hw/firmware/src/tt-1xx/trisc.cc,
0,1,1,TRISC_2,5116,6939797922544,0,0,,,TRISC-FW,ZONE_START,150,/localdev/ijankowski/tt-metal-pin/tt_metal/hw/firmware/src/tt-1xx/trisc.cc,
0,1,1,TRISC_2,49825,6939797922993,0,0,,,TRISC-KERNEL,ZONE_START,89,/localdev/ijankowski/tt-metal-pin/tt_metal/hw/firmware/src/tt-1xx/trisck.cc,
0,1,1,TRISC_2,25968,6939797923243,0,0,,,BW_SYN_TANH_FACTORED,ZONE_START,17,/home/ijankowski/tmp/numerical-backward-synthesis/tt/kernels/compute/tanh_bw_scale_separated.cpp,
0,1,1,TRISC_2,25968,6939797975602,0,0,,,BW_SYN_TANH_FACTORED,ZONE_END,17,/home/ijankowski/tmp/numerical-backward-synthesis/tt/kernels/compute/tanh_bw_scale_separated.cpp,
0,1,1,TRISC_2,49825,6939797975624,0,0,,,TRISC-KERNEL,ZONE_END,89,/localdev/ijankowski/tt-metal-pin/tt_metal/hw/firmware/src/tt-1xx/trisck.cc,
0,1,1,TRISC_2,5116,6939797980641,0,0,,,TRISC-FW,ZONE_END,150,/localdev/ijankowski/tt-metal-pin/tt_metal/hw/firmware/src/tt-1xx/trisc.cc,
0,1,1,TRISC_2,5116,6939814761670,0,0,,,TRISC-FW,ZONE_START,150,/localdev/ijankowski/tt-metal-pin/tt_metal/hw/firmware/src/tt-1xx/trisc.cc,
0,1,1,TRISC_2,49825,6939814762113,0,0,,,TRISC-KERNEL,ZONE_START,89,/localdev/ijankowski/tt-metal-pin/tt_metal/hw/firmware/src/tt-1xx/trisck.cc,
0,1,1,TRISC_2,53833,6939814762367,0,0,,,BW_SYN_TANH_MATERIALIZED,ZONE_START,16,/home/ijankowski/tmp/numerical-backward-synthesis/tt/kernels/compute/tanh_bw_baseline.cpp,
0,1,1,TRISC_2,53833,6939814803559,0,0,,,BW_SYN_TANH_MATERIALIZED,ZONE_END,16,/home/ijankowski/tmp/numerical-backward-synthesis/tt/kernels/compute/tanh_bw_baseline.cpp,
0,1,1,TRISC_2,49825,6939814803582,0,0,,,TRISC-KERNEL,ZONE_END,89,/localdev/ijankowski/tt-metal-pin/tt_metal/hw/firmware/src/tt-1xx/trisck.cc,
0,1,1,TRISC_2,5116,6939814804203,0,0,,,TRISC-FW,ZONE_END,150,/localdev/ijankowski/tt-metal-pin/tt_metal/hw/firmware/src/tt-1xx/trisc.cc,
0,1,1,TRISC_2,5116,6939831588500,0,0,,,TRISC-FW,ZONE_START,150,/localdev/ijankowski/tt-metal-pin/tt_metal/hw/firmware/src/tt-1xx/trisc.cc,
0,1,1,TRISC_2,49825,6939831588942,0,0,,,TRISC-KERNEL,ZONE_START,89,/localdev/ijankowski/tt-metal-pin/tt_metal/hw/firmware/src/tt-1xx/trisck.cc,
0,1,1,TRISC_2,25968,6939831589194,0,0,,,BW_SYN_TANH_FACTORED,ZONE_START,17,/home/ijankowski/tmp/numerical-backward-synthesis/tt/kernels/compute/tanh_bw_scale_separated.cpp,
0,1,1,TRISC_2,25968,6939831641320,0,0,,,BW_SYN_TANH_FACTORED,ZONE_END,17,/home/ijankowski/tmp/numerical-backward-synthesis/tt/kernels/compute/tanh_bw_scale_separated.cpp,
0,1,1,TRISC_2,49825,6939831641342,0,0,,,TRISC-KERNEL,ZONE_END,89,/localdev/ijankowski/tt-metal-pin/tt_metal/hw/firmware/src/tt-1xx/trisck.cc,
0,1,1,TRISC_2,5116,6939831646367,0,0,,,TRISC-FW,ZONE_END,150,/localdev/ijankowski/tt-metal-pin/tt_metal/hw/firmware/src/tt-1xx/trisc.cc,
0,1,1,TRISC_2,5116,6939848583676,0,0,,,TRISC-FW,ZONE_START,150,/localdev/ijankowski/tt-metal-pin/tt_metal/hw/firmware/src/tt-1xx/trisc.cc,
0,1,1,TRISC_2,49825,6939848584125,0,0,,,TRISC-KERNEL,ZONE_START,89,/localdev/ijankowski/tt-metal-pin/tt_metal/hw/firmware/src/tt-1xx/trisck.cc,
0,1,1,TRISC_2,53833,6939848584383,0,0,,,BW_SYN_TANH_MATERIALIZED,ZONE_START,16,/home/ijankowski/tmp/numerical-backward-synthesis/tt/kernels/compute/tanh_bw_baseline.cpp,
0,1,1,TRISC_2,53833,6939848625576,0,0,,,BW_SYN_TANH_MATERIALIZED,ZONE_END,16,/home/ijankowski/tmp/numerical-backward-synthesis/tt/kernels/compute/tanh_bw_baseline.cpp,
0,1,1,TRISC_2,49825,6939848625599,0,0,,,TRISC-KERNEL,ZONE_END,89,/localdev/ijankowski/tt-metal-pin/tt_metal/hw/firmware/src/tt-1xx/trisck.cc,
0,1,1,TRISC_2,5116,6939848626217,0,0,,,TRISC-FW,ZONE_END,150,/localdev/ijankowski/tt-metal-pin/tt_metal/hw/firmware/src/tt-1xx/trisc.cc,
0,1,1,TRISC_2,5116,6939865371799,0,0,,,TRISC-FW,ZONE_START,150,/localdev/ijankowski/tt-metal-pin/tt_metal/hw/firmware/src/tt-1xx/trisc.cc,
0,1,1,TRISC_2,49825,6939865372246,0,0,,,TRISC-KERNEL,ZONE_START,89,/localdev/ijankowski/tt-metal-pin/tt_metal/hw/firmware/src/tt-1xx/trisck.cc,
0,1,1,TRISC_2,25968,6939865372500,0,0,,,BW_SYN_TANH_FACTORED,ZONE_START,17,/home/ijankowski/tmp/numerical-backward-synthesis/tt/kernels/compute/tanh_bw_scale_separated.cpp,
0,1,1,TRISC_2,25968,6939865424831,0,0,,,BW_SYN_TANH_FACTORED,ZONE_END,17,/home/ijankowski/tmp/numerical-backward-synthesis/tt/kernels/compute/tanh_bw_scale_separated.cpp,
0,1,1,TRISC_2,49825,6939865424853,0,0,,,TRISC-KERNEL,ZONE_END,89,/localdev/ijankowski/tt-metal-pin/tt_metal/hw/firmware/src/tt-1xx/trisck.cc,
0,1,1,TRISC_2,5116,6939865429876,0,0,,,TRISC-FW,ZONE_END,150,/localdev/ijankowski/tt-metal-pin/tt_metal/hw/firmware/src/tt-1xx/trisc.cc,
0,1,1,TRISC_2,5116,6939882204438,0,0,,,TRISC-FW,ZONE_START,150,/localdev/ijankowski/tt-metal-pin/tt_metal/hw/firmware/src/tt-1xx/trisc.cc,
0,1,1,TRISC_2,49825,6939882204888,0,0,,,TRISC-KERNEL,ZONE_START,89,/localdev/ijankowski/tt-metal-pin/tt_metal/hw/firmware/src/tt-1xx/trisck.cc,
0,1,1,TRISC_2,53833,6939882205137,0,0,,,BW_SYN_TANH_MATERIALIZED,ZONE_START,16,/home/ijankowski/tmp/numerical-backward-synthesis/tt/kernels/compute/tanh_bw_baseline.cpp,
0,1,1,TRISC_2,53833,6939882246296,0,0,,,BW_SYN_TANH_MATERIALIZED,ZONE_END,16,/home/ijankowski/tmp/numerical-backward-synthesis/tt/kernels/compute/tanh_bw_baseline.cpp,
0,1,1,TRISC_2,49825,6939882246318,0,0,,,TRISC-KERNEL,ZONE_END,89,/localdev/ijankowski/tt-metal-pin/tt_metal/hw/firmware/src/tt-1xx/trisck.cc,
0,1,1,TRISC_2,5116,6939882246931,0,0,,,TRISC-FW,ZONE_END,150,/localdev/ijankowski/tt-metal-pin/tt_metal/hw/firmware/src/tt-1xx/trisc.cc,
0,1,1,TRISC_2,5116,6939899106242,0,0,,,TRISC-FW,ZONE_START,150,/localdev/ijankowski/tt-metal-pin/tt_metal/hw/firmware/src/tt-1xx/trisc.cc,
0,1,1,TRISC_2,49825,6939899106697,0,0,,,TRISC-KERNEL,ZONE_START,89,/localdev/ijankowski/tt-metal-pin/tt_metal/hw/firmware/src/tt-1xx/trisck.cc,
0,1,1,TRISC_2,25968,6939899106950,0,0,,,BW_SYN_TANH_FACTORED,ZONE_START,17,/home/ijankowski/tmp/numerical-backward-synthesis/tt/kernels/compute/tanh_bw_scale_separated.cpp,
0,1,1,TRISC_2,25968,6939899159166,0,0,,,BW_SYN_TANH_FACTORED,ZONE_END,17,/home/ijankowski/tmp/numerical-backward-synthesis/tt/kernels/compute/tanh_bw_scale_separated.cpp,
0,1,1,TRISC_2,49825,6939899159188,0,0,,,TRISC-KERNEL,ZONE_END,89,/localdev/ijankowski/tt-metal-pin/tt_metal/hw/firmware/src/tt-1xx/trisck.cc,
0,1,1,TRISC_2,5116,6939899164214,0,0,,,TRISC-FW,ZONE_END,150,/localdev/ijankowski/tt-metal-pin/tt_metal/hw/firmware/src/tt-1xx/trisc.cc,
0,1,1,TRISC_2,5116,6939915986291,0,0,,,TRISC-FW,ZONE_START,150,/localdev/ijankowski/tt-metal-pin/tt_metal/hw/firmware/src/tt-1xx/trisc.cc,
0,1,1,TRISC_2,49825,6939915986740,0,0,,,TRISC-KERNEL,ZONE_START,89,/localdev/ijankowski/tt-metal-pin/tt_metal/hw/firmware/src/tt-1xx/trisck.cc,
0,1,1,TRISC_2,53833,6939915986990,0,0,,,BW_SYN_TANH_MATERIALIZED,ZONE_START,16,/home/ijankowski/tmp/numerical-backward-synthesis/tt/kernels/compute/tanh_bw_baseline.cpp,
0,1,1,TRISC_2,53833,6939916028179,0,0,,,BW_SYN_TANH_MATERIALIZED,ZONE_END,16,/home/ijankowski/tmp/numerical-backward-synthesis/tt/kernels/compute/tanh_bw_baseline.cpp,
0,1,1,TRISC_2,49825,6939916028202,0,0,,,TRISC-KERNEL,ZONE_END,89,/localdev/ijankowski/tt-metal-pin/tt_metal/hw/firmware/src/tt-1xx/trisck.cc,
0,1,1,TRISC_2,5116,6939916028821,0,0,,,TRISC-FW,ZONE_END,150,/localdev/ijankowski/tt-metal-pin/tt_metal/hw/firmware/src/tt-1xx/trisc.cc,
0,1,1,TRISC_2,5116,6939933771973,0,0,,,TRISC-FW,ZONE_START,150,/localdev/ijankowski/tt-metal-pin/tt_metal/hw/firmware/src/tt-1xx/trisc.cc,
0,1,1,TRISC_2,49825,6939933772431,0,0,,,TRISC-KERNEL,ZONE_START,89,/localdev/ijankowski/tt-metal-pin/tt_metal/hw/firmware/src/tt-1xx/trisck.cc,
0,1,1,TRISC_2,25968,6939933772682,0,0,,,BW_SYN_TANH_FACTORED,ZONE_START,17,/home/ijankowski/tmp/numerical-backward-synthesis/tt/kernels/compute/tanh_bw_scale_separated.cpp,
0,1,1,TRISC_2,25968,6939933824908,0,0,,,BW_SYN_TANH_FACTORED,ZONE_END,17,/home/ijankowski/tmp/numerical-backward-synthesis/tt/kernels/compute/tanh_bw_scale_separated.cpp,
0,1,1,TRISC_2,49825,6939933824930,0,0,,,TRISC-KERNEL,ZONE_END,89,/localdev/ijankowski/tt-metal-pin/tt_metal/hw/firmware/src/tt-1xx/trisck.cc,
0,1,1,TRISC_2,5116,6939933829962,0,0,,,TRISC-FW,ZONE_END,150,/localdev/ijankowski/tt-metal-pin/tt_metal/hw/firmware/src/tt-1xx/trisc.cc,
0,1,1,TRISC_2,5116,6939952206121,0,0,,,TRISC-FW,ZONE_START,150,/localdev/ijankowski/tt-metal-pin/tt_metal/hw/firmware/src/tt-1xx/trisc.cc,
0,1,1,TRISC_2,49825,6939952206566,0,0,,,TRISC-KERNEL,ZONE_START,89,/localdev/ijankowski/tt-metal-pin/tt_metal/hw/firmware/src/tt-1xx/trisck.cc,
0,1,1,TRISC_2,53833,6939952206815,0,0,,,BW_SYN_TANH_MATERIALIZED,ZONE_START,16,/home/ijankowski/tmp/numerical-backward-synthesis/tt/kernels/compute/tanh_bw_baseline.cpp,
0,1,1,TRISC_2,53833,6939952247997,0,0,,,BW_SYN_TANH_MATERIALIZED,ZONE_END,16,/home/ijankowski/tmp/numerical-backward-synthesis/tt/kernels/compute/tanh_bw_baseline.cpp,
0,1,1,TRISC_2,49825,6939952248019,0,0,,,TRISC-KERNEL,ZONE_END,89,/localdev/ijankowski/tt-metal-pin/tt_metal/hw/firmware/src/tt-1xx/trisck.cc,
0,1,1,TRISC_2,5116,6939952248630,0,0,,,TRISC-FW,ZONE_END,150,/localdev/ijankowski/tt-metal-pin/tt_metal/hw/firmware/src/tt-1xx/trisc.cc,
0,1,1,TRISC_2,5116,6939969016736,0,0,,,TRISC-FW,ZONE_START,150,/localdev/ijankowski/tt-metal-pin/tt_metal/hw/firmware/src/tt-1xx/trisc.cc,
0,1,1,TRISC_2,49825,6939969017182,0,0,,,TRISC-KERNEL,ZONE_START,89,/localdev/ijankowski/tt-metal-pin/tt_metal/hw/firmware/src/tt-1xx/trisck.cc,
0,1,1,TRISC_2,25968,6939969017438,0,0,,,BW_SYN_TANH_FACTORED,ZONE_START,17,/home/ijankowski/tmp/numerical-backward-synthesis/tt/kernels/compute/tanh_bw_scale_separated.cpp,
0,1,1,TRISC_2,25968,6939969069563,0,0,,,BW_SYN_TANH_FACTORED,ZONE_END,17,/home/ijankowski/tmp/numerical-backward-synthesis/tt/kernels/compute/tanh_bw_scale_separated.cpp,
0,1,1,TRISC_2,49825,6939969069585,0,0,,,TRISC-KERNEL,ZONE_END,89,/localdev/ijankowski/tt-metal-pin/tt_metal/hw/firmware/src/tt-1xx/trisck.cc,
0,1,1,TRISC_2,5116,6939969074620,0,0,,,TRISC-FW,ZONE_END,150,/localdev/ijankowski/tt-metal-pin/tt_metal/hw/firmware/src/tt-1xx/trisc.cc,
0,1,1,TRISC_2,5116,6939987682633,0,0,,,TRISC-FW,ZONE_START,150,/localdev/ijankowski/tt-metal-pin/tt_metal/hw/firmware/src/tt-1xx/trisc.cc,
0,1,1,TRISC_2,49825,6939987683075,0,0,,,TRISC-KERNEL,ZONE_START,89,/localdev/ijankowski/tt-metal-pin/tt_metal/hw/firmware/src/tt-1xx/trisck.cc,
0,1,1,TRISC_2,53833,6939987683329,0,0,,,BW_SYN_TANH_MATERIALIZED,ZONE_START,16,/home/ijankowski/tmp/numerical-backward-synthesis/tt/kernels/compute/tanh_bw_baseline.cpp,
0,1,1,TRISC_2,53833,6939987724541,0,0,,,BW_SYN_TANH_MATERIALIZED,ZONE_END,16,/home/ijankowski/tmp/numerical-backward-synthesis/tt/kernels/compute/tanh_bw_baseline.cpp,
0,1,1,TRISC_2,49825,6939987724564,0,0,,,TRISC-KERNEL,ZONE_END,89,/localdev/ijankowski/tt-metal-pin/tt_metal/hw/firmware/src/tt-1xx/trisck.cc,
0,1,1,TRISC_2,5116,6939987725178,0,0,,,TRISC-FW,ZONE_END,150,/localdev/ijankowski/tt-metal-pin/tt_metal/hw/firmware/src/tt-1xx/trisc.cc,
0,1,1,TRISC_2,5116,6940004447512,0,0,,,TRISC-FW,ZONE_START,150,/localdev/ijankowski/tt-metal-pin/tt_metal/hw/firmware/src/tt-1xx/trisc.cc,
0,1,1,TRISC_2,49825,6940004447962,0,0,,,TRISC-KERNEL,ZONE_START,89,/localdev/ijankowski/tt-metal-pin/tt_metal/hw/firmware/src/tt-1xx/trisck.cc,
0,1,1,TRISC_2,25968,6940004448214,0,0,,,BW_SYN_TANH_FACTORED,ZONE_START,17,/home/ijankowski/tmp/numerical-backward-synthesis/tt/kernels/compute/tanh_bw_scale_separated.cpp,
0,1,1,TRISC_2,25968,6940004500552,0,0,,,BW_SYN_TANH_FACTORED,ZONE_END,17,/home/ijankowski/tmp/numerical-backward-synthesis/tt/kernels/compute/tanh_bw_scale_separated.cpp,
0,1,1,TRISC_2,49825,6940004500574,0,0,,,TRISC-KERNEL,ZONE_END,89,/localdev/ijankowski/tt-metal-pin/tt_metal/hw/firmware/src/tt-1xx/trisck.cc,
0,1,1,TRISC_2,5116,6940004505603,0,0,,,TRISC-FW,ZONE_END,150,/localdev/ijankowski/tt-metal-pin/tt_metal/hw/firmware/src/tt-1xx/trisc.cc,
0,1,1,TRISC_2,5116,6940021407606,0,0,,,TRISC-FW,ZONE_START,150,/localdev/ijankowski/tt-metal-pin/tt_metal/hw/firmware/src/tt-1xx/trisc.cc,
0,1,1,TRISC_2,49825,6940021408058,0,0,,,TRISC-KERNEL,ZONE_START,89,/localdev/ijankowski/tt-metal-pin/tt_metal/hw/firmware/src/tt-1xx/trisck.cc,
0,1,1,TRISC_2,53833,6940021408319,0,0,,,BW_SYN_TANH_MATERIALIZED,ZONE_START,16,/home/ijankowski/tmp/numerical-backward-synthesis/tt/kernels/compute/tanh_bw_baseline.cpp,
0,1,1,TRISC_2,53833,6940021449525,0,0,,,BW_SYN_TANH_MATERIALIZED,ZONE_END,16,/home/ijankowski/tmp/numerical-backward-synthesis/tt/kernels/compute/tanh_bw_baseline.cpp,
0,1,1,TRISC_2,49825,6940021449548,0,0,,,TRISC-KERNEL,ZONE_END,89,/localdev/ijankowski/tt-metal-pin/tt_metal/hw/firmware/src/tt-1xx/trisck.cc,
0,1,1,TRISC_2,5116,6940021450173,0,0,,,TRISC-FW,ZONE_END,150,/localdev/ijankowski/tt-metal-pin/tt_metal/hw/firmware/src/tt-1xx/trisc.cc,
0,1,1,TRISC_2,5116,6940039759495,0,0,,,TRISC-FW,ZONE_START,150,/localdev/ijankowski/tt-metal-pin/tt_metal/hw/firmware/src/tt-1xx/trisc.cc,
0,1,1,TRISC_2,49825,6940039759948,0,0,,,TRISC-KERNEL,ZONE_START,89,/localdev/ijankowski/tt-metal-pin/tt_metal/hw/firmware/src/tt-1xx/trisck.cc,
0,1,1,TRISC_2,25968,6940039760200,0,0,,,BW_SYN_TANH_FACTORED,ZONE_START,17,/home/ijankowski/tmp/numerical-backward-synthesis/tt/kernels/compute/tanh_bw_scale_separated.cpp,
0,1,1,TRISC_2,25968,6940039812380,0,0,,,BW_SYN_TANH_FACTORED,ZONE_END,17,/home/ijankowski/tmp/numerical-backward-synthesis/tt/kernels/compute/tanh_bw_scale_separated.cpp,
0,1,1,TRISC_2,49825,6940039812402,0,0,,,TRISC-KERNEL,ZONE_END,89,/localdev/ijankowski/tt-metal-pin/tt_metal/hw/firmware/src/tt-1xx/trisck.cc,
0,1,1,TRISC_2,5116,6940039817434,0,0,,,TRISC-FW,ZONE_END,150,/localdev/ijankowski/tt-metal-pin/tt_metal/hw/firmware/src/tt-1xx/trisc.cc,
0,1,1,TRISC_2,5116,6940056783993,0,0,,,TRISC-FW,ZONE_START,150,/localdev/ijankowski/tt-metal-pin/tt_metal/hw/firmware/src/tt-1xx/trisc.cc,
0,1,1,TRISC_2,49825,6940056784443,0,0,,,TRISC-KERNEL,ZONE_START,89,/localdev/ijankowski/tt-metal-pin/tt_metal/hw/firmware/src/tt-1xx/trisck.cc,
0,1,1,TRISC_2,53833,6940056784697,0,0,,,BW_SYN_TANH_MATERIALIZED,ZONE_START,16,/home/ijankowski/tmp/numerical-backward-synthesis/tt/kernels/compute/tanh_bw_baseline.cpp,
0,1,1,TRISC_2,53833,6940056825868,0,0,,,BW_SYN_TANH_MATERIALIZED,ZONE_END,16,/home/ijankowski/tmp/numerical-backward-synthesis/tt/kernels/compute/tanh_bw_baseline.cpp,
0,1,1,TRISC_2,49825,6940056825890,0,0,,,TRISC-KERNEL,ZONE_END,89,/localdev/ijankowski/tt-metal-pin/tt_metal/hw/firmware/src/tt-1xx/trisck.cc,
0,1,1,TRISC_2,5116,6940056826506,0,0,,,TRISC-FW,ZONE_END,150,/localdev/ijankowski/tt-metal-pin/tt_metal/hw/firmware/src/tt-1xx/trisc.cc,
0,1,1,TRISC_2,5116,6940073549875,0,0,,,TRISC-FW,ZONE_START,150,/localdev/ijankowski/tt-metal-pin/tt_metal/hw/firmware/src/tt-1xx/trisc.cc,
0,1,1,TRISC_2,49825,6940073550318,0,0,,,TRISC-KERNEL,ZONE_START,89,/localdev/ijankowski/tt-metal-pin/tt_metal/hw/firmware/src/tt-1xx/trisck.cc,
0,1,1,TRISC_2,25968,6940073550576,0,0,,,BW_SYN_TANH_FACTORED,ZONE_START,17,/home/ijankowski/tmp/numerical-backward-synthesis/tt/kernels/compute/tanh_bw_scale_separated.cpp,
0,1,1,TRISC_2,25968,6940073602766,0,0,,,BW_SYN_TANH_FACTORED,ZONE_END,17,/home/ijankowski/tmp/numerical-backward-synthesis/tt/kernels/compute/tanh_bw_scale_separated.cpp,
0,1,1,TRISC_2,49825,6940073602788,0,0,,,TRISC-KERNEL,ZONE_END,89,/localdev/ijankowski/tt-metal-pin/tt_metal/hw/firmware/src/tt-1xx/trisck.cc,
0,1,1,TRISC_2,5116,6940073607812,0,0,,,TRISC-FW,ZONE_END,150,/localdev/ijankowski/tt-metal-pin/tt_metal/hw/firmware/src/tt-1xx/trisc.cc,
0,1,1,TRISC_2,5116,6940090547008,0,0,,,TRISC-FW,ZONE_START,150,/localdev/ijankowski/tt-metal-pin/tt_metal/hw/firmware/src/tt-1xx/trisc.cc,
0,1,1,TRISC_2,49825,6940090547449,0,0,,,TRISC-KERNEL,ZONE_START,89,/localdev/ijankowski/tt-metal-pin/tt_metal/hw/firmware/src/tt-1xx/trisck.cc,
0,1,1,TRISC_2,53833,6940090547700,0,0,,,BW_SYN_TANH_MATERIALIZED,ZONE_START,16,/home/ijankowski/tmp/numerical-backward-synthesis/tt/kernels/compute/tanh_bw_baseline.cpp,
0,1,1,TRISC_2,53833,6940090588897,0,0,,,BW_SYN_TANH_MATERIALIZED,ZONE_END,16,/home/ijankowski/tmp/numerical-backward-synthesis/tt/kernels/compute/tanh_bw_baseline.cpp,
0,1,1,TRISC_2,49825,6940090588919,0,0,,,TRISC-KERNEL,ZONE_END,89,/localdev/ijankowski/tt-metal-pin/tt_metal/hw/firmware/src/tt-1xx/trisck.cc,
0,1,1,TRISC_2,5116,6940090589533,0,0,,,TRISC-FW,ZONE_END,150,/localdev/ijankowski/tt-metal-pin/tt_metal/hw/firmware/src/tt-1xx/trisc.cc,
0,1,1,TRISC_2,5116,6940107548246,0,0,,,TRISC-FW,ZONE_START,150,/localdev/ijankowski/tt-metal-pin/tt_metal/hw/firmware/src/tt-1xx/trisc.cc,
0,1,1,TRISC_2,49825,6940107548692,0,0,,,TRISC-KERNEL,ZONE_START,89,/localdev/ijankowski/tt-metal-pin/tt_metal/hw/firmware/src/tt-1xx/trisck.cc,
0,1,1,TRISC_2,25968,6940107548948,0,0,,,BW_SYN_TANH_FACTORED,ZONE_START,17,/home/ijankowski/tmp/numerical-backward-synthesis/tt/kernels/compute/tanh_bw_scale_separated.cpp,
0,1,1,TRISC_2,25968,6940107601254,0,0,,,BW_SYN_TANH_FACTORED,ZONE_END,17,/home/ijankowski/tmp/numerical-backward-synthesis/tt/kernels/compute/tanh_bw_scale_separated.cpp,
0,1,1,TRISC_2,49825,6940107601276,0,0,,,TRISC-KERNEL,ZONE_END,89,/localdev/ijankowski/tt-metal-pin/tt_metal/hw/firmware/src/tt-1xx/trisck.cc,
0,1,1,TRISC_2,5116,6940107606301,0,0,,,TRISC-FW,ZONE_END,150,/localdev/ijankowski/tt-metal-pin/tt_metal/hw/firmware/src/tt-1xx/trisc.cc,
0,1,1,TRISC_2,5116,6940125591022,0,0,,,TRISC-FW,ZONE_START,150,/localdev/ijankowski/tt-metal-pin/tt_metal/hw/firmware/src/tt-1xx/trisc.cc,
0,1,1,TRISC_2,49825,6940125591471,0,0,,,TRISC-KERNEL,ZONE_START,89,/localdev/ijankowski/tt-metal-pin/tt_metal/hw/firmware/src/tt-1xx/trisck.cc,
0,1,1,TRISC_2,53833,6940125591720,0,0,,,BW_SYN_TANH_MATERIALIZED,ZONE_START,16,/home/ijankowski/tmp/numerical-backward-synthesis/tt/kernels/compute/tanh_bw_baseline.cpp,
0,1,1,TRISC_2,53833,6940125632949,0,0,,,BW_SYN_TANH_MATERIALIZED,ZONE_END,16,/home/ijankowski/tmp/numerical-backward-synthesis/tt/kernels/compute/tanh_bw_baseline.cpp,
0,1,1,TRISC_2,49825,6940125632971,0,0,,,TRISC-KERNEL,ZONE_END,89,/localdev/ijankowski/tt-metal-pin/tt_metal/hw/firmware/src/tt-1xx/trisck.cc,
0,1,1,TRISC_2,5116,6940125633584,0,0,,,TRISC-FW,ZONE_END,150,/localdev/ijankowski/tt-metal-pin/tt_metal/hw/firmware/src/tt-1xx/trisc.cc,
0,1,1,TRISC_2,5116,6940142633533,0,0,,,TRISC-FW,ZONE_START,150,/localdev/ijankowski/tt-metal-pin/tt_metal/hw/firmware/src/tt-1xx/trisc.cc,
0,1,1,TRISC_2,49825,6940142633991,0,0,,,TRISC-KERNEL,ZONE_START,89,/localdev/ijankowski/tt-metal-pin/tt_metal/hw/firmware/src/tt-1xx/trisck.cc,
0,1,1,TRISC_2,25968,6940142634242,0,0,,,BW_SYN_TANH_FACTORED,ZONE_START,17,/home/ijankowski/tmp/numerical-backward-synthesis/tt/kernels/compute/tanh_bw_scale_separated.cpp,
0,1,1,TRISC_2,25968,6940142686543,0,0,,,BW_SYN_TANH_FACTORED,ZONE_END,17,/home/ijankowski/tmp/numerical-backward-synthesis/tt/kernels/compute/tanh_bw_scale_separated.cpp,
0,1,1,TRISC_2,49825,6940142686565,0,0,,,TRISC-KERNEL,ZONE_END,89,/localdev/ijankowski/tt-metal-pin/tt_metal/hw/firmware/src/tt-1xx/trisck.cc,
0,1,1,TRISC_2,5116,6940142691596,0,0,,,TRISC-FW,ZONE_END,150,/localdev/ijankowski/tt-metal-pin/tt_metal/hw/firmware/src/tt-1xx/trisc.cc,
0,1,1,TRISC_2,5116,6940159832742,0,0,,,TRISC-FW,ZONE_START,150,/localdev/ijankowski/tt-metal-pin/tt_metal/hw/firmware/src/tt-1xx/trisc.cc,
0,1,1,TRISC_2,49825,6940159833181,0,0,,,TRISC-KERNEL,ZONE_START,89,/localdev/ijankowski/tt-metal-pin/tt_metal/hw/firmware/src/tt-1xx/trisck.cc,
0,1,1,TRISC_2,53833,6940159833438,0,0,,,BW_SYN_TANH_MATERIALIZED,ZONE_START,16,/home/ijankowski/tmp/numerical-backward-synthesis/tt/kernels/compute/tanh_bw_baseline.cpp,
0,1,1,TRISC_2,53833,6940159874723,0,0,,,BW_SYN_TANH_MATERIALIZED,ZONE_END,16,/home/ijankowski/tmp/numerical-backward-synthesis/tt/kernels/compute/tanh_bw_baseline.cpp,
0,1,1,TRISC_2,49825,6940159874746,0,0,,,TRISC-KERNEL,ZONE_END,89,/localdev/ijankowski/tt-metal-pin/tt_metal/hw/firmware/src/tt-1xx/trisck.cc,
0,1,1,TRISC_2,5116,6940159875366,0,0,,,TRISC-FW,ZONE_END,150,/localdev/ijankowski/tt-metal-pin/tt_metal/hw/firmware/src/tt-1xx/trisc.cc,
0,1,1,TRISC_2,5116,6940177006462,0,0,,,TRISC-FW,ZONE_START,150,/localdev/ijankowski/tt-metal-pin/tt_metal/hw/firmware/src/tt-1xx/trisc.cc,
0,1,1,TRISC_2,49825,6940177006909,0,0,,,TRISC-KERNEL,ZONE_START,89,/localdev/ijankowski/tt-metal-pin/tt_metal/hw/firmware/src/tt-1xx/trisck.cc,
0,1,1,TRISC_2,25968,6940177007166,0,0,,,BW_SYN_TANH_FACTORED,ZONE_START,17,/home/ijankowski/tmp/numerical-backward-synthesis/tt/kernels/compute/tanh_bw_scale_separated.cpp,
0,1,1,TRISC_2,25968,6940177059327,0,0,,,BW_SYN_TANH_FACTORED,ZONE_END,17,/home/ijankowski/tmp/numerical-backward-synthesis/tt/kernels/compute/tanh_bw_scale_separated.cpp,
0,1,1,TRISC_2,49825,6940177059349,0,0,,,TRISC-KERNEL,ZONE_END,89,/localdev/ijankowski/tt-metal-pin/tt_metal/hw/firmware/src/tt-1xx/trisck.cc,
0,1,1,TRISC_2,5116,6940177064385,0,0,,,TRISC-FW,ZONE_END,150,/localdev/ijankowski/tt-metal-pin/tt_metal/hw/firmware/src/tt-1xx/trisc.cc,
0,1,1,TRISC_2,5116,6940194158978,0,0,,,TRISC-FW,ZONE_START,150,/localdev/ijankowski/tt-metal-pin/tt_metal/hw/firmware/src/tt-1xx/trisc.cc,
0,1,1,TRISC_2,49825,6940194159417,0,0,,,TRISC-KERNEL,ZONE_START,89,/localdev/ijankowski/tt-metal-pin/tt_metal/hw/firmware/src/tt-1xx/trisck.cc,
0,1,1,TRISC_2,53833,6940194159673,0,0,,,BW_SYN_TANH_MATERIALIZED,ZONE_START,16,/home/ijankowski/tmp/numerical-backward-synthesis/tt/kernels/compute/tanh_bw_baseline.cpp,
0,1,1,TRISC_2,53833,6940194200856,0,0,,,BW_SYN_TANH_MATERIALIZED,ZONE_END,16,/home/ijankowski/tmp/numerical-backward-synthesis/tt/kernels/compute/tanh_bw_baseline.cpp,
0,1,1,TRISC_2,49825,6940194200879,0,0,,,TRISC-KERNEL,ZONE_END,89,/localdev/ijankowski/tt-metal-pin/tt_metal/hw/firmware/src/tt-1xx/trisck.cc,
0,1,1,TRISC_2,5116,6940194201503,0,0,,,TRISC-FW,ZONE_END,150,/localdev/ijankowski/tt-metal-pin/tt_metal/hw/firmware/src/tt-1xx/trisc.cc,
0,1,1,TRISC_2,5116,6940211309278,0,0,,,TRISC-FW,ZONE_START,150,/localdev/ijankowski/tt-metal-pin/tt_metal/hw/firmware/src/tt-1xx/trisc.cc,
0,1,1,TRISC_2,49825,6940211309730,0,0,,,TRISC-KERNEL,ZONE_START,89,/localdev/ijankowski/tt-metal-pin/tt_metal/hw/firmware/src/tt-1xx/trisck.cc,
0,1,1,TRISC_2,25968,6940211309980,0,0,,,BW_SYN_TANH_FACTORED,ZONE_START,17,/home/ijankowski/tmp/numerical-backward-synthesis/tt/kernels/compute/tanh_bw_scale_separated.cpp,
0,1,1,TRISC_2,25968,6940211362108,0,0,,,BW_SYN_TANH_FACTORED,ZONE_END,17,/home/ijankowski/tmp/numerical-backward-synthesis/tt/kernels/compute/tanh_bw_scale_separated.cpp,
0,1,1,TRISC_2,49825,6940211362130,0,0,,,TRISC-KERNEL,ZONE_END,89,/localdev/ijankowski/tt-metal-pin/tt_metal/hw/firmware/src/tt-1xx/trisck.cc,
0,1,1,TRISC_2,5116,6940211367166,0,0,,,TRISC-FW,ZONE_END,150,/localdev/ijankowski/tt-metal-pin/tt_metal/hw/firmware/src/tt-1xx/trisc.cc,
0,1,1,TRISC_2,5116,6940230013019,0,0,,,TRISC-FW,ZONE_START,150,/localdev/ijankowski/tt-metal-pin/tt_metal/hw/firmware/src/tt-1xx/trisc.cc,
0,1,1,TRISC_2,49825,6940230013468,0,0,,,TRISC-KERNEL,ZONE_START,89,/localdev/ijankowski/tt-metal-pin/tt_metal/hw/firmware/src/tt-1xx/trisck.cc,
0,1,1,TRISC_2,53833,6940230013724,0,0,,,BW_SYN_TANH_MATERIALIZED,ZONE_START,16,/home/ijankowski/tmp/numerical-backward-synthesis/tt/kernels/compute/tanh_bw_baseline.cpp,
0,1,1,TRISC_2,53833,6940230054910,0,0,,,BW_SYN_TANH_MATERIALIZED,ZONE_END,16,/home/ijankowski/tmp/numerical-backward-synthesis/tt/kernels/compute/tanh_bw_baseline.cpp,
0,1,1,TRISC_2,49825,6940230054932,0,0,,,TRISC-KERNEL,ZONE_END,89,/localdev/ijankowski/tt-metal-pin/tt_metal/hw/firmware/src/tt-1xx/trisck.cc,
0,1,1,TRISC_2,5116,6940230055551,0,0,,,TRISC-FW,ZONE_END,150,/localdev/ijankowski/tt-metal-pin/tt_metal/hw/firmware/src/tt-1xx/trisc.cc,
0,1,1,TRISC_2,5116,6940246932212,0,0,,,TRISC-FW,ZONE_START,150,/localdev/ijankowski/tt-metal-pin/tt_metal/hw/firmware/src/tt-1xx/trisc.cc,
0,1,1,TRISC_2,49825,6940246932661,0,0,,,TRISC-KERNEL,ZONE_START,89,/localdev/ijankowski/tt-metal-pin/tt_metal/hw/firmware/src/tt-1xx/trisck.cc,
0,1,1,TRISC_2,25968,6940246932914,0,0,,,BW_SYN_TANH_FACTORED,ZONE_START,17,/home/ijankowski/tmp/numerical-backward-synthesis/tt/kernels/compute/tanh_bw_scale_separated.cpp,
0,1,1,TRISC_2,25968,6940246985119,0,0,,,BW_SYN_TANH_FACTORED,ZONE_END,17,/home/ijankowski/tmp/numerical-backward-synthesis/tt/kernels/compute/tanh_bw_scale_separated.cpp,
0,1,1,TRISC_2,49825,6940246985141,0,0,,,TRISC-KERNEL,ZONE_END,89,/localdev/ijankowski/tt-metal-pin/tt_metal/hw/firmware/src/tt-1xx/trisck.cc,
0,1,1,TRISC_2,5116,6940246990169,0,0,,,TRISC-FW,ZONE_END,150,/localdev/ijankowski/tt-metal-pin/tt_metal/hw/firmware/src/tt-1xx/trisc.cc,
0,1,1,TRISC_2,5116,6940265368361,0,0,,,TRISC-FW,ZONE_START,150,/localdev/ijankowski/tt-metal-pin/tt_metal/hw/firmware/src/tt-1xx/trisc.cc,
0,1,1,TRISC_2,49825,6940265368800,0,0,,,TRISC-KERNEL,ZONE_START,89,/localdev/ijankowski/tt-metal-pin/tt_metal/hw/firmware/src/tt-1xx/trisck.cc,
0,1,1,TRISC_2,53833,6940265369050,0,0,,,BW_SYN_TANH_MATERIALIZED,ZONE_START,16,/home/ijankowski/tmp/numerical-backward-synthesis/tt/kernels/compute/tanh_bw_baseline.cpp,
0,1,1,TRISC_2,53833,6940265410244,0,0,,,BW_SYN_TANH_MATERIALIZED,ZONE_END,16,/home/ijankowski/tmp/numerical-backward-synthesis/tt/kernels/compute/tanh_bw_baseline.cpp,
0,1,1,TRISC_2,49825,6940265410266,0,0,,,TRISC-KERNEL,ZONE_END,89,/localdev/ijankowski/tt-metal-pin/tt_metal/hw/firmware/src/tt-1xx/trisck.cc,
0,1,1,TRISC_2,5116,6940265410873,0,0,,,TRISC-FW,ZONE_END,150,/localdev/ijankowski/tt-metal-pin/tt_metal/hw/firmware/src/tt-1xx/trisc.cc,
0,1,1,TRISC_2,5116,6940282184993,0,0,,,TRISC-FW,ZONE_START,150,/localdev/ijankowski/tt-metal-pin/tt_metal/hw/firmware/src/tt-1xx/trisc.cc,
0,1,1,TRISC_2,49825,6940282185441,0,0,,,TRISC-KERNEL,ZONE_START,89,/localdev/ijankowski/tt-metal-pin/tt_metal/hw/firmware/src/tt-1xx/trisck.cc,
0,1,1,TRISC_2,25968,6940282185694,0,0,,,BW_SYN_TANH_FACTORED,ZONE_START,17,/home/ijankowski/tmp/numerical-backward-synthesis/tt/kernels/compute/tanh_bw_scale_separated.cpp,
0,1,1,TRISC_2,25968,6940282237983,0,0,,,BW_SYN_TANH_FACTORED,ZONE_END,17,/home/ijankowski/tmp/numerical-backward-synthesis/tt/kernels/compute/tanh_bw_scale_separated.cpp,
0,1,1,TRISC_2,49825,6940282238005,0,0,,,TRISC-KERNEL,ZONE_END,89,/localdev/ijankowski/tt-metal-pin/tt_metal/hw/firmware/src/tt-1xx/trisck.cc,
0,1,1,TRISC_2,5116,6940282243023,0,0,,,TRISC-FW,ZONE_END,150,/localdev/ijankowski/tt-metal-pin/tt_metal/hw/firmware/src/tt-1xx/trisc.cc,
0,1,1,TRISC_2,5116,6940302545282,0,0,,,TRISC-FW,ZONE_START,150,/localdev/ijankowski/tt-metal-pin/tt_metal/hw/firmware/src/tt-1xx/trisc.cc,
0,1,1,TRISC_2,49825,6940302545734,0,0,,,TRISC-KERNEL,ZONE_START,89,/localdev/ijankowski/tt-metal-pin/tt_metal/hw/firmware/src/tt-1xx/trisck.cc,
0,1,1,TRISC_2,53833,6940302545989,0,0,,,BW_SYN_TANH_MATERIALIZED,ZONE_START,16,/home/ijankowski/tmp/numerical-backward-synthesis/tt/kernels/compute/tanh_bw_baseline.cpp,
0,1,1,TRISC_2,53833,6940302587184,0,0,,,BW_SYN_TANH_MATERIALIZED,ZONE_END,16,/home/ijankowski/tmp/numerical-backward-synthesis/tt/kernels/compute/tanh_bw_baseline.cpp,
0,1,1,TRISC_2,49825,6940302587206,0,0,,,TRISC-KERNEL,ZONE_END,89,/localdev/ijankowski/tt-metal-pin/tt_metal/hw/firmware/src/tt-1xx/trisck.cc,
0,1,1,TRISC_2,5116,6940302587827,0,0,,,TRISC-FW,ZONE_END,150,/localdev/ijankowski/tt-metal-pin/tt_metal/hw/firmware/src/tt-1xx/trisc.cc,
0,1,1,TRISC_2,5116,6940319651965,0,0,,,TRISC-FW,ZONE_START,150,/localdev/ijankowski/tt-metal-pin/tt_metal/hw/firmware/src/tt-1xx/trisc.cc,
0,1,1,TRISC_2,49825,6940319652407,0,0,,,TRISC-KERNEL,ZONE_START,89,/localdev/ijankowski/tt-metal-pin/tt_metal/hw/firmware/src/tt-1xx/trisck.cc,
0,1,1,TRISC_2,25968,6940319652657,0,0,,,BW_SYN_TANH_FACTORED,ZONE_START,17,/home/ijankowski/tmp/numerical-backward-synthesis/tt/kernels/compute/tanh_bw_scale_separated.cpp,
0,1,1,TRISC_2,25968,6940319704745,0,0,,,BW_SYN_TANH_FACTORED,ZONE_END,17,/home/ijankowski/tmp/numerical-backward-synthesis/tt/kernels/compute/tanh_bw_scale_separated.cpp,
0,1,1,TRISC_2,49825,6940319704767,0,0,,,TRISC-KERNEL,ZONE_END,89,/localdev/ijankowski/tt-metal-pin/tt_metal/hw/firmware/src/tt-1xx/trisck.cc,
0,1,1,TRISC_2,5116,6940319709799,0,0,,,TRISC-FW,ZONE_END,150,/localdev/ijankowski/tt-metal-pin/tt_metal/hw/firmware/src/tt-1xx/trisc.cc,
0,1,1,TRISC_2,5116,6940336761584,0,0,,,TRISC-FW,ZONE_START,150,/localdev/ijankowski/tt-metal-pin/tt_metal/hw/firmware/src/tt-1xx/trisc.cc,
0,1,1,TRISC_2,49825,6940336762033,0,0,,,TRISC-KERNEL,ZONE_START,89,/localdev/ijankowski/tt-metal-pin/tt_metal/hw/firmware/src/tt-1xx/trisck.cc,
0,1,1,TRISC_2,53833,6940336762287,0,0,,,BW_SYN_TANH_MATERIALIZED,ZONE_START,16,/home/ijankowski/tmp/numerical-backward-synthesis/tt/kernels/compute/tanh_bw_baseline.cpp,
0,1,1,TRISC_2,53833,6940336803520,0,0,,,BW_SYN_TANH_MATERIALIZED,ZONE_END,16,/home/ijankowski/tmp/numerical-backward-synthesis/tt/kernels/compute/tanh_bw_baseline.cpp,
0,1,1,TRISC_2,49825,6940336803542,0,0,,,TRISC-KERNEL,ZONE_END,89,/localdev/ijankowski/tt-metal-pin/tt_metal/hw/firmware/src/tt-1xx/trisck.cc,
0,1,1,TRISC_2,5116,6940336804155,0,0,,,TRISC-FW,ZONE_END,150,/localdev/ijankowski/tt-metal-pin/tt_metal/hw/firmware/src/tt-1xx/trisc.cc,
0,1,1,TRISC_2,5116,6940353745524,0,0,,,TRISC-FW,ZONE_START,150,/localdev/ijankowski/tt-metal-pin/tt_metal/hw/firmware/src/tt-1xx/trisc.cc,
0,1,1,TRISC_2,49825,6940353745965,0,0,,,TRISC-KERNEL,ZONE_START,89,/localdev/ijankowski/tt-metal-pin/tt_metal/hw/firmware/src/tt-1xx/trisck.cc,
0,1,1,TRISC_2,25968,6940353746222,0,0,,,BW_SYN_TANH_FACTORED,ZONE_START,17,/home/ijankowski/tmp/numerical-backward-synthesis/tt/kernels/compute/tanh_bw_scale_separated.cpp,
0,1,1,TRISC_2,25968,6940353798347,0,0,,,BW_SYN_TANH_FACTORED,ZONE_END,17,/home/ijankowski/tmp/numerical-backward-synthesis/tt/kernels/compute/tanh_bw_scale_separated.cpp,
0,1,1,TRISC_2,49825,6940353798369,0,0,,,TRISC-KERNEL,ZONE_END,89,/localdev/ijankowski/tt-metal-pin/tt_metal/hw/firmware/src/tt-1xx/trisck.cc,
0,1,1,TRISC_2,5116,6940353803407,0,0,,,TRISC-FW,ZONE_END,150,/localdev/ijankowski/tt-metal-pin/tt_metal/hw/firmware/src/tt-1xx/trisc.cc,
0,1,1,TRISC_2,5116,6940370439931,0,0,,,TRISC-FW,ZONE_START,150,/localdev/ijankowski/tt-metal-pin/tt_metal/hw/firmware/src/tt-1xx/trisc.cc,
0,1,1,TRISC_2,49825,6940370440378,0,0,,,TRISC-KERNEL,ZONE_START,89,/localdev/ijankowski/tt-metal-pin/tt_metal/hw/firmware/src/tt-1xx/trisck.cc,
0,1,1,TRISC_2,53833,6940370440632,0,0,,,BW_SYN_TANH_MATERIALIZED,ZONE_START,16,/home/ijankowski/tmp/numerical-backward-synthesis/tt/kernels/compute/tanh_bw_baseline.cpp,
0,1,1,TRISC_2,53833,6940370481802,0,0,,,BW_SYN_TANH_MATERIALIZED,ZONE_END,16,/home/ijankowski/tmp/numerical-backward-synthesis/tt/kernels/compute/tanh_bw_baseline.cpp,
0,1,1,TRISC_2,49825,6940370481825,0,0,,,TRISC-KERNEL,ZONE_END,89,/localdev/ijankowski/tt-metal-pin/tt_metal/hw/firmware/src/tt-1xx/trisck.cc,
0,1,1,TRISC_2,5116,6940370482439,0,0,,,TRISC-FW,ZONE_END,150,/localdev/ijankowski/tt-metal-pin/tt_metal/hw/firmware/src/tt-1xx/trisc.cc,
