label,x_bits,g_bits,oracle_bits,ttnn_bits,scope,pass,timed_input
ttnn_device,0x4080,0x3f80,0x3ab0,0x3ab0,finite_normal_output,1,1
ttnn_device,0x4080,0x4080,0x3bb0,0x3bb0,finite_normal_output,1,0
ttnn_device,0x4080,0x4380,0x3eb0,0x3eb0,finite_normal_output,1,0
ttnn_device,0x4080,0x4f80,0x4ab0,0x4ab0,finite_normal_output,1,0
ttnn_device,0x4080,0x7f7f,0x7aaf,0x7aaf,finite_normal_output,1,0
ttnn_device,0x4080,0xff7f,0xfaaf,0xfaaf,finite_normal_output,1,0
ttnn_device,0x4080,0x0539,0x007f,0x0000,outside_scope,,0
ttnn_device,0x4080,0x8539,0x807f,0x0000,outside_scope,,0
ttnn_device,0x4080,0x053a,0x0080,0x0000,finite_normal_output,0,0
ttnn_device,0x4080,0x853a,0x8080,0x0000,finite_normal_output,0,0
ttnn_device,0x4080,0x053b,0x0080,0x0081,finite_normal_output,1,0
ttnn_device,0x4080,0x853b,0x8080,0x8081,finite_normal_output,1,0
ttnn_device,0x4081,0x3f80,0x3aa5,0x3aa5,finite_normal_output,1,0
ttnn_device,0x4081,0x4080,0x3ba5,0x3ba5,finite_normal_output,1,0
ttnn_device,0x4081,0x4380,0x3ea5,0x3ea5,finite_normal_output,1,0
ttnn_device,0x4081,0x4f80,0x4aa5,0x4aa5,finite_normal_output,1,0
ttnn_device,0x4081,0x7f7f,0x7aa4,0x7aa4,finite_normal_output,1,0
ttnn_device,0x4081,0xff7f,0xfaa4,0xfaa4,finite_normal_output,1,0
ttnn_device,0x4081,0x0545,0x007f,0x0000,outside_scope,,0
ttnn_device,0x4081,0x8545,0x807f,0x0000,outside_scope,,0
ttnn_device,0x4081,0x0546,0x0080,0x0000,finite_normal_output,0,0
ttnn_device,0x4081,0x8546,0x8080,0x0000,finite_normal_output,0,0
ttnn_device,0x4081,0x0547,0x0080,0x0080,finite_normal_output,1,0
ttnn_device,0x4081,0x8547,0x8080,0x8080,finite_normal_output,1,0
ttnn_device,0x4082,0x3f80,0x3a9b,0x3a9b,finite_normal_output,1,0
ttnn_device,0x4082,0x4080,0x3b9b,0x3b9b,finite_normal_output,1,0
ttnn_device,0x4082,0x4380,0x3e9b,0x3e9b,finite_normal_output,1,0
ttnn_device,0x4082,0x4f80,0x4a9b,0x4a9b,finite_normal_output,1,0
ttnn_device,0x4082,0x7f7f,0x7a9b,0x7a9a,finite_normal_output,1,0
ttnn_device,0x4082,0xff7f,0xfa9b,0xfa9a,finite_normal_output,1,0
ttnn_device,0x4082,0x0551,0x007f,0x0000,outside_scope,,0
ttnn_device,0x4082,0x8551,0x807f,0x0000,outside_scope,,0
ttnn_device,0x4082,0x0552,0x007f,0x0000,outside_scope,,0
ttnn_device,0x4082,0x8552,0x807f,0x0000,outside_scope,,0
ttnn_device,0x4082,0x0553,0x0080,0x0000,finite_normal_output,0,0
ttnn_device,0x4082,0x8553,0x8080,0x0000,finite_normal_output,0,0
ttnn_device,0x4083,0x3f80,0x3a92,0x3a92,finite_normal_output,1,0
ttnn_device,0x4083,0x4080,0x3b92,0x3b92,finite_normal_output,1,0
ttnn_device,0x4083,0x4380,0x3e92,0x3e92,finite_normal_output,1,0
ttnn_device,0x4083,0x4f80,0x4a92,0x4a92,finite_normal_output,1,0
ttnn_device,0x4083,0x7f7f,0x7a91,0x7a91,finite_normal_output,1,0
ttnn_device,0x4083,0xff7f,0xfa91,0xfa91,finite_normal_output,1,0
ttnn_device,0x4083,0x055f,0x007f,0x0000,outside_scope,,0
ttnn_device,0x4083,0x855f,0x807f,0x0000,outside_scope,,0
ttnn_device,0x4083,0x0560,0x0080,0x0000,finite_normal_output,0,0
ttnn_device,0x4083,0x8560,0x8080,0x0000,finite_normal_output,0,0
ttnn_device,0x4083,0x0561,0x0080,0x0080,finite_normal_output,1,1
ttnn_device,0x4083,0x8561,0x8080,0x8080,finite_normal_output,1,0
ttnn_device,0x4084,0x3f80,0x3a89,0x3a89,finite_normal_output,1,0
ttnn_device,0x4084,0x4080,0x3b89,0x3b89,finite_normal_output,1,0
ttnn_device,0x4084,0x4380,0x3e89,0x3e89,finite_normal_output,1,0
ttnn_device,0x4084,0x4f80,0x4a89,0x4a89,finite_normal_output,1,0
ttnn_device,0x4084,0x7f7f,0x7a88,0x7a88,finite_normal_output,1,0
ttnn_device,0x4084,0xff7f,0xfa88,0xfa88,finite_normal_output,1,0
ttnn_device,0x4084,0x056d,0x007f,0x0000,outside_scope,,0
ttnn_device,0x4084,0x856d,0x807f,0x0000,outside_scope,,0
ttnn_device,0x4084,0x056e,0x007f,0x0000,outside_scope,,0
ttnn_device,0x4084,0x856e,0x807f,0x0000,outside_scope,,0
ttnn_device,0x4084,0x056f,0x0080,0x0000,finite_normal_output,0,0
ttnn_device,0x4084,0x856f,0x8080,0x0000,finite_normal_output,0,0
ttnn_device,0x4085,0x3f80,0x3a81,0x3a81,finite_normal_output,1,0
ttnn_device,0x4085,0x4080,0x3b81,0x3b81,finite_normal_output,1,0
ttnn_device,0x4085,0x4380,0x3e81,0x3e81,finite_normal_output,1,0
ttnn_device,0x4085,0x4f80,0x4a81,0x4a81,finite_normal_output,1,0
ttnn_device,0x4085,0x7f7f,0x7a80,0x7a80,finite_normal_output,1,0
ttnn_device,0x4085,0xff7f,0xfa80,0xfa80,finite_normal_output,1,0
ttnn_device,0x4085,0x057d,0x007f,0x0000,outside_scope,,0
ttnn_device,0x4085,0x857d,0x807f,0x0000,outside_scope,,0
ttnn_device,0x4085,0x057e,0x0080,0x0000,finite_normal_output,0,0
ttnn_device,0x4085,0x857e,0x8080,0x0000,finite_normal_output,0,0
ttnn_device,0x4085,0x057f,0x0080,0x0080,finite_normal_output,1,0
ttnn_device,0x4085,0x857f,0x8080,0x8080,finite_normal_output,1,0
ttnn_device,0x4086,0x3f80,0x3a72,0x3a72,finite_normal_output,1,0
ttnn_device,0x4086,0x4080,0x3b72,0x3b72,finite_normal_output,1,0
ttnn_device,0x4086,0x4380,0x3e72,0x3e72,finite_normal_output,1,0
ttnn_device,0x4086,0x4f80,0x4a72,0x4a72,finite_normal_output,1,0
ttnn_device,0x4086,0x7f7f,0x7a71,0x7a71,finite_normal_output,1,0
ttnn_device,0x4086,0xff7f,0xfa71,0xfa71,finite_normal_output,1,0
ttnn_device,0x4086,0x0586,0x007e,0x0000,outside_scope,,0
ttnn_device,0x4086,0x8586,0x807e,0x0000,outside_scope,,0
ttnn_device,0x4086,0x0587,0x007f,0x0000,outside_scope,,0
ttnn_device,0x4086,0x8587,0x807f,0x0000,outside_scope,,0
ttnn_device,0x4086,0x0588,0x0080,0x0081,finite_normal_output,1,0
ttnn_device,0x4086,0x8588,0x8080,0x8081,finite_normal_output,1,0
ttnn_device,0x4087,0x3f80,0x3a63,0x3a63,finite_normal_output,1,0
ttnn_device,0x4087,0x4080,0x3b63,0x3b63,finite_normal_output,1,0
ttnn_device,0x4087,0x4380,0x3e63,0x3e63,finite_normal_output,1,0
ttnn_device,0x4087,0x4f80,0x4a63,0x4a63,finite_normal_output,1,0
ttnn_device,0x4087,0x7f7f,0x7a62,0x7a62,finite_normal_output,1,0
ttnn_device,0x4087,0xff7f,0xfa62,0xfa62,finite_normal_output,1,0
ttnn_device,0x4087,0x058f,0x007f,0x0000,outside_scope,,0
ttnn_device,0x4087,0x858f,0x807f,0x0000,outside_scope,,0
ttnn_device,0x4087,0x0590,0x0080,0x0000,finite_normal_output,0,0
ttnn_device,0x4087,0x8590,0x8080,0x0000,finite_normal_output,0,0
ttnn_device,0x4087,0x0591,0x0081,0x0081,finite_normal_output,1,1
ttnn_device,0x4087,0x8591,0x8081,0x8081,finite_normal_output,1,0
ttnn_device,0x4088,0x3f80,0x3a55,0x3a55,finite_normal_output,1,0
ttnn_device,0x4088,0x4080,0x3b55,0x3b55,finite_normal_output,1,0
ttnn_device,0x4088,0x4380,0x3e55,0x3e55,finite_normal_output,1,0
ttnn_device,0x4088,0x4f80,0x4a55,0x4a55,finite_normal_output,1,0
ttnn_device,0x4088,0x7f7f,0x7a54,0x7a54,finite_normal_output,1,0
ttnn_device,0x4088,0xff7f,0xfa54,0xfa54,finite_normal_output,1,0
ttnn_device,0x4088,0x0598,0x007f,0x0000,outside_scope,,0
ttnn_device,0x4088,0x8598,0x807f,0x0000,outside_scope,,0
ttnn_device,0x4088,0x0599,0x007f,0x0000,outside_scope,,0
ttnn_device,0x4088,0x8599,0x807f,0x0000,outside_scope,,0
ttnn_device,0x4088,0x059a,0x0080,0x0080,finite_normal_output,1,0
ttnn_device,0x4088,0x859a,0x8080,0x8080,finite_normal_output,1,0
ttnn_device,0x4089,0x3f80,0x3a48,0x3a48,finite_normal_output,1,0
ttnn_device,0x4089,0x4080,0x3b48,0x3b48,finite_normal_output,1,0
ttnn_device,0x4089,0x4380,0x3e48,0x3e48,finite_normal_output,1,0
ttnn_device,0x4089,0x4f80,0x4a48,0x4a48,finite_normal_output,1,0
ttnn_device,0x4089,0x7f7f,0x7a48,0x7a47,finite_normal_output,1,0
ttnn_device,0x4089,0xff7f,0xfa48,0xfa47,finite_normal_output,1,0
ttnn_device,0x4089,0x05a2,0x007f,0x0000,outside_scope,,0
ttnn_device,0x4089,0x85a2,0x807f,0x0000,outside_scope,,0
ttnn_device,0x4089,0x05a3,0x0080,0x0000,finite_normal_output,0,0
ttnn_device,0x4089,0x85a3,0x8080,0x0000,finite_normal_output,0,0
ttnn_device,0x4089,0x05a4,0x0080,0x0080,finite_normal_output,1,0
ttnn_device,0x4089,0x85a4,0x8080,0x8080,finite_normal_output,1,0
ttnn_device,0x408a,0x3f80,0x3a3c,0x3a3c,finite_normal_output,1,0
ttnn_device,0x408a,0x4080,0x3b3c,0x3b3c,finite_normal_output,1,0
ttnn_device,0x408a,0x4380,0x3e3c,0x3e3c,finite_normal_output,1,0
ttnn_device,0x408a,0x4f80,0x4a3c,0x4a3c,finite_normal_output,1,0
ttnn_device,0x408a,0x7f7f,0x7a3b,0x7a3b,finite_normal_output,1,0
ttnn_device,0x408a,0xff7f,0xfa3b,0xfa3b,finite_normal_output,1,0
ttnn_device,0x408a,0x05ac,0x007e,0x0000,outside_scope,,0
ttnn_device,0x408a,0x85ac,0x807e,0x0000,outside_scope,,0
ttnn_device,0x408a,0x05ad,0x007f,0x0000,outside_scope,,0
ttnn_device,0x408a,0x85ad,0x807f,0x0000,outside_scope,,0
ttnn_device,0x408a,0x05ae,0x0080,0x0000,finite_normal_output,0,0
ttnn_device,0x408a,0x85ae,0x8080,0x0000,finite_normal_output,0,0
ttnn_device,0x408b,0x3f80,0x3a31,0x3a31,finite_normal_output,1,0
ttnn_device,0x408b,0x4080,0x3b31,0x3b31,finite_normal_output,1,0
ttnn_device,0x408b,0x4380,0x3e31,0x3e31,finite_normal_output,1,0
ttnn_device,0x408b,0x4f80,0x4a31,0x4a31,finite_normal_output,1,0
ttnn_device,0x408b,0x7f7f,0x7a30,0x7a30,finite_normal_output,1,0
ttnn_device,0x408b,0xff7f,0xfa30,0xfa30,finite_normal_output,1,0
ttnn_device,0x408b,0x05b8,0x007f,0x0000,outside_scope,,0
ttnn_device,0x408b,0x85b8,0x807f,0x0000,outside_scope,,0
ttnn_device,0x408b,0x05b9,0x0080,0x0000,finite_normal_output,0,0
ttnn_device,0x408b,0x85b9,0x8080,0x0000,finite_normal_output,0,0
ttnn_device,0x408b,0x05ba,0x0080,0x0081,finite_normal_output,1,0
ttnn_device,0x408b,0x85ba,0x8080,0x8081,finite_normal_output,1,1
ttnn_device,0x408c,0x3f80,0x3a26,0x3a26,finite_normal_output,1,0
ttnn_device,0x408c,0x4080,0x3b26,0x3b26,finite_normal_output,1,0
ttnn_device,0x408c,0x4380,0x3e26,0x3e26,finite_normal_output,1,0
ttnn_device,0x408c,0x4f80,0x4a26,0x4a26,finite_normal_output,1,0
ttnn_device,0x408c,0x7f7f,0x7a25,0x7a25,finite_normal_output,1,0
ttnn_device,0x408c,0xff7f,0xfa25,0xfa25,finite_normal_output,1,0
ttnn_device,0x408c,0x05c4,0x007f,0x0000,outside_scope,,0
ttnn_device,0x408c,0x85c4,0x807f,0x0000,outside_scope,,0
ttnn_device,0x408c,0x05c5,0x0080,0x0000,finite_normal_output,0,0
ttnn_device,0x408c,0x85c5,0x8080,0x0000,finite_normal_output,0,0
ttnn_device,0x408c,0x05c6,0x0080,0x0080,finite_normal_output,1,0
ttnn_device,0x408c,0x85c6,0x8080,0x8080,finite_normal_output,1,0
ttnn_device,0x408d,0x3f80,0x3a1c,0x3a1c,finite_normal_output,1,0
ttnn_device,0x408d,0x4080,0x3b1c,0x3b1c,finite_normal_output,1,0
ttnn_device,0x408d,0x4380,0x3e1c,0x3e1c,finite_normal_output,1,0
ttnn_device,0x408d,0x4f80,0x4a1c,0x4a1c,finite_normal_output,1,0
ttnn_device,0x408d,0x7f7f,0x7a1b,0x7a1b,finite_normal_output,1,0
ttnn_device,0x408d,0xff7f,0xfa1b,0xfa1b,finite_normal_output,1,0
ttnn_device,0x408d,0x05d0,0x007f,0x0000,outside_scope,,0
ttnn_device,0x408d,0x85d0,0x807f,0x0000,outside_scope,,0
ttnn_device,0x408d,0x05d1,0x007f,0x0000,outside_scope,,0
ttnn_device,0x408d,0x85d1,0x807f,0x0000,outside_scope,,0
ttnn_device,0x408d,0x05d2,0x0080,0x0000,finite_normal_output,0,0
ttnn_device,0x408d,0x85d2,0x8080,0x0000,finite_normal_output,0,0
ttnn_device,0x408e,0x3f80,0x3a13,0x3a13,finite_normal_output,1,0
ttnn_device,0x408e,0x4080,0x3b13,0x3b13,finite_normal_output,1,0
ttnn_device,0x408e,0x4380,0x3e13,0x3e13,finite_normal_output,1,0
ttnn_device,0x408e,0x4f80,0x4a13,0x4a13,finite_normal_output,1,0
ttnn_device,0x408e,0x7f7f,0x7a12,0x7a12,finite_normal_output,1,0
ttnn_device,0x408e,0xff7f,0xfa12,0xfa12,finite_normal_output,1,0
ttnn_device,0x408e,0x05de,0x007f,0x0000,outside_scope,,0
ttnn_device,0x408e,0x85de,0x807f,0x0000,outside_scope,,0
ttnn_device,0x408e,0x05df,0x0080,0x0080,finite_normal_output,1,0
ttnn_device,0x408e,0x85df,0x8080,0x8080,finite_normal_output,1,0
ttnn_device,0x408e,0x05e0,0x0080,0x0081,finite_normal_output,1,0
ttnn_device,0x408e,0x85e0,0x8080,0x8081,finite_normal_output,1,0
ttnn_device,0x408f,0x3f80,0x3a0a,0x3a0a,finite_normal_output,1,0
ttnn_device,0x408f,0x4080,0x3b0a,0x3b0a,finite_normal_output,1,0
ttnn_device,0x408f,0x4380,0x3e0a,0x3e0a,finite_normal_output,1,0
ttnn_device,0x408f,0x4f80,0x4a0a,0x4a0a,finite_normal_output,1,0
ttnn_device,0x408f,0x7f7f,0x7a09,0x7a09,finite_normal_output,1,0
ttnn_device,0x408f,0xff7f,0xfa09,0xfa09,finite_normal_output,1,0
ttnn_device,0x408f,0x05ec,0x007f,0x0000,outside_scope,,0
ttnn_device,0x408f,0x85ec,0x807f,0x0000,outside_scope,,0
ttnn_device,0x408f,0x05ed,0x007f,0x0000,outside_scope,,0
ttnn_device,0x408f,0x85ed,0x807f,0x0000,outside_scope,,0
ttnn_device,0x408f,0x05ee,0x0080,0x0080,finite_normal_output,1,0
ttnn_device,0x408f,0x85ee,0x8080,0x8080,finite_normal_output,1,1
ttnn_device,0x4090,0x3f80,0x3a01,0x3a01,finite_normal_output,1,0
ttnn_device,0x4090,0x4080,0x3b01,0x3b01,finite_normal_output,1,0
ttnn_device,0x4090,0x4380,0x3e01,0x3e01,finite_normal_output,1,0
ttnn_device,0x4090,0x4f80,0x4a01,0x4a01,finite_normal_output,1,0
ttnn_device,0x4090,0x7f7f,0x7a01,0x7a00,finite_normal_output,1,0
ttnn_device,0x4090,0xff7f,0xfa01,0xfa00,finite_normal_output,1,0
ttnn_device,0x4090,0x05fb,0x007f,0x0000,outside_scope,,0
ttnn_device,0x4090,0x85fb,0x807f,0x0000,outside_scope,,0
ttnn_device,0x4090,0x05fc,0x007f,0x0000,outside_scope,,0
ttnn_device,0x4090,0x85fc,0x807f,0x0000,outside_scope,,0
ttnn_device,0x4090,0x05fd,0x0080,0x0000,finite_normal_output,0,0
ttnn_device,0x4090,0x85fd,0x8080,0x0000,finite_normal_output,0,0
ttnn_device,0x4091,0x3f80,0x39f3,0x39f3,finite_normal_output,1,0
ttnn_device,0x4091,0x4080,0x3af3,0x3af3,finite_normal_output,1,0
ttnn_device,0x4091,0x4380,0x3df3,0x3df3,finite_normal_output,1,0
ttnn_device,0x4091,0x4f80,0x49f3,0x49f3,finite_normal_output,1,0
ttnn_device,0x4091,0x7f7f,0x79f2,0x79f2,finite_normal_output,1,0
ttnn_device,0x4091,0xff7f,0xf9f2,0xf9f2,finite_normal_output,1,0
ttnn_device,0x4091,0x0605,0x007e,0x0000,outside_scope,,0
ttnn_device,0x4091,0x8605,0x807e,0x0000,outside_scope,,0
ttnn_device,0x4091,0x0606,0x007f,0x0000,outside_scope,,0
ttnn_device,0x4091,0x8606,0x807f,0x0000,outside_scope,,0
ttnn_device,0x4091,0x0607,0x0080,0x0080,finite_normal_output,1,0
ttnn_device,0x4091,0x8607,0x8080,0x8080,finite_normal_output,1,0
ttnn_device,0x4092,0x3f80,0x39e4,0x39e4,finite_normal_output,1,0
ttnn_device,0x4092,0x4080,0x3ae4,0x3ae4,finite_normal_output,1,0
ttnn_device,0x4092,0x4380,0x3de4,0x3de4,finite_normal_output,1,0
ttnn_device,0x4092,0x4f80,0x49e4,0x49e4,finite_normal_output,1,0
ttnn_device,0x4092,0x7f7f,0x79e3,0x79e3,finite_normal_output,1,0
ttnn_device,0x4092,0xff7f,0xf9e3,0xf9e3,finite_normal_output,1,0
ttnn_device,0x4092,0x060e,0x007f,0x0000,outside_scope,,0
ttnn_device,0x4092,0x860e,0x807f,0x0000,outside_scope,,0
ttnn_device,0x4092,0x060f,0x0080,0x0000,finite_normal_output,0,0
ttnn_device,0x4092,0x860f,0x8080,0x0000,finite_normal_output,0,0
ttnn_device,0x4092,0x0610,0x0080,0x0080,finite_normal_output,1,0
ttnn_device,0x4092,0x8610,0x8080,0x8080,finite_normal_output,1,0
ttnn_device,0x4093,0x3f80,0x39d7,0x39d7,finite_normal_output,1,0
ttnn_device,0x4093,0x4080,0x3ad7,0x3ad7,finite_normal_output,1,0
ttnn_device,0x4093,0x4380,0x3dd7,0x3dd7,finite_normal_output,1,0
ttnn_device,0x4093,0x4f80,0x49d7,0x49d7,finite_normal_output,1,0
ttnn_device,0x4093,0x7f7f,0x79d6,0x79d6,finite_normal_output,1,0
ttnn_device,0x4093,0xff7f,0xf9d6,0xf9d6,finite_normal_output,1,0
ttnn_device,0x4093,0x0617,0x007f,0x0000,outside_scope,,0
ttnn_device,0x4093,0x8617,0x807f,0x0000,outside_scope,,0
ttnn_device,0x4093,0x0618,0x007f,0x0000,outside_scope,,0
ttnn_device,0x4093,0x8618,0x807f,0x0000,outside_scope,,0
ttnn_device,0x4093,0x0619,0x0080,0x0080,finite_normal_output,1,0
ttnn_device,0x4093,0x8619,0x8080,0x8080,finite_normal_output,1,0
ttnn_device,0x4094,0x3f80,0x39ca,0x39ca,finite_normal_output,1,0
ttnn_device,0x4094,0x4080,0x3aca,0x3aca,finite_normal_output,1,0
ttnn_device,0x4094,0x4380,0x3dca,0x3dca,finite_normal_output,1,1
ttnn_device,0x4094,0x4f80,0x49ca,0x49ca,finite_normal_output,1,0
ttnn_device,0x4094,0x7f7f,0x79c9,0x79c9,finite_normal_output,1,0
ttnn_device,0x4094,0xff7f,0xf9c9,0xf9c9,finite_normal_output,1,0
ttnn_device,0x4094,0x0621,0x007f,0x0000,outside_scope,,0
ttnn_device,0x4094,0x8621,0x807f,0x0000,outside_scope,,0
ttnn_device,0x4094,0x0622,0x0080,0x0000,finite_normal_output,0,0
ttnn_device,0x4094,0x8622,0x8080,0x0000,finite_normal_output,0,0
ttnn_device,0x4094,0x0623,0x0080,0x0081,finite_normal_output,1,0
ttnn_device,0x4094,0x8623,0x8080,0x8081,finite_normal_output,1,0
ttnn_device,0x4095,0x3f80,0x39bd,0x39bd,finite_normal_output,1,0
ttnn_device,0x4095,0x4080,0x3abd,0x3abd,finite_normal_output,1,0
ttnn_device,0x4095,0x4380,0x3dbd,0x3dbd,finite_normal_output,1,0
ttnn_device,0x4095,0x4f80,0x49bd,0x49bd,finite_normal_output,1,0
ttnn_device,0x4095,0x7f7f,0x79bd,0x79bc,finite_normal_output,1,0
ttnn_device,0x4095,0xff7f,0xf9bd,0xf9bc,finite_normal_output,1,0
ttnn_device,0x4095,0x062b,0x007e,0x0000,outside_scope,,0
ttnn_device,0x4095,0x862b,0x807e,0x0000,outside_scope,,0
ttnn_device,0x4095,0x062c,0x007f,0x0000,outside_scope,,0
ttnn_device,0x4095,0x862c,0x807f,0x0000,outside_scope,,0
ttnn_device,0x4095,0x062d,0x0080,0x0000,finite_normal_output,0,0
ttnn_device,0x4095,0x862d,0x8080,0x0000,finite_normal_output,0,0
ttnn_device,0x4096,0x3f80,0x39b2,0x39b2,finite_normal_output,1,0
ttnn_device,0x4096,0x4080,0x3ab2,0x3ab2,finite_normal_output,1,0
ttnn_device,0x4096,0x4380,0x3db2,0x3db2,finite_normal_output,1,0
ttnn_device,0x4096,0x4f80,0x49b2,0x49b2,finite_normal_output,1,0
ttnn_device,0x4096,0x7f7f,0x79b1,0x79b1,finite_normal_output,1,0
ttnn_device,0x4096,0xff7f,0xf9b1,0xf9b1,finite_normal_output,1,0
ttnn_device,0x4096,0x0637,0x007f,0x0000,outside_scope,,0
ttnn_device,0x4096,0x8637,0x807f,0x0000,outside_scope,,0
ttnn_device,0x4096,0x0638,0x0080,0x0000,finite_normal_output,0,0
ttnn_device,0x4096,0x8638,0x8080,0x0000,finite_normal_output,0,0
ttnn_device,0x4096,0x0639,0x0081,0x0081,finite_normal_output,1,0
ttnn_device,0x4096,0x8639,0x8081,0x8081,finite_normal_output,1,0
ttnn_device,0x4097,0x3f80,0x39a7,0x39a7,finite_normal_output,1,0
ttnn_device,0x4097,0x4080,0x3aa7,0x3aa7,finite_normal_output,1,0
ttnn_device,0x4097,0x4380,0x3da7,0x3da7,finite_normal_output,1,0
ttnn_device,0x4097,0x4f80,0x49a7,0x49a7,finite_normal_output,1,0
ttnn_device,0x4097,0x7f7f,0x79a6,0x79a6,finite_normal_output,1,0
ttnn_device,0x4097,0xff7f,0xf9a6,0xf9a6,finite_normal_output,1,0
ttnn_device,0x4097,0x0642,0x007f,0x0000,outside_scope,,0
ttnn_device,0x4097,0x8642,0x807f,0x0000,outside_scope,,0
ttnn_device,0x4097,0x0643,0x007f,0x0000,outside_scope,,0
ttnn_device,0x4097,0x8643,0x807f,0x0000,outside_scope,,0
ttnn_device,0x4097,0x0644,0x0080,0x0000,finite_normal_output,0,0
ttnn_device,0x4097,0x8644,0x8080,0x0000,finite_normal_output,0,0
ttnn_device,0x4098,0x3f80,0x399d,0x399d,finite_normal_output,1,0
ttnn_device,0x4098,0x4080,0x3a9d,0x3a9d,finite_normal_output,1,0
ttnn_device,0x4098,0x4380,0x3d9d,0x3d9d,finite_normal_output,1,1
ttnn_device,0x4098,0x4f80,0x499d,0x499d,finite_normal_output,1,0
ttnn_device,0x4098,0x7f7f,0x799c,0x799c,finite_normal_output,1,0
ttnn_device,0x4098,0xff7f,0xf99c,0xf99c,finite_normal_output,1,0
ttnn_device,0x4098,0x064f,0x007f,0x0000,outside_scope,,0
ttnn_device,0x4098,0x864f,0x807f,0x0000,outside_scope,,0
ttnn_device,0x4098,0x0650,0x0080,0x0000,finite_normal_output,0,0
ttnn_device,0x4098,0x8650,0x8080,0x0000,finite_normal_output,0,0
ttnn_device,0x4098,0x0651,0x0080,0x0080,finite_normal_output,1,0
ttnn_device,0x4098,0x8651,0x8080,0x8080,finite_normal_output,1,0
ttnn_device,0x4099,0x3f80,0x3993,0x3993,finite_normal_output,1,0
ttnn_device,0x4099,0x4080,0x3a93,0x3a93,finite_normal_output,1,0
ttnn_device,0x4099,0x4380,0x3d93,0x3d93,finite_normal_output,1,0
ttnn_device,0x4099,0x4f80,0x4993,0x4993,finite_normal_output,1,0
ttnn_device,0x4099,0x7f7f,0x7993,0x7992,finite_normal_output,1,0
ttnn_device,0x4099,0xff7f,0xf993,0xf992,finite_normal_output,1,0
ttnn_device,0x4099,0x065c,0x007f,0x0000,outside_scope,,0
ttnn_device,0x4099,0x865c,0x807f,0x0000,outside_scope,,0
ttnn_device,0x4099,0x065d,0x007f,0x0000,outside_scope,,0
ttnn_device,0x4099,0x865d,0x807f,0x0000,outside_scope,,0
ttnn_device,0x4099,0x065e,0x0080,0x0000,finite_normal_output,0,0
ttnn_device,0x4099,0x865e,0x8080,0x0000,finite_normal_output,0,0
ttnn_device,0x409a,0x3f80,0x398b,0x398b,finite_normal_output,1,0
ttnn_device,0x409a,0x4080,0x3a8b,0x3a8b,finite_normal_output,1,0
ttnn_device,0x409a,0x4380,0x3d8b,0x3d8b,finite_normal_output,1,0
ttnn_device,0x409a,0x4f80,0x498b,0x498b,finite_normal_output,1,0
ttnn_device,0x409a,0x7f7f,0x798a,0x798a,finite_normal_output,1,0
ttnn_device,0x409a,0xff7f,0xf98a,0xf98a,finite_normal_output,1,0
ttnn_device,0x409a,0x066b,0x007f,0x0000,outside_scope,,0
ttnn_device,0x409a,0x866b,0x807f,0x0000,outside_scope,,0
ttnn_device,0x409a,0x066c,0x0080,0x0080,finite_normal_output,1,0
ttnn_device,0x409a,0x866c,0x8080,0x8080,finite_normal_output,1,0
ttnn_device,0x409a,0x066d,0x0080,0x0081,finite_normal_output,1,0
ttnn_device,0x409a,0x866d,0x8080,0x8081,finite_normal_output,1,0
ttnn_device,0x409b,0x3f80,0x3982,0x3982,finite_normal_output,1,0
ttnn_device,0x409b,0x4080,0x3a82,0x3a82,finite_normal_output,1,0
ttnn_device,0x409b,0x4380,0x3d82,0x3d82,finite_normal_output,1,0
ttnn_device,0x409b,0x4f80,0x4982,0x4982,finite_normal_output,1,0
ttnn_device,0x409b,0x7f7f,0x7982,0x7981,finite_normal_output,1,0
ttnn_device,0x409b,0xff7f,0xf982,0xf981,finite_normal_output,1,0
ttnn_device,0x409b,0x067a,0x007f,0x0000,outside_scope,,0
ttnn_device,0x409b,0x867a,0x807f,0x0000,outside_scope,,0
ttnn_device,0x409b,0x067b,0x0080,0x0000,finite_normal_output,0,0
ttnn_device,0x409b,0x867b,0x8080,0x0000,finite_normal_output,0,0
ttnn_device,0x409b,0x067c,0x0080,0x0000,finite_normal_output,0,0
ttnn_device,0x409b,0x867c,0x8080,0x0000,finite_normal_output,0,0
ttnn_device,0x409c,0x3f80,0x3974,0x3975,finite_normal_output,1,0
ttnn_device,0x409c,0x4080,0x3a74,0x3a75,finite_normal_output,1,1
ttnn_device,0x409c,0x4380,0x3d74,0x3d75,finite_normal_output,1,0
ttnn_device,0x409c,0x4f80,0x4974,0x4975,finite_normal_output,1,0
ttnn_device,0x409c,0x7f7f,0x7974,0x7974,finite_normal_output,1,0
ttnn_device,0x409c,0xff7f,0xf974,0xf974,finite_normal_output,1,0
ttnn_device,0x409c,0x0685,0x007f,0x0000,outside_scope,,0
ttnn_device,0x409c,0x8685,0x807f,0x0000,outside_scope,,0
ttnn_device,0x409c,0x0686,0x0080,0x0080,finite_normal_output,1,0
ttnn_device,0x409c,0x8686,0x8080,0x8080,finite_normal_output,1,0
ttnn_device,0x409c,0x0687,0x0081,0x0081,finite_normal_output,1,0
ttnn_device,0x409c,0x8687,0x8081,0x8081,finite_normal_output,1,0
ttnn_device,0x409d,0x3f80,0x3966,0x3966,finite_normal_output,1,0
ttnn_device,0x409d,0x4080,0x3a66,0x3a66,finite_normal_output,1,0
ttnn_device,0x409d,0x4380,0x3d66,0x3d66,finite_normal_output,1,0
ttnn_device,0x409d,0x4f80,0x4966,0x4966,finite_normal_output,1,0
ttnn_device,0x409d,0x7f7f,0x7965,0x7965,finite_normal_output,1,0
ttnn_device,0x409d,0xff7f,0xf965,0xf965,finite_normal_output,1,0
ttnn_device,0x409d,0x068d,0x007e,0x0000,outside_scope,,0
ttnn_device,0x409d,0x868d,0x807e,0x0000,outside_scope,,0
ttnn_device,0x409d,0x068e,0x007f,0x0000,outside_scope,,0
ttnn_device,0x409d,0x868e,0x807f,0x0000,outside_scope,,0
ttnn_device,0x409d,0x068f,0x0080,0x0080,finite_normal_output,1,0
ttnn_device,0x409d,0x868f,0x8080,0x8080,finite_normal_output,1,0
ttnn_device,0x409e,0x3f80,0x3958,0x3958,finite_normal_output,1,0
ttnn_device,0x409e,0x4080,0x3a58,0x3a58,finite_normal_output,1,0
ttnn_device,0x409e,0x4380,0x3d58,0x3d58,finite_normal_output,1,0
ttnn_device,0x409e,0x4f80,0x4958,0x4958,finite_normal_output,1,0
ttnn_device,0x409e,0x7f7f,0x7957,0x7957,finite_normal_output,1,0
ttnn_device,0x409e,0xff7f,0xf957,0xf957,finite_normal_output,1,0
ttnn_device,0x409e,0x0696,0x007e,0x0000,outside_scope,,0
ttnn_device,0x409e,0x8696,0x807e,0x0000,outside_scope,,0
ttnn_device,0x409e,0x0697,0x007f,0x0000,outside_scope,,0
ttnn_device,0x409e,0x8697,0x807f,0x0000,outside_scope,,0
ttnn_device,0x409e,0x0698,0x0080,0x0080,finite_normal_output,1,0
ttnn_device,0x409e,0x8698,0x8080,0x8080,finite_normal_output,1,0
ttnn_device,0x409f,0x3f80,0x394b,0x394b,finite_normal_output,1,0
ttnn_device,0x409f,0x4080,0x3a4b,0x3a4b,finite_normal_output,1,0
ttnn_device,0x409f,0x4380,0x3d4b,0x3d4b,finite_normal_output,1,0
ttnn_device,0x409f,0x4f80,0x494b,0x494b,finite_normal_output,1,0
ttnn_device,0x409f,0x7f7f,0x794a,0x794a,finite_normal_output,1,0
ttnn_device,0x409f,0xff7f,0xf94a,0xf94a,finite_normal_output,1,0
ttnn_device,0x409f,0x06a0,0x007f,0x0000,outside_scope,,0
ttnn_device,0x409f,0x86a0,0x807f,0x0000,outside_scope,,0
ttnn_device,0x409f,0x06a1,0x007f,0x0000,outside_scope,,0
ttnn_device,0x409f,0x86a1,0x807f,0x0000,outside_scope,,0
ttnn_device,0x409f,0x06a2,0x0080,0x0080,finite_normal_output,1,0
ttnn_device,0x409f,0x86a2,0x8080,0x8080,finite_normal_output,1,0
ttnn_device,0x40a0,0x3f80,0x393e,0x393e,finite_normal_output,1,0
ttnn_device,0x40a0,0x4080,0x3a3e,0x3a3e,finite_normal_output,1,0
ttnn_device,0x40a0,0x4380,0x3d3e,0x3d3e,finite_normal_output,1,0
ttnn_device,0x40a0,0x4f80,0x493e,0x493e,finite_normal_output,1,1
ttnn_device,0x40a0,0x7f7f,0x793e,0x793d,finite_normal_output,1,0
ttnn_device,0x40a0,0xff7f,0xf93e,0xf93d,finite_normal_output,1,0
ttnn_device,0x40a0,0x06aa,0x007e,0x0000,outside_scope,,0
ttnn_device,0x40a0,0x86aa,0x807e,0x0000,outside_scope,,0
ttnn_device,0x40a0,0x06ab,0x007f,0x0000,outside_scope,,0
ttnn_device,0x40a0,0x86ab,0x807f,0x0000,outside_scope,,0
ttnn_device,0x40a0,0x06ac,0x0080,0x0000,finite_normal_output,0,0
ttnn_device,0x40a0,0x86ac,0x8080,0x0000,finite_normal_output,0,0
ttnn_device,0x40a1,0x3f80,0x3933,0x3933,finite_normal_output,1,0
ttnn_device,0x40a1,0x4080,0x3a33,0x3a33,finite_normal_output,1,0
ttnn_device,0x40a1,0x4380,0x3d33,0x3d33,finite_normal_output,1,0
ttnn_device,0x40a1,0x4f80,0x4933,0x4933,finite_normal_output,1,0
ttnn_device,0x40a1,0x7f7f,0x7932,0x7932,finite_normal_output,1,0
ttnn_device,0x40a1,0xff7f,0xf932,0xf932,finite_normal_output,1,0
ttnn_device,0x40a1,0x06b5,0x007e,0x0000,outside_scope,,0
ttnn_device,0x40a1,0x86b5,0x807e,0x0000,outside_scope,,0
ttnn_device,0x40a1,0x06b6,0x007f,0x0000,outside_scope,,0
ttnn_device,0x40a1,0x86b6,0x807f,0x0000,outside_scope,,0
ttnn_device,0x40a1,0x06b7,0x0080,0x0000,finite_normal_output,0,0
ttnn_device,0x40a1,0x86b7,0x8080,0x0000,finite_normal_output,0,0
ttnn_device,0x40a2,0x3f80,0x3928,0x3928,finite_normal_output,1,0
ttnn_device,0x40a2,0x4080,0x3a28,0x3a28,finite_normal_output,1,0
ttnn_device,0x40a2,0x4380,0x3d28,0x3d28,finite_normal_output,1,0
ttnn_device,0x40a2,0x4f80,0x4928,0x4928,finite_normal_output,1,0
ttnn_device,0x40a2,0x7f7f,0x7927,0x7927,finite_normal_output,1,0
ttnn_device,0x40a2,0xff7f,0xf927,0xf927,finite_normal_output,1,0
ttnn_device,0x40a2,0x06c1,0x007f,0x0000,outside_scope,,0
ttnn_device,0x40a2,0x86c1,0x807f,0x0000,outside_scope,,0
ttnn_device,0x40a2,0x06c2,0x007f,0x0000,outside_scope,,0
ttnn_device,0x40a2,0x86c2,0x807f,0x0000,outside_scope,,0
ttnn_device,0x40a2,0x06c3,0x0080,0x0000,finite_normal_output,0,0
ttnn_device,0x40a2,0x86c3,0x8080,0x0000,finite_normal_output,0,0
ttnn_device,0x40a3,0x3f80,0x391e,0x391e,finite_normal_output,1,0
ttnn_device,0x40a3,0x4080,0x3a1e,0x3a1e,finite_normal_output,1,0
ttnn_device,0x40a3,0x4380,0x3d1e,0x3d1e,finite_normal_output,1,0
ttnn_device,0x40a3,0x4f80,0x491e,0x491e,finite_normal_output,1,0
ttnn_device,0x40a3,0x7f7f,0x791d,0x791d,finite_normal_output,1,0
ttnn_device,0x40a3,0xff7f,0xf91d,0xf91d,finite_normal_output,1,0
ttnn_device,0x40a3,0x06ce,0x007f,0x0000,outside_scope,,0
ttnn_device,0x40a3,0x86ce,0x807f,0x0000,outside_scope,,0
ttnn_device,0x40a3,0x06cf,0x0080,0x0000,finite_normal_output,0,0
ttnn_device,0x40a3,0x86cf,0x8080,0x0000,finite_normal_output,0,0
ttnn_device,0x40a3,0x06d0,0x0080,0x0080,finite_normal_output,1,0
ttnn_device,0x40a3,0x86d0,0x8080,0x8080,finite_normal_output,1,0
ttnn_device,0x40a4,0x3f80,0x3914,0x3914,finite_normal_output,1,0
ttnn_device,0x40a4,0x4080,0x3a14,0x3a14,finite_normal_output,1,0
ttnn_device,0x40a4,0x4380,0x3d14,0x3d14,finite_normal_output,1,0
ttnn_device,0x40a4,0x4f80,0x4914,0x4914,finite_normal_output,1,0
ttnn_device,0x40a4,0x7f7f,0x7914,0x7913,finite_normal_output,1,0
ttnn_device,0x40a4,0xff7f,0xf914,0xf913,finite_normal_output,1,0
ttnn_device,0x40a4,0x06db,0x007f,0x0000,outside_scope,,0
ttnn_device,0x40a4,0x86db,0x807f,0x0000,outside_scope,,0
ttnn_device,0x40a4,0x06dc,0x007f,0x0000,outside_scope,,0
ttnn_device,0x40a4,0x86dc,0x807f,0x0000,outside_scope,,0
ttnn_device,0x40a4,0x06dd,0x0080,0x0000,finite_normal_output,0,1
ttnn_device,0x40a4,0x86dd,0x8080,0x0000,finite_normal_output,0,0
ttnn_device,0x40a5,0x3f80,0x390b,0x390b,finite_normal_output,1,0
ttnn_device,0x40a5,0x4080,0x3a0b,0x3a0b,finite_normal_output,1,0
ttnn_device,0x40a5,0x4380,0x3d0b,0x3d0b,finite_normal_output,1,0
ttnn_device,0x40a5,0x4f80,0x490b,0x490b,finite_normal_output,1,0
ttnn_device,0x40a5,0x7f7f,0x790b,0x790a,finite_normal_output,1,0
ttnn_device,0x40a5,0xff7f,0xf90b,0xf90a,finite_normal_output,1,0
ttnn_device,0x40a5,0x06e9,0x007f,0x0000,outside_scope,,0
ttnn_device,0x40a5,0x86e9,0x807f,0x0000,outside_scope,,0
ttnn_device,0x40a5,0x06ea,0x007f,0x0000,outside_scope,,0
ttnn_device,0x40a5,0x86ea,0x807f,0x0000,outside_scope,,0
ttnn_device,0x40a5,0x06eb,0x0080,0x0000,finite_normal_output,0,0
ttnn_device,0x40a5,0x86eb,0x8080,0x0000,finite_normal_output,0,0
ttnn_device,0x40a6,0x3f80,0x3903,0x3903,finite_normal_output,1,0
ttnn_device,0x40a6,0x4080,0x3a03,0x3a03,finite_normal_output,1,0
ttnn_device,0x40a6,0x4380,0x3d03,0x3d03,finite_normal_output,1,0
ttnn_device,0x40a6,0x4f80,0x4903,0x4903,finite_normal_output,1,0
ttnn_device,0x40a6,0x7f7f,0x7902,0x7902,finite_normal_output,1,0
ttnn_device,0x40a6,0xff7f,0xf902,0xf902,finite_normal_output,1,0
ttnn_device,0x40a6,0x06f8,0x007f,0x0000,outside_scope,,0
ttnn_device,0x40a6,0x86f8,0x807f,0x0000,outside_scope,,0
ttnn_device,0x40a6,0x06f9,0x007f,0x0000,outside_scope,,0
ttnn_device,0x40a6,0x86f9,0x807f,0x0000,outside_scope,,0
ttnn_device,0x40a6,0x06fa,0x0080,0x0000,finite_normal_output,0,0
ttnn_device,0x40a6,0x86fa,0x8080,0x0000,finite_normal_output,0,0
ttnn_device,0x40a7,0x3f80,0x38f6,0x38f6,finite_normal_output,1,0
ttnn_device,0x40a7,0x4080,0x39f6,0x39f6,finite_normal_output,1,0
ttnn_device,0x40a7,0x4380,0x3cf6,0x3cf6,finite_normal_output,1,0
ttnn_device,0x40a7,0x4f80,0x48f6,0x48f6,finite_normal_output,1,0
ttnn_device,0x40a7,0x7f7f,0x78f5,0x78f5,finite_normal_output,1,0
ttnn_device,0x40a7,0xff7f,0xf8f5,0xf8f5,finite_normal_output,1,0
ttnn_device,0x40a7,0x0704,0x007f,0x0000,outside_scope,,0
ttnn_device,0x40a7,0x8704,0x807f,0x0000,outside_scope,,0
ttnn_device,0x40a7,0x0705,0x0080,0x0000,finite_normal_output,0,0
ttnn_device,0x40a7,0x8705,0x8080,0x0000,finite_normal_output,0,0
ttnn_device,0x40a7,0x0706,0x0081,0x0081,finite_normal_output,1,0
ttnn_device,0x40a7,0x8706,0x8081,0x8081,finite_normal_output,1,0
ttnn_device,0x40a8,0x3f80,0x38e7,0x38e7,finite_normal_output,1,0
ttnn_device,0x40a8,0x4080,0x39e7,0x39e7,finite_normal_output,1,0
ttnn_device,0x40a8,0x4380,0x3ce7,0x3ce7,finite_normal_output,1,0
ttnn_device,0x40a8,0x4f80,0x48e7,0x48e7,finite_normal_output,1,0
ttnn_device,0x40a8,0x7f7f,0x78e6,0x78e6,finite_normal_output,1,0
ttnn_device,0x40a8,0xff7f,0xf8e6,0xf8e6,finite_normal_output,1,0
ttnn_device,0x40a8,0x070c,0x007e,0x0000,outside_scope,,0
ttnn_device,0x40a8,0x870c,0x807e,0x0000,outside_scope,,0
ttnn_device,0x40a8,0x070d,0x007f,0x0000,outside_scope,,0
ttnn_device,0x40a8,0x870d,0x807f,0x0000,outside_scope,,0
ttnn_device,0x40a8,0x070e,0x0080,0x0080,finite_normal_output,1,0
ttnn_device,0x40a8,0x870e,0x8080,0x8080,finite_normal_output,1,0
ttnn_device,0x40a9,0x3f80,0x38d9,0x38d9,finite_normal_output,1,1
ttnn_device,0x40a9,0x4080,0x39d9,0x39d9,finite_normal_output,1,0
ttnn_device,0x40a9,0x4380,0x3cd9,0x3cd9,finite_normal_output,1,0
ttnn_device,0x40a9,0x4f80,0x48d9,0x48d9,finite_normal_output,1,0
ttnn_device,0x40a9,0x7f7f,0x78d8,0x78d8,finite_normal_output,1,0
ttnn_device,0x40a9,0xff7f,0xf8d8,0xf8d8,finite_normal_output,1,0
ttnn_device,0x40a9,0x0715,0x007e,0x0000,outside_scope,,0
ttnn_device,0x40a9,0x8715,0x807e,0x0000,outside_scope,,0
ttnn_device,0x40a9,0x0716,0x007f,0x0000,outside_scope,,0
ttnn_device,0x40a9,0x8716,0x807f,0x0000,outside_scope,,0
ttnn_device,0x40a9,0x0717,0x0080,0x0000,finite_normal_output,0,0
ttnn_device,0x40a9,0x8717,0x8080,0x0000,finite_normal_output,0,0
ttnn_device,0x40aa,0x3f80,0x38cc,0x38cc,finite_normal_output,1,0
ttnn_device,0x40aa,0x4080,0x39cc,0x39cc,finite_normal_output,1,0
ttnn_device,0x40aa,0x4380,0x3ccc,0x3ccc,finite_normal_output,1,0
ttnn_device,0x40aa,0x4f80,0x48cc,0x48cc,finite_normal_output,1,0
ttnn_device,0x40aa,0x7f7f,0x78cb,0x78cb,finite_normal_output,1,0
ttnn_device,0x40aa,0xff7f,0xf8cb,0xf8cb,finite_normal_output,1,0
ttnn_device,0x40aa,0x071f,0x007f,0x0000,outside_scope,,0
ttnn_device,0x40aa,0x871f,0x807f,0x0000,outside_scope,,0
ttnn_device,0x40aa,0x0720,0x007f,0x0000,outside_scope,,0
ttnn_device,0x40aa,0x8720,0x807f,0x0000,outside_scope,,0
ttnn_device,0x40aa,0x0721,0x0080,0x0080,finite_normal_output,1,0
ttnn_device,0x40aa,0x8721,0x8080,0x8080,finite_normal_output,1,0
ttnn_device,0x40ab,0x3f80,0x38bf,0x38c0,finite_normal_output,1,0
ttnn_device,0x40ab,0x4080,0x39bf,0x39c0,finite_normal_output,1,0
ttnn_device,0x40ab,0x4380,0x3cbf,0x3cc0,finite_normal_output,1,0
ttnn_device,0x40ab,0x4f80,0x48bf,0x48c0,finite_normal_output,1,0
ttnn_device,0x40ab,0x7f7f,0x78bf,0x78bf,finite_normal_output,1,0
ttnn_device,0x40ab,0xff7f,0xf8bf,0xf8bf,finite_normal_output,1,0
ttnn_device,0x40ab,0x0729,0x007e,0x0000,outside_scope,,0
ttnn_device,0x40ab,0x8729,0x807e,0x0000,outside_scope,,0
ttnn_device,0x40ab,0x072a,0x007f,0x0000,outside_scope,,0
ttnn_device,0x40ab,0x872a,0x807f,0x0000,outside_scope,,0
ttnn_device,0x40ab,0x072b,0x0080,0x0080,finite_normal_output,1,0
ttnn_device,0x40ab,0x872b,0x8080,0x8080,finite_normal_output,1,0
ttnn_device,0x40ac,0x3f80,0x38b4,0x38b4,finite_normal_output,1,0
ttnn_device,0x40ac,0x4080,0x39b4,0x39b4,finite_normal_output,1,0
ttnn_device,0x40ac,0x4380,0x3cb4,0x3cb4,finite_normal_output,1,0
ttnn_device,0x40ac,0x4f80,0x48b4,0x48b4,finite_normal_output,1,0
ttnn_device,0x40ac,0x7f7f,0x78b3,0x78b3,finite_normal_output,1,0
ttnn_device,0x40ac,0xff7f,0xf8b3,0xf8b3,finite_normal_output,1,0
ttnn_device,0x40ac,0x0734,0x007e,0x0000,outside_scope,,0
ttnn_device,0x40ac,0x8734,0x807e,0x0000,outside_scope,,0
ttnn_device,0x40ac,0x0735,0x007f,0x0000,outside_scope,,0
ttnn_device,0x40ac,0x8735,0x807f,0x0000,outside_scope,,0
ttnn_device,0x40ac,0x0736,0x0080,0x0000,finite_normal_output,0,0
ttnn_device,0x40ac,0x8736,0x8080,0x0000,finite_normal_output,0,0
ttnn_device,0x40ad,0x3f80,0x38a9,0x38a9,finite_normal_output,1,0
ttnn_device,0x40ad,0x4080,0x39a9,0x39a9,finite_normal_output,1,0
ttnn_device,0x40ad,0x4380,0x3ca9,0x3ca9,finite_normal_output,1,0
ttnn_device,0x40ad,0x4f80,0x48a9,0x48a9,finite_normal_output,1,0
ttnn_device,0x40ad,0x7f7f,0x78a8,0x78a8,finite_normal_output,1,0
ttnn_device,0x40ad,0xff7f,0xf8a8,0xf8a8,finite_normal_output,1,1
ttnn_device,0x40ad,0x0740,0x007f,0x0000,outside_scope,,0
ttnn_device,0x40ad,0x8740,0x807f,0x0000,outside_scope,,0
ttnn_device,0x40ad,0x0741,0x007f,0x0000,outside_scope,,0
ttnn_device,0x40ad,0x8741,0x807f,0x0000,outside_scope,,0
ttnn_device,0x40ad,0x0742,0x0080,0x0080,finite_normal_output,1,0
ttnn_device,0x40ad,0x8742,0x8080,0x8080,finite_normal_output,1,0
ttnn_device,0x40ae,0x3f80,0x389f,0x389f,finite_normal_output,1,0
ttnn_device,0x40ae,0x4080,0x399f,0x399f,finite_normal_output,1,0
ttnn_device,0x40ae,0x4380,0x3c9f,0x3c9f,finite_normal_output,1,0
ttnn_device,0x40ae,0x4f80,0x489f,0x489f,finite_normal_output,1,0
ttnn_device,0x40ae,0x7f7f,0x789e,0x789e,finite_normal_output,1,0
ttnn_device,0x40ae,0xff7f,0xf89e,0xf89e,finite_normal_output,1,0
ttnn_device,0x40ae,0x074d,0x007f,0x0000,outside_scope,,0
ttnn_device,0x40ae,0x874d,0x807f,0x0000,outside_scope,,0
ttnn_device,0x40ae,0x074e,0x0080,0x0000,finite_normal_output,0,0
ttnn_device,0x40ae,0x874e,0x8080,0x0000,finite_normal_output,0,0
ttnn_device,0x40ae,0x074f,0x0080,0x0081,finite_normal_output,1,0
ttnn_device,0x40ae,0x874f,0x8080,0x8081,finite_normal_output,1,0
ttnn_device,0x40af,0x3f80,0x3895,0x3895,finite_normal_output,1,0
ttnn_device,0x40af,0x4080,0x3995,0x3995,finite_normal_output,1,0
ttnn_device,0x40af,0x4380,0x3c95,0x3c95,finite_normal_output,1,0
ttnn_device,0x40af,0x4f80,0x4895,0x4895,finite_normal_output,1,0
ttnn_device,0x40af,0x7f7f,0x7895,0x7894,finite_normal_output,1,0
ttnn_device,0x40af,0xff7f,0xf895,0xf894,finite_normal_output,1,0
ttnn_device,0x40af,0x075a,0x007f,0x0000,outside_scope,,0
ttnn_device,0x40af,0x875a,0x807f,0x0000,outside_scope,,0
ttnn_device,0x40af,0x075b,0x0080,0x0000,finite_normal_output,0,0
ttnn_device,0x40af,0x875b,0x8080,0x0000,finite_normal_output,0,0
ttnn_device,0x40af,0x075c,0x0080,0x0080,finite_normal_output,1,0
ttnn_device,0x40af,0x875c,0x8080,0x8080,finite_normal_output,1,0
ttnn_device,0x40b0,0x3f80,0x388c,0x388c,finite_normal_output,1,0
ttnn_device,0x40b0,0x4080,0x398c,0x398c,finite_normal_output,1,0
ttnn_device,0x40b0,0x4380,0x3c8c,0x3c8c,finite_normal_output,1,0
ttnn_device,0x40b0,0x4f80,0x488c,0x488c,finite_normal_output,1,0
ttnn_device,0x40b0,0x7f7f,0x788c,0x788b,finite_normal_output,1,0
ttnn_device,0x40b0,0xff7f,0xf88c,0xf88b,finite_normal_output,1,0
ttnn_device,0x40b0,0x0768,0x007f,0x0000,outside_scope,,0
ttnn_device,0x40b0,0x8768,0x807f,0x0000,outside_scope,,0
ttnn_device,0x40b0,0x0769,0x0080,0x0000,finite_normal_output,0,0
ttnn_device,0x40b0,0x8769,0x8080,0x0000,finite_normal_output,0,0
ttnn_device,0x40b0,0x076a,0x0080,0x0000,finite_normal_output,0,0
ttnn_device,0x40b0,0x876a,0x8080,0x0000,finite_normal_output,0,0
ttnn_device,0x40b1,0x3f80,0x3884,0x3884,finite_normal_output,1,0
ttnn_device,0x40b1,0x4080,0x3984,0x3984,finite_normal_output,1,0
ttnn_device,0x40b1,0x4380,0x3c84,0x3c84,finite_normal_output,1,0
ttnn_device,0x40b1,0x4f80,0x4884,0x4884,finite_normal_output,1,1
ttnn_device,0x40b1,0x7f7f,0x7883,0x7883,finite_normal_output,1,0
ttnn_device,0x40b1,0xff7f,0xf883,0xf883,finite_normal_output,1,0
ttnn_device,0x40b1,0x0777,0x007f,0x0000,outside_scope,,0
ttnn_device,0x40b1,0x8777,0x807f,0x0000,outside_scope,,0
ttnn_device,0x40b1,0x0778,0x007f,0x0000,outside_scope,,0
ttnn_device,0x40b1,0x8778,0x807f,0x0000,outside_scope,,0
ttnn_device,0x40b1,0x0779,0x0080,0x0080,finite_normal_output,1,0
ttnn_device,0x40b1,0x8779,0x8080,0x8080,finite_normal_output,1,0
ttnn_device,0x40b2,0x3f80,0x3877,0x3877,finite_normal_output,1,0
ttnn_device,0x40b2,0x4080,0x3977,0x3977,finite_normal_output,1,0
ttnn_device,0x40b2,0x4380,0x3c77,0x3c77,finite_normal_output,1,0
ttnn_device,0x40b2,0x4f80,0x4877,0x4877,finite_normal_output,1,0
ttnn_device,0x40b2,0x7f7f,0x7876,0x7876,finite_normal_output,1,0
ttnn_device,0x40b2,0xff7f,0xf876,0xf876,finite_normal_output,1,0
ttnn_device,0x40b2,0x0783,0x007f,0x0000,outside_scope,,0
ttnn_device,0x40b2,0x8783,0x807f,0x0000,outside_scope,,0
ttnn_device,0x40b2,0x0784,0x0080,0x0000,finite_normal_output,0,0
ttnn_device,0x40b2,0x8784,0x8080,0x0000,finite_normal_output,0,0
ttnn_device,0x40b2,0x0785,0x0080,0x0080,finite_normal_output,1,0
ttnn_device,0x40b2,0x8785,0x8080,0x8080,finite_normal_output,1,0
ttnn_device,0x40b3,0x3f80,0x3868,0x3868,finite_normal_output,1,0
ttnn_device,0x40b3,0x4080,0x3968,0x3968,finite_normal_output,1,0
ttnn_device,0x40b3,0x4380,0x3c68,0x3c68,finite_normal_output,1,0
ttnn_device,0x40b3,0x4f80,0x4868,0x4868,finite_normal_output,1,0
ttnn_device,0x40b3,0x7f7f,0x7867,0x7867,finite_normal_output,1,0
ttnn_device,0x40b3,0xff7f,0xf867,0xf867,finite_normal_output,1,0
ttnn_device,0x40b3,0x078c,0x007f,0x0000,outside_scope,,0
ttnn_device,0x40b3,0x878c,0x807f,0x0000,outside_scope,,0
ttnn_device,0x40b3,0x078d,0x0080,0x0000,finite_normal_output,0,0
ttnn_device,0x40b3,0x878d,0x8080,0x0000,finite_normal_output,0,0
ttnn_device,0x40b3,0x078e,0x0081,0x0081,finite_normal_output,1,0
ttnn_device,0x40b3,0x878e,0x8081,0x8081,finite_normal_output,1,0
ttnn_device,0x40b4,0x3f80,0x385a,0x385a,finite_normal_output,1,0
ttnn_device,0x40b4,0x4080,0x395a,0x395a,finite_normal_output,1,0
ttnn_device,0x40b4,0x4380,0x3c5a,0x3c5a,finite_normal_output,1,0
ttnn_device,0x40b4,0x4f80,0x485a,0x485a,finite_normal_output,1,0
ttnn_device,0x40b4,0x7f7f,0x7859,0x7859,finite_normal_output,1,0
ttnn_device,0x40b4,0xff7f,0xf859,0xf859,finite_normal_output,1,0
ttnn_device,0x40b4,0x0795,0x007f,0x0000,outside_scope,,0
ttnn_device,0x40b4,0x8795,0x807f,0x0000,outside_scope,,0
ttnn_device,0x40b4,0x0796,0x0080,0x0000,finite_normal_output,0,0
ttnn_device,0x40b4,0x8796,0x8080,0x0000,finite_normal_output,0,0
ttnn_device,0x40b4,0x0797,0x0081,0x0081,finite_normal_output,1,0
ttnn_device,0x40b4,0x8797,0x8081,0x8081,finite_normal_output,1,0
ttnn_device,0x40b5,0x3f80,0x384d,0x384d,finite_normal_output,1,0
ttnn_device,0x40b5,0x4080,0x394d,0x394d,finite_normal_output,1,0
ttnn_device,0x40b5,0x4380,0x3c4d,0x3c4d,finite_normal_output,1,1
ttnn_device,0x40b5,0x4f80,0x484d,0x484d,finite_normal_output,1,0
ttnn_device,0x40b5,0x7f7f,0x784c,0x784c,finite_normal_output,1,0
ttnn_device,0x40b5,0xff7f,0xf84c,0xf84c,finite_normal_output,1,0
ttnn_device,0x40b5,0x079e,0x007f,0x0000,outside_scope,,0
ttnn_device,0x40b5,0x879e,0x807f,0x0000,outside_scope,,0
ttnn_device,0x40b5,0x079f,0x007f,0x0000,outside_scope,,0
ttnn_device,0x40b5,0x879f,0x807f,0x0000,outside_scope,,0
ttnn_device,0x40b5,0x07a0,0x0080,0x0080,finite_normal_output,1,0
ttnn_device,0x40b5,0x87a0,0x8080,0x8080,finite_normal_output,1,0
ttnn_device,0x40b6,0x3f80,0x3841,0x3841,finite_normal_output,1,0
ttnn_device,0x40b6,0x4080,0x3941,0x3941,finite_normal_output,1,0
ttnn_device,0x40b6,0x4380,0x3c41,0x3c41,finite_normal_output,1,0
ttnn_device,0x40b6,0x4f80,0x4841,0x4841,finite_normal_output,1,0
ttnn_device,0x40b6,0x7f7f,0x7840,0x7840,finite_normal_output,1,0
ttnn_device,0x40b6,0xff7f,0xf840,0xf840,finite_normal_output,1,0
ttnn_device,0x40b6,0x07a8,0x007e,0x0000,outside_scope,,0
ttnn_device,0x40b6,0x87a8,0x807e,0x0000,outside_scope,,0
ttnn_device,0x40b6,0x07a9,0x007f,0x0000,outside_scope,,0
ttnn_device,0x40b6,0x87a9,0x807f,0x0000,outside_scope,,0
ttnn_device,0x40b6,0x07aa,0x0080,0x0080,finite_normal_output,1,0
ttnn_device,0x40b6,0x87aa,0x8080,0x8080,finite_normal_output,1,0
ttnn_device,0x40b7,0x3f80,0x3835,0x3835,finite_normal_output,1,0
ttnn_device,0x40b7,0x4080,0x3935,0x3935,finite_normal_output,1,0
ttnn_device,0x40b7,0x4380,0x3c35,0x3c35,finite_normal_output,1,0
ttnn_device,0x40b7,0x4f80,0x4835,0x4835,finite_normal_output,1,0
ttnn_device,0x40b7,0x7f7f,0x7834,0x7834,finite_normal_output,1,0
ttnn_device,0x40b7,0xff7f,0xf834,0xf834,finite_normal_output,1,0
ttnn_device,0x40b7,0x07b3,0x007e,0x0000,outside_scope,,0
ttnn_device,0x40b7,0x87b3,0x807e,0x0000,outside_scope,,0
ttnn_device,0x40b7,0x07b4,0x007f,0x0000,outside_scope,,0
ttnn_device,0x40b7,0x87b4,0x807f,0x0000,outside_scope,,0
ttnn_device,0x40b7,0x07b5,0x0080,0x0000,finite_normal_output,0,0
ttnn_device,0x40b7,0x87b5,0x8080,0x0000,finite_normal_output,0,0
ttnn_device,0x40b8,0x3f80,0x382a,0x382a,finite_normal_output,1,0
ttnn_device,0x40b8,0x4080,0x392a,0x392a,finite_normal_output,1,0
ttnn_device,0x40b8,0x4380,0x3c2a,0x3c2a,finite_normal_output,1,0
ttnn_device,0x40b8,0x4f80,0x482a,0x482a,finite_normal_output,1,0
ttnn_device,0x40b8,0x7f7f,0x7829,0x7829,finite_normal_output,1,0
ttnn_device,0x40b8,0xff7f,0xf829,0xf829,finite_normal_output,1,0
ttnn_device,0x40b8,0x07bf,0x007f,0x0000,outside_scope,,0
ttnn_device,0x40b8,0x87bf,0x807f,0x0000,outside_scope,,0
ttnn_device,0x40b8,0x07c0,0x007f,0x0000,outside_scope,,0
ttnn_device,0x40b8,0x87c0,0x807f,0x0000,outside_scope,,0
ttnn_device,0x40b8,0x07c1,0x0080,0x0080,finite_normal_output,1,0
ttnn_device,0x40b8,0x87c1,0x8080,0x8080,finite_normal_output,1,0
ttnn_device,0x40b9,0x3f80,0x3820,0x3820,finite_normal_output,1,0
ttnn_device,0x40b9,0x4080,0x3920,0x3920,finite_normal_output,1,0
ttnn_device,0x40b9,0x4380,0x3c20,0x3c20,finite_normal_output,1,0
ttnn_device,0x40b9,0x4f80,0x4820,0x4820,finite_normal_output,1,0
ttnn_device,0x40b9,0x7f7f,0x781f,0x781f,finite_normal_output,1,0
ttnn_device,0x40b9,0xff7f,0xf81f,0xf81f,finite_normal_output,1,0
ttnn_device,0x40b9,0x07cb,0x007f,0x0000,outside_scope,,0
ttnn_device,0x40b9,0x87cb,0x807f,0x0000,outside_scope,,0
ttnn_device,0x40b9,0x07cc,0x007f,0x0000,outside_scope,,0
ttnn_device,0x40b9,0x87cc,0x807f,0x0000,outside_scope,,0
ttnn_device,0x40b9,0x07cd,0x0080,0x0080,finite_normal_output,1,1
ttnn_device,0x40b9,0x87cd,0x8080,0x8080,finite_normal_output,1,0
ttnn_device,0x40ba,0x3f80,0x3816,0x3816,finite_normal_output,1,0
ttnn_device,0x40ba,0x4080,0x3916,0x3916,finite_normal_output,1,0
ttnn_device,0x40ba,0x4380,0x3c16,0x3c16,finite_normal_output,1,0
ttnn_device,0x40ba,0x4f80,0x4816,0x4816,finite_normal_output,1,0
ttnn_device,0x40ba,0x7f7f,0x7815,0x7815,finite_normal_output,1,0
ttnn_device,0x40ba,0xff7f,0xf815,0xf815,finite_normal_output,1,0
ttnn_device,0x40ba,0x07d9,0x007f,0x0000,outside_scope,,0
ttnn_device,0x40ba,0x87d9,0x807f,0x0000,outside_scope,,0
ttnn_device,0x40ba,0x07da,0x0080,0x0000,finite_normal_output,0,0
ttnn_device,0x40ba,0x87da,0x8080,0x0000,finite_normal_output,0,0
ttnn_device,0x40ba,0x07db,0x0080,0x0080,finite_normal_output,1,0
ttnn_device,0x40ba,0x87db,0x8080,0x8080,finite_normal_output,1,0
ttnn_device,0x40bb,0x3f80,0x380d,0x380d,finite_normal_output,1,0
ttnn_device,0x40bb,0x4080,0x390d,0x390d,finite_normal_output,1,0
ttnn_device,0x40bb,0x4380,0x3c0d,0x3c0d,finite_normal_output,1,0
ttnn_device,0x40bb,0x4f80,0x480d,0x480d,finite_normal_output,1,0
ttnn_device,0x40bb,0x7f7f,0x780c,0x780c,finite_normal_output,1,0
ttnn_device,0x40bb,0xff7f,0xf80c,0xf80c,finite_normal_output,1,0
ttnn_device,0x40bb,0x07e7,0x007f,0x0000,outside_scope,,0
ttnn_device,0x40bb,0x87e7,0x807f,0x0000,outside_scope,,0
ttnn_device,0x40bb,0x07e8,0x0080,0x0000,finite_normal_output,0,0
ttnn_device,0x40bb,0x87e8,0x8080,0x0000,finite_normal_output,0,0
ttnn_device,0x40bb,0x07e9,0x0080,0x0080,finite_normal_output,1,0
ttnn_device,0x40bb,0x87e9,0x8080,0x8080,finite_normal_output,1,0
ttnn_device,0x40bc,0x3f80,0x3804,0x3804,finite_normal_output,1,0
ttnn_device,0x40bc,0x4080,0x3904,0x3904,finite_normal_output,1,0
ttnn_device,0x40bc,0x4380,0x3c04,0x3c04,finite_normal_output,1,0
ttnn_device,0x40bc,0x4f80,0x4804,0x4804,finite_normal_output,1,0
ttnn_device,0x40bc,0x7f7f,0x7804,0x7803,finite_normal_output,1,0
ttnn_device,0x40bc,0xff7f,0xf804,0xf803,finite_normal_output,1,0
ttnn_device,0x40bc,0x07f6,0x007f,0x0000,outside_scope,,0
ttnn_device,0x40bc,0x87f6,0x807f,0x0000,outside_scope,,0
ttnn_device,0x40bc,0x07f7,0x0080,0x0000,finite_normal_output,0,0
ttnn_device,0x40bc,0x87f7,0x8080,0x0000,finite_normal_output,0,0
ttnn_device,0x40bc,0x07f8,0x0080,0x0000,finite_normal_output,0,0
ttnn_device,0x40bc,0x87f8,0x8080,0x0000,finite_normal_output,0,0
ttnn_device,0x40bd,0x3f80,0x37f9,0x37f9,finite_normal_output,1,0
ttnn_device,0x40bd,0x4080,0x38f9,0x38f9,finite_normal_output,1,0
ttnn_device,0x40bd,0x4380,0x3bf9,0x3bf9,finite_normal_output,1,0
ttnn_device,0x40bd,0x4f80,0x47f9,0x47f9,finite_normal_output,1,0
ttnn_device,0x40bd,0x7f7f,0x77f8,0x77f8,finite_normal_output,1,0
ttnn_device,0x40bd,0xff7f,0xf7f8,0xf7f8,finite_normal_output,1,1
ttnn_device,0x40bd,0x0802,0x007e,0x0000,outside_scope,,0
ttnn_device,0x40bd,0x8802,0x807e,0x0000,outside_scope,,0
ttnn_device,0x40bd,0x0803,0x007f,0x0000,outside_scope,,0
ttnn_device,0x40bd,0x8803,0x807f,0x0000,outside_scope,,0
ttnn_device,0x40bd,0x0804,0x0080,0x0080,finite_normal_output,1,0
ttnn_device,0x40bd,0x8804,0x8080,0x8080,finite_normal_output,1,0
ttnn_device,0x40be,0x3f80,0x37ea,0x37ea,finite_normal_output,1,0
ttnn_device,0x40be,0x4080,0x38ea,0x38ea,finite_normal_output,1,0
ttnn_device,0x40be,0x4380,0x3bea,0x3bea,finite_normal_output,1,0
ttnn_device,0x40be,0x4f80,0x47ea,0x47ea,finite_normal_output,1,0
ttnn_device,0x40be,0x7f7f,0x77e9,0x77e9,finite_normal_output,1,0
ttnn_device,0x40be,0xff7f,0xf7e9,0xf7e9,finite_normal_output,1,0
ttnn_device,0x40be,0x080b,0x007f,0x0000,outside_scope,,0
ttnn_device,0x40be,0x880b,0x807f,0x0000,outside_scope,,0
ttnn_device,0x40be,0x080c,0x0080,0x0000,finite_normal_output,0,0
ttnn_device,0x40be,0x880c,0x8080,0x0000,finite_normal_output,0,0
ttnn_device,0x40be,0x080d,0x0081,0x0081,finite_normal_output,1,0
ttnn_device,0x40be,0x880d,0x8081,0x8081,finite_normal_output,1,0
ttnn_device,0x40bf,0x3f80,0x37db,0x37db,finite_normal_output,1,0
ttnn_device,0x40bf,0x4080,0x38db,0x38db,finite_normal_output,1,0
ttnn_device,0x40bf,0x4380,0x3bdb,0x3bdb,finite_normal_output,1,0
ttnn_device,0x40bf,0x4f80,0x47db,0x47db,finite_normal_output,1,0
ttnn_device,0x40bf,0x7f7f,0x77db,0x77da,finite_normal_output,1,0
ttnn_device,0x40bf,0xff7f,0xf7db,0xf7da,finite_normal_output,1,0
ttnn_device,0x40bf,0x0814,0x007f,0x0000,outside_scope,,0
ttnn_device,0x40bf,0x8814,0x807f,0x0000,outside_scope,,0
ttnn_device,0x40bf,0x0815,0x0080,0x0000,finite_normal_output,0,0
ttnn_device,0x40bf,0x8815,0x8080,0x0000,finite_normal_output,0,0
ttnn_device,0x40bf,0x0816,0x0081,0x0080,finite_normal_output,1,0
ttnn_device,0x40bf,0x8816,0x8081,0x8080,finite_normal_output,1,0
ttnn_device,0x40c0,0x3f80,0x37ce,0x37ce,finite_normal_output,1,0
ttnn_device,0x40c0,0x4080,0x38ce,0x38ce,finite_normal_output,1,0
ttnn_device,0x40c0,0x4380,0x3bce,0x3bce,finite_normal_output,1,0
ttnn_device,0x40c0,0x4f80,0x47ce,0x47ce,finite_normal_output,1,0
ttnn_device,0x40c0,0x7f7f,0x77cd,0x77cd,finite_normal_output,1,0
ttnn_device,0x40c0,0xff7f,0xf7cd,0xf7cd,finite_normal_output,1,0
ttnn_device,0x40c0,0x081d,0x007e,0x0000,outside_scope,,0
ttnn_device,0x40c0,0x881d,0x807e,0x0000,outside_scope,,0
ttnn_device,0x40c0,0x081e,0x007f,0x0000,outside_scope,,0
ttnn_device,0x40c0,0x881e,0x807f,0x0000,outside_scope,,0
ttnn_device,0x40c0,0x081f,0x0080,0x0000,finite_normal_output,0,0
ttnn_device,0x40c0,0x881f,0x8080,0x0000,finite_normal_output,0,0
ttnn_device,0x40c1,0x3f80,0x37c2,0x37c2,finite_normal_output,1,0
ttnn_device,0x40c1,0x4080,0x38c2,0x38c2,finite_normal_output,1,0
ttnn_device,0x40c1,0x4380,0x3bc2,0x3bc2,finite_normal_output,1,0
ttnn_device,0x40c1,0x4f80,0x47c2,0x47c2,finite_normal_output,1,0
ttnn_device,0x40c1,0x7f7f,0x77c1,0x77c1,finite_normal_output,1,0
ttnn_device,0x40c1,0xff7f,0xf7c1,0xf7c1,finite_normal_output,1,1
ttnn_device,0x40c1,0x0828,0x007f,0x0000,outside_scope,,0
ttnn_device,0x40c1,0x8828,0x807f,0x0000,outside_scope,,0
ttnn_device,0x40c1,0x0829,0x0080,0x0080,finite_normal_output,1,0
ttnn_device,0x40c1,0x8829,0x8080,0x8080,finite_normal_output,1,0
ttnn_device,0x40c1,0x082a,0x0081,0x0081,finite_normal_output,1,0
ttnn_device,0x40c1,0x882a,0x8081,0x8081,finite_normal_output,1,0
ttnn_device,0x40c2,0x3f80,0x37b6,0x37b6,finite_normal_output,1,0
ttnn_device,0x40c2,0x4080,0x38b6,0x38b6,finite_normal_output,1,0
ttnn_device,0x40c2,0x4380,0x3bb6,0x3bb6,finite_normal_output,1,0
ttnn_device,0x40c2,0x4f80,0x47b6,0x47b6,finite_normal_output,1,0
ttnn_device,0x40c2,0x7f7f,0x77b5,0x77b5,finite_normal_output,1,0
ttnn_device,0x40c2,0xff7f,0xf7b5,0xf7b5,finite_normal_output,1,0
ttnn_device,0x40c2,0x0832,0x007f,0x0000,outside_scope,,0
ttnn_device,0x40c2,0x8832,0x807f,0x0000,outside_scope,,0
ttnn_device,0x40c2,0x0833,0x007f,0x0000,outside_scope,,0
ttnn_device,0x40c2,0x8833,0x807f,0x0000,outside_scope,,0
ttnn_device,0x40c2,0x0834,0x0080,0x0000,finite_normal_output,0,0
ttnn_device,0x40c2,0x8834,0x8080,0x0000,finite_normal_output,0,0
ttnn_device,0x40c3,0x3f80,0x37ab,0x37ab,finite_normal_output,1,0
ttnn_device,0x40c3,0x4080,0x38ab,0x38ab,finite_normal_output,1,0
ttnn_device,0x40c3,0x4380,0x3bab,0x3bab,finite_normal_output,1,0
ttnn_device,0x40c3,0x4f80,0x47ab,0x47ab,finite_normal_output,1,0
ttnn_device,0x40c3,0x7f7f,0x77aa,0x77aa,finite_normal_output,1,0
ttnn_device,0x40c3,0xff7f,0xf7aa,0xf7aa,finite_normal_output,1,0
ttnn_device,0x40c3,0x083e,0x007f,0x0000,outside_scope,,0
ttnn_device,0x40c3,0x883e,0x807f,0x0000,outside_scope,,0
ttnn_device,0x40c3,0x083f,0x0080,0x0000,finite_normal_output,0,0
ttnn_device,0x40c3,0x883f,0x8080,0x0000,finite_normal_output,0,0
ttnn_device,0x40c3,0x0840,0x0080,0x0080,finite_normal_output,1,0
ttnn_device,0x40c3,0x8840,0x8080,0x8080,finite_normal_output,1,0
ttnn_device,0x40c4,0x3f80,0x37a1,0x37a1,finite_normal_output,1,0
ttnn_device,0x40c4,0x4080,0x38a1,0x38a1,finite_normal_output,1,0
ttnn_device,0x40c4,0x4380,0x3ba1,0x3ba1,finite_normal_output,1,0
ttnn_device,0x40c4,0x4f80,0x47a1,0x47a1,finite_normal_output,1,0
ttnn_device,0x40c4,0x7f7f,0x77a0,0x77a0,finite_normal_output,1,0
ttnn_device,0x40c4,0xff7f,0xf7a0,0xf7a0,finite_normal_output,1,0
ttnn_device,0x40c4,0x084a,0x007f,0x0000,outside_scope,,0
ttnn_device,0x40c4,0x884a,0x807f,0x0000,outside_scope,,0
ttnn_device,0x40c4,0x084b,0x007f,0x0000,outside_scope,,0
ttnn_device,0x40c4,0x884b,0x807f,0x0000,outside_scope,,0
ttnn_device,0x40c4,0x084c,0x0080,0x0080,finite_normal_output,1,0
ttnn_device,0x40c4,0x884c,0x8080,0x8080,finite_normal_output,1,0
ttnn_device,0x40c5,0x3f80,0x3797,0x3797,finite_normal_output,1,0
ttnn_device,0x40c5,0x4080,0x3897,0x3897,finite_normal_output,1,0
ttnn_device,0x40c5,0x4380,0x3b97,0x3b97,finite_normal_output,1,0
ttnn_device,0x40c5,0x4f80,0x4797,0x4797,finite_normal_output,1,0
ttnn_device,0x40c5,0x7f7f,0x7796,0x7796,finite_normal_output,1,0
ttnn_device,0x40c5,0xff7f,0xf796,0xf796,finite_normal_output,1,0
ttnn_device,0x40c5,0x0857,0x007f,0x0000,outside_scope,,0
ttnn_device,0x40c5,0x8857,0x807f,0x0000,outside_scope,,0
ttnn_device,0x40c5,0x0858,0x007f,0x0000,outside_scope,,0
ttnn_device,0x40c5,0x8858,0x807f,0x0000,outside_scope,,0
ttnn_device,0x40c5,0x0859,0x0080,0x0000,finite_normal_output,0,1
ttnn_device,0x40c5,0x8859,0x8080,0x0000,finite_normal_output,0,0
ttnn_device,0x40c6,0x3f80,0x378e,0x378e,finite_normal_output,1,0
ttnn_device,0x40c6,0x4080,0x388e,0x388e,finite_normal_output,1,0
ttnn_device,0x40c6,0x4380,0x3b8e,0x3b8e,finite_normal_output,1,0
ttnn_device,0x40c6,0x4f80,0x478e,0x478e,finite_normal_output,1,0
ttnn_device,0x40c6,0x7f7f,0x778d,0x778d,finite_normal_output,1,0
ttnn_device,0x40c6,0xff7f,0xf78d,0xf78d,finite_normal_output,1,0
ttnn_device,0x40c6,0x0865,0x007f,0x0000,outside_scope,,0
ttnn_device,0x40c6,0x8865,0x807f,0x0000,outside_scope,,0
ttnn_device,0x40c6,0x0866,0x007f,0x0000,outside_scope,,0
ttnn_device,0x40c6,0x8866,0x807f,0x0000,outside_scope,,0
ttnn_device,0x40c6,0x0867,0x0080,0x0080,finite_normal_output,1,0
ttnn_device,0x40c6,0x8867,0x8080,0x8080,finite_normal_output,1,0
ttnn_device,0x40c7,0x3f80,0x3785,0x3785,finite_normal_output,1,0
ttnn_device,0x40c7,0x4080,0x3885,0x3885,finite_normal_output,1,0
ttnn_device,0x40c7,0x4380,0x3b85,0x3b85,finite_normal_output,1,0
ttnn_device,0x40c7,0x4f80,0x4785,0x4785,finite_normal_output,1,0
ttnn_device,0x40c7,0x7f7f,0x7785,0x7784,finite_normal_output,1,0
ttnn_device,0x40c7,0xff7f,0xf785,0xf784,finite_normal_output,1,0
ttnn_device,0x40c7,0x0874,0x007f,0x0000,outside_scope,,0
ttnn_device,0x40c7,0x8874,0x807f,0x0000,outside_scope,,0
ttnn_device,0x40c7,0x0875,0x007f,0x0000,outside_scope,,0
ttnn_device,0x40c7,0x8875,0x807f,0x0000,outside_scope,,0
ttnn_device,0x40c7,0x0876,0x0080,0x0000,finite_normal_output,0,0
ttnn_device,0x40c7,0x8876,0x8080,0x0000,finite_normal_output,0,0
ttnn_device,0x40c8,0x3f80,0x377a,0x377a,finite_normal_output,1,0
ttnn_device,0x40c8,0x4080,0x387a,0x387a,finite_normal_output,1,0
ttnn_device,0x40c8,0x4380,0x3b7a,0x3b7a,finite_normal_output,1,0
ttnn_device,0x40c8,0x4f80,0x477a,0x477a,finite_normal_output,1,0
ttnn_device,0x40c8,0x7f7f,0x7779,0x7779,finite_normal_output,1,0
ttnn_device,0x40c8,0xff7f,0xf779,0xf779,finite_normal_output,1,0
ttnn_device,0x40c8,0x0882,0x007f,0x0000,outside_scope,,0
ttnn_device,0x40c8,0x8882,0x807f,0x0000,outside_scope,,0
ttnn_device,0x40c8,0x0883,0x0080,0x0000,finite_normal_output,0,0
ttnn_device,0x40c8,0x8883,0x8080,0x0000,finite_normal_output,0,0
ttnn_device,0x40c8,0x0884,0x0081,0x0081,finite_normal_output,1,0
ttnn_device,0x40c8,0x8884,0x8081,0x8081,finite_normal_output,1,0
ttnn_device,0x40c9,0x3f80,0x376b,0x376b,finite_normal_output,1,0
ttnn_device,0x40c9,0x4080,0x386b,0x386b,finite_normal_output,1,0
ttnn_device,0x40c9,0x4380,0x3b6b,0x3b6b,finite_normal_output,1,0
ttnn_device,0x40c9,0x4f80,0x476b,0x476b,finite_normal_output,1,0
ttnn_device,0x40c9,0x7f7f,0x776a,0x776a,finite_normal_output,1,0
ttnn_device,0x40c9,0xff7f,0xf76a,0xf76a,finite_normal_output,1,0
ttnn_device,0x40c9,0x088a,0x007f,0x0000,outside_scope,,0
ttnn_device,0x40c9,0x888a,0x807f,0x0000,outside_scope,,0
ttnn_device,0x40c9,0x088b,0x0080,0x0000,finite_normal_output,0,0
ttnn_device,0x40c9,0x888b,0x8080,0x0000,finite_normal_output,0,0
ttnn_device,0x40c9,0x088c,0x0080,0x0081,finite_normal_output,1,1
ttnn_device,0x40c9,0x888c,0x8080,0x8081,finite_normal_output,1,0
ttnn_device,0x40ca,0x3f80,0x375d,0x375d,finite_normal_output,1,0
ttnn_device,0x40ca,0x4080,0x385d,0x385d,finite_normal_output,1,0
ttnn_device,0x40ca,0x4380,0x3b5d,0x3b5d,finite_normal_output,1,0
ttnn_device,0x40ca,0x4f80,0x475d,0x475d,finite_normal_output,1,0
ttnn_device,0x40ca,0x7f7f,0x775c,0x775c,finite_normal_output,1,0
ttnn_device,0x40ca,0xff7f,0xf75c,0xf75c,finite_normal_output,1,0
ttnn_device,0x40ca,0x0893,0x007f,0x0000,outside_scope,,0
ttnn_device,0x40ca,0x8893,0x807f,0x0000,outside_scope,,0
ttnn_device,0x40ca,0x0894,0x0080,0x0000,finite_normal_output,0,0
ttnn_device,0x40ca,0x8894,0x8080,0x0000,finite_normal_output,0,0
ttnn_device,0x40ca,0x0895,0x0080,0x0081,finite_normal_output,1,0
ttnn_device,0x40ca,0x8895,0x8080,0x8081,finite_normal_output,1,0
ttnn_device,0x40cb,0x3f80,0x374f,0x374f,finite_normal_output,1,0
ttnn_device,0x40cb,0x4080,0x384f,0x384f,finite_normal_output,1,0
ttnn_device,0x40cb,0x4380,0x3b4f,0x3b4f,finite_normal_output,1,0
ttnn_device,0x40cb,0x4f80,0x474f,0x474f,finite_normal_output,1,0
ttnn_device,0x40cb,0x7f7f,0x774f,0x774e,finite_normal_output,1,0
ttnn_device,0x40cb,0xff7f,0xf74f,0xf74e,finite_normal_output,1,0
ttnn_device,0x40cb,0x089c,0x007e,0x0000,outside_scope,,0
ttnn_device,0x40cb,0x889c,0x807e,0x0000,outside_scope,,0
ttnn_device,0x40cb,0x089d,0x007f,0x0000,outside_scope,,0
ttnn_device,0x40cb,0x889d,0x807f,0x0000,outside_scope,,0
ttnn_device,0x40cb,0x089e,0x0080,0x0000,finite_normal_output,0,0
ttnn_device,0x40cb,0x889e,0x8080,0x0000,finite_normal_output,0,0
ttnn_device,0x40cc,0x3f80,0x3743,0x3743,finite_normal_output,1,0
ttnn_device,0x40cc,0x4080,0x3843,0x3843,finite_normal_output,1,0
ttnn_device,0x40cc,0x4380,0x3b43,0x3b43,finite_normal_output,1,0
ttnn_device,0x40cc,0x4f80,0x4743,0x4743,finite_normal_output,1,0
ttnn_device,0x40cc,0x7f7f,0x7742,0x7742,finite_normal_output,1,0
ttnn_device,0x40cc,0xff7f,0xf742,0xf742,finite_normal_output,1,0
ttnn_device,0x40cc,0x08a7,0x007f,0x0000,outside_scope,,0
ttnn_device,0x40cc,0x88a7,0x807f,0x0000,outside_scope,,0
ttnn_device,0x40cc,0x08a8,0x0080,0x0000,finite_normal_output,0,0
ttnn_device,0x40cc,0x88a8,0x8080,0x0000,finite_normal_output,0,0
ttnn_device,0x40cc,0x08a9,0x0081,0x0081,finite_normal_output,1,0
ttnn_device,0x40cc,0x88a9,0x8081,0x8081,finite_normal_output,1,0
ttnn_device,0x40cd,0x3f80,0x3737,0x3737,finite_normal_output,1,0
ttnn_device,0x40cd,0x4080,0x3837,0x3837,finite_normal_output,1,0
ttnn_device,0x40cd,0x4380,0x3b37,0x3b37,finite_normal_output,1,0
ttnn_device,0x40cd,0x4f80,0x4737,0x4737,finite_normal_output,1,0
ttnn_device,0x40cd,0x7f7f,0x7736,0x7736,finite_normal_output,1,0
ttnn_device,0x40cd,0xff7f,0xf736,0xf736,finite_normal_output,1,0
ttnn_device,0x40cd,0x08b1,0x007f,0x0000,outside_scope,,0
ttnn_device,0x40cd,0x88b1,0x807f,0x0000,outside_scope,,0
ttnn_device,0x40cd,0x08b2,0x007f,0x0000,outside_scope,,0
ttnn_device,0x40cd,0x88b2,0x807f,0x0000,outside_scope,,0
ttnn_device,0x40cd,0x08b3,0x0080,0x0000,finite_normal_output,0,0
ttnn_device,0x40cd,0x88b3,0x8080,0x0000,finite_normal_output,0,1
ttnn_device,0x40ce,0x3f80,0x372c,0x372c,finite_normal_output,1,0
ttnn_device,0x40ce,0x4080,0x382c,0x382c,finite_normal_output,1,0
ttnn_device,0x40ce,0x4380,0x3b2c,0x3b2c,finite_normal_output,1,0
ttnn_device,0x40ce,0x4f80,0x472c,0x472c,finite_normal_output,1,0
ttnn_device,0x40ce,0x7f7f,0x772b,0x772b,finite_normal_output,1,0
ttnn_device,0x40ce,0xff7f,0xf72b,0xf72b,finite_normal_output,1,0
ttnn_device,0x40ce,0x08bd,0x007f,0x0000,outside_scope,,0
ttnn_device,0x40ce,0x88bd,0x807f,0x0000,outside_scope,,0
ttnn_device,0x40ce,0x08be,0x0080,0x0000,finite_normal_output,0,0
ttnn_device,0x40ce,0x88be,0x8080,0x0000,finite_normal_output,0,0
ttnn_device,0x40ce,0x08bf,0x0080,0x0080,finite_normal_output,1,0
ttnn_device,0x40ce,0x88bf,0x8080,0x8080,finite_normal_output,1,0
ttnn_device,0x40cf,0x3f80,0x3721,0x3721,finite_normal_output,1,0
ttnn_device,0x40cf,0x4080,0x3821,0x3821,finite_normal_output,1,0
ttnn_device,0x40cf,0x4380,0x3b21,0x3b21,finite_normal_output,1,0
ttnn_device,0x40cf,0x4f80,0x4721,0x4721,finite_normal_output,1,0
ttnn_device,0x40cf,0x7f7f,0x7721,0x7720,finite_normal_output,1,0
ttnn_device,0x40cf,0xff7f,0xf721,0xf720,finite_normal_output,1,0
ttnn_device,0x40cf,0x08c9,0x007f,0x0000,outside_scope,,0
ttnn_device,0x40cf,0x88c9,0x807f,0x0000,outside_scope,,0
ttnn_device,0x40cf,0x08ca,0x007f,0x0000,outside_scope,,0
ttnn_device,0x40cf,0x88ca,0x807f,0x0000,outside_scope,,0
ttnn_device,0x40cf,0x08cb,0x0080,0x0000,finite_normal_output,0,0
ttnn_device,0x40cf,0x88cb,0x8080,0x0000,finite_normal_output,0,0
ttnn_device,0x40d0,0x3f80,0x3718,0x3718,finite_normal_output,1,0
ttnn_device,0x40d0,0x4080,0x3818,0x3818,finite_normal_output,1,0
ttnn_device,0x40d0,0x4380,0x3b18,0x3b18,finite_normal_output,1,0
ttnn_device,0x40d0,0x4f80,0x4718,0x4718,finite_normal_output,1,0
ttnn_device,0x40d0,0x7f7f,0x7717,0x7717,finite_normal_output,1,0
ttnn_device,0x40d0,0xff7f,0xf717,0xf717,finite_normal_output,1,0
ttnn_device,0x40d0,0x08d6,0x007f,0x0000,outside_scope,,0
ttnn_device,0x40d0,0x88d6,0x807f,0x0000,outside_scope,,0
ttnn_device,0x40d0,0x08d7,0x007f,0x0000,outside_scope,,0
ttnn_device,0x40d0,0x88d7,0x807f,0x0000,outside_scope,,0
ttnn_device,0x40d0,0x08d8,0x0080,0x0080,finite_normal_output,1,0
ttnn_device,0x40d0,0x88d8,0x8080,0x8080,finite_normal_output,1,0
ttnn_device,0x40d1,0x3f80,0x370e,0x370e,finite_normal_output,1,0
ttnn_device,0x40d1,0x4080,0x380e,0x380e,finite_normal_output,1,0
ttnn_device,0x40d1,0x4380,0x3b0e,0x3b0e,finite_normal_output,1,0
ttnn_device,0x40d1,0x4f80,0x470e,0x470e,finite_normal_output,1,0
ttnn_device,0x40d1,0x7f7f,0x770e,0x770d,finite_normal_output,1,0
ttnn_device,0x40d1,0xff7f,0xf70e,0xf70d,finite_normal_output,1,0
ttnn_device,0x40d1,0x08e4,0x007f,0x0000,outside_scope,,0
ttnn_device,0x40d1,0x88e4,0x807f,0x0000,outside_scope,,0
ttnn_device,0x40d1,0x08e5,0x007f,0x0000,outside_scope,,0
ttnn_device,0x40d1,0x88e5,0x807f,0x0000,outside_scope,,0
ttnn_device,0x40d1,0x08e6,0x0080,0x0000,finite_normal_output,0,0
ttnn_device,0x40d1,0x88e6,0x8080,0x0000,finite_normal_output,0,0
ttnn_device,0x40d2,0x3f80,0x3706,0x3706,finite_normal_output,1,0
ttnn_device,0x40d2,0x4080,0x3806,0x3806,finite_normal_output,1,1
ttnn_device,0x40d2,0x4380,0x3b06,0x3b06,finite_normal_output,1,0
ttnn_device,0x40d2,0x4f80,0x4706,0x4706,finite_normal_output,1,0
ttnn_device,0x40d2,0x7f7f,0x7705,0x7705,finite_normal_output,1,0
ttnn_device,0x40d2,0xff7f,0xf705,0xf705,finite_normal_output,1,0
ttnn_device,0x40d2,0x08f3,0x007f,0x0000,outside_scope,,0
ttnn_device,0x40d2,0x88f3,0x807f,0x0000,outside_scope,,0
ttnn_device,0x40d2,0x08f4,0x0080,0x0000,finite_normal_output,0,0
ttnn_device,0x40d2,0x88f4,0x8080,0x0000,finite_normal_output,0,0
ttnn_device,0x40d2,0x08f5,0x0080,0x0080,finite_normal_output,1,0
ttnn_device,0x40d2,0x88f5,0x8080,0x8080,finite_normal_output,1,0
ttnn_device,0x40d3,0x3f80,0x36fc,0x36fc,finite_normal_output,1,0
ttnn_device,0x40d3,0x4080,0x37fc,0x37fc,finite_normal_output,1,0
ttnn_device,0x40d3,0x4380,0x3afc,0x3afc,finite_normal_output,1,0
ttnn_device,0x40d3,0x4f80,0x46fc,0x46fc,finite_normal_output,1,0
ttnn_device,0x40d3,0x7f7f,0x76fb,0x76fb,finite_normal_output,1,0
ttnn_device,0x40d3,0xff7f,0xf6fb,0xf6fb,finite_normal_output,1,0
ttnn_device,0x40d3,0x0901,0x007f,0x0000,outside_scope,,0
ttnn_device,0x40d3,0x8901,0x807f,0x0000,outside_scope,,0
ttnn_device,0x40d3,0x0902,0x0080,0x0000,finite_normal_output,0,0
ttnn_device,0x40d3,0x8902,0x8080,0x0000,finite_normal_output,0,0
ttnn_device,0x40d3,0x0903,0x0081,0x0081,finite_normal_output,1,0
ttnn_device,0x40d3,0x8903,0x8081,0x8081,finite_normal_output,1,0
ttnn_device,0x40d4,0x3f80,0x36ec,0x36ec,finite_normal_output,1,0
ttnn_device,0x40d4,0x4080,0x37ec,0x37ec,finite_normal_output,1,0
ttnn_device,0x40d4,0x4380,0x3aec,0x3aec,finite_normal_output,1,0
ttnn_device,0x40d4,0x4f80,0x46ec,0x46ec,finite_normal_output,1,0
ttnn_device,0x40d4,0x7f7f,0x76eb,0x76eb,finite_normal_output,1,0
ttnn_device,0x40d4,0xff7f,0xf6eb,0xf6eb,finite_normal_output,1,0
ttnn_device,0x40d4,0x0909,0x007e,0x0000,outside_scope,,0
ttnn_device,0x40d4,0x8909,0x807e,0x0000,outside_scope,,0
ttnn_device,0x40d4,0x090a,0x007f,0x0000,outside_scope,,0
ttnn_device,0x40d4,0x890a,0x807f,0x0000,outside_scope,,0
ttnn_device,0x40d4,0x090b,0x0080,0x0080,finite_normal_output,1,0
ttnn_device,0x40d4,0x890b,0x8080,0x8080,finite_normal_output,1,0
ttnn_device,0x40d5,0x3f80,0x36de,0x36de,finite_normal_output,1,0
ttnn_device,0x40d5,0x4080,0x37de,0x37de,finite_normal_output,1,0
ttnn_device,0x40d5,0x4380,0x3ade,0x3ade,finite_normal_output,1,0
ttnn_device,0x40d5,0x4f80,0x46de,0x46de,finite_normal_output,1,0
ttnn_device,0x40d5,0x7f7f,0x76dd,0x76dd,finite_normal_output,1,0
ttnn_device,0x40d5,0xff7f,0xf6dd,0xf6dd,finite_normal_output,1,0
ttnn_device,0x40d5,0x0912,0x007f,0x0000,outside_scope,,0
ttnn_device,0x40d5,0x8912,0x807f,0x0000,outside_scope,,0
ttnn_device,0x40d5,0x0913,0x007f,0x0000,outside_scope,,0
ttnn_device,0x40d5,0x8913,0x807f,0x0000,outside_scope,,0
ttnn_device,0x40d5,0x0914,0x0080,0x0080,finite_normal_output,1,0
ttnn_device,0x40d5,0x8914,0x8080,0x8080,finite_normal_output,1,0
ttnn_device,0x40d6,0x3f80,0x36d1,0x36d1,finite_normal_output,1,0
ttnn_device,0x40d6,0x4080,0x37d1,0x37d1,finite_normal_output,1,0
ttnn_device,0x40d6,0x4380,0x3ad1,0x3ad1,finite_normal_output,1,1
ttnn_device,0x40d6,0x4f80,0x46d1,0x46d1,finite_normal_output,1,0
ttnn_device,0x40d6,0x7f7f,0x76d0,0x76d0,finite_normal_output,1,0
ttnn_device,0x40d6,0xff7f,0xf6d0,0xf6d0,finite_normal_output,1,0
ttnn_device,0x40d6,0x091c,0x007f,0x0000,outside_scope,,0
ttnn_device,0x40d6,0x891c,0x807f,0x0000,outside_scope,,0
ttnn_device,0x40d6,0x091d,0x0080,0x0080,finite_normal_output,1,0
ttnn_device,0x40d6,0x891d,0x8080,0x8080,finite_normal_output,1,0
ttnn_device,0x40d6,0x091e,0x0081,0x0081,finite_normal_output,1,0
ttnn_device,0x40d6,0x891e,0x8081,0x8081,finite_normal_output,1,0
ttnn_device,0x40d7,0x3f80,0x36c4,0x36c4,finite_normal_output,1,0
ttnn_device,0x40d7,0x4080,0x37c4,0x37c4,finite_normal_output,1,0
ttnn_device,0x40d7,0x4380,0x3ac4,0x3ac4,finite_normal_output,1,0
ttnn_device,0x40d7,0x4f80,0x46c4,0x46c4,finite_normal_output,1,0
ttnn_device,0x40d7,0x7f7f,0x76c3,0x76c3,finite_normal_output,1,0
ttnn_device,0x40d7,0xff7f,0xf6c3,0xf6c3,finite_normal_output,1,0
ttnn_device,0x40d7,0x0926,0x007f,0x0000,outside_scope,,0
ttnn_device,0x40d7,0x8926,0x807f,0x0000,outside_scope,,0
ttnn_device,0x40d7,0x0927,0x0080,0x0000,finite_normal_output,0,0
ttnn_device,0x40d7,0x8927,0x8080,0x0000,finite_normal_output,0,0
ttnn_device,0x40d7,0x0928,0x0081,0x0081,finite_normal_output,1,0
ttnn_device,0x40d7,0x8928,0x8081,0x8081,finite_normal_output,1,0
ttnn_device,0x40d8,0x3f80,0x36b8,0x36b8,finite_normal_output,1,0
ttnn_device,0x40d8,0x4080,0x37b8,0x37b8,finite_normal_output,1,0
ttnn_device,0x40d8,0x4380,0x3ab8,0x3ab8,finite_normal_output,1,0
ttnn_device,0x40d8,0x4f80,0x46b8,0x46b8,finite_normal_output,1,0
ttnn_device,0x40d8,0x7f7f,0x76b7,0x76b7,finite_normal_output,1,0
ttnn_device,0x40d8,0xff7f,0xf6b7,0xf6b7,finite_normal_output,1,0
ttnn_device,0x40d8,0x0930,0x007f,0x0000,outside_scope,,0
ttnn_device,0x40d8,0x8930,0x807f,0x0000,outside_scope,,0
ttnn_device,0x40d8,0x0931,0x007f,0x0000,outside_scope,,0
ttnn_device,0x40d8,0x8931,0x807f,0x0000,outside_scope,,0
ttnn_device,0x40d8,0x0932,0x0080,0x0000,finite_normal_output,0,0
ttnn_device,0x40d8,0x8932,0x8080,0x0000,finite_normal_output,0,0
ttnn_device,0x40d9,0x3f80,0x36ad,0x36ad,finite_normal_output,1,0
ttnn_device,0x40d9,0x4080,0x37ad,0x37ad,finite_normal_output,1,0
ttnn_device,0x40d9,0x4380,0x3aad,0x3aad,finite_normal_output,1,0
ttnn_device,0x40d9,0x4f80,0x46ad,0x46ad,finite_normal_output,1,0
ttnn_device,0x40d9,0x7f7f,0x76ac,0x76ac,finite_normal_output,1,0
ttnn_device,0x40d9,0xff7f,0xf6ac,0xf6ac,finite_normal_output,1,0
ttnn_device,0x40d9,0x093c,0x007f,0x0000,outside_scope,,0
ttnn_device,0x40d9,0x893c,0x807f,0x0000,outside_scope,,0
ttnn_device,0x40d9,0x093d,0x0080,0x0000,finite_normal_output,0,0
ttnn_device,0x40d9,0x893d,0x8080,0x0000,finite_normal_output,0,0
ttnn_device,0x40d9,0x093e,0x0080,0x0080,finite_normal_output,1,0
ttnn_device,0x40d9,0x893e,0x8080,0x8080,finite_normal_output,1,0
ttnn_device,0x40da,0x3f80,0x36a2,0x36a2,finite_normal_output,1,1
ttnn_device,0x40da,0x4080,0x37a2,0x37a2,finite_normal_output,1,0
ttnn_device,0x40da,0x4380,0x3aa2,0x3aa2,finite_normal_output,1,0
ttnn_device,0x40da,0x4f80,0x46a2,0x46a2,finite_normal_output,1,0
ttnn_device,0x40da,0x7f7f,0x76a2,0x76a1,finite_normal_output,1,0
ttnn_device,0x40da,0xff7f,0xf6a2,0xf6a1,finite_normal_output,1,0
ttnn_device,0x40da,0x0948,0x007f,0x0000,outside_scope,,0
ttnn_device,0x40da,0x8948,0x807f,0x0000,outside_scope,,0
ttnn_device,0x40da,0x0949,0x007f,0x0000,outside_scope,,0
ttnn_device,0x40da,0x8949,0x807f,0x0000,outside_scope,,0
ttnn_device,0x40da,0x094a,0x0080,0x0000,finite_normal_output,0,0
ttnn_device,0x40da,0x894a,0x8080,0x0000,finite_normal_output,0,0
ttnn_device,0x40db,0x3f80,0x3699,0x3699,finite_normal_output,1,0
ttnn_device,0x40db,0x4080,0x3799,0x3799,finite_normal_output,1,0
ttnn_device,0x40db,0x4380,0x3a99,0x3a99,finite_normal_output,1,0
ttnn_device,0x40db,0x4f80,0x4699,0x4699,finite_normal_output,1,0
ttnn_device,0x40db,0x7f7f,0x7698,0x7698,finite_normal_output,1,0
ttnn_device,0x40db,0xff7f,0xf698,0xf698,finite_normal_output,1,0
ttnn_device,0x40db,0x0955,0x007f,0x0000,outside_scope,,0
ttnn_device,0x40db,0x8955,0x807f,0x0000,outside_scope,,0
ttnn_device,0x40db,0x0956,0x0080,0x0000,finite_normal_output,0,0
ttnn_device,0x40db,0x8956,0x8080,0x0000,finite_normal_output,0,0
ttnn_device,0x40db,0x0957,0x0080,0x0080,finite_normal_output,1,0
ttnn_device,0x40db,0x8957,0x8080,0x8080,finite_normal_output,1,0
ttnn_device,0x40dc,0x3f80,0x368f,0x368f,finite_normal_output,1,0
ttnn_device,0x40dc,0x4080,0x378f,0x378f,finite_normal_output,1,0
ttnn_device,0x40dc,0x4380,0x3a8f,0x3a8f,finite_normal_output,1,0
ttnn_device,0x40dc,0x4f80,0x468f,0x468f,finite_normal_output,1,0
ttnn_device,0x40dc,0x7f7f,0x768f,0x768e,finite_normal_output,1,0
ttnn_device,0x40dc,0xff7f,0xf68f,0xf68e,finite_normal_output,1,0
ttnn_device,0x40dc,0x0963,0x007f,0x0000,outside_scope,,0
ttnn_device,0x40dc,0x8963,0x807f,0x0000,outside_scope,,0
ttnn_device,0x40dc,0x0964,0x0080,0x0000,finite_normal_output,0,0
ttnn_device,0x40dc,0x8964,0x8080,0x0000,finite_normal_output,0,0
ttnn_device,0x40dc,0x0965,0x0080,0x0000,finite_normal_output,0,0
ttnn_device,0x40dc,0x8965,0x8080,0x0000,finite_normal_output,0,0
ttnn_device,0x40dd,0x3f80,0x3687,0x3687,finite_normal_output,1,0
ttnn_device,0x40dd,0x4080,0x3787,0x3787,finite_normal_output,1,0
ttnn_device,0x40dd,0x4380,0x3a87,0x3a87,finite_normal_output,1,0
ttnn_device,0x40dd,0x4f80,0x4687,0x4687,finite_normal_output,1,0
ttnn_device,0x40dd,0x7f7f,0x7686,0x7686,finite_normal_output,1,0
ttnn_device,0x40dd,0xff7f,0xf686,0xf686,finite_normal_output,1,0
ttnn_device,0x40dd,0x0971,0x007f,0x0000,outside_scope,,0
ttnn_device,0x40dd,0x8971,0x807f,0x0000,outside_scope,,0
ttnn_device,0x40dd,0x0972,0x007f,0x0000,outside_scope,,0
ttnn_device,0x40dd,0x8972,0x807f,0x0000,outside_scope,,0
ttnn_device,0x40dd,0x0973,0x0080,0x0080,finite_normal_output,1,0
ttnn_device,0x40dd,0x8973,0x8080,0x8080,finite_normal_output,1,0
ttnn_device,0x40de,0x3f80,0x367d,0x367d,finite_normal_output,1,0
ttnn_device,0x40de,0x4080,0x377d,0x377d,finite_normal_output,1,1
ttnn_device,0x40de,0x4380,0x3a7d,0x3a7d,finite_normal_output,1,0
ttnn_device,0x40de,0x4f80,0x467d,0x467d,finite_normal_output,1,0
ttnn_device,0x40de,0x7f7f,0x767c,0x767c,finite_normal_output,1,0
ttnn_device,0x40de,0xff7f,0xf67c,0xf67c,finite_normal_output,1,0
ttnn_device,0x40de,0x0980,0x007e,0x0000,outside_scope,,0
ttnn_device,0x40de,0x8980,0x807e,0x0000,outside_scope,,0
ttnn_device,0x40de,0x0981,0x007f,0x0000,outside_scope,,0
ttnn_device,0x40de,0x8981,0x807f,0x0000,outside_scope,,0
ttnn_device,0x40de,0x0982,0x0080,0x0080,finite_normal_output,1,0
ttnn_device,0x40de,0x8982,0x8080,0x8080,finite_normal_output,1,0
ttnn_device,0x40df,0x3f80,0x366e,0x366e,finite_normal_output,1,0
ttnn_device,0x40df,0x4080,0x376e,0x376e,finite_normal_output,1,0
ttnn_device,0x40df,0x4380,0x3a6e,0x3a6e,finite_normal_output,1,0
ttnn_device,0x40df,0x4f80,0x466e,0x466e,finite_normal_output,1,0
ttnn_device,0x40df,0x7f7f,0x766d,0x766d,finite_normal_output,1,0
ttnn_device,0x40df,0xff7f,0xf66d,0xf66d,finite_normal_output,1,0
ttnn_device,0x40df,0x0988,0x007e,0x0000,outside_scope,,0
ttnn_device,0x40df,0x8988,0x807e,0x0000,outside_scope,,0
ttnn_device,0x40df,0x0989,0x007f,0x0000,outside_scope,,0
ttnn_device,0x40df,0x8989,0x807f,0x0000,outside_scope,,0
ttnn_device,0x40df,0x098a,0x0080,0x0080,finite_normal_output,1,0
ttnn_device,0x40df,0x898a,0x8080,0x8080,finite_normal_output,1,0
ttnn_device,0x40e0,0x3f80,0x365f,0x365f,finite_normal_output,1,0
ttnn_device,0x40e0,0x4080,0x375f,0x375f,finite_normal_output,1,0
ttnn_device,0x40e0,0x4380,0x3a5f,0x3a5f,finite_normal_output,1,0
ttnn_device,0x40e0,0x4f80,0x465f,0x465f,finite_normal_output,1,0
ttnn_device,0x40e0,0x7f7f,0x765e,0x765e,finite_normal_output,1,0
ttnn_device,0x40e0,0xff7f,0xf65e,0xf65e,finite_normal_output,1,0
ttnn_device,0x40e0,0x0991,0x007e,0x0000,outside_scope,,0
ttnn_device,0x40e0,0x8991,0x807e,0x0000,outside_scope,,0
ttnn_device,0x40e0,0x0992,0x007f,0x0000,outside_scope,,0
ttnn_device,0x40e0,0x8992,0x807f,0x0000,outside_scope,,0
ttnn_device,0x40e0,0x0993,0x0080,0x0080,finite_normal_output,1,0
ttnn_device,0x40e0,0x8993,0x8080,0x8080,finite_normal_output,1,0
ttnn_device,0x40e1,0x3f80,0x3652,0x3652,finite_normal_output,1,0
ttnn_device,0x40e1,0x4080,0x3752,0x3752,finite_normal_output,1,0
ttnn_device,0x40e1,0x4380,0x3a52,0x3a52,finite_normal_output,1,0
ttnn_device,0x40e1,0x4f80,0x4652,0x4652,finite_normal_output,1,0
ttnn_device,0x40e1,0x7f7f,0x7651,0x7651,finite_normal_output,1,0
ttnn_device,0x40e1,0xff7f,0xf651,0xf651,finite_normal_output,1,0
ttnn_device,0x40e1,0x099b,0x007f,0x0000,outside_scope,,0
ttnn_device,0x40e1,0x899b,0x807f,0x0000,outside_scope,,0
ttnn_device,0x40e1,0x099c,0x0080,0x0000,finite_normal_output,0,0
ttnn_device,0x40e1,0x899c,0x8080,0x0000,finite_normal_output,0,0
ttnn_device,0x40e1,0x099d,0x0081,0x0081,finite_normal_output,1,0
ttnn_device,0x40e1,0x899d,0x8081,0x8081,finite_normal_output,1,0
ttnn_device,0x40e2,0x3f80,0x3645,0x3645,finite_normal_output,1,0
ttnn_device,0x40e2,0x4080,0x3745,0x3745,finite_normal_output,1,0
ttnn_device,0x40e2,0x4380,0x3a45,0x3a45,finite_normal_output,1,0
ttnn_device,0x40e2,0x4f80,0x4645,0x4645,finite_normal_output,1,1
ttnn_device,0x40e2,0x7f7f,0x7644,0x7644,finite_normal_output,1,0
ttnn_device,0x40e2,0xff7f,0xf644,0xf644,finite_normal_output,1,0
ttnn_device,0x40e2,0x09a5,0x007f,0x0000,outside_scope,,0
ttnn_device,0x40e2,0x89a5,0x807f,0x0000,outside_scope,,0
ttnn_device,0x40e2,0x09a6,0x0080,0x0000,finite_normal_output,0,0
ttnn_device,0x40e2,0x89a6,0x8080,0x0000,finite_normal_output,0,0
ttnn_device,0x40e2,0x09a7,0x0081,0x0081,finite_normal_output,1,0
ttnn_device,0x40e2,0x89a7,0x8081,0x8081,finite_normal_output,1,0
ttnn_device,0x40e3,0x3f80,0x3639,0x3639,finite_normal_output,1,0
ttnn_device,0x40e3,0x4080,0x3739,0x3739,finite_normal_output,1,0
ttnn_device,0x40e3,0x4380,0x3a39,0x3a39,finite_normal_output,1,0
ttnn_device,0x40e3,0x4f80,0x4639,0x4639,finite_normal_output,1,0
ttnn_device,0x40e3,0x7f7f,0x7638,0x7638,finite_normal_output,1,0
ttnn_device,0x40e3,0xff7f,0xf638,0xf638,finite_normal_output,1,0
ttnn_device,0x40e3,0x09af,0x007e,0x0000,outside_scope,,0
ttnn_device,0x40e3,0x89af,0x807e,0x0000,outside_scope,,0
ttnn_device,0x40e3,0x09b0,0x007f,0x0000,outside_scope,,0
ttnn_device,0x40e3,0x89b0,0x807f,0x0000,outside_scope,,0
ttnn_device,0x40e3,0x09b1,0x0080,0x0000,finite_normal_output,0,0
ttnn_device,0x40e3,0x89b1,0x8080,0x0000,finite_normal_output,0,0
ttnn_device,0x40e4,0x3f80,0x362e,0x362e,finite_normal_output,1,0
ttnn_device,0x40e4,0x4080,0x372e,0x372e,finite_normal_output,1,0
ttnn_device,0x40e4,0x4380,0x3a2e,0x3a2e,finite_normal_output,1,0
ttnn_device,0x40e4,0x4f80,0x462e,0x462e,finite_normal_output,1,0
ttnn_device,0x40e4,0x7f7f,0x762d,0x762d,finite_normal_output,1,0
ttnn_device,0x40e4,0xff7f,0xf62d,0xf62d,finite_normal_output,1,0
ttnn_device,0x40e4,0x09bb,0x007f,0x0000,outside_scope,,0
ttnn_device,0x40e4,0x89bb,0x807f,0x0000,outside_scope,,0
ttnn_device,0x40e4,0x09bc,0x0080,0x0000,finite_normal_output,0,0
ttnn_device,0x40e4,0x89bc,0x8080,0x0000,finite_normal_output,0,0
ttnn_device,0x40e4,0x09bd,0x0080,0x0080,finite_normal_output,1,0
ttnn_device,0x40e4,0x89bd,0x8080,0x8080,finite_normal_output,1,0
ttnn_device,0x40e5,0x3f80,0x3623,0x3623,finite_normal_output,1,0
ttnn_device,0x40e5,0x4080,0x3723,0x3723,finite_normal_output,1,0
ttnn_device,0x40e5,0x4380,0x3a23,0x3a23,finite_normal_output,1,0
ttnn_device,0x40e5,0x4f80,0x4623,0x4623,finite_normal_output,1,0
ttnn_device,0x40e5,0x7f7f,0x7623,0x7622,finite_normal_output,1,0
ttnn_device,0x40e5,0xff7f,0xf623,0xf622,finite_normal_output,1,0
ttnn_device,0x40e5,0x09c7,0x007f,0x0000,outside_scope,,0
ttnn_device,0x40e5,0x89c7,0x807f,0x0000,outside_scope,,0
ttnn_device,0x40e5,0x09c8,0x0080,0x0000,finite_normal_output,0,0
ttnn_device,0x40e5,0x89c8,0x8080,0x0000,finite_normal_output,0,0
ttnn_device,0x40e5,0x09c9,0x0080,0x0000,finite_normal_output,0,0
ttnn_device,0x40e5,0x89c9,0x8080,0x0000,finite_normal_output,0,0
ttnn_device,0x40e6,0x3f80,0x3619,0x3619,finite_normal_output,1,0
ttnn_device,0x40e6,0x4080,0x3719,0x3719,finite_normal_output,1,0
ttnn_device,0x40e6,0x4380,0x3a19,0x3a19,finite_normal_output,1,1
ttnn_device,0x40e6,0x4f80,0x4619,0x4619,finite_normal_output,1,0
ttnn_device,0x40e6,0x7f7f,0x7619,0x7618,finite_normal_output,1,0
ttnn_device,0x40e6,0xff7f,0xf619,0xf618,finite_normal_output,1,0
ttnn_device,0x40e6,0x09d4,0x007f,0x0000,outside_scope,,0
ttnn_device,0x40e6,0x89d4,0x807f,0x0000,outside_scope,,0
ttnn_device,0x40e6,0x09d5,0x0080,0x0000,finite_normal_output,0,0
ttnn_device,0x40e6,0x89d5,0x8080,0x0000,finite_normal_output,0,0
ttnn_device,0x40e6,0x09d6,0x0080,0x0000,finite_normal_output,0,0
ttnn_device,0x40e6,0x89d6,0x8080,0x0000,finite_normal_output,0,0
ttnn_device,0x40e7,0x3f80,0x3610,0x3610,finite_normal_output,1,0
ttnn_device,0x40e7,0x4080,0x3710,0x3710,finite_normal_output,1,0
ttnn_device,0x40e7,0x4380,0x3a10,0x3a10,finite_normal_output,1,0
ttnn_device,0x40e7,0x4f80,0x4610,0x4610,finite_normal_output,1,0
ttnn_device,0x40e7,0x7f7f,0x7610,0x760f,finite_normal_output,1,0
ttnn_device,0x40e7,0xff7f,0xf610,0xf60f,finite_normal_output,1,0
ttnn_device,0x40e7,0x09e1,0x007f,0x0000,outside_scope,,0
ttnn_device,0x40e7,0x89e1,0x807f,0x0000,outside_scope,,0
ttnn_device,0x40e7,0x09e2,0x007f,0x0000,outside_scope,,0
ttnn_device,0x40e7,0x89e2,0x807f,0x0000,outside_scope,,0
ttnn_device,0x40e7,0x09e3,0x0080,0x0000,finite_normal_output,0,0
ttnn_device,0x40e7,0x89e3,0x8080,0x0000,finite_normal_output,0,0
ttnn_device,0x40e8,0x3f80,0x3607,0x3607,finite_normal_output,1,0
ttnn_device,0x40e8,0x4080,0x3707,0x3707,finite_normal_output,1,0
ttnn_device,0x40e8,0x4380,0x3a07,0x3a07,finite_normal_output,1,0
ttnn_device,0x40e8,0x4f80,0x4607,0x4607,finite_normal_output,1,0
ttnn_device,0x40e8,0x7f7f,0x7607,0x7606,finite_normal_output,1,0
ttnn_device,0x40e8,0xff7f,0xf607,0xf606,finite_normal_output,1,0
ttnn_device,0x40e8,0x09f0,0x007f,0x0000,outside_scope,,0
ttnn_device,0x40e8,0x89f0,0x807f,0x0000,outside_scope,,0
ttnn_device,0x40e8,0x09f1,0x007f,0x0000,outside_scope,,0
ttnn_device,0x40e8,0x89f1,0x807f,0x0000,outside_scope,,0
ttnn_device,0x40e8,0x09f2,0x0080,0x0000,finite_normal_output,0,0
ttnn_device,0x40e8,0x89f2,0x8080,0x0000,finite_normal_output,0,0
ttnn_device,0x40e9,0x3f80,0x35fe,0x35fe,finite_normal_output,1,0
ttnn_device,0x40e9,0x4080,0x36fe,0x36fe,finite_normal_output,1,0
ttnn_device,0x40e9,0x4380,0x39fe,0x39fe,finite_normal_output,1,0
ttnn_device,0x40e9,0x4f80,0x45fe,0x45fe,finite_normal_output,1,0
ttnn_device,0x40e9,0x7f7f,0x75fd,0x75fd,finite_normal_output,1,0
ttnn_device,0x40e9,0xff7f,0xf5fd,0xf5fd,finite_normal_output,1,0
ttnn_device,0x40e9,0x09ff,0x007f,0x0000,outside_scope,,0
ttnn_device,0x40e9,0x89ff,0x807f,0x0000,outside_scope,,0
ttnn_device,0x40e9,0x0a00,0x007f,0x0000,outside_scope,,0
ttnn_device,0x40e9,0x8a00,0x807f,0x0000,outside_scope,,0
ttnn_device,0x40e9,0x0a01,0x0080,0x0000,finite_normal_output,0,0
ttnn_device,0x40e9,0x8a01,0x8080,0x0000,finite_normal_output,0,0
ttnn_device,0x40ea,0x3f80,0x35ef,0x35ef,finite_normal_output,1,0
ttnn_device,0x40ea,0x4080,0x36ef,0x36ef,finite_normal_output,1,0
ttnn_device,0x40ea,0x4380,0x39ef,0x39ef,finite_normal_output,1,0
ttnn_device,0x40ea,0x4f80,0x45ef,0x45ef,finite_normal_output,1,0
ttnn_device,0x40ea,0x7f7f,0x75ee,0x75ee,finite_normal_output,1,1
ttnn_device,0x40ea,0xff7f,0xf5ee,0xf5ee,finite_normal_output,1,0
ttnn_device,0x40ea,0x0a08,0x007f,0x0000,outside_scope,,0
ttnn_device,0x40ea,0x8a08,0x807f,0x0000,outside_scope,,0
ttnn_device,0x40ea,0x0a09,0x0080,0x0000,finite_normal_output,0,0
ttnn_device,0x40ea,0x8a09,0x8080,0x0000,finite_normal_output,0,0
ttnn_device,0x40ea,0x0a0a,0x0081,0x0081,finite_normal_output,1,0
ttnn_device,0x40ea,0x8a0a,0x8081,0x8081,finite_normal_output,1,0
ttnn_device,0x40eb,0x3f80,0x35e0,0x35e0,finite_normal_output,1,0
ttnn_device,0x40eb,0x4080,0x36e0,0x36e0,finite_normal_output,1,0
ttnn_device,0x40eb,0x4380,0x39e0,0x39e0,finite_normal_output,1,0
ttnn_device,0x40eb,0x4f80,0x45e0,0x45e0,finite_normal_output,1,0
ttnn_device,0x40eb,0x7f7f,0x75e0,0x75df,finite_normal_output,1,0
ttnn_device,0x40eb,0xff7f,0xf5e0,0xf5df,finite_normal_output,1,0
ttnn_device,0x40eb,0x0a10,0x007e,0x0000,outside_scope,,0
ttnn_device,0x40eb,0x8a10,0x807e,0x0000,outside_scope,,0
ttnn_device,0x40eb,0x0a11,0x007f,0x0000,outside_scope,,0
ttnn_device,0x40eb,0x8a11,0x807f,0x0000,outside_scope,,0
ttnn_device,0x40eb,0x0a12,0x0080,0x0000,finite_normal_output,0,0
ttnn_device,0x40eb,0x8a12,0x8080,0x0000,finite_normal_output,0,0
ttnn_device,0x40ec,0x3f80,0x35d3,0x35d3,finite_normal_output,1,0
ttnn_device,0x40ec,0x4080,0x36d3,0x36d3,finite_normal_output,1,0
ttnn_device,0x40ec,0x4380,0x39d3,0x39d3,finite_normal_output,1,0
ttnn_device,0x40ec,0x4f80,0x45d3,0x45d3,finite_normal_output,1,0
ttnn_device,0x40ec,0x7f7f,0x75d2,0x75d2,finite_normal_output,1,0
ttnn_device,0x40ec,0xff7f,0xf5d2,0xf5d2,finite_normal_output,1,0
ttnn_device,0x40ec,0x0a1a,0x007f,0x0000,outside_scope,,0
ttnn_device,0x40ec,0x8a1a,0x807f,0x0000,outside_scope,,0
ttnn_device,0x40ec,0x0a1b,0x0080,0x0000,finite_normal_output,0,0
ttnn_device,0x40ec,0x8a1b,0x8080,0x0000,finite_normal_output,0,0
ttnn_device,0x40ec,0x0a1c,0x0081,0x0081,finite_normal_output,1,0
ttnn_device,0x40ec,0x8a1c,0x8081,0x8081,finite_normal_output,1,0
ttnn_device,0x40ed,0x3f80,0x35c6,0x35c6,finite_normal_output,1,0
ttnn_device,0x40ed,0x4080,0x36c6,0x36c6,finite_normal_output,1,0
ttnn_device,0x40ed,0x4380,0x39c6,0x39c6,finite_normal_output,1,0
ttnn_device,0x40ed,0x4f80,0x45c6,0x45c6,finite_normal_output,1,0
ttnn_device,0x40ed,0x7f7f,0x75c5,0x75c5,finite_normal_output,1,0
ttnn_device,0x40ed,0xff7f,0xf5c5,0xf5c5,finite_normal_output,1,0
ttnn_device,0x40ed,0x0a24,0x007f,0x0000,outside_scope,,0
ttnn_device,0x40ed,0x8a24,0x807f,0x0000,outside_scope,,0
ttnn_device,0x40ed,0x0a25,0x0080,0x0000,finite_normal_output,0,0
ttnn_device,0x40ed,0x8a25,0x8080,0x0000,finite_normal_output,0,0
ttnn_device,0x40ed,0x0a26,0x0080,0x0080,finite_normal_output,1,0
ttnn_device,0x40ed,0x8a26,0x8080,0x8080,finite_normal_output,1,0
ttnn_device,0x40ee,0x3f80,0x35ba,0x35ba,finite_normal_output,1,0
ttnn_device,0x40ee,0x4080,0x36ba,0x36ba,finite_normal_output,1,0
ttnn_device,0x40ee,0x4380,0x39ba,0x39ba,finite_normal_output,1,0
ttnn_device,0x40ee,0x4f80,0x45ba,0x45ba,finite_normal_output,1,1
ttnn_device,0x40ee,0x7f7f,0x75b9,0x75b9,finite_normal_output,1,0
ttnn_device,0x40ee,0xff7f,0xf5b9,0xf5b9,finite_normal_output,1,0
ttnn_device,0x40ee,0x0a2e,0x007e,0x0000,outside_scope,,0
ttnn_device,0x40ee,0x8a2e,0x807e,0x0000,outside_scope,,0
ttnn_device,0x40ee,0x0a2f,0x007f,0x0000,outside_scope,,0
ttnn_device,0x40ee,0x8a2f,0x807f,0x0000,outside_scope,,0
ttnn_device,0x40ee,0x0a30,0x0080,0x0000,finite_normal_output,0,0
ttnn_device,0x40ee,0x8a30,0x8080,0x0000,finite_normal_output,0,0
ttnn_device,0x40ef,0x3f80,0x35af,0x35af,finite_normal_output,1,0
ttnn_device,0x40ef,0x4080,0x36af,0x36af,finite_normal_output,1,0
ttnn_device,0x40ef,0x4380,0x39af,0x39af,finite_normal_output,1,0
ttnn_device,0x40ef,0x4f80,0x45af,0x45af,finite_normal_output,1,0
ttnn_device,0x40ef,0x7f7f,0x75ae,0x75ae,finite_normal_output,1,0
ttnn_device,0x40ef,0xff7f,0xf5ae,0xf5ae,finite_normal_output,1,0
ttnn_device,0x40ef,0x0a3a,0x007f,0x0000,outside_scope,,0
ttnn_device,0x40ef,0x8a3a,0x807f,0x0000,outside_scope,,0
ttnn_device,0x40ef,0x0a3b,0x0080,0x0000,finite_normal_output,0,0
ttnn_device,0x40ef,0x8a3b,0x8080,0x0000,finite_normal_output,0,0
ttnn_device,0x40ef,0x0a3c,0x0080,0x0081,finite_normal_output,1,0
ttnn_device,0x40ef,0x8a3c,0x8080,0x8081,finite_normal_output,1,0
ttnn_device,0x40f0,0x3f80,0x35a4,0x35a4,finite_normal_output,1,0
ttnn_device,0x40f0,0x4080,0x36a4,0x36a4,finite_normal_output,1,0
ttnn_device,0x40f0,0x4380,0x39a4,0x39a4,finite_normal_output,1,0
ttnn_device,0x40f0,0x4f80,0x45a4,0x45a4,finite_normal_output,1,0
ttnn_device,0x40f0,0x7f7f,0x75a4,0x75a3,finite_normal_output,1,0
ttnn_device,0x40f0,0xff7f,0xf5a4,0xf5a3,finite_normal_output,1,0
ttnn_device,0x40f0,0x0a46,0x007f,0x0000,outside_scope,,0
ttnn_device,0x40f0,0x8a46,0x807f,0x0000,outside_scope,,0
ttnn_device,0x40f0,0x0a47,0x0080,0x0000,finite_normal_output,0,0
ttnn_device,0x40f0,0x8a47,0x8080,0x0000,finite_normal_output,0,0
ttnn_device,0x40f0,0x0a48,0x0080,0x0080,finite_normal_output,1,0
ttnn_device,0x40f0,0x8a48,0x8080,0x8080,finite_normal_output,1,0
ttnn_device,0x40f1,0x3f80,0x359a,0x359a,finite_normal_output,1,0
ttnn_device,0x40f1,0x4080,0x369a,0x369a,finite_normal_output,1,0
ttnn_device,0x40f1,0x4380,0x399a,0x399a,finite_normal_output,1,0
ttnn_device,0x40f1,0x4f80,0x459a,0x459a,finite_normal_output,1,0
ttnn_device,0x40f1,0x7f7f,0x759a,0x7599,finite_normal_output,1,0
ttnn_device,0x40f1,0xff7f,0xf59a,0xf599,finite_normal_output,1,0
ttnn_device,0x40f1,0x0a53,0x007f,0x0000,outside_scope,,0
ttnn_device,0x40f1,0x8a53,0x807f,0x0000,outside_scope,,0
ttnn_device,0x40f1,0x0a54,0x0080,0x0000,finite_normal_output,0,0
ttnn_device,0x40f1,0x8a54,0x8080,0x0000,finite_normal_output,0,0
ttnn_device,0x40f1,0x0a55,0x0080,0x0080,finite_normal_output,1,0
ttnn_device,0x40f1,0x8a55,0x8080,0x8080,finite_normal_output,1,0
ttnn_device,0x40f2,0x3f80,0x3591,0x3591,finite_normal_output,1,0
ttnn_device,0x40f2,0x4080,0x3691,0x3691,finite_normal_output,1,1
ttnn_device,0x40f2,0x4380,0x3991,0x3991,finite_normal_output,1,0
ttnn_device,0x40f2,0x4f80,0x4591,0x4591,finite_normal_output,1,0
ttnn_device,0x40f2,0x7f7f,0x7590,0x7590,finite_normal_output,1,0
ttnn_device,0x40f2,0xff7f,0xf590,0xf590,finite_normal_output,1,0
ttnn_device,0x40f2,0x0a60,0x007f,0x0000,outside_scope,,0
ttnn_device,0x40f2,0x8a60,0x807f,0x0000,outside_scope,,0
ttnn_device,0x40f2,0x0a61,0x007f,0x0000,outside_scope,,0
ttnn_device,0x40f2,0x8a61,0x807f,0x0000,outside_scope,,0
ttnn_device,0x40f2,0x0a62,0x0080,0x0080,finite_normal_output,1,0
ttnn_device,0x40f2,0x8a62,0x8080,0x8080,finite_normal_output,1,0
ttnn_device,0x40f3,0x3f80,0x3588,0x3588,finite_normal_output,1,0
ttnn_device,0x40f3,0x4080,0x3688,0x3688,finite_normal_output,1,0
ttnn_device,0x40f3,0x4380,0x3988,0x3988,finite_normal_output,1,0
ttnn_device,0x40f3,0x4f80,0x4588,0x4588,finite_normal_output,1,0
ttnn_device,0x40f3,0x7f7f,0x7588,0x7587,finite_normal_output,1,0
ttnn_device,0x40f3,0xff7f,0xf588,0xf587,finite_normal_output,1,0
ttnn_device,0x40f3,0x0a6f,0x007f,0x0000,outside_scope,,0
ttnn_device,0x40f3,0x8a6f,0x807f,0x0000,outside_scope,,0
ttnn_device,0x40f3,0x0a70,0x0080,0x0000,finite_normal_output,0,0
ttnn_device,0x40f3,0x8a70,0x8080,0x0000,finite_normal_output,0,0
ttnn_device,0x40f3,0x0a71,0x0080,0x0080,finite_normal_output,1,0
ttnn_device,0x40f3,0x8a71,0x8080,0x8080,finite_normal_output,1,0
ttnn_device,0x40f4,0x3f80,0x3580,0x3580,finite_normal_output,1,0
ttnn_device,0x40f4,0x4080,0x3680,0x3680,finite_normal_output,1,0
ttnn_device,0x40f4,0x4380,0x3980,0x3980,finite_normal_output,1,0
ttnn_device,0x40f4,0x4f80,0x4580,0x4580,finite_normal_output,1,0
ttnn_device,0x40f4,0x7f7f,0x757f,0x757f,finite_normal_output,1,0
ttnn_device,0x40f4,0xff7f,0xf57f,0xf57f,finite_normal_output,1,0
ttnn_device,0x40f4,0x0a7e,0x007f,0x0000,outside_scope,,0
ttnn_device,0x40f4,0x8a7e,0x807f,0x0000,outside_scope,,0
ttnn_device,0x40f4,0x0a7f,0x007f,0x0000,outside_scope,,0
ttnn_device,0x40f4,0x8a7f,0x807f,0x0000,outside_scope,,0
ttnn_device,0x40f4,0x0a80,0x0080,0x0080,finite_normal_output,1,0
ttnn_device,0x40f4,0x8a80,0x8080,0x8080,finite_normal_output,1,0
ttnn_device,0x40f5,0x3f80,0x3570,0x3570,finite_normal_output,1,0
ttnn_device,0x40f5,0x4080,0x3670,0x3670,finite_normal_output,1,0
ttnn_device,0x40f5,0x4380,0x3970,0x3970,finite_normal_output,1,0
ttnn_device,0x40f5,0x4f80,0x4570,0x4570,finite_normal_output,1,0
ttnn_device,0x40f5,0x7f7f,0x756f,0x756f,finite_normal_output,1,0
ttnn_device,0x40f5,0xff7f,0xf56f,0xf56f,finite_normal_output,1,0
ttnn_device,0x40f5,0x0a87,0x007f,0x0000,outside_scope,,0
ttnn_device,0x40f5,0x8a87,0x807f,0x0000,outside_scope,,0
ttnn_device,0x40f5,0x0a88,0x0080,0x0000,finite_normal_output,0,0
ttnn_device,0x40f5,0x8a88,0x8080,0x0000,finite_normal_output,0,0
ttnn_device,0x40f5,0x0a89,0x0081,0x0080,finite_normal_output,1,0
ttnn_device,0x40f5,0x8a89,0x8081,0x8080,finite_normal_output,1,0
ttnn_device,0x40f6,0x3f80,0x3562,0x3562,finite_normal_output,1,0
ttnn_device,0x40f6,0x4080,0x3662,0x3662,finite_normal_output,1,0
ttnn_device,0x40f6,0x4380,0x3962,0x3962,finite_normal_output,1,1
ttnn_device,0x40f6,0x4f80,0x4562,0x4562,finite_normal_output,1,0
ttnn_device,0x40f6,0x7f7f,0x7561,0x7561,finite_normal_output,1,0
ttnn_device,0x40f6,0xff7f,0xf561,0xf561,finite_normal_output,1,0
ttnn_device,0x40f6,0x0a90,0x007f,0x0000,outside_scope,,0
ttnn_device,0x40f6,0x8a90,0x807f,0x0000,outside_scope,,0
ttnn_device,0x40f6,0x0a91,0x0080,0x0080,finite_normal_output,1,0
ttnn_device,0x40f6,0x8a91,0x8080,0x8080,finite_normal_output,1,0
ttnn_device,0x40f6,0x0a92,0x0081,0x0081,finite_normal_output,1,0
ttnn_device,0x40f6,0x8a92,0x8081,0x8081,finite_normal_output,1,0
ttnn_device,0x40f7,0x3f80,0x3554,0x3554,finite_normal_output,1,0
ttnn_device,0x40f7,0x4080,0x3654,0x3654,finite_normal_output,1,0
ttnn_device,0x40f7,0x4380,0x3954,0x3954,finite_normal_output,1,0
ttnn_device,0x40f7,0x4f80,0x4554,0x4554,finite_normal_output,1,0
ttnn_device,0x40f7,0x7f7f,0x7553,0x7553,finite_normal_output,1,0
ttnn_device,0x40f7,0xff7f,0xf553,0xf553,finite_normal_output,1,0
ttnn_device,0x40f7,0x0a99,0x007f,0x0000,outside_scope,,0
ttnn_device,0x40f7,0x8a99,0x807f,0x0000,outside_scope,,0
ttnn_device,0x40f7,0x0a9a,0x0080,0x0000,finite_normal_output,0,0
ttnn_device,0x40f7,0x8a9a,0x8080,0x0000,finite_normal_output,0,0
ttnn_device,0x40f7,0x0a9b,0x0080,0x0080,finite_normal_output,1,0
ttnn_device,0x40f7,0x8a9b,0x8080,0x8080,finite_normal_output,1,0
ttnn_device,0x40f8,0x3f80,0x3547,0x3547,finite_normal_output,1,0
ttnn_device,0x40f8,0x4080,0x3647,0x3647,finite_normal_output,1,0
ttnn_device,0x40f8,0x4380,0x3947,0x3947,finite_normal_output,1,0
ttnn_device,0x40f8,0x4f80,0x4547,0x4547,finite_normal_output,1,0
ttnn_device,0x40f8,0x7f7f,0x7546,0x7546,finite_normal_output,1,0
ttnn_device,0x40f8,0xff7f,0xf546,0xf546,finite_normal_output,1,0
ttnn_device,0x40f8,0x0aa3,0x007f,0x0000,outside_scope,,0
ttnn_device,0x40f8,0x8aa3,0x807f,0x0000,outside_scope,,0
ttnn_device,0x40f8,0x0aa4,0x0080,0x0000,finite_normal_output,0,0
ttnn_device,0x40f8,0x8aa4,0x8080,0x0000,finite_normal_output,0,0
ttnn_device,0x40f8,0x0aa5,0x0080,0x0080,finite_normal_output,1,0
ttnn_device,0x40f8,0x8aa5,0x8080,0x8080,finite_normal_output,1,0
ttnn_device,0x40f9,0x3f80,0x353b,0x353b,finite_normal_output,1,0
ttnn_device,0x40f9,0x4080,0x363b,0x363b,finite_normal_output,1,0
ttnn_device,0x40f9,0x4380,0x393b,0x393b,finite_normal_output,1,0
ttnn_device,0x40f9,0x4f80,0x453b,0x453b,finite_normal_output,1,0
ttnn_device,0x40f9,0x7f7f,0x753a,0x753a,finite_normal_output,1,0
ttnn_device,0x40f9,0xff7f,0xf53a,0xf53a,finite_normal_output,1,0
ttnn_device,0x40f9,0x0aad,0x007e,0x0000,outside_scope,,0
ttnn_device,0x40f9,0x8aad,0x807e,0x0000,outside_scope,,0
ttnn_device,0x40f9,0x0aae,0x007f,0x0000,outside_scope,,0
ttnn_device,0x40f9,0x8aae,0x807f,0x0000,outside_scope,,0
ttnn_device,0x40f9,0x0aaf,0x0080,0x0000,finite_normal_output,0,0
ttnn_device,0x40f9,0x8aaf,0x8080,0x0000,finite_normal_output,0,0
ttnn_device,0x40fa,0x3f80,0x3530,0x3530,finite_normal_output,1,1
ttnn_device,0x40fa,0x4080,0x3630,0x3630,finite_normal_output,1,0
ttnn_device,0x40fa,0x4380,0x3930,0x3930,finite_normal_output,1,0
ttnn_device,0x40fa,0x4f80,0x4530,0x4530,finite_normal_output,1,0
ttnn_device,0x40fa,0x7f7f,0x752f,0x752f,finite_normal_output,1,0
ttnn_device,0x40fa,0xff7f,0xf52f,0xf52f,finite_normal_output,1,0
ttnn_device,0x40fa,0x0ab9,0x007f,0x0000,outside_scope,,0
ttnn_device,0x40fa,0x8ab9,0x807f,0x0000,outside_scope,,0
ttnn_device,0x40fa,0x0aba,0x0080,0x0000,finite_normal_output,0,0
ttnn_device,0x40fa,0x8aba,0x8080,0x0000,finite_normal_output,0,0
ttnn_device,0x40fa,0x0abb,0x0080,0x0081,finite_normal_output,1,0
ttnn_device,0x40fa,0x8abb,0x8080,0x8081,finite_normal_output,1,0
ttnn_device,0x40fb,0x3f80,0x3525,0x3525,finite_normal_output,1,0
ttnn_device,0x40fb,0x4080,0x3625,0x3625,finite_normal_output,1,0
ttnn_device,0x40fb,0x4380,0x3925,0x3925,finite_normal_output,1,0
ttnn_device,0x40fb,0x4f80,0x4525,0x4525,finite_normal_output,1,0
ttnn_device,0x40fb,0x7f7f,0x7525,0x7524,finite_normal_output,1,0
ttnn_device,0x40fb,0xff7f,0xf525,0xf524,finite_normal_output,1,0
ttnn_device,0x40fb,0x0ac5,0x007f,0x0000,outside_scope,,0
ttnn_device,0x40fb,0x8ac5,0x807f,0x0000,outside_scope,,0
ttnn_device,0x40fb,0x0ac6,0x0080,0x0000,finite_normal_output,0,0
ttnn_device,0x40fb,0x8ac6,0x8080,0x0000,finite_normal_output,0,0
ttnn_device,0x40fb,0x0ac7,0x0080,0x0080,finite_normal_output,1,0
ttnn_device,0x40fb,0x8ac7,0x8080,0x8080,finite_normal_output,1,0
ttnn_device,0x40fc,0x3f80,0x351b,0x351b,finite_normal_output,1,0
ttnn_device,0x40fc,0x4080,0x361b,0x361b,finite_normal_output,1,0
ttnn_device,0x40fc,0x4380,0x391b,0x391b,finite_normal_output,1,0
ttnn_device,0x40fc,0x4f80,0x451b,0x451b,finite_normal_output,1,0
ttnn_device,0x40fc,0x7f7f,0x751b,0x751a,finite_normal_output,1,0
ttnn_device,0x40fc,0xff7f,0xf51b,0xf51a,finite_normal_output,1,0
ttnn_device,0x40fc,0x0ad1,0x007f,0x0000,outside_scope,,0
ttnn_device,0x40fc,0x8ad1,0x807f,0x0000,outside_scope,,0
ttnn_device,0x40fc,0x0ad2,0x007f,0x0000,outside_scope,,0
ttnn_device,0x40fc,0x8ad2,0x807f,0x0000,outside_scope,,0
ttnn_device,0x40fc,0x0ad3,0x0080,0x0000,finite_normal_output,0,0
ttnn_device,0x40fc,0x8ad3,0x8080,0x0000,finite_normal_output,0,0
ttnn_device,0x40fd,0x3f80,0x3512,0x3512,finite_normal_output,1,0
ttnn_device,0x40fd,0x4080,0x3612,0x3612,finite_normal_output,1,0
ttnn_device,0x40fd,0x4380,0x3912,0x3912,finite_normal_output,1,0
ttnn_device,0x40fd,0x4f80,0x4512,0x4512,finite_normal_output,1,0
ttnn_device,0x40fd,0x7f7f,0x7511,0x7511,finite_normal_output,1,0
ttnn_device,0x40fd,0xff7f,0xf511,0xf511,finite_normal_output,1,0
ttnn_device,0x40fd,0x0adf,0x007f,0x0000,outside_scope,,0
ttnn_device,0x40fd,0x8adf,0x807f,0x0000,outside_scope,,0
ttnn_device,0x40fd,0x0ae0,0x0080,0x0000,finite_normal_output,0,0
ttnn_device,0x40fd,0x8ae0,0x8080,0x0000,finite_normal_output,0,0
ttnn_device,0x40fd,0x0ae1,0x0080,0x0080,finite_normal_output,1,0
ttnn_device,0x40fd,0x8ae1,0x8080,0x8080,finite_normal_output,1,1
ttnn_device,0x40fe,0x3f80,0x3509,0x3509,finite_normal_output,1,0
ttnn_device,0x40fe,0x4080,0x3609,0x3609,finite_normal_output,1,0
ttnn_device,0x40fe,0x4380,0x3909,0x3909,finite_normal_output,1,0
ttnn_device,0x40fe,0x4f80,0x4509,0x4509,finite_normal_output,1,0
ttnn_device,0x40fe,0x7f7f,0x7508,0x7508,finite_normal_output,1,0
ttnn_device,0x40fe,0xff7f,0xf508,0xf508,finite_normal_output,1,0
ttnn_device,0x40fe,0x0aed,0x007f,0x0000,outside_scope,,0
ttnn_device,0x40fe,0x8aed,0x807f,0x0000,outside_scope,,0
ttnn_device,0x40fe,0x0aee,0x007f,0x0000,outside_scope,,0
ttnn_device,0x40fe,0x8aee,0x807f,0x0000,outside_scope,,0
ttnn_device,0x40fe,0x0aef,0x0080,0x0000,finite_normal_output,0,0
ttnn_device,0x40fe,0x8aef,0x8080,0x0000,finite_normal_output,0,0
ttnn_device,0x40ff,0x3f80,0x3501,0x3501,finite_normal_output,1,0
ttnn_device,0x40ff,0x4080,0x3601,0x3601,finite_normal_output,1,0
ttnn_device,0x40ff,0x4380,0x3901,0x3901,finite_normal_output,1,0
ttnn_device,0x40ff,0x4f80,0x4501,0x4501,finite_normal_output,1,0
ttnn_device,0x40ff,0x7f7f,0x7500,0x7500,finite_normal_output,1,0
ttnn_device,0x40ff,0xff7f,0xf500,0xf500,finite_normal_output,1,0
ttnn_device,0x40ff,0x0afd,0x007f,0x0000,outside_scope,,0
ttnn_device,0x40ff,0x8afd,0x807f,0x0000,outside_scope,,0
ttnn_device,0x40ff,0x0afe,0x0080,0x0000,finite_normal_output,0,0
ttnn_device,0x40ff,0x8afe,0x8080,0x0000,finite_normal_output,0,0
ttnn_device,0x40ff,0x0aff,0x0080,0x0080,finite_normal_output,1,0
ttnn_device,0x40ff,0x8aff,0x8080,0x8080,finite_normal_output,1,0
ttnn_device,0x4100,0x3f80,0x34f2,0x34f2,finite_normal_output,1,0
ttnn_device,0x4100,0x4080,0x35f2,0x35f2,finite_normal_output,1,0
ttnn_device,0x4100,0x4380,0x38f2,0x38f2,finite_normal_output,1,0
ttnn_device,0x4100,0x4f80,0x44f2,0x44f2,finite_normal_output,1,0
ttnn_device,0x4100,0x7f7f,0x74f1,0x74f1,finite_normal_output,1,0
ttnn_device,0x4100,0xff7f,0xf4f1,0xf4f1,finite_normal_output,1,0
ttnn_device,0x4100,0x0b06,0x007e,0x0000,outside_scope,,0
ttnn_device,0x4100,0x8b06,0x807e,0x0000,outside_scope,,0
ttnn_device,0x4100,0x0b07,0x007f,0x0000,outside_scope,,0
ttnn_device,0x4100,0x8b07,0x807f,0x0000,outside_scope,,0
ttnn_device,0x4100,0x0b08,0x0080,0x0081,finite_normal_output,1,0
ttnn_device,0x4100,0x8b08,0x8080,0x8081,finite_normal_output,1,0
ttnn_device,0x4101,0x3f80,0x34d5,0x34d5,finite_normal_output,1,0
ttnn_device,0x4101,0x4080,0x35d5,0x35d5,finite_normal_output,1,0
ttnn_device,0x4101,0x4380,0x38d5,0x38d5,finite_normal_output,1,0
ttnn_device,0x4101,0x4f80,0x44d5,0x44d5,finite_normal_output,1,0
ttnn_device,0x4101,0x7f7f,0x74d4,0x74d4,finite_normal_output,1,0
ttnn_device,0x4101,0xff7f,0xf4d4,0xf4d4,finite_normal_output,1,0
ttnn_device,0x4101,0x0b18,0x007f,0x0000,outside_scope,,0
ttnn_device,0x4101,0x8b18,0x807f,0x0000,outside_scope,,0
ttnn_device,0x4101,0x0b19,0x007f,0x0000,outside_scope,,0
ttnn_device,0x4101,0x8b19,0x807f,0x0000,outside_scope,,0
ttnn_device,0x4101,0x0b1a,0x0080,0x0080,finite_normal_output,1,0
ttnn_device,0x4101,0x8b1a,0x8080,0x8080,finite_normal_output,1,0
ttnn_device,0x4102,0x3f80,0x34bc,0x34bc,finite_normal_output,1,0
ttnn_device,0x4102,0x4080,0x35bc,0x35bc,finite_normal_output,1,1
ttnn_device,0x4102,0x4380,0x38bc,0x38bc,finite_normal_output,1,0
ttnn_device,0x4102,0x4f80,0x44bc,0x44bc,finite_normal_output,1,0
ttnn_device,0x4102,0x7f7f,0x74bb,0x74bb,finite_normal_output,1,0
ttnn_device,0x4102,0xff7f,0xf4bb,0xf4bb,finite_normal_output,1,0
ttnn_device,0x4102,0x0b2c,0x007e,0x0000,outside_scope,,0
ttnn_device,0x4102,0x8b2c,0x807e,0x0000,outside_scope,,0
ttnn_device,0x4102,0x0b2d,0x007f,0x0000,outside_scope,,0
ttnn_device,0x4102,0x8b2d,0x807f,0x0000,outside_scope,,0
ttnn_device,0x4102,0x0b2e,0x0080,0x0000,finite_normal_output,0,0
ttnn_device,0x4102,0x8b2e,0x8080,0x0000,finite_normal_output,0,0
ttnn_device,0x4103,0x3f80,0x34a6,0x34a6,finite_normal_output,1,0
ttnn_device,0x4103,0x4080,0x35a6,0x35a6,finite_normal_output,1,0
ttnn_device,0x4103,0x4380,0x38a6,0x38a6,finite_normal_output,1,0
ttnn_device,0x4103,0x4f80,0x44a6,0x44a6,finite_normal_output,1,0
ttnn_device,0x4103,0x7f7f,0x74a5,0x74a5,finite_normal_output,1,0
ttnn_device,0x4103,0xff7f,0xf4a5,0xf4a5,finite_normal_output,1,0
ttnn_device,0x4103,0x0b44,0x007f,0x0000,outside_scope,,0
ttnn_device,0x4103,0x8b44,0x807f,0x0000,outside_scope,,0
ttnn_device,0x4103,0x0b45,0x0080,0x0000,finite_normal_output,0,0
ttnn_device,0x4103,0x8b45,0x8080,0x0000,finite_normal_output,0,0
ttnn_device,0x4103,0x0b46,0x0080,0x0080,finite_normal_output,1,0
ttnn_device,0x4103,0x8b46,0x8080,0x8080,finite_normal_output,1,0
ttnn_device,0x4104,0x3f80,0x3493,0x3493,finite_normal_output,1,0
ttnn_device,0x4104,0x4080,0x3593,0x3593,finite_normal_output,1,0
ttnn_device,0x4104,0x4380,0x3893,0x3893,finite_normal_output,1,0
ttnn_device,0x4104,0x4f80,0x4493,0x4493,finite_normal_output,1,0
ttnn_device,0x4104,0x7f7f,0x7492,0x7492,finite_normal_output,1,0
ttnn_device,0x4104,0xff7f,0xf492,0xf492,finite_normal_output,1,0
ttnn_device,0x4104,0x0b5e,0x007f,0x0000,outside_scope,,0
ttnn_device,0x4104,0x8b5e,0x807f,0x0000,outside_scope,,0
ttnn_device,0x4104,0x0b5f,0x0080,0x0080,finite_normal_output,1,0
ttnn_device,0x4104,0x8b5f,0x8080,0x8080,finite_normal_output,1,0
ttnn_device,0x4104,0x0b60,0x0080,0x0081,finite_normal_output,1,0
ttnn_device,0x4104,0x8b60,0x8080,0x8081,finite_normal_output,1,0
ttnn_device,0x4105,0x3f80,0x3481,0x3481,finite_normal_output,1,0
ttnn_device,0x4105,0x4080,0x3581,0x3581,finite_normal_output,1,0
ttnn_device,0x4105,0x4380,0x3881,0x3881,finite_normal_output,1,0
ttnn_device,0x4105,0x4f80,0x4481,0x4481,finite_normal_output,1,0
ttnn_device,0x4105,0x7f7f,0x7481,0x7480,finite_normal_output,1,0
ttnn_device,0x4105,0xff7f,0xf481,0xf480,finite_normal_output,1,0
ttnn_device,0x4105,0x0b7b,0x007f,0x0000,outside_scope,,0
ttnn_device,0x4105,0x8b7b,0x807f,0x0000,outside_scope,,0
ttnn_device,0x4105,0x0b7c,0x007f,0x0000,outside_scope,,0
ttnn_device,0x4105,0x8b7c,0x807f,0x0000,outside_scope,,0
ttnn_device,0x4105,0x0b7d,0x0080,0x0000,finite_normal_output,0,0
ttnn_device,0x4105,0x8b7d,0x8080,0x0000,finite_normal_output,0,0
ttnn_device,0x4106,0x3f80,0x3464,0x3464,finite_normal_output,1,0
ttnn_device,0x4106,0x4080,0x3564,0x3564,finite_normal_output,1,0
ttnn_device,0x4106,0x4380,0x3864,0x3864,finite_normal_output,1,1
ttnn_device,0x4106,0x4f80,0x4464,0x4464,finite_normal_output,1,0
ttnn_device,0x4106,0x7f7f,0x7463,0x7463,finite_normal_output,1,0
ttnn_device,0x4106,0xff7f,0xf463,0xf463,finite_normal_output,1,0
ttnn_device,0x4106,0x0b8e,0x007f,0x0000,outside_scope,,0
ttnn_device,0x4106,0x8b8e,0x807f,0x0000,outside_scope,,0
ttnn_device,0x4106,0x0b8f,0x0080,0x0000,finite_normal_output,0,0
ttnn_device,0x4106,0x8b8f,0x8080,0x0000,finite_normal_output,0,0
ttnn_device,0x4106,0x0b90,0x0080,0x0080,finite_normal_output,1,0
ttnn_device,0x4106,0x8b90,0x8080,0x8080,finite_normal_output,1,0
ttnn_device,0x4107,0x3f80,0x3449,0x3449,finite_normal_output,1,0
ttnn_device,0x4107,0x4080,0x3549,0x3549,finite_normal_output,1,0
ttnn_device,0x4107,0x4380,0x3849,0x3849,finite_normal_output,1,0
ttnn_device,0x4107,0x4f80,0x4449,0x4449,finite_normal_output,1,0
ttnn_device,0x4107,0x7f7f,0x7449,0x7448,finite_normal_output,1,0
ttnn_device,0x4107,0xff7f,0xf449,0xf448,finite_normal_output,1,0
ttnn_device,0x4107,0x0ba1,0x007f,0x0000,outside_scope,,0
ttnn_device,0x4107,0x8ba1,0x807f,0x0000,outside_scope,,0
ttnn_device,0x4107,0x0ba2,0x0080,0x0000,finite_normal_output,0,0
ttnn_device,0x4107,0x8ba2,0x8080,0x0000,finite_normal_output,0,0
ttnn_device,0x4107,0x0ba3,0x0080,0x0000,finite_normal_output,0,0
ttnn_device,0x4107,0x8ba3,0x8080,0x0000,finite_normal_output,0,0
ttnn_device,0x4108,0x3f80,0x3432,0x3432,finite_normal_output,1,0
ttnn_device,0x4108,0x4080,0x3532,0x3532,finite_normal_output,1,0
ttnn_device,0x4108,0x4380,0x3832,0x3832,finite_normal_output,1,0
ttnn_device,0x4108,0x4f80,0x4432,0x4432,finite_normal_output,1,0
ttnn_device,0x4108,0x7f7f,0x7431,0x7431,finite_normal_output,1,0
ttnn_device,0x4108,0xff7f,0xf431,0xf431,finite_normal_output,1,0
ttnn_device,0x4108,0x0bb7,0x007f,0x0000,outside_scope,,0
ttnn_device,0x4108,0x8bb7,0x807f,0x0000,outside_scope,,0
ttnn_device,0x4108,0x0bb8,0x0080,0x0000,finite_normal_output,0,0
ttnn_device,0x4108,0x8bb8,0x8080,0x0000,finite_normal_output,0,0
ttnn_device,0x4108,0x0bb9,0x0080,0x0081,finite_normal_output,1,0
ttnn_device,0x4108,0x8bb9,0x8080,0x8081,finite_normal_output,1,0
ttnn_device,0x4109,0x3f80,0x341d,0x341d,finite_normal_output,1,0
ttnn_device,0x4109,0x4080,0x351d,0x351d,finite_normal_output,1,0
ttnn_device,0x4109,0x4380,0x381d,0x381d,finite_normal_output,1,0
ttnn_device,0x4109,0x4f80,0x441d,0x441d,finite_normal_output,1,0
ttnn_device,0x4109,0x7f7f,0x741c,0x741c,finite_normal_output,1,0
ttnn_device,0x4109,0xff7f,0xf41c,0xf41c,finite_normal_output,1,0
ttnn_device,0x4109,0x0bcf,0x007f,0x0000,outside_scope,,0
ttnn_device,0x4109,0x8bcf,0x807f,0x0000,outside_scope,,0
ttnn_device,0x4109,0x0bd0,0x007f,0x0000,outside_scope,,0
ttnn_device,0x4109,0x8bd0,0x807f,0x0000,outside_scope,,0
ttnn_device,0x4109,0x0bd1,0x0080,0x0080,finite_normal_output,1,0
ttnn_device,0x4109,0x8bd1,0x8080,0x8080,finite_normal_output,1,0
ttnn_device,0x410a,0x3f80,0x340a,0x340a,finite_normal_output,1,1
ttnn_device,0x410a,0x4080,0x350a,0x350a,finite_normal_output,1,0
ttnn_device,0x410a,0x4380,0x380a,0x380a,finite_normal_output,1,0
ttnn_device,0x410a,0x4f80,0x440a,0x440a,finite_normal_output,1,0
ttnn_device,0x410a,0x7f7f,0x740a,0x7409,finite_normal_output,1,0
ttnn_device,0x410a,0xff7f,0xf40a,0xf409,finite_normal_output,1,0
ttnn_device,0x410a,0x0beb,0x007f,0x0000,outside_scope,,0
ttnn_device,0x410a,0x8beb,0x807f,0x0000,outside_scope,,0
ttnn_device,0x410a,0x0bec,0x0080,0x0000,finite_normal_output,0,0
ttnn_device,0x410a,0x8bec,0x8080,0x0000,finite_normal_output,0,0
ttnn_device,0x410a,0x0bed,0x0080,0x0000,finite_normal_output,0,0
ttnn_device,0x410a,0x8bed,0x8080,0x0000,finite_normal_output,0,0
ttnn_device,0x410b,0x3f80,0x33f4,0x33f4,finite_normal_output,1,0
ttnn_device,0x410b,0x4080,0x34f4,0x34f4,finite_normal_output,1,0
ttnn_device,0x410b,0x4380,0x37f4,0x37f4,finite_normal_output,1,0
ttnn_device,0x410b,0x4f80,0x43f4,0x43f4,finite_normal_output,1,0
ttnn_device,0x410b,0x7f7f,0x73f3,0x73f3,finite_normal_output,1,0
ttnn_device,0x410b,0xff7f,0xf3f3,0xf3f3,finite_normal_output,1,0
ttnn_device,0x410b,0x0c05,0x007f,0x0000,outside_scope,,0
ttnn_device,0x410b,0x8c05,0x807f,0x0000,outside_scope,,0
ttnn_device,0x410b,0x0c06,0x0080,0x0000,finite_normal_output,0,0
ttnn_device,0x410b,0x8c06,0x8080,0x0000,finite_normal_output,0,0
ttnn_device,0x410b,0x0c07,0x0081,0x0081,finite_normal_output,1,0
ttnn_device,0x410b,0x8c07,0x8081,0x8081,finite_normal_output,1,0
ttnn_device,0x410c,0x3f80,0x33d8,0x33d8,finite_normal_output,1,0
ttnn_device,0x410c,0x4080,0x34d8,0x34d8,finite_normal_output,1,0
ttnn_device,0x410c,0x4380,0x37d8,0x37d8,finite_normal_output,1,0
ttnn_device,0x410c,0x4f80,0x43d8,0x43d8,finite_normal_output,1,0
ttnn_device,0x410c,0x7f7f,0x73d7,0x73d7,finite_normal_output,1,0
ttnn_device,0x410c,0xff7f,0xf3d7,0xf3d7,finite_normal_output,1,0
ttnn_device,0x410c,0x0c16,0x007e,0x0000,outside_scope,,0
ttnn_device,0x410c,0x8c16,0x807e,0x0000,outside_scope,,0
ttnn_device,0x410c,0x0c17,0x007f,0x0000,outside_scope,,0
ttnn_device,0x410c,0x8c17,0x807f,0x0000,outside_scope,,0
ttnn_device,0x410c,0x0c18,0x0080,0x0080,finite_normal_output,1,0
ttnn_device,0x410c,0x8c18,0x8080,0x8080,finite_normal_output,1,0
ttnn_device,0x410d,0x3f80,0x33be,0x33be,finite_normal_output,1,0
ttnn_device,0x410d,0x4080,0x34be,0x34be,finite_normal_output,1,0
ttnn_device,0x410d,0x4380,0x37be,0x37be,finite_normal_output,1,0
ttnn_device,0x410d,0x4f80,0x43be,0x43be,finite_normal_output,1,0
ttnn_device,0x410d,0x7f7f,0x73be,0x73bd,finite_normal_output,1,0
ttnn_device,0x410d,0xff7f,0xf3be,0xf3bd,finite_normal_output,1,0
ttnn_device,0x410d,0x0c2a,0x007e,0x0000,outside_scope,,0
ttnn_device,0x410d,0x8c2a,0x807e,0x0000,outside_scope,,0
ttnn_device,0x410d,0x0c2b,0x007f,0x0000,outside_scope,,0
ttnn_device,0x410d,0x8c2b,0x807f,0x0000,outside_scope,,0
ttnn_device,0x410d,0x0c2c,0x0080,0x0000,finite_normal_output,0,0
ttnn_device,0x410d,0x8c2c,0x8080,0x0000,finite_normal_output,0,0
ttnn_device,0x410e,0x3f80,0x33a8,0x33a8,finite_normal_output,1,0
ttnn_device,0x410e,0x4080,0x34a8,0x34a8,finite_normal_output,1,1
ttnn_device,0x410e,0x4380,0x37a8,0x37a8,finite_normal_output,1,0
ttnn_device,0x410e,0x4f80,0x43a8,0x43a8,finite_normal_output,1,0
ttnn_device,0x410e,0x7f7f,0x73a7,0x73a7,finite_normal_output,1,0
ttnn_device,0x410e,0xff7f,0xf3a7,0xf3a7,finite_normal_output,1,0
ttnn_device,0x410e,0x0c41,0x007f,0x0000,outside_scope,,0
ttnn_device,0x410e,0x8c41,0x807f,0x0000,outside_scope,,0
ttnn_device,0x410e,0x0c42,0x007f,0x0000,outside_scope,,0
ttnn_device,0x410e,0x8c42,0x807f,0x0000,outside_scope,,0
ttnn_device,0x410e,0x0c43,0x0080,0x0000,finite_normal_output,0,0
ttnn_device,0x410e,0x8c43,0x8080,0x0000,finite_normal_output,0,0
ttnn_device,0x410f,0x3f80,0x3394,0x3394,finite_normal_output,1,0
ttnn_device,0x410f,0x4080,0x3494,0x3494,finite_normal_output,1,0
ttnn_device,0x410f,0x4380,0x3794,0x3794,finite_normal_output,1,0
ttnn_device,0x410f,0x4f80,0x4394,0x4394,finite_normal_output,1,0
ttnn_device,0x410f,0x7f7f,0x7394,0x7393,finite_normal_output,1,0
ttnn_device,0x410f,0xff7f,0xf394,0xf393,finite_normal_output,1,0
ttnn_device,0x410f,0x0c5b,0x007f,0x0000,outside_scope,,0
ttnn_device,0x410f,0x8c5b,0x807f,0x0000,outside_scope,,0
ttnn_device,0x410f,0x0c5c,0x007f,0x0000,outside_scope,,0
ttnn_device,0x410f,0x8c5c,0x807f,0x0000,outside_scope,,0
ttnn_device,0x410f,0x0c5d,0x0080,0x0000,finite_normal_output,0,0
ttnn_device,0x410f,0x8c5d,0x8080,0x0000,finite_normal_output,0,0
ttnn_device,0x4110,0x3f80,0x3383,0x3383,finite_normal_output,1,0
ttnn_device,0x4110,0x4080,0x3483,0x3483,finite_normal_output,1,0
ttnn_device,0x4110,0x4380,0x3783,0x3783,finite_normal_output,1,0
ttnn_device,0x4110,0x4f80,0x4383,0x4383,finite_normal_output,1,0
ttnn_device,0x4110,0x7f7f,0x7382,0x7382,finite_normal_output,1,0
ttnn_device,0x4110,0xff7f,0xf382,0xf382,finite_normal_output,1,0
ttnn_device,0x4110,0x0c78,0x007f,0x0000,outside_scope,,0
ttnn_device,0x4110,0x8c78,0x807f,0x0000,outside_scope,,0
ttnn_device,0x4110,0x0c79,0x007f,0x0000,outside_scope,,0
ttnn_device,0x4110,0x8c79,0x807f,0x0000,outside_scope,,0
ttnn_device,0x4110,0x0c7a,0x0080,0x0000,finite_normal_output,0,0
ttnn_device,0x4110,0x8c7a,0x8080,0x0000,finite_normal_output,0,0
ttnn_device,0x4111,0x3f80,0x3367,0x3367,finite_normal_output,1,0
ttnn_device,0x4111,0x4080,0x3467,0x3467,finite_normal_output,1,0
ttnn_device,0x4111,0x4380,0x3767,0x3767,finite_normal_output,1,0
ttnn_device,0x4111,0x4f80,0x4367,0x4367,finite_normal_output,1,0
ttnn_device,0x4111,0x7f7f,0x7366,0x7366,finite_normal_output,1,0
ttnn_device,0x4111,0xff7f,0xf366,0xf366,finite_normal_output,1,0
ttnn_device,0x4111,0x0c8c,0x007e,0x0000,outside_scope,,0
ttnn_device,0x4111,0x8c8c,0x807e,0x0000,outside_scope,,0
ttnn_device,0x4111,0x0c8d,0x007f,0x0000,outside_scope,,0
ttnn_device,0x4111,0x8c8d,0x807f,0x0000,outside_scope,,0
ttnn_device,0x4111,0x0c8e,0x0080,0x0080,finite_normal_output,1,0
ttnn_device,0x4111,0x8c8e,0x8080,0x8080,finite_normal_output,1,0
ttnn_device,0x4112,0x3f80,0x334c,0x334c,finite_normal_output,1,0
ttnn_device,0x4112,0x4080,0x344c,0x344c,finite_normal_output,1,0
ttnn_device,0x4112,0x4380,0x374c,0x374c,finite_normal_output,1,0
ttnn_device,0x4112,0x4f80,0x434c,0x434c,finite_normal_output,1,0
ttnn_device,0x4112,0x7f7f,0x734b,0x734b,finite_normal_output,1,0
ttnn_device,0x4112,0xff7f,0xf34b,0xf34b,finite_normal_output,1,1
ttnn_device,0x4112,0x0c9f,0x007f,0x0000,outside_scope,,0
ttnn_device,0x4112,0x8c9f,0x807f,0x0000,outside_scope,,0
ttnn_device,0x4112,0x0ca0,0x007f,0x0000,outside_scope,,0
ttnn_device,0x4112,0x8ca0,0x807f,0x0000,outside_scope,,0
ttnn_device,0x4112,0x0ca1,0x0080,0x0080,finite_normal_output,1,0
ttnn_device,0x4112,0x8ca1,0x8080,0x8080,finite_normal_output,1,0
ttnn_device,0x4113,0x3f80,0x3334,0x3334,finite_normal_output,1,0
ttnn_device,0x4113,0x4080,0x3434,0x3434,finite_normal_output,1,0
ttnn_device,0x4113,0x4380,0x3734,0x3734,finite_normal_output,1,0
ttnn_device,0x4113,0x4f80,0x4334,0x4334,finite_normal_output,1,0
ttnn_device,0x4113,0x7f7f,0x7333,0x7333,finite_normal_output,1,0
ttnn_device,0x4113,0xff7f,0xf333,0xf333,finite_normal_output,1,0
ttnn_device,0x4113,0x0cb5,0x007f,0x0000,outside_scope,,0
ttnn_device,0x4113,0x8cb5,0x807f,0x0000,outside_scope,,0
ttnn_device,0x4113,0x0cb6,0x0080,0x0000,finite_normal_output,0,0
ttnn_device,0x4113,0x8cb6,0x8080,0x0000,finite_normal_output,0,0
ttnn_device,0x4113,0x0cb7,0x0081,0x0081,finite_normal_output,1,0
ttnn_device,0x4113,0x8cb7,0x8081,0x8081,finite_normal_output,1,0
ttnn_device,0x4114,0x3f80,0x331f,0x331f,finite_normal_output,1,0
ttnn_device,0x4114,0x4080,0x341f,0x341f,finite_normal_output,1,0
ttnn_device,0x4114,0x4380,0x371f,0x371f,finite_normal_output,1,0
ttnn_device,0x4114,0x4f80,0x431f,0x431f,finite_normal_output,1,0
ttnn_device,0x4114,0x7f7f,0x731e,0x731e,finite_normal_output,1,0
ttnn_device,0x4114,0xff7f,0xf31e,0xf31e,finite_normal_output,1,0
ttnn_device,0x4114,0x0ccd,0x007f,0x0000,outside_scope,,0
ttnn_device,0x4114,0x8ccd,0x807f,0x0000,outside_scope,,0
ttnn_device,0x4114,0x0cce,0x0080,0x0000,finite_normal_output,0,0
ttnn_device,0x4114,0x8cce,0x8080,0x0000,finite_normal_output,0,0
ttnn_device,0x4114,0x0ccf,0x0080,0x0081,finite_normal_output,1,0
ttnn_device,0x4114,0x8ccf,0x8080,0x8081,finite_normal_output,1,0
ttnn_device,0x4115,0x3f80,0x330c,0x330c,finite_normal_output,1,0
ttnn_device,0x4115,0x4080,0x340c,0x340c,finite_normal_output,1,0
ttnn_device,0x4115,0x4380,0x370c,0x370c,finite_normal_output,1,0
ttnn_device,0x4115,0x4f80,0x430c,0x430c,finite_normal_output,1,0
ttnn_device,0x4115,0x7f7f,0x730c,0x730b,finite_normal_output,1,0
ttnn_device,0x4115,0xff7f,0xf30c,0xf30b,finite_normal_output,1,0
ttnn_device,0x4115,0x0ce8,0x007f,0x0000,outside_scope,,0
ttnn_device,0x4115,0x8ce8,0x807f,0x0000,outside_scope,,0
ttnn_device,0x4115,0x0ce9,0x007f,0x0000,outside_scope,,0
ttnn_device,0x4115,0x8ce9,0x807f,0x0000,outside_scope,,0
ttnn_device,0x4115,0x0cea,0x0080,0x0000,finite_normal_output,0,0
ttnn_device,0x4115,0x8cea,0x8080,0x0000,finite_normal_output,0,0
ttnn_device,0x4116,0x3f80,0x32f7,0x32f7,finite_normal_output,1,0
ttnn_device,0x4116,0x4080,0x33f7,0x33f7,finite_normal_output,1,0
ttnn_device,0x4116,0x4380,0x36f7,0x36f7,finite_normal_output,1,0
ttnn_device,0x4116,0x4f80,0x42f7,0x42f7,finite_normal_output,1,0
ttnn_device,0x4116,0x7f7f,0x72f6,0x72f6,finite_normal_output,1,0
ttnn_device,0x4116,0xff7f,0xf2f6,0xf2f6,finite_normal_output,1,0
ttnn_device,0x4116,0x0d03,0x007e,0x0000,outside_scope,,0
ttnn_device,0x4116,0x8d03,0x807e,0x0000,outside_scope,,0
ttnn_device,0x4116,0x0d04,0x007f,0x0000,outside_scope,,0
ttnn_device,0x4116,0x8d04,0x807f,0x0000,outside_scope,,0
ttnn_device,0x4116,0x0d05,0x0080,0x0080,finite_normal_output,1,1
ttnn_device,0x4116,0x8d05,0x8080,0x8080,finite_normal_output,1,0
ttnn_device,0x4117,0x3f80,0x32da,0x32da,finite_normal_output,1,0
ttnn_device,0x4117,0x4080,0x33da,0x33da,finite_normal_output,1,0
ttnn_device,0x4117,0x4380,0x36da,0x36da,finite_normal_output,1,0
ttnn_device,0x4117,0x4f80,0x42da,0x42da,finite_normal_output,1,0
ttnn_device,0x4117,0x7f7f,0x72d9,0x72d9,finite_normal_output,1,0
ttnn_device,0x4117,0xff7f,0xf2d9,0xf2d9,finite_normal_output,1,0
ttnn_device,0x4117,0x0d15,0x007f,0x0000,outside_scope,,0
ttnn_device,0x4117,0x8d15,0x807f,0x0000,outside_scope,,0
ttnn_device,0x4117,0x0d16,0x0080,0x0000,finite_normal_output,0,0
ttnn_device,0x4117,0x8d16,0x8080,0x0000,finite_normal_output,0,0
ttnn_device,0x4117,0x0d17,0x0081,0x0081,finite_normal_output,1,0
ttnn_device,0x4117,0x8d17,0x8081,0x8081,finite_normal_output,1,0
ttnn_device,0x4118,0x3f80,0x32c1,0x32c1,finite_normal_output,1,0
ttnn_device,0x4118,0x4080,0x33c1,0x33c1,finite_normal_output,1,0
ttnn_device,0x4118,0x4380,0x36c1,0x36c1,finite_normal_output,1,0
ttnn_device,0x4118,0x4f80,0x42c1,0x42c1,finite_normal_output,1,0
ttnn_device,0x4118,0x7f7f,0x72c0,0x72c0,finite_normal_output,1,0
ttnn_device,0x4118,0xff7f,0xf2c0,0xf2c0,finite_normal_output,1,0
ttnn_device,0x4118,0x0d29,0x007f,0x0000,outside_scope,,0
ttnn_device,0x4118,0x8d29,0x807f,0x0000,outside_scope,,0
ttnn_device,0x4118,0x0d2a,0x0080,0x0080,finite_normal_output,1,0
ttnn_device,0x4118,0x8d2a,0x8080,0x8080,finite_normal_output,1,0
ttnn_device,0x4118,0x0d2b,0x0081,0x0081,finite_normal_output,1,0
ttnn_device,0x4118,0x8d2b,0x8081,0x8081,finite_normal_output,1,0
ttnn_device,0x4119,0x3f80,0x32aa,0x32aa,finite_normal_output,1,0
ttnn_device,0x4119,0x4080,0x33aa,0x33aa,finite_normal_output,1,0
ttnn_device,0x4119,0x4380,0x36aa,0x36aa,finite_normal_output,1,0
ttnn_device,0x4119,0x4f80,0x42aa,0x42aa,finite_normal_output,1,0
ttnn_device,0x4119,0x7f7f,0x72a9,0x72a9,finite_normal_output,1,0
ttnn_device,0x4119,0xff7f,0xf2a9,0xf2a9,finite_normal_output,1,0
ttnn_device,0x4119,0x0d3f,0x007f,0x0000,outside_scope,,0
ttnn_device,0x4119,0x8d3f,0x807f,0x0000,outside_scope,,0
ttnn_device,0x4119,0x0d40,0x007f,0x0000,outside_scope,,0
ttnn_device,0x4119,0x8d40,0x807f,0x0000,outside_scope,,0
ttnn_device,0x4119,0x0d41,0x0080,0x0080,finite_normal_output,1,0
ttnn_device,0x4119,0x8d41,0x8080,0x8080,finite_normal_output,1,0
ttnn_device,0x411a,0x3f80,0x3296,0x3296,finite_normal_output,1,0
ttnn_device,0x411a,0x4080,0x3396,0x3396,finite_normal_output,1,0
ttnn_device,0x411a,0x4380,0x3696,0x3696,finite_normal_output,1,0
ttnn_device,0x411a,0x4f80,0x4296,0x4296,finite_normal_output,1,0
ttnn_device,0x411a,0x7f7f,0x7295,0x7295,finite_normal_output,1,0
ttnn_device,0x411a,0xff7f,0xf295,0xf295,finite_normal_output,1,0
ttnn_device,0x411a,0x0d59,0x007f,0x0000,outside_scope,,0
ttnn_device,0x411a,0x8d59,0x807f,0x0000,outside_scope,,0
ttnn_device,0x411a,0x0d5a,0x0080,0x0000,finite_normal_output,0,1
ttnn_device,0x411a,0x8d5a,0x8080,0x0000,finite_normal_output,0,0
ttnn_device,0x411a,0x0d5b,0x0080,0x0080,finite_normal_output,1,0
ttnn_device,0x411a,0x8d5b,0x8080,0x8080,finite_normal_output,1,0
ttnn_device,0x411b,0x3f80,0x3284,0x3284,finite_normal_output,1,0
ttnn_device,0x411b,0x4080,0x3384,0x3384,finite_normal_output,1,0
ttnn_device,0x411b,0x4380,0x3684,0x3684,finite_normal_output,1,0
ttnn_device,0x411b,0x4f80,0x4284,0x4284,finite_normal_output,1,0
ttnn_device,0x411b,0x7f7f,0x7284,0x7283,finite_normal_output,1,0
ttnn_device,0x411b,0xff7f,0xf284,0xf283,finite_normal_output,1,0
ttnn_device,0x411b,0x0d76,0x007f,0x0000,outside_scope,,0
ttnn_device,0x411b,0x8d76,0x807f,0x0000,outside_scope,,0
ttnn_device,0x411b,0x0d77,0x0080,0x0000,finite_normal_output,0,0
ttnn_device,0x411b,0x8d77,0x8080,0x0000,finite_normal_output,0,0
ttnn_device,0x411b,0x0d78,0x0080,0x0000,finite_normal_output,0,0
ttnn_device,0x411b,0x8d78,0x8080,0x0000,finite_normal_output,0,0
ttnn_device,0x411c,0x3f80,0x326a,0x326a,finite_normal_output,1,0
ttnn_device,0x411c,0x4080,0x336a,0x336a,finite_normal_output,1,0
ttnn_device,0x411c,0x4380,0x366a,0x366a,finite_normal_output,1,0
ttnn_device,0x411c,0x4f80,0x426a,0x426a,finite_normal_output,1,0
ttnn_device,0x411c,0x7f7f,0x7269,0x7269,finite_normal_output,1,0
ttnn_device,0x411c,0xff7f,0xf269,0xf269,finite_normal_output,1,0
ttnn_device,0x411c,0x0d8b,0x007f,0x0000,outside_scope,,0
ttnn_device,0x411c,0x8d8b,0x807f,0x0000,outside_scope,,0
ttnn_device,0x411c,0x0d8c,0x0080,0x0000,finite_normal_output,0,0
ttnn_device,0x411c,0x8d8c,0x8080,0x0000,finite_normal_output,0,0
ttnn_device,0x411c,0x0d8d,0x0081,0x0081,finite_normal_output,1,0
ttnn_device,0x411c,0x8d8d,0x8081,0x8081,finite_normal_output,1,0
ttnn_device,0x411d,0x3f80,0x324e,0x324e,finite_normal_output,1,0
ttnn_device,0x411d,0x4080,0x334e,0x334e,finite_normal_output,1,0
ttnn_device,0x411d,0x4380,0x364e,0x364e,finite_normal_output,1,0
ttnn_device,0x411d,0x4f80,0x424e,0x424e,finite_normal_output,1,0
ttnn_device,0x411d,0x7f7f,0x724d,0x724d,finite_normal_output,1,0
ttnn_device,0x411d,0xff7f,0xf24d,0xf24d,finite_normal_output,1,0
ttnn_device,0x411d,0x0d9d,0x007e,0x0000,outside_scope,,0
ttnn_device,0x411d,0x8d9d,0x807e,0x0000,outside_scope,,0
ttnn_device,0x411d,0x0d9e,0x007f,0x0000,outside_scope,,0
ttnn_device,0x411d,0x8d9e,0x807f,0x0000,outside_scope,,0
ttnn_device,0x411d,0x0d9f,0x0080,0x0000,finite_normal_output,0,0
ttnn_device,0x411d,0x8d9f,0x8080,0x0000,finite_normal_output,0,0
ttnn_device,0x411e,0x3f80,0x3236,0x3236,finite_normal_output,1,0
ttnn_device,0x411e,0x4080,0x3336,0x3336,finite_normal_output,1,0
ttnn_device,0x411e,0x4380,0x3636,0x3636,finite_normal_output,1,0
ttnn_device,0x411e,0x4f80,0x4236,0x4236,finite_normal_output,1,0
ttnn_device,0x411e,0x7f7f,0x7235,0x7235,finite_normal_output,1,0
ttnn_device,0x411e,0xff7f,0xf235,0xf235,finite_normal_output,1,1
ttnn_device,0x411e,0x0db2,0x007e,0x0000,outside_scope,,0
ttnn_device,0x411e,0x8db2,0x807e,0x0000,outside_scope,,0
ttnn_device,0x411e,0x0db3,0x007f,0x0000,outside_scope,,0
ttnn_device,0x411e,0x8db3,0x807f,0x0000,outside_scope,,0
ttnn_device,0x411e,0x0db4,0x0080,0x0000,finite_normal_output,0,0
ttnn_device,0x411e,0x8db4,0x8080,0x0000,finite_normal_output,0,0
ttnn_device,0x411f,0x3f80,0x3221,0x3221,finite_normal_output,1,0
ttnn_device,0x411f,0x4080,0x3321,0x3321,finite_normal_output,1,0
ttnn_device,0x411f,0x4380,0x3621,0x3621,finite_normal_output,1,0
ttnn_device,0x411f,0x4f80,0x4221,0x4221,finite_normal_output,1,0
ttnn_device,0x411f,0x7f7f,0x7220,0x7220,finite_normal_output,1,0
ttnn_device,0x411f,0xff7f,0xf220,0xf220,finite_normal_output,1,0
ttnn_device,0x411f,0x0dca,0x007f,0x0000,outside_scope,,0
ttnn_device,0x411f,0x8dca,0x807f,0x0000,outside_scope,,0
ttnn_device,0x411f,0x0dcb,0x007f,0x0000,outside_scope,,0
ttnn_device,0x411f,0x8dcb,0x807f,0x0000,outside_scope,,0
ttnn_device,0x411f,0x0dcc,0x0080,0x0080,finite_normal_output,1,0
ttnn_device,0x411f,0x8dcc,0x8080,0x8080,finite_normal_output,1,0
ttnn_device,0x4120,0x3f80,0x320e,0x320e,finite_normal_output,1,0
ttnn_device,0x4120,0x4080,0x330e,0x330e,finite_normal_output,1,0
ttnn_device,0x4120,0x4380,0x360e,0x360e,finite_normal_output,1,0
ttnn_device,0x4120,0x4f80,0x420e,0x420e,finite_normal_output,1,0
ttnn_device,0x4120,0x7f7f,0x720d,0x720d,finite_normal_output,1,0
ttnn_device,0x4120,0xff7f,0xf20d,0xf20d,finite_normal_output,1,0
ttnn_device,0x4120,0x0de5,0x007f,0x0000,outside_scope,,0
ttnn_device,0x4120,0x8de5,0x807f,0x0000,outside_scope,,0
ttnn_device,0x4120,0x0de6,0x007f,0x0000,outside_scope,,0
ttnn_device,0x4120,0x8de6,0x807f,0x0000,outside_scope,,0
ttnn_device,0x4120,0x0de7,0x0080,0x0080,finite_normal_output,1,0
ttnn_device,0x4120,0x8de7,0x8080,0x8080,finite_normal_output,1,0
ttnn_device,0x4121,0x3f80,0x31fa,0x31fa,finite_normal_output,1,0
ttnn_device,0x4121,0x4080,0x32fa,0x32fa,finite_normal_output,1,0
ttnn_device,0x4121,0x4380,0x35fa,0x35fa,finite_normal_output,1,0
ttnn_device,0x4121,0x4f80,0x41fa,0x41fa,finite_normal_output,1,0
ttnn_device,0x4121,0x7f7f,0x71f9,0x71f9,finite_normal_output,1,0
ttnn_device,0x4121,0xff7f,0xf1f9,0xf1f9,finite_normal_output,1,0
ttnn_device,0x4121,0x0e02,0x007f,0x0000,outside_scope,,0
ttnn_device,0x4121,0x8e02,0x807f,0x0000,outside_scope,,0
ttnn_device,0x4121,0x0e03,0x0080,0x0000,finite_normal_output,0,0
ttnn_device,0x4121,0x8e03,0x8080,0x0000,finite_normal_output,0,0
ttnn_device,0x4121,0x0e04,0x0081,0x0081,finite_normal_output,1,0
ttnn_device,0x4121,0x8e04,0x8081,0x8081,finite_normal_output,1,0
ttnn_device,0x4122,0x3f80,0x31dd,0x31dd,finite_normal_output,1,0
ttnn_device,0x4122,0x4080,0x32dd,0x32dd,finite_normal_output,1,0
ttnn_device,0x4122,0x4380,0x35dd,0x35dd,finite_normal_output,1,0
ttnn_device,0x4122,0x4f80,0x41dd,0x41dd,finite_normal_output,1,0
ttnn_device,0x4122,0x7f7f,0x71dc,0x71dc,finite_normal_output,1,0
ttnn_device,0x4122,0xff7f,0xf1dc,0xf1dc,finite_normal_output,1,0
ttnn_device,0x4122,0x0e13,0x007f,0x0000,outside_scope,,0
ttnn_device,0x4122,0x8e13,0x807f,0x0000,outside_scope,,0
ttnn_device,0x4122,0x0e14,0x0080,0x0000,finite_normal_output,0,0
ttnn_device,0x4122,0x8e14,0x8080,0x0000,finite_normal_output,0,1
ttnn_device,0x4122,0x0e15,0x0080,0x0081,finite_normal_output,1,0
ttnn_device,0x4122,0x8e15,0x8080,0x8081,finite_normal_output,1,0
ttnn_device,0x4123,0x3f80,0x31c3,0x31c3,finite_normal_output,1,0
ttnn_device,0x4123,0x4080,0x32c3,0x32c3,finite_normal_output,1,0
ttnn_device,0x4123,0x4380,0x35c3,0x35c3,finite_normal_output,1,0
ttnn_device,0x4123,0x4f80,0x41c3,0x41c3,finite_normal_output,1,0
ttnn_device,0x4123,0x7f7f,0x71c2,0x71c2,finite_normal_output,1,0
ttnn_device,0x4123,0xff7f,0xf1c2,0xf1c2,finite_normal_output,1,0
ttnn_device,0x4123,0x0e27,0x007f,0x0000,outside_scope,,0
ttnn_device,0x4123,0x8e27,0x807f,0x0000,outside_scope,,0
ttnn_device,0x4123,0x0e28,0x0080,0x0000,finite_normal_output,0,0
ttnn_device,0x4123,0x8e28,0x8080,0x0000,finite_normal_output,0,0
ttnn_device,0x4123,0x0e29,0x0081,0x0081,finite_normal_output,1,0
ttnn_device,0x4123,0x8e29,0x8081,0x8081,finite_normal_output,1,0
ttnn_device,0x4124,0x3f80,0x31ac,0x31ac,finite_normal_output,1,0
ttnn_device,0x4124,0x4080,0x32ac,0x32ac,finite_normal_output,1,0
ttnn_device,0x4124,0x4380,0x35ac,0x35ac,finite_normal_output,1,0
ttnn_device,0x4124,0x4f80,0x41ac,0x41ac,finite_normal_output,1,0
ttnn_device,0x4124,0x7f7f,0x71ab,0x71ab,finite_normal_output,1,0
ttnn_device,0x4124,0xff7f,0xf1ab,0xf1ab,finite_normal_output,1,0
ttnn_device,0x4124,0x0e3d,0x007f,0x0000,outside_scope,,0
ttnn_device,0x4124,0x8e3d,0x807f,0x0000,outside_scope,,0
ttnn_device,0x4124,0x0e3e,0x0080,0x0000,finite_normal_output,0,0
ttnn_device,0x4124,0x8e3e,0x8080,0x0000,finite_normal_output,0,0
ttnn_device,0x4124,0x0e3f,0x0080,0x0080,finite_normal_output,1,0
ttnn_device,0x4124,0x8e3f,0x8080,0x8080,finite_normal_output,1,0
ttnn_device,0x4125,0x3f80,0x3198,0x3198,finite_normal_output,1,0
ttnn_device,0x4125,0x4080,0x3298,0x3298,finite_normal_output,1,0
ttnn_device,0x4125,0x4380,0x3598,0x3598,finite_normal_output,1,0
ttnn_device,0x4125,0x4f80,0x4198,0x4198,finite_normal_output,1,0
ttnn_device,0x4125,0x7f7f,0x7197,0x7197,finite_normal_output,1,0
ttnn_device,0x4125,0xff7f,0xf197,0xf197,finite_normal_output,1,0
ttnn_device,0x4125,0x0e56,0x007f,0x0000,outside_scope,,0
ttnn_device,0x4125,0x8e56,0x807f,0x0000,outside_scope,,0
ttnn_device,0x4125,0x0e57,0x007f,0x0000,outside_scope,,0
ttnn_device,0x4125,0x8e57,0x807f,0x0000,outside_scope,,0
ttnn_device,0x4125,0x0e58,0x0080,0x0080,finite_normal_output,1,0
ttnn_device,0x4125,0x8e58,0x8080,0x8080,finite_normal_output,1,0
ttnn_device,0x4126,0x3f80,0x3186,0x3186,finite_normal_output,1,0
ttnn_device,0x4126,0x4080,0x3286,0x3286,finite_normal_output,1,0
ttnn_device,0x4126,0x4380,0x3586,0x3586,finite_normal_output,1,0
ttnn_device,0x4126,0x4f80,0x4186,0x4186,finite_normal_output,1,0
ttnn_device,0x4126,0x7f7f,0x7185,0x7185,finite_normal_output,1,0
ttnn_device,0x4126,0xff7f,0xf185,0xf185,finite_normal_output,1,0
ttnn_device,0x4126,0x0e73,0x007f,0x0000,outside_scope,,0
ttnn_device,0x4126,0x8e73,0x807f,0x0000,outside_scope,,0
ttnn_device,0x4126,0x0e74,0x0080,0x0000,finite_normal_output,0,1
ttnn_device,0x4126,0x8e74,0x8080,0x0000,finite_normal_output,0,0
ttnn_device,0x4126,0x0e75,0x0080,0x0080,finite_normal_output,1,0
ttnn_device,0x4126,0x8e75,0x8080,0x8080,finite_normal_output,1,0
ttnn_device,0x4127,0x3f80,0x316c,0x316c,finite_normal_output,1,0
ttnn_device,0x4127,0x4080,0x326c,0x326c,finite_normal_output,1,0
ttnn_device,0x4127,0x4380,0x356c,0x356c,finite_normal_output,1,0
ttnn_device,0x4127,0x4f80,0x416c,0x416c,finite_normal_output,1,0
ttnn_device,0x4127,0x7f7f,0x716b,0x716b,finite_normal_output,1,0
ttnn_device,0x4127,0xff7f,0xf16b,0xf16b,finite_normal_output,1,0
ttnn_device,0x4127,0x0e89,0x007e,0x0000,outside_scope,,0
ttnn_device,0x4127,0x8e89,0x807e,0x0000,outside_scope,,0
ttnn_device,0x4127,0x0e8a,0x007f,0x0000,outside_scope,,0
ttnn_device,0x4127,0x8e8a,0x807f,0x0000,outside_scope,,0
ttnn_device,0x4127,0x0e8b,0x0080,0x0080,finite_normal_output,1,0
ttnn_device,0x4127,0x8e8b,0x8080,0x8080,finite_normal_output,1,0
ttnn_device,0x4128,0x3f80,0x3150,0x3150,finite_normal_output,1,0
ttnn_device,0x4128,0x4080,0x3250,0x3250,finite_normal_output,1,0
ttnn_device,0x4128,0x4380,0x3550,0x3550,finite_normal_output,1,0
ttnn_device,0x4128,0x4f80,0x4150,0x4150,finite_normal_output,1,0
ttnn_device,0x4128,0x7f7f,0x7150,0x714f,finite_normal_output,1,0
ttnn_device,0x4128,0xff7f,0xf150,0xf14f,finite_normal_output,1,0
ttnn_device,0x4128,0x0e9c,0x007f,0x0000,outside_scope,,0
ttnn_device,0x4128,0x8e9c,0x807f,0x0000,outside_scope,,0
ttnn_device,0x4128,0x0e9d,0x0080,0x0000,finite_normal_output,0,0
ttnn_device,0x4128,0x8e9d,0x8080,0x0000,finite_normal_output,0,0
ttnn_device,0x4128,0x0e9e,0x0081,0x0080,finite_normal_output,1,0
ttnn_device,0x4128,0x8e9e,0x8081,0x8080,finite_normal_output,1,0
ttnn_device,0x4129,0x3f80,0x3138,0x3138,finite_normal_output,1,0
ttnn_device,0x4129,0x4080,0x3238,0x3238,finite_normal_output,1,0
ttnn_device,0x4129,0x4380,0x3538,0x3538,finite_normal_output,1,0
ttnn_device,0x4129,0x4f80,0x4138,0x4138,finite_normal_output,1,0
ttnn_device,0x4129,0x7f7f,0x7137,0x7137,finite_normal_output,1,0
ttnn_device,0x4129,0xff7f,0xf137,0xf137,finite_normal_output,1,0
ttnn_device,0x4129,0x0eb0,0x007e,0x0000,outside_scope,,0
ttnn_device,0x4129,0x8eb0,0x807e,0x0000,outside_scope,,0
ttnn_device,0x4129,0x0eb1,0x007f,0x0000,outside_scope,,0
ttnn_device,0x4129,0x8eb1,0x807f,0x0000,outside_scope,,0
ttnn_device,0x4129,0x0eb2,0x0080,0x0000,finite_normal_output,0,0
ttnn_device,0x4129,0x8eb2,0x8080,0x0000,finite_normal_output,0,0
ttnn_device,0x412a,0x3f80,0x3122,0x3122,finite_normal_output,1,0
ttnn_device,0x412a,0x4080,0x3222,0x3222,finite_normal_output,1,0
ttnn_device,0x412a,0x4380,0x3522,0x3522,finite_normal_output,1,0
ttnn_device,0x412a,0x4f80,0x4122,0x4122,finite_normal_output,1,0
ttnn_device,0x412a,0x7f7f,0x7122,0x7121,finite_normal_output,1,0
ttnn_device,0x412a,0xff7f,0xf122,0xf121,finite_normal_output,1,0
ttnn_device,0x412a,0x0ec8,0x007f,0x0000,outside_scope,,0
ttnn_device,0x412a,0x8ec8,0x807f,0x0000,outside_scope,,0
ttnn_device,0x412a,0x0ec9,0x007f,0x0000,outside_scope,,0
ttnn_device,0x412a,0x8ec9,0x807f,0x0000,outside_scope,,0
ttnn_device,0x412a,0x0eca,0x0080,0x0000,finite_normal_output,0,1
ttnn_device,0x412a,0x8eca,0x8080,0x0000,finite_normal_output,0,0
ttnn_device,0x412b,0x3f80,0x310f,0x310f,finite_normal_output,1,0
ttnn_device,0x412b,0x4080,0x320f,0x320f,finite_normal_output,1,0
ttnn_device,0x412b,0x4380,0x350f,0x350f,finite_normal_output,1,0
ttnn_device,0x412b,0x4f80,0x410f,0x410f,finite_normal_output,1,0
ttnn_device,0x412b,0x7f7f,0x710f,0x710e,finite_normal_output,1,0
ttnn_device,0x412b,0xff7f,0xf10f,0xf10e,finite_normal_output,1,0
ttnn_device,0x412b,0x0ee3,0x007f,0x0000,outside_scope,,0
ttnn_device,0x412b,0x8ee3,0x807f,0x0000,outside_scope,,0
ttnn_device,0x412b,0x0ee4,0x0080,0x0000,finite_normal_output,0,0
ttnn_device,0x412b,0x8ee4,0x8080,0x0000,finite_normal_output,0,0
ttnn_device,0x412b,0x0ee5,0x0080,0x0000,finite_normal_output,0,0
ttnn_device,0x412b,0x8ee5,0x8080,0x0000,finite_normal_output,0,0
ttnn_device,0x412c,0x3f80,0x30fd,0x30fd,finite_normal_output,1,0
ttnn_device,0x412c,0x4080,0x31fd,0x31fd,finite_normal_output,1,0
ttnn_device,0x412c,0x4380,0x34fd,0x34fd,finite_normal_output,1,0
ttnn_device,0x412c,0x4f80,0x40fd,0x40fd,finite_normal_output,1,0
ttnn_device,0x412c,0x7f7f,0x70fc,0x70fc,finite_normal_output,1,0
ttnn_device,0x412c,0xff7f,0xf0fc,0xf0fc,finite_normal_output,1,0
ttnn_device,0x412c,0x0f00,0x007e,0x0000,outside_scope,,0
ttnn_device,0x412c,0x8f00,0x807e,0x0000,outside_scope,,0
ttnn_device,0x412c,0x0f01,0x007f,0x0000,outside_scope,,0
ttnn_device,0x412c,0x8f01,0x807f,0x0000,outside_scope,,0
ttnn_device,0x412c,0x0f02,0x0080,0x0080,finite_normal_output,1,0
ttnn_device,0x412c,0x8f02,0x8080,0x8080,finite_normal_output,1,0
ttnn_device,0x412d,0x3f80,0x30df,0x30df,finite_normal_output,1,0
ttnn_device,0x412d,0x4080,0x31df,0x31df,finite_normal_output,1,0
ttnn_device,0x412d,0x4380,0x34df,0x34df,finite_normal_output,1,0
ttnn_device,0x412d,0x4f80,0x40df,0x40df,finite_normal_output,1,0
ttnn_device,0x412d,0x7f7f,0x70de,0x70de,finite_normal_output,1,0
ttnn_device,0x412d,0xff7f,0xf0de,0xf0de,finite_normal_output,1,0
ttnn_device,0x412d,0x0f11,0x007e,0x0000,outside_scope,,0
ttnn_device,0x412d,0x8f11,0x807e,0x0000,outside_scope,,0
ttnn_device,0x412d,0x0f12,0x007f,0x0000,outside_scope,,0
ttnn_device,0x412d,0x8f12,0x807f,0x0000,outside_scope,,0
ttnn_device,0x412d,0x0f13,0x0080,0x0080,finite_normal_output,1,0
ttnn_device,0x412d,0x8f13,0x8080,0x8080,finite_normal_output,1,0
ttnn_device,0x412e,0x3f80,0x30c5,0x30c5,finite_normal_output,1,0
ttnn_device,0x412e,0x4080,0x31c5,0x31c5,finite_normal_output,1,0
ttnn_device,0x412e,0x4380,0x34c5,0x34c5,finite_normal_output,1,0
ttnn_device,0x412e,0x4f80,0x40c5,0x40c5,finite_normal_output,1,0
ttnn_device,0x412e,0x7f7f,0x70c4,0x70c4,finite_normal_output,1,0
ttnn_device,0x412e,0xff7f,0xf0c4,0xf0c4,finite_normal_output,1,0
ttnn_device,0x412e,0x0f25,0x007f,0x0000,outside_scope,,0
ttnn_device,0x412e,0x8f25,0x807f,0x0000,outside_scope,,0
ttnn_device,0x412e,0x0f26,0x0080,0x0000,finite_normal_output,0,0
ttnn_device,0x412e,0x8f26,0x8080,0x0000,finite_normal_output,0,0
ttnn_device,0x412e,0x0f27,0x0080,0x0081,finite_normal_output,1,0
ttnn_device,0x412e,0x8f27,0x8080,0x8081,finite_normal_output,1,1
ttnn_device,0x412f,0x3f80,0x30ae,0x30ae,finite_normal_output,1,0
ttnn_device,0x412f,0x4080,0x31ae,0x31ae,finite_normal_output,1,0
ttnn_device,0x412f,0x4380,0x34ae,0x34ae,finite_normal_output,1,0
ttnn_device,0x412f,0x4f80,0x40ae,0x40ae,finite_normal_output,1,0
ttnn_device,0x412f,0x7f7f,0x70ad,0x70ad,finite_normal_output,1,0
ttnn_device,0x412f,0xff7f,0xf0ad,0xf0ad,finite_normal_output,1,0
ttnn_device,0x412f,0x0f3b,0x007f,0x0000,outside_scope,,0
ttnn_device,0x412f,0x8f3b,0x807f,0x0000,outside_scope,,0
ttnn_device,0x412f,0x0f3c,0x0080,0x0000,finite_normal_output,0,0
ttnn_device,0x412f,0x8f3c,0x8080,0x0000,finite_normal_output,0,0
ttnn_device,0x412f,0x0f3d,0x0080,0x0080,finite_normal_output,1,0
ttnn_device,0x412f,0x8f3d,0x8080,0x8080,finite_normal_output,1,0
ttnn_device,0x4130,0x3f80,0x3099,0x3099,finite_normal_output,1,0
ttnn_device,0x4130,0x4080,0x3199,0x3199,finite_normal_output,1,0
ttnn_device,0x4130,0x4380,0x3499,0x3499,finite_normal_output,1,0
ttnn_device,0x4130,0x4f80,0x4099,0x4099,finite_normal_output,1,0
ttnn_device,0x4130,0x7f7f,0x7099,0x7098,finite_normal_output,1,0
ttnn_device,0x4130,0xff7f,0xf099,0xf098,finite_normal_output,1,0
ttnn_device,0x4130,0x0f54,0x007f,0x0000,outside_scope,,0
ttnn_device,0x4130,0x8f54,0x807f,0x0000,outside_scope,,0
ttnn_device,0x4130,0x0f55,0x0080,0x0000,finite_normal_output,0,0
ttnn_device,0x4130,0x8f55,0x8080,0x0000,finite_normal_output,0,0
ttnn_device,0x4130,0x0f56,0x0080,0x0000,finite_normal_output,0,0
ttnn_device,0x4130,0x8f56,0x8080,0x0000,finite_normal_output,0,0
ttnn_device,0x4131,0x3f80,0x3087,0x3087,finite_normal_output,1,0
ttnn_device,0x4131,0x4080,0x3187,0x3187,finite_normal_output,1,0
ttnn_device,0x4131,0x4380,0x3487,0x3487,finite_normal_output,1,0
ttnn_device,0x4131,0x4f80,0x4087,0x4087,finite_normal_output,1,0
ttnn_device,0x4131,0x7f7f,0x7087,0x7086,finite_normal_output,1,0
ttnn_device,0x4131,0xff7f,0xf087,0xf086,finite_normal_output,1,0
ttnn_device,0x4131,0x0f70,0x007f,0x0000,outside_scope,,0
ttnn_device,0x4131,0x8f70,0x807f,0x0000,outside_scope,,0
ttnn_device,0x4131,0x0f71,0x007f,0x0000,outside_scope,,0
ttnn_device,0x4131,0x8f71,0x807f,0x0000,outside_scope,,0
ttnn_device,0x4131,0x0f72,0x0080,0x0000,finite_normal_output,0,0
ttnn_device,0x4131,0x8f72,0x8080,0x0000,finite_normal_output,0,0
ttnn_device,0x4132,0x3f80,0x306f,0x306f,finite_normal_output,1,0
ttnn_device,0x4132,0x4080,0x316f,0x316f,finite_normal_output,1,0
ttnn_device,0x4132,0x4380,0x346f,0x346f,finite_normal_output,1,0
ttnn_device,0x4132,0x4f80,0x406f,0x406f,finite_normal_output,1,0
ttnn_device,0x4132,0x7f7f,0x706e,0x706e,finite_normal_output,1,0
ttnn_device,0x4132,0xff7f,0xf06e,0xf06e,finite_normal_output,1,0
ttnn_device,0x4132,0x0f88,0x007f,0x0000,outside_scope,,0
ttnn_device,0x4132,0x8f88,0x807f,0x0000,outside_scope,,0
ttnn_device,0x4132,0x0f89,0x0080,0x0000,finite_normal_output,0,0
ttnn_device,0x4132,0x8f89,0x8080,0x0000,finite_normal_output,0,1
ttnn_device,0x4132,0x0f8a,0x0081,0x0081,finite_normal_output,1,0
ttnn_device,0x4132,0x8f8a,0x8081,0x8081,finite_normal_output,1,0
ttnn_device,0x4133,0x3f80,0x3053,0x3053,finite_normal_output,1,0
ttnn_device,0x4133,0x4080,0x3153,0x3153,finite_normal_output,1,0
ttnn_device,0x4133,0x4380,0x3453,0x3453,finite_normal_output,1,0
ttnn_device,0x4133,0x4f80,0x4053,0x4053,finite_normal_output,1,0
ttnn_device,0x4133,0x7f7f,0x7052,0x7052,finite_normal_output,1,0
ttnn_device,0x4133,0xff7f,0xf052,0xf052,finite_normal_output,1,0
ttnn_device,0x4133,0x0f9a,0x007f,0x0000,outside_scope,,0
ttnn_device,0x4133,0x8f9a,0x807f,0x0000,outside_scope,,0
ttnn_device,0x4133,0x0f9b,0x0080,0x0000,finite_normal_output,0,0
ttnn_device,0x4133,0x8f9b,0x8080,0x0000,finite_normal_output,0,0
ttnn_device,0x4133,0x0f9c,0x0080,0x0081,finite_normal_output,1,0
ttnn_device,0x4133,0x8f9c,0x8080,0x8081,finite_normal_output,1,0
ttnn_device,0x4134,0x3f80,0x303a,0x303a,finite_normal_output,1,0
ttnn_device,0x4134,0x4080,0x313a,0x313a,finite_normal_output,1,0
ttnn_device,0x4134,0x4380,0x343a,0x343a,finite_normal_output,1,0
ttnn_device,0x4134,0x4f80,0x403a,0x403a,finite_normal_output,1,0
ttnn_device,0x4134,0x7f7f,0x7039,0x7039,finite_normal_output,1,0
ttnn_device,0x4134,0xff7f,0xf039,0xf039,finite_normal_output,1,0
ttnn_device,0x4134,0x0fae,0x007e,0x0000,outside_scope,,0
ttnn_device,0x4134,0x8fae,0x807e,0x0000,outside_scope,,0
ttnn_device,0x4134,0x0faf,0x007f,0x0000,outside_scope,,0
ttnn_device,0x4134,0x8faf,0x807f,0x0000,outside_scope,,0
ttnn_device,0x4134,0x0fb0,0x0080,0x0000,finite_normal_output,0,0
ttnn_device,0x4134,0x8fb0,0x8080,0x0000,finite_normal_output,0,0
ttnn_device,0x4135,0x3f80,0x3024,0x3024,finite_normal_output,1,0
ttnn_device,0x4135,0x4080,0x3124,0x3124,finite_normal_output,1,0
ttnn_device,0x4135,0x4380,0x3424,0x3424,finite_normal_output,1,0
ttnn_device,0x4135,0x4f80,0x4024,0x4024,finite_normal_output,1,0
ttnn_device,0x4135,0x7f7f,0x7024,0x7023,finite_normal_output,1,0
ttnn_device,0x4135,0xff7f,0xf024,0xf023,finite_normal_output,1,0
ttnn_device,0x4135,0x0fc6,0x007f,0x0000,outside_scope,,0
ttnn_device,0x4135,0x8fc6,0x807f,0x0000,outside_scope,,0
ttnn_device,0x4135,0x0fc7,0x0080,0x0000,finite_normal_output,0,0
ttnn_device,0x4135,0x8fc7,0x8080,0x0000,finite_normal_output,0,0
ttnn_device,0x4135,0x0fc8,0x0080,0x0080,finite_normal_output,1,0
ttnn_device,0x4135,0x8fc8,0x8080,0x8080,finite_normal_output,1,0
ttnn_device,0x4136,0x3f80,0x3011,0x3011,finite_normal_output,1,0
ttnn_device,0x4136,0x4080,0x3111,0x3111,finite_normal_output,1,0
ttnn_device,0x4136,0x4380,0x3411,0x3411,finite_normal_output,1,0
ttnn_device,0x4136,0x4f80,0x4011,0x4011,finite_normal_output,1,0
ttnn_device,0x4136,0x7f7f,0x7010,0x7010,finite_normal_output,1,0
ttnn_device,0x4136,0xff7f,0xf010,0xf010,finite_normal_output,1,0
ttnn_device,0x4136,0x0fe0,0x007f,0x0000,outside_scope,,0
ttnn_device,0x4136,0x8fe0,0x807f,0x0000,outside_scope,,0
ttnn_device,0x4136,0x0fe1,0x007f,0x0000,outside_scope,,0
ttnn_device,0x4136,0x8fe1,0x807f,0x0000,outside_scope,,0
ttnn_device,0x4136,0x0fe2,0x0080,0x0080,finite_normal_output,1,1
ttnn_device,0x4136,0x8fe2,0x8080,0x8080,finite_normal_output,1,0
ttnn_device,0x4137,0x3f80,0x3000,0x3000,finite_normal_output,1,0
ttnn_device,0x4137,0x4080,0x3100,0x3100,finite_normal_output,1,0
ttnn_device,0x4137,0x4380,0x3400,0x3400,finite_normal_output,1,0
ttnn_device,0x4137,0x4f80,0x4000,0x4000,finite_normal_output,1,0
ttnn_device,0x4137,0x7f7f,0x6fff,0x6fff,finite_normal_output,1,0
ttnn_device,0x4137,0xff7f,0xefff,0xefff,finite_normal_output,1,0
ttnn_device,0x4137,0x0ffe,0x007f,0x0000,outside_scope,,0
ttnn_device,0x4137,0x8ffe,0x807f,0x0000,outside_scope,,0
ttnn_device,0x4137,0x0fff,0x007f,0x0000,outside_scope,,0
ttnn_device,0x4137,0x8fff,0x807f,0x0000,outside_scope,,0
ttnn_device,0x4137,0x1000,0x0080,0x0080,finite_normal_output,1,0
ttnn_device,0x4137,0x9000,0x8080,0x8080,finite_normal_output,1,0
ttnn_device,0x4138,0x3f80,0x2fe2,0x2fe2,finite_normal_output,1,0
ttnn_device,0x4138,0x4080,0x30e2,0x30e2,finite_normal_output,1,0
ttnn_device,0x4138,0x4380,0x33e2,0x33e2,finite_normal_output,1,0
ttnn_device,0x4138,0x4f80,0x3fe2,0x3fe2,finite_normal_output,1,0
ttnn_device,0x4138,0x7f7f,0x6fe1,0x6fe1,finite_normal_output,1,0
ttnn_device,0x4138,0xff7f,0xefe1,0xefe1,finite_normal_output,1,0
ttnn_device,0x4138,0x1010,0x007f,0x0000,outside_scope,,0
ttnn_device,0x4138,0x9010,0x807f,0x0000,outside_scope,,0
ttnn_device,0x4138,0x1011,0x0080,0x0080,finite_normal_output,1,0
ttnn_device,0x4138,0x9011,0x8080,0x8080,finite_normal_output,1,0
ttnn_device,0x4138,0x1012,0x0081,0x0081,finite_normal_output,1,0
ttnn_device,0x4138,0x9012,0x8081,0x8081,finite_normal_output,1,0
ttnn_device,0x4139,0x3f80,0x2fc7,0x2fc7,finite_normal_output,1,0
ttnn_device,0x4139,0x4080,0x30c7,0x30c7,finite_normal_output,1,0
ttnn_device,0x4139,0x4380,0x33c7,0x33c7,finite_normal_output,1,0
ttnn_device,0x4139,0x4f80,0x3fc7,0x3fc7,finite_normal_output,1,0
ttnn_device,0x4139,0x7f7f,0x6fc6,0x6fc6,finite_normal_output,1,0
ttnn_device,0x4139,0xff7f,0xefc6,0xefc6,finite_normal_output,1,0
ttnn_device,0x4139,0x1023,0x007f,0x0000,outside_scope,,0
ttnn_device,0x4139,0x9023,0x807f,0x0000,outside_scope,,0
ttnn_device,0x4139,0x1024,0x0080,0x0000,finite_normal_output,0,0
ttnn_device,0x4139,0x9024,0x8080,0x0000,finite_normal_output,0,0
ttnn_device,0x4139,0x1025,0x0080,0x0080,finite_normal_output,1,0
ttnn_device,0x4139,0x9025,0x8080,0x8080,finite_normal_output,1,0
ttnn_device,0x413a,0x3f80,0x2fb0,0x2fb0,finite_normal_output,1,0
ttnn_device,0x413a,0x4080,0x30b0,0x30b0,finite_normal_output,1,0
ttnn_device,0x413a,0x4380,0x33b0,0x33b0,finite_normal_output,1,0
ttnn_device,0x413a,0x4f80,0x3fb0,0x3fb0,finite_normal_output,1,0
ttnn_device,0x413a,0x7f7f,0x6faf,0x6faf,finite_normal_output,1,0
ttnn_device,0x413a,0xff7f,0xefaf,0xefaf,finite_normal_output,1,0
ttnn_device,0x413a,0x1039,0x007f,0x0000,outside_scope,,0
ttnn_device,0x413a,0x9039,0x807f,0x0000,outside_scope,,0
ttnn_device,0x413a,0x103a,0x0080,0x0000,finite_normal_output,0,1
ttnn_device,0x413a,0x903a,0x8080,0x0000,finite_normal_output,0,0
ttnn_device,0x413a,0x103b,0x0080,0x0081,finite_normal_output,1,0
ttnn_device,0x413a,0x903b,0x8080,0x8081,finite_normal_output,1,0
ttnn_device,0x413b,0x3f80,0x2f9b,0x2f9b,finite_normal_output,1,0
ttnn_device,0x413b,0x4080,0x309b,0x309b,finite_normal_output,1,0
ttnn_device,0x413b,0x4380,0x339b,0x339b,finite_normal_output,1,0
ttnn_device,0x413b,0x4f80,0x3f9b,0x3f9b,finite_normal_output,1,0
ttnn_device,0x413b,0x7f7f,0x6f9a,0x6f9a,finite_normal_output,1,0
ttnn_device,0x413b,0xff7f,0xef9a,0xef9a,finite_normal_output,1,0
ttnn_device,0x413b,0x1051,0x007f,0x0000,outside_scope,,0
ttnn_device,0x413b,0x9051,0x807f,0x0000,outside_scope,,0
ttnn_device,0x413b,0x1052,0x007f,0x0000,outside_scope,,0
ttnn_device,0x413b,0x9052,0x807f,0x0000,outside_scope,,0
ttnn_device,0x413b,0x1053,0x0080,0x0000,finite_normal_output,0,0
ttnn_device,0x413b,0x9053,0x8080,0x0000,finite_normal_output,0,0
ttnn_device,0x413c,0x3f80,0x2f89,0x2f89,finite_normal_output,1,0
ttnn_device,0x413c,0x4080,0x3089,0x3089,finite_normal_output,1,0
ttnn_device,0x413c,0x4380,0x3389,0x3389,finite_normal_output,1,0
ttnn_device,0x413c,0x4f80,0x3f89,0x3f89,finite_normal_output,1,0
ttnn_device,0x413c,0x7f7f,0x6f88,0x6f88,finite_normal_output,1,0
ttnn_device,0x413c,0xff7f,0xef88,0xef88,finite_normal_output,1,0
ttnn_device,0x413c,0x106d,0x007f,0x0000,outside_scope,,0
ttnn_device,0x413c,0x906d,0x807f,0x0000,outside_scope,,0
ttnn_device,0x413c,0x106e,0x007f,0x0000,outside_scope,,0
ttnn_device,0x413c,0x906e,0x807f,0x0000,outside_scope,,0
ttnn_device,0x413c,0x106f,0x0080,0x0000,finite_normal_output,0,0
ttnn_device,0x413c,0x906f,0x8080,0x0000,finite_normal_output,0,0
ttnn_device,0x413d,0x3f80,0x2f72,0x2f72,finite_normal_output,1,0
ttnn_device,0x413d,0x4080,0x3072,0x3072,finite_normal_output,1,0
ttnn_device,0x413d,0x4380,0x3372,0x3372,finite_normal_output,1,0
ttnn_device,0x413d,0x4f80,0x3f72,0x3f72,finite_normal_output,1,0
ttnn_device,0x413d,0x7f7f,0x6f71,0x6f71,finite_normal_output,1,0
ttnn_device,0x413d,0xff7f,0xef71,0xef71,finite_normal_output,1,0
ttnn_device,0x413d,0x1086,0x007e,0x0000,outside_scope,,0
ttnn_device,0x413d,0x9086,0x807e,0x0000,outside_scope,,0
ttnn_device,0x413d,0x1087,0x007f,0x0000,outside_scope,,0
ttnn_device,0x413d,0x9087,0x807f,0x0000,outside_scope,,0
ttnn_device,0x413d,0x1088,0x0080,0x0081,finite_normal_output,1,0
ttnn_device,0x413d,0x9088,0x8080,0x8081,finite_normal_output,1,0
ttnn_device,0x413e,0x3f80,0x2f55,0x2f55,finite_normal_output,1,0
ttnn_device,0x413e,0x4080,0x3055,0x3055,finite_normal_output,1,0
ttnn_device,0x413e,0x4380,0x3355,0x3355,finite_normal_output,1,0
ttnn_device,0x413e,0x4f80,0x3f55,0x3f55,finite_normal_output,1,0
ttnn_device,0x413e,0x7f7f,0x6f54,0x6f54,finite_normal_output,1,0
ttnn_device,0x413e,0xff7f,0xef54,0xef54,finite_normal_output,1,0
ttnn_device,0x413e,0x1098,0x007f,0x0000,outside_scope,,0
ttnn_device,0x413e,0x9098,0x807f,0x0000,outside_scope,,0
ttnn_device,0x413e,0x1099,0x007f,0x0000,outside_scope,,0
ttnn_device,0x413e,0x9099,0x807f,0x0000,outside_scope,,0
ttnn_device,0x413e,0x109a,0x0080,0x0080,finite_normal_output,1,0
ttnn_device,0x413e,0x909a,0x8080,0x8080,finite_normal_output,1,0
ttnn_device,0x413f,0x3f80,0x2f3c,0x2f3c,finite_normal_output,1,0
ttnn_device,0x413f,0x4080,0x303c,0x303c,finite_normal_output,1,1
ttnn_device,0x413f,0x4380,0x333c,0x333c,finite_normal_output,1,0
ttnn_device,0x413f,0x4f80,0x3f3c,0x3f3c,finite_normal_output,1,0
ttnn_device,0x413f,0x7f7f,0x6f3b,0x6f3b,finite_normal_output,1,0
ttnn_device,0x413f,0xff7f,0xef3b,0xef3b,finite_normal_output,1,0
ttnn_device,0x413f,0x10ac,0x007e,0x0000,outside_scope,,0
ttnn_device,0x413f,0x90ac,0x807e,0x0000,outside_scope,,0
ttnn_device,0x413f,0x10ad,0x007f,0x0000,outside_scope,,0
ttnn_device,0x413f,0x90ad,0x807f,0x0000,outside_scope,,0
ttnn_device,0x413f,0x10ae,0x0080,0x0000,finite_normal_output,0,0
ttnn_device,0x413f,0x90ae,0x8080,0x0000,finite_normal_output,0,0
ttnn_device,0x4140,0x3f80,0x2f26,0x2f26,finite_normal_output,1,0
ttnn_device,0x4140,0x4080,0x3026,0x3026,finite_normal_output,1,0
ttnn_device,0x4140,0x4380,0x3326,0x3326,finite_normal_output,1,0
ttnn_device,0x4140,0x4f80,0x3f26,0x3f26,finite_normal_output,1,0
ttnn_device,0x4140,0x7f7f,0x6f25,0x6f25,finite_normal_output,1,0
ttnn_device,0x4140,0xff7f,0xef25,0xef25,finite_normal_output,1,0
ttnn_device,0x4140,0x10c4,0x007f,0x0000,outside_scope,,0
ttnn_device,0x4140,0x90c4,0x807f,0x0000,outside_scope,,0
ttnn_device,0x4140,0x10c5,0x0080,0x0000,finite_normal_output,0,0
ttnn_device,0x4140,0x90c5,0x8080,0x0000,finite_normal_output,0,0
ttnn_device,0x4140,0x10c6,0x0080,0x0080,finite_normal_output,1,0
ttnn_device,0x4140,0x90c6,0x8080,0x8080,finite_normal_output,1,0
ttnn_device,0x4141,0x3f80,0x2f13,0x2f13,finite_normal_output,1,0
ttnn_device,0x4141,0x4080,0x3013,0x3013,finite_normal_output,1,0
ttnn_device,0x4141,0x4380,0x3313,0x3313,finite_normal_output,1,0
ttnn_device,0x4141,0x4f80,0x3f13,0x3f13,finite_normal_output,1,0
ttnn_device,0x4141,0x7f7f,0x6f12,0x6f12,finite_normal_output,1,0
ttnn_device,0x4141,0xff7f,0xef12,0xef12,finite_normal_output,1,0
ttnn_device,0x4141,0x10de,0x007f,0x0000,outside_scope,,0
ttnn_device,0x4141,0x90de,0x807f,0x0000,outside_scope,,0
ttnn_device,0x4141,0x10df,0x0080,0x0080,finite_normal_output,1,0
ttnn_device,0x4141,0x90df,0x8080,0x8080,finite_normal_output,1,0
ttnn_device,0x4141,0x10e0,0x0080,0x0081,finite_normal_output,1,0
ttnn_device,0x4141,0x90e0,0x8080,0x8081,finite_normal_output,1,0
ttnn_device,0x4142,0x3f80,0x2f01,0x2f01,finite_normal_output,1,0
ttnn_device,0x4142,0x4080,0x3001,0x3001,finite_normal_output,1,0
ttnn_device,0x4142,0x4380,0x3301,0x3301,finite_normal_output,1,0
ttnn_device,0x4142,0x4f80,0x3f01,0x3f01,finite_normal_output,1,0
ttnn_device,0x4142,0x7f7f,0x6f01,0x6f00,finite_normal_output,1,0
ttnn_device,0x4142,0xff7f,0xef01,0xef00,finite_normal_output,1,0
ttnn_device,0x4142,0x10fb,0x007f,0x0000,outside_scope,,0
ttnn_device,0x4142,0x90fb,0x807f,0x0000,outside_scope,,0
ttnn_device,0x4142,0x10fc,0x007f,0x0000,outside_scope,,0
ttnn_device,0x4142,0x90fc,0x807f,0x0000,outside_scope,,0
ttnn_device,0x4142,0x10fd,0x0080,0x0000,finite_normal_output,0,0
ttnn_device,0x4142,0x90fd,0x8080,0x0000,finite_normal_output,0,0
ttnn_device,0x4143,0x3f80,0x2ee4,0x2ee4,finite_normal_output,1,0
ttnn_device,0x4143,0x4080,0x2fe4,0x2fe4,finite_normal_output,1,1
ttnn_device,0x4143,0x4380,0x32e4,0x32e4,finite_normal_output,1,0
ttnn_device,0x4143,0x4f80,0x3ee4,0x3ee4,finite_normal_output,1,0
ttnn_device,0x4143,0x7f7f,0x6ee3,0x6ee3,finite_normal_output,1,0
ttnn_device,0x4143,0xff7f,0xeee3,0xeee3,finite_normal_output,1,0
ttnn_device,0x4143,0x110e,0x007f,0x0000,outside_scope,,0
ttnn_device,0x4143,0x910e,0x807f,0x0000,outside_scope,,0
ttnn_device,0x4143,0x110f,0x007f,0x0000,outside_scope,,0
ttnn_device,0x4143,0x910f,0x807f,0x0000,outside_scope,,0
ttnn_device,0x4143,0x1110,0x0080,0x0080,finite_normal_output,1,0
ttnn_device,0x4143,0x9110,0x8080,0x8080,finite_normal_output,1,0
ttnn_device,0x4144,0x3f80,0x2ec9,0x2ec9,finite_normal_output,1,0
ttnn_device,0x4144,0x4080,0x2fc9,0x2fc9,finite_normal_output,1,0
ttnn_device,0x4144,0x4380,0x32c9,0x32c9,finite_normal_output,1,0
ttnn_device,0x4144,0x4f80,0x3ec9,0x3ec9,finite_normal_output,1,0
ttnn_device,0x4144,0x7f7f,0x6ec9,0x6ec8,finite_normal_output,1,0
ttnn_device,0x4144,0xff7f,0xeec9,0xeec8,finite_normal_output,1,0
ttnn_device,0x4144,0x1121,0x007f,0x0000,outside_scope,,0
ttnn_device,0x4144,0x9121,0x807f,0x0000,outside_scope,,0
ttnn_device,0x4144,0x1122,0x007f,0x0000,outside_scope,,0
ttnn_device,0x4144,0x9122,0x807f,0x0000,outside_scope,,0
ttnn_device,0x4144,0x1123,0x0080,0x0000,finite_normal_output,0,0
ttnn_device,0x4144,0x9123,0x8080,0x0000,finite_normal_output,0,0
ttnn_device,0x4145,0x3f80,0x2eb2,0x2eb2,finite_normal_output,1,0
ttnn_device,0x4145,0x4080,0x2fb2,0x2fb2,finite_normal_output,1,0
ttnn_device,0x4145,0x4380,0x32b2,0x32b2,finite_normal_output,1,0
ttnn_device,0x4145,0x4f80,0x3eb2,0x3eb2,finite_normal_output,1,0
ttnn_device,0x4145,0x7f7f,0x6eb1,0x6eb1,finite_normal_output,1,0
ttnn_device,0x4145,0xff7f,0xeeb1,0xeeb1,finite_normal_output,1,0
ttnn_device,0x4145,0x1137,0x007f,0x0000,outside_scope,,0
ttnn_device,0x4145,0x9137,0x807f,0x0000,outside_scope,,0
ttnn_device,0x4145,0x1138,0x0080,0x0000,finite_normal_output,0,0
ttnn_device,0x4145,0x9138,0x8080,0x0000,finite_normal_output,0,0
ttnn_device,0x4145,0x1139,0x0080,0x0081,finite_normal_output,1,0
ttnn_device,0x4145,0x9139,0x8080,0x8081,finite_normal_output,1,0
ttnn_device,0x4146,0x3f80,0x2e9d,0x2e9d,finite_normal_output,1,0
ttnn_device,0x4146,0x4080,0x2f9d,0x2f9d,finite_normal_output,1,0
ttnn_device,0x4146,0x4380,0x329d,0x329d,finite_normal_output,1,0
ttnn_device,0x4146,0x4f80,0x3e9d,0x3e9d,finite_normal_output,1,0
ttnn_device,0x4146,0x7f7f,0x6e9c,0x6e9c,finite_normal_output,1,0
ttnn_device,0x4146,0xff7f,0xee9c,0xee9c,finite_normal_output,1,0
ttnn_device,0x4146,0x114f,0x007f,0x0000,outside_scope,,0
ttnn_device,0x4146,0x914f,0x807f,0x0000,outside_scope,,0
ttnn_device,0x4146,0x1150,0x007f,0x0000,outside_scope,,0
ttnn_device,0x4146,0x9150,0x807f,0x0000,outside_scope,,0
ttnn_device,0x4146,0x1151,0x0080,0x0080,finite_normal_output,1,0
ttnn_device,0x4146,0x9151,0x8080,0x8080,finite_normal_output,1,0
ttnn_device,0x4147,0x3f80,0x2e8a,0x2e8a,finite_normal_output,1,0
ttnn_device,0x4147,0x4080,0x2f8a,0x2f8a,finite_normal_output,1,0
ttnn_device,0x4147,0x4380,0x328a,0x328a,finite_normal_output,1,0
ttnn_device,0x4147,0x4f80,0x3e8a,0x3e8a,finite_normal_output,1,0
ttnn_device,0x4147,0x7f7f,0x6e8a,0x6e89,finite_normal_output,1,1
ttnn_device,0x4147,0xff7f,0xee8a,0xee89,finite_normal_output,1,0
ttnn_device,0x4147,0x116b,0x007f,0x0000,outside_scope,,0
ttnn_device,0x4147,0x916b,0x807f,0x0000,outside_scope,,0
ttnn_device,0x4147,0x116c,0x0080,0x0000,finite_normal_output,0,0
ttnn_device,0x4147,0x916c,0x8080,0x0000,finite_normal_output,0,0
ttnn_device,0x4147,0x116d,0x0080,0x0000,finite_normal_output,0,0
ttnn_device,0x4147,0x916d,0x8080,0x0000,finite_normal_output,0,0
ttnn_device,0x4148,0x3f80,0x2e74,0x2e74,finite_normal_output,1,0
ttnn_device,0x4148,0x4080,0x2f74,0x2f74,finite_normal_output,1,0
ttnn_device,0x4148,0x4380,0x3274,0x3274,finite_normal_output,1,0
ttnn_device,0x4148,0x4f80,0x3e74,0x3e74,finite_normal_output,1,0
ttnn_device,0x4148,0x7f7f,0x6e73,0x6e73,finite_normal_output,1,0
ttnn_device,0x4148,0xff7f,0xee73,0xee73,finite_normal_output,1,0
ttnn_device,0x4148,0x1185,0x007f,0x0000,outside_scope,,0
ttnn_device,0x4148,0x9185,0x807f,0x0000,outside_scope,,0
ttnn_device,0x4148,0x1186,0x0080,0x0000,finite_normal_output,0,0
ttnn_device,0x4148,0x9186,0x8080,0x0000,finite_normal_output,0,0
ttnn_device,0x4148,0x1187,0x0081,0x0081,finite_normal_output,1,0
ttnn_device,0x4148,0x9187,0x8081,0x8081,finite_normal_output,1,0
ttnn_device,0x4149,0x3f80,0x2e58,0x2e58,finite_normal_output,1,0
ttnn_device,0x4149,0x4080,0x2f58,0x2f58,finite_normal_output,1,0
ttnn_device,0x4149,0x4380,0x3258,0x3258,finite_normal_output,1,0
ttnn_device,0x4149,0x4f80,0x3e58,0x3e58,finite_normal_output,1,0
ttnn_device,0x4149,0x7f7f,0x6e57,0x6e57,finite_normal_output,1,0
ttnn_device,0x4149,0xff7f,0xee57,0xee57,finite_normal_output,1,0
ttnn_device,0x4149,0x1196,0x007e,0x0000,outside_scope,,0
ttnn_device,0x4149,0x9196,0x807e,0x0000,outside_scope,,0
ttnn_device,0x4149,0x1197,0x007f,0x0000,outside_scope,,0
ttnn_device,0x4149,0x9197,0x807f,0x0000,outside_scope,,0
ttnn_device,0x4149,0x1198,0x0080,0x0080,finite_normal_output,1,0
ttnn_device,0x4149,0x9198,0x8080,0x8080,finite_normal_output,1,0
ttnn_device,0x414a,0x3f80,0x2e3e,0x2e3e,finite_normal_output,1,0
ttnn_device,0x414a,0x4080,0x2f3e,0x2f3e,finite_normal_output,1,0
ttnn_device,0x414a,0x4380,0x323e,0x323e,finite_normal_output,1,0
ttnn_device,0x414a,0x4f80,0x3e3e,0x3e3e,finite_normal_output,1,0
ttnn_device,0x414a,0x7f7f,0x6e3e,0x6e3d,finite_normal_output,1,0
ttnn_device,0x414a,0xff7f,0xee3e,0xee3d,finite_normal_output,1,0
ttnn_device,0x414a,0x11ab,0x007f,0x0000,outside_scope,,0
ttnn_device,0x414a,0x91ab,0x807f,0x0000,outside_scope,,0
ttnn_device,0x414a,0x11ac,0x0080,0x0000,finite_normal_output,0,0
ttnn_device,0x414a,0x91ac,0x8080,0x0000,finite_normal_output,0,0
ttnn_device,0x414a,0x11ad,0x0081,0x0080,finite_normal_output,1,0
ttnn_device,0x414a,0x91ad,0x8081,0x8080,finite_normal_output,1,0
ttnn_device,0x414b,0x3f80,0x2e28,0x2e28,finite_normal_output,1,0
ttnn_device,0x414b,0x4080,0x2f28,0x2f28,finite_normal_output,1,0
ttnn_device,0x414b,0x4380,0x3228,0x3228,finite_normal_output,1,1
ttnn_device,0x414b,0x4f80,0x3e28,0x3e28,finite_normal_output,1,0
ttnn_device,0x414b,0x7f7f,0x6e27,0x6e27,finite_normal_output,1,0
ttnn_device,0x414b,0xff7f,0xee27,0xee27,finite_normal_output,1,0
ttnn_device,0x414b,0x11c1,0x007f,0x0000,outside_scope,,0
ttnn_device,0x414b,0x91c1,0x807f,0x0000,outside_scope,,0
ttnn_device,0x414b,0x11c2,0x007f,0x0000,outside_scope,,0
ttnn_device,0x414b,0x91c2,0x807f,0x0000,outside_scope,,0
ttnn_device,0x414b,0x11c3,0x0080,0x0000,finite_normal_output,0,0
ttnn_device,0x414b,0x91c3,0x8080,0x0000,finite_normal_output,0,0
ttnn_device,0x414c,0x3f80,0x2e14,0x2e14,finite_normal_output,1,0
ttnn_device,0x414c,0x4080,0x2f14,0x2f14,finite_normal_output,1,0
ttnn_device,0x414c,0x4380,0x3214,0x3214,finite_normal_output,1,0
ttnn_device,0x414c,0x4f80,0x3e14,0x3e14,finite_normal_output,1,0
ttnn_device,0x414c,0x7f7f,0x6e14,0x6e13,finite_normal_output,1,0
ttnn_device,0x414c,0xff7f,0xee14,0xee13,finite_normal_output,1,0
ttnn_device,0x414c,0x11db,0x007f,0x0000,outside_scope,,0
ttnn_device,0x414c,0x91db,0x807f,0x0000,outside_scope,,0
ttnn_device,0x414c,0x11dc,0x007f,0x0000,outside_scope,,0
ttnn_device,0x414c,0x91dc,0x807f,0x0000,outside_scope,,0
ttnn_device,0x414c,0x11dd,0x0080,0x0000,finite_normal_output,0,0
ttnn_device,0x414c,0x91dd,0x8080,0x0000,finite_normal_output,0,0
ttnn_device,0x414d,0x3f80,0x2e03,0x2e03,finite_normal_output,1,0
ttnn_device,0x414d,0x4080,0x2f03,0x2f03,finite_normal_output,1,0
ttnn_device,0x414d,0x4380,0x3203,0x3203,finite_normal_output,1,0
ttnn_device,0x414d,0x4f80,0x3e03,0x3e03,finite_normal_output,1,0
ttnn_device,0x414d,0x7f7f,0x6e02,0x6e02,finite_normal_output,1,0
ttnn_device,0x414d,0xff7f,0xee02,0xee02,finite_normal_output,1,0
ttnn_device,0x414d,0x11f9,0x007f,0x0000,outside_scope,,0
ttnn_device,0x414d,0x91f9,0x807f,0x0000,outside_scope,,0
ttnn_device,0x414d,0x11fa,0x0080,0x0000,finite_normal_output,0,0
ttnn_device,0x414d,0x91fa,0x8080,0x0000,finite_normal_output,0,0
ttnn_device,0x414d,0x11fb,0x0080,0x0080,finite_normal_output,1,0
ttnn_device,0x414d,0x91fb,0x8080,0x8080,finite_normal_output,1,0
ttnn_device,0x414e,0x3f80,0x2de7,0x2de7,finite_normal_output,1,0
ttnn_device,0x414e,0x4080,0x2ee7,0x2ee7,finite_normal_output,1,0
ttnn_device,0x414e,0x4380,0x31e7,0x31e7,finite_normal_output,1,0
ttnn_device,0x414e,0x4f80,0x3de7,0x3de7,finite_normal_output,1,0
ttnn_device,0x414e,0x7f7f,0x6de6,0x6de6,finite_normal_output,1,0
ttnn_device,0x414e,0xff7f,0xede6,0xede6,finite_normal_output,1,0
ttnn_device,0x414e,0x120c,0x007e,0x0000,outside_scope,,0
ttnn_device,0x414e,0x920c,0x807e,0x0000,outside_scope,,0
ttnn_device,0x414e,0x120d,0x007f,0x0000,outside_scope,,0
ttnn_device,0x414e,0x920d,0x807f,0x0000,outside_scope,,0
ttnn_device,0x414e,0x120e,0x0080,0x0080,finite_normal_output,1,0
ttnn_device,0x414e,0x920e,0x8080,0x8080,finite_normal_output,1,0
ttnn_device,0x414f,0x3f80,0x2dcc,0x2dcc,finite_normal_output,1,0
ttnn_device,0x414f,0x4080,0x2ecc,0x2ecc,finite_normal_output,1,0
ttnn_device,0x414f,0x4380,0x31cc,0x31cc,finite_normal_output,1,0
ttnn_device,0x414f,0x4f80,0x3dcc,0x3dcc,finite_normal_output,1,0
ttnn_device,0x414f,0x7f7f,0x6dcb,0x6dcb,finite_normal_output,1,0
ttnn_device,0x414f,0xff7f,0xedcb,0xedcb,finite_normal_output,1,1
ttnn_device,0x414f,0x121f,0x007f,0x0000,outside_scope,,0
ttnn_device,0x414f,0x921f,0x807f,0x0000,outside_scope,,0
ttnn_device,0x414f,0x1220,0x007f,0x0000,outside_scope,,0
ttnn_device,0x414f,0x9220,0x807f,0x0000,outside_scope,,0
ttnn_device,0x414f,0x1221,0x0080,0x0080,finite_normal_output,1,0
ttnn_device,0x414f,0x9221,0x8080,0x8080,finite_normal_output,1,0
ttnn_device,0x4150,0x3f80,0x2db4,0x2db4,finite_normal_output,1,0
ttnn_device,0x4150,0x4080,0x2eb4,0x2eb4,finite_normal_output,1,0
ttnn_device,0x4150,0x4380,0x31b4,0x31b4,finite_normal_output,1,0
ttnn_device,0x4150,0x4f80,0x3db4,0x3db4,finite_normal_output,1,0
ttnn_device,0x4150,0x7f7f,0x6db3,0x6db3,finite_normal_output,1,0
ttnn_device,0x4150,0xff7f,0xedb3,0xedb3,finite_normal_output,1,0
ttnn_device,0x4150,0x1235,0x007f,0x0000,outside_scope,,0
ttnn_device,0x4150,0x9235,0x807f,0x0000,outside_scope,,0
ttnn_device,0x4150,0x1236,0x0080,0x0000,finite_normal_output,0,0
ttnn_device,0x4150,0x9236,0x8080,0x0000,finite_normal_output,0,0
ttnn_device,0x4150,0x1237,0x0081,0x0081,finite_normal_output,1,0
ttnn_device,0x4150,0x9237,0x8081,0x8081,finite_normal_output,1,0
ttnn_device,0x4151,0x3f80,0x2d9f,0x2d9f,finite_normal_output,1,0
ttnn_device,0x4151,0x4080,0x2e9f,0x2e9f,finite_normal_output,1,0
ttnn_device,0x4151,0x4380,0x319f,0x319f,finite_normal_output,1,0
ttnn_device,0x4151,0x4f80,0x3d9f,0x3d9f,finite_normal_output,1,0
ttnn_device,0x4151,0x7f7f,0x6d9e,0x6d9e,finite_normal_output,1,0
ttnn_device,0x4151,0xff7f,0xed9e,0xed9e,finite_normal_output,1,0
ttnn_device,0x4151,0x124d,0x007f,0x0000,outside_scope,,0
ttnn_device,0x4151,0x924d,0x807f,0x0000,outside_scope,,0
ttnn_device,0x4151,0x124e,0x0080,0x0000,finite_normal_output,0,0
ttnn_device,0x4151,0x924e,0x8080,0x0000,finite_normal_output,0,0
ttnn_device,0x4151,0x124f,0x0080,0x0081,finite_normal_output,1,0
ttnn_device,0x4151,0x924f,0x8080,0x8081,finite_normal_output,1,0
ttnn_device,0x4152,0x3f80,0x2d8c,0x2d8c,finite_normal_output,1,0
ttnn_device,0x4152,0x4080,0x2e8c,0x2e8c,finite_normal_output,1,0
ttnn_device,0x4152,0x4380,0x318c,0x318c,finite_normal_output,1,0
ttnn_device,0x4152,0x4f80,0x3d8c,0x3d8c,finite_normal_output,1,0
ttnn_device,0x4152,0x7f7f,0x6d8b,0x6d8b,finite_normal_output,1,0
ttnn_device,0x4152,0xff7f,0xed8b,0xed8b,finite_normal_output,1,0
ttnn_device,0x4152,0x1268,0x007f,0x0000,outside_scope,,0
ttnn_device,0x4152,0x9268,0x807f,0x0000,outside_scope,,0
ttnn_device,0x4152,0x1269,0x007f,0x0000,outside_scope,,0
ttnn_device,0x4152,0x9269,0x807f,0x0000,outside_scope,,0
ttnn_device,0x4152,0x126a,0x0080,0x0000,finite_normal_output,0,0
ttnn_device,0x4152,0x926a,0x8080,0x0000,finite_normal_output,0,0
ttnn_device,0x4153,0x3f80,0x2d77,0x2d77,finite_normal_output,1,0
ttnn_device,0x4153,0x4080,0x2e77,0x2e77,finite_normal_output,1,0
ttnn_device,0x4153,0x4380,0x3177,0x3177,finite_normal_output,1,0
ttnn_device,0x4153,0x4f80,0x3d77,0x3d77,finite_normal_output,1,0
ttnn_device,0x4153,0x7f7f,0x6d76,0x6d76,finite_normal_output,1,0
ttnn_device,0x4153,0xff7f,0xed76,0xed76,finite_normal_output,1,1
ttnn_device,0x4153,0x1283,0x007e,0x0000,outside_scope,,0
ttnn_device,0x4153,0x9283,0x807e,0x0000,outside_scope,,0
ttnn_device,0x4153,0x1284,0x007f,0x0000,outside_scope,,0
ttnn_device,0x4153,0x9284,0x807f,0x0000,outside_scope,,0
ttnn_device,0x4153,0x1285,0x0080,0x0080,finite_normal_output,1,0
ttnn_device,0x4153,0x9285,0x8080,0x8080,finite_normal_output,1,0
ttnn_device,0x4154,0x3f80,0x2d5a,0x2d5a,finite_normal_output,1,0
ttnn_device,0x4154,0x4080,0x2e5a,0x2e5a,finite_normal_output,1,0
ttnn_device,0x4154,0x4380,0x315a,0x315a,finite_normal_output,1,0
ttnn_device,0x4154,0x4f80,0x3d5a,0x3d5a,finite_normal_output,1,0
ttnn_device,0x4154,0x7f7f,0x6d59,0x6d59,finite_normal_output,1,0
ttnn_device,0x4154,0xff7f,0xed59,0xed59,finite_normal_output,1,0
ttnn_device,0x4154,0x1295,0x007f,0x0000,outside_scope,,0
ttnn_device,0x4154,0x9295,0x807f,0x0000,outside_scope,,0
ttnn_device,0x4154,0x1296,0x0080,0x0000,finite_normal_output,0,0
ttnn_device,0x4154,0x9296,0x8080,0x0000,finite_normal_output,0,0
ttnn_device,0x4154,0x1297,0x0081,0x0081,finite_normal_output,1,0
ttnn_device,0x4154,0x9297,0x8081,0x8081,finite_normal_output,1,0
ttnn_device,0x4155,0x3f80,0x2d40,0x2d40,finite_normal_output,1,0
ttnn_device,0x4155,0x4080,0x2e40,0x2e40,finite_normal_output,1,0
ttnn_device,0x4155,0x4380,0x3140,0x3140,finite_normal_output,1,0
ttnn_device,0x4155,0x4f80,0x3d40,0x3d40,finite_normal_output,1,0
ttnn_device,0x4155,0x7f7f,0x6d40,0x6d3f,finite_normal_output,1,0
ttnn_device,0x4155,0xff7f,0xed40,0xed3f,finite_normal_output,1,0
ttnn_device,0x4155,0x12a9,0x007f,0x0000,outside_scope,,0
ttnn_device,0x4155,0x92a9,0x807f,0x0000,outside_scope,,0
ttnn_device,0x4155,0x12aa,0x0080,0x0000,finite_normal_output,0,0
ttnn_device,0x4155,0x92aa,0x8080,0x0000,finite_normal_output,0,0
ttnn_device,0x4155,0x12ab,0x0081,0x0080,finite_normal_output,1,0
ttnn_device,0x4155,0x92ab,0x8081,0x8080,finite_normal_output,1,0
ttnn_device,0x4156,0x3f80,0x2d2a,0x2d2a,finite_normal_output,1,0
ttnn_device,0x4156,0x4080,0x2e2a,0x2e2a,finite_normal_output,1,0
ttnn_device,0x4156,0x4380,0x312a,0x312a,finite_normal_output,1,0
ttnn_device,0x4156,0x4f80,0x3d2a,0x3d2a,finite_normal_output,1,0
ttnn_device,0x4156,0x7f7f,0x6d29,0x6d29,finite_normal_output,1,0
ttnn_device,0x4156,0xff7f,0xed29,0xed29,finite_normal_output,1,0
ttnn_device,0x4156,0x12bf,0x007f,0x0000,outside_scope,,0
ttnn_device,0x4156,0x92bf,0x807f,0x0000,outside_scope,,0
ttnn_device,0x4156,0x12c0,0x007f,0x0000,outside_scope,,0
ttnn_device,0x4156,0x92c0,0x807f,0x0000,outside_scope,,0
ttnn_device,0x4156,0x12c1,0x0080,0x0080,finite_normal_output,1,0
ttnn_device,0x4156,0x92c1,0x8080,0x8080,finite_normal_output,1,0
ttnn_device,0x4157,0x3f80,0x2d16,0x2d16,finite_normal_output,1,0
ttnn_device,0x4157,0x4080,0x2e16,0x2e16,finite_normal_output,1,0
ttnn_device,0x4157,0x4380,0x3116,0x3116,finite_normal_output,1,0
ttnn_device,0x4157,0x4f80,0x3d16,0x3d16,finite_normal_output,1,0
ttnn_device,0x4157,0x7f7f,0x6d15,0x6d15,finite_normal_output,1,0
ttnn_device,0x4157,0xff7f,0xed15,0xed15,finite_normal_output,1,0
ttnn_device,0x4157,0x12d9,0x007f,0x0000,outside_scope,,0
ttnn_device,0x4157,0x92d9,0x807f,0x0000,outside_scope,,0
ttnn_device,0x4157,0x12da,0x0080,0x0000,finite_normal_output,0,1
ttnn_device,0x4157,0x92da,0x8080,0x0000,finite_normal_output,0,0
ttnn_device,0x4157,0x12db,0x0080,0x0080,finite_normal_output,1,0
ttnn_device,0x4157,0x92db,0x8080,0x8080,finite_normal_output,1,0
ttnn_device,0x4158,0x3f80,0x2d04,0x2d04,finite_normal_output,1,0
ttnn_device,0x4158,0x4080,0x2e04,0x2e04,finite_normal_output,1,0
ttnn_device,0x4158,0x4380,0x3104,0x3104,finite_normal_output,1,0
ttnn_device,0x4158,0x4f80,0x3d04,0x3d04,finite_normal_output,1,0
ttnn_device,0x4158,0x7f7f,0x6d04,0x6d03,finite_normal_output,1,0
ttnn_device,0x4158,0xff7f,0xed04,0xed03,finite_normal_output,1,0
ttnn_device,0x4158,0x12f6,0x007f,0x0000,outside_scope,,0
ttnn_device,0x4158,0x92f6,0x807f,0x0000,outside_scope,,0
ttnn_device,0x4158,0x12f7,0x0080,0x0000,finite_normal_output,0,0
ttnn_device,0x4158,0x92f7,0x8080,0x0000,finite_normal_output,0,0
ttnn_device,0x4158,0x12f8,0x0080,0x0000,finite_normal_output,0,0
ttnn_device,0x4158,0x92f8,0x8080,0x0000,finite_normal_output,0,0
ttnn_device,0x4159,0x3f80,0x2ce9,0x2ce9,finite_normal_output,1,0
ttnn_device,0x4159,0x4080,0x2de9,0x2de9,finite_normal_output,1,0
ttnn_device,0x4159,0x4380,0x30e9,0x30e9,finite_normal_output,1,0
ttnn_device,0x4159,0x4f80,0x3ce9,0x3ce9,finite_normal_output,1,0
ttnn_device,0x4159,0x7f7f,0x6ce9,0x6ce8,finite_normal_output,1,0
ttnn_device,0x4159,0xff7f,0xece9,0xece8,finite_normal_output,1,0
ttnn_device,0x4159,0x130b,0x007f,0x0000,outside_scope,,0
ttnn_device,0x4159,0x930b,0x807f,0x0000,outside_scope,,0
ttnn_device,0x4159,0x130c,0x0080,0x0000,finite_normal_output,0,0
ttnn_device,0x4159,0x930c,0x8080,0x0000,finite_normal_output,0,0
ttnn_device,0x4159,0x130d,0x0081,0x0080,finite_normal_output,1,0
ttnn_device,0x4159,0x930d,0x8081,0x8080,finite_normal_output,1,0
ttnn_device,0x415a,0x3f80,0x2cce,0x2cce,finite_normal_output,1,0
ttnn_device,0x415a,0x4080,0x2dce,0x2dce,finite_normal_output,1,0
ttnn_device,0x415a,0x4380,0x30ce,0x30ce,finite_normal_output,1,0
ttnn_device,0x415a,0x4f80,0x3cce,0x3cce,finite_normal_output,1,0
ttnn_device,0x415a,0x7f7f,0x6ccd,0x6ccd,finite_normal_output,1,0
ttnn_device,0x415a,0xff7f,0xeccd,0xeccd,finite_normal_output,1,0
ttnn_device,0x415a,0x131d,0x007e,0x0000,outside_scope,,0
ttnn_device,0x415a,0x931d,0x807e,0x0000,outside_scope,,0
ttnn_device,0x415a,0x131e,0x007f,0x0000,outside_scope,,0
ttnn_device,0x415a,0x931e,0x807f,0x0000,outside_scope,,0
ttnn_device,0x415a,0x131f,0x0080,0x0000,finite_normal_output,0,0
ttnn_device,0x415a,0x931f,0x8080,0x0000,finite_normal_output,0,0
ttnn_device,0x415b,0x3f80,0x2cb6,0x2cb6,finite_normal_output,1,0
ttnn_device,0x415b,0x4080,0x2db6,0x2db6,finite_normal_output,1,0
ttnn_device,0x415b,0x4380,0x30b6,0x30b6,finite_normal_output,1,0
ttnn_device,0x415b,0x4f80,0x3cb6,0x3cb6,finite_normal_output,1,0
ttnn_device,0x415b,0x7f7f,0x6cb5,0x6cb5,finite_normal_output,1,1
ttnn_device,0x415b,0xff7f,0xecb5,0xecb5,finite_normal_output,1,0
ttnn_device,0x415b,0x1333,0x007f,0x0000,outside_scope,,0
ttnn_device,0x415b,0x9333,0x807f,0x0000,outside_scope,,0
ttnn_device,0x415b,0x1334,0x0080,0x0000,finite_normal_output,0,0
ttnn_device,0x415b,0x9334,0x8080,0x0000,finite_normal_output,0,0
ttnn_device,0x415b,0x1335,0x0081,0x0081,finite_normal_output,1,0
ttnn_device,0x415b,0x9335,0x8081,0x8081,finite_normal_output,1,0
ttnn_device,0x415c,0x3f80,0x2ca0,0x2ca0,finite_normal_output,1,0
ttnn_device,0x415c,0x4080,0x2da0,0x2da0,finite_normal_output,1,0
ttnn_device,0x415c,0x4380,0x30a0,0x30a0,finite_normal_output,1,0
ttnn_device,0x415c,0x4f80,0x3ca0,0x3ca0,finite_normal_output,1,0
ttnn_device,0x415c,0x7f7f,0x6ca0,0x6c9f,finite_normal_output,1,0
ttnn_device,0x415c,0xff7f,0xeca0,0xec9f,finite_normal_output,1,0
ttnn_device,0x415c,0x134a,0x007f,0x0000,outside_scope,,0
ttnn_device,0x415c,0x934a,0x807f,0x0000,outside_scope,,0
ttnn_device,0x415c,0x134b,0x007f,0x0000,outside_scope,,0
ttnn_device,0x415c,0x934b,0x807f,0x0000,outside_scope,,0
ttnn_device,0x415c,0x134c,0x0080,0x0000,finite_normal_output,0,0
ttnn_device,0x415c,0x934c,0x8080,0x0000,finite_normal_output,0,0
ttnn_device,0x415d,0x3f80,0x2c8e,0x2c8e,finite_normal_output,1,0
ttnn_device,0x415d,0x4080,0x2d8e,0x2d8e,finite_normal_output,1,0
ttnn_device,0x415d,0x4380,0x308e,0x308e,finite_normal_output,1,0
ttnn_device,0x415d,0x4f80,0x3c8e,0x3c8e,finite_normal_output,1,0
ttnn_device,0x415d,0x7f7f,0x6c8d,0x6c8d,finite_normal_output,1,0
ttnn_device,0x415d,0xff7f,0xec8d,0xec8d,finite_normal_output,1,0
ttnn_device,0x415d,0x1366,0x007f,0x0000,outside_scope,,0
ttnn_device,0x415d,0x9366,0x807f,0x0000,outside_scope,,0
ttnn_device,0x415d,0x1367,0x0080,0x0080,finite_normal_output,1,0
ttnn_device,0x415d,0x9367,0x8080,0x8080,finite_normal_output,1,0
ttnn_device,0x415d,0x1368,0x0080,0x0081,finite_normal_output,1,0
ttnn_device,0x415d,0x9368,0x8080,0x8081,finite_normal_output,1,0
ttnn_device,0x415e,0x3f80,0x2c7a,0x2c7a,finite_normal_output,1,0
ttnn_device,0x415e,0x4080,0x2d7a,0x2d7a,finite_normal_output,1,0
ttnn_device,0x415e,0x4380,0x307a,0x307a,finite_normal_output,1,0
ttnn_device,0x415e,0x4f80,0x3c7a,0x3c7a,finite_normal_output,1,0
ttnn_device,0x415e,0x7f7f,0x6c79,0x6c79,finite_normal_output,1,0
ttnn_device,0x415e,0xff7f,0xec79,0xec79,finite_normal_output,1,0
ttnn_device,0x415e,0x1382,0x007f,0x0000,outside_scope,,0
ttnn_device,0x415e,0x9382,0x807f,0x0000,outside_scope,,0
ttnn_device,0x415e,0x1383,0x0080,0x0000,finite_normal_output,0,0
ttnn_device,0x415e,0x9383,0x8080,0x0000,finite_normal_output,0,0
ttnn_device,0x415e,0x1384,0x0081,0x0081,finite_normal_output,1,0
ttnn_device,0x415e,0x9384,0x8081,0x8081,finite_normal_output,1,0
ttnn_device,0x415f,0x3f80,0x2c5d,0x2c5d,finite_normal_output,1,0
ttnn_device,0x415f,0x4080,0x2d5d,0x2d5d,finite_normal_output,1,0
ttnn_device,0x415f,0x4380,0x305d,0x305d,finite_normal_output,1,0
ttnn_device,0x415f,0x4f80,0x3c5d,0x3c5d,finite_normal_output,1,1
ttnn_device,0x415f,0x7f7f,0x6c5c,0x6c5c,finite_normal_output,1,0
ttnn_device,0x415f,0xff7f,0xec5c,0xec5c,finite_normal_output,1,0
ttnn_device,0x415f,0x1393,0x007f,0x0000,outside_scope,,0
ttnn_device,0x415f,0x9393,0x807f,0x0000,outside_scope,,0
ttnn_device,0x415f,0x1394,0x007f,0x0000,outside_scope,,0
ttnn_device,0x415f,0x9394,0x807f,0x0000,outside_scope,,0
ttnn_device,0x415f,0x1395,0x0080,0x0081,finite_normal_output,1,0
ttnn_device,0x415f,0x9395,0x8080,0x8081,finite_normal_output,1,0
ttnn_device,0x4160,0x3f80,0x2c43,0x2c43,finite_normal_output,1,0
ttnn_device,0x4160,0x4080,0x2d43,0x2d43,finite_normal_output,1,0
ttnn_device,0x4160,0x4380,0x3043,0x3043,finite_normal_output,1,0
ttnn_device,0x4160,0x4f80,0x3c43,0x3c43,finite_normal_output,1,0
ttnn_device,0x4160,0x7f7f,0x6c42,0x6c42,finite_normal_output,1,0
ttnn_device,0x4160,0xff7f,0xec42,0xec42,finite_normal_output,1,0
ttnn_device,0x4160,0x13a7,0x007f,0x0000,outside_scope,,0
ttnn_device,0x4160,0x93a7,0x807f,0x0000,outside_scope,,0
ttnn_device,0x4160,0x13a8,0x0080,0x0000,finite_normal_output,0,0
ttnn_device,0x4160,0x93a8,0x8080,0x0000,finite_normal_output,0,0
ttnn_device,0x4160,0x13a9,0x0080,0x0081,finite_normal_output,1,0
ttnn_device,0x4160,0x93a9,0x8080,0x8081,finite_normal_output,1,0
ttnn_device,0x4161,0x3f80,0x2c2c,0x2c2c,finite_normal_output,1,0
ttnn_device,0x4161,0x4080,0x2d2c,0x2d2c,finite_normal_output,1,0
ttnn_device,0x4161,0x4380,0x302c,0x302c,finite_normal_output,1,0
ttnn_device,0x4161,0x4f80,0x3c2c,0x3c2c,finite_normal_output,1,0
ttnn_device,0x4161,0x7f7f,0x6c2b,0x6c2b,finite_normal_output,1,0
ttnn_device,0x4161,0xff7f,0xec2b,0xec2b,finite_normal_output,1,0
ttnn_device,0x4161,0x13bd,0x007f,0x0000,outside_scope,,0
ttnn_device,0x4161,0x93bd,0x807f,0x0000,outside_scope,,0
ttnn_device,0x4161,0x13be,0x007f,0x0000,outside_scope,,0
ttnn_device,0x4161,0x93be,0x807f,0x0000,outside_scope,,0
ttnn_device,0x4161,0x13bf,0x0080,0x0080,finite_normal_output,1,0
ttnn_device,0x4161,0x93bf,0x8080,0x8080,finite_normal_output,1,0
ttnn_device,0x4162,0x3f80,0x2c18,0x2c18,finite_normal_output,1,0
ttnn_device,0x4162,0x4080,0x2d18,0x2d18,finite_normal_output,1,0
ttnn_device,0x4162,0x4380,0x3018,0x3018,finite_normal_output,1,0
ttnn_device,0x4162,0x4f80,0x3c18,0x3c18,finite_normal_output,1,0
ttnn_device,0x4162,0x7f7f,0x6c17,0x6c17,finite_normal_output,1,0
ttnn_device,0x4162,0xff7f,0xec17,0xec17,finite_normal_output,1,0
ttnn_device,0x4162,0x13d6,0x007f,0x0000,outside_scope,,0
ttnn_device,0x4162,0x93d6,0x807f,0x0000,outside_scope,,0
ttnn_device,0x4162,0x13d7,0x007f,0x0000,outside_scope,,0
ttnn_device,0x4162,0x93d7,0x807f,0x0000,outside_scope,,0
ttnn_device,0x4162,0x13d8,0x0080,0x0080,finite_normal_output,1,0
ttnn_device,0x4162,0x93d8,0x8080,0x8080,finite_normal_output,1,0
ttnn_device,0x4163,0x3f80,0x2c06,0x2c06,finite_normal_output,1,0
ttnn_device,0x4163,0x4080,0x2d06,0x2d06,finite_normal_output,1,0
ttnn_device,0x4163,0x4380,0x3006,0x3006,finite_normal_output,1,0
ttnn_device,0x4163,0x4f80,0x3c06,0x3c06,finite_normal_output,1,0
ttnn_device,0x4163,0x7f7f,0x6c05,0x6c05,finite_normal_output,1,0
ttnn_device,0x4163,0xff7f,0xec05,0xec05,finite_normal_output,1,1
ttnn_device,0x4163,0x13f3,0x007f,0x0000,outside_scope,,0
ttnn_device,0x4163,0x93f3,0x807f,0x0000,outside_scope,,0
ttnn_device,0x4163,0x13f4,0x007f,0x0000,outside_scope,,0
ttnn_device,0x4163,0x93f4,0x807f,0x0000,outside_scope,,0
ttnn_device,0x4163,0x13f5,0x0080,0x0080,finite_normal_output,1,0
ttnn_device,0x4163,0x93f5,0x8080,0x8080,finite_normal_output,1,0
ttnn_device,0x4164,0x3f80,0x2bec,0x2bec,finite_normal_output,1,0
ttnn_device,0x4164,0x4080,0x2cec,0x2cec,finite_normal_output,1,0
ttnn_device,0x4164,0x4380,0x2fec,0x2fec,finite_normal_output,1,0
ttnn_device,0x4164,0x4f80,0x3bec,0x3bec,finite_normal_output,1,0
ttnn_device,0x4164,0x7f7f,0x6beb,0x6beb,finite_normal_output,1,0
ttnn_device,0x4164,0xff7f,0xebeb,0xebeb,finite_normal_output,1,0
ttnn_device,0x4164,0x1409,0x007e,0x0000,outside_scope,,0
ttnn_device,0x4164,0x9409,0x807e,0x0000,outside_scope,,0
ttnn_device,0x4164,0x140a,0x007f,0x0000,outside_scope,,0
ttnn_device,0x4164,0x940a,0x807f,0x0000,outside_scope,,0
ttnn_device,0x4164,0x140b,0x0080,0x0080,finite_normal_output,1,0
ttnn_device,0x4164,0x940b,0x8080,0x8080,finite_normal_output,1,0
ttnn_device,0x4165,0x3f80,0x2bd0,0x2bd0,finite_normal_output,1,0
ttnn_device,0x4165,0x4080,0x2cd0,0x2cd0,finite_normal_output,1,0
ttnn_device,0x4165,0x4380,0x2fd0,0x2fd0,finite_normal_output,1,0
ttnn_device,0x4165,0x4f80,0x3bd0,0x3bd0,finite_normal_output,1,0
ttnn_device,0x4165,0x7f7f,0x6bd0,0x6bcf,finite_normal_output,1,0
ttnn_device,0x4165,0xff7f,0xebd0,0xebcf,finite_normal_output,1,0
ttnn_device,0x4165,0x141c,0x007f,0x0000,outside_scope,,0
ttnn_device,0x4165,0x941c,0x807f,0x0000,outside_scope,,0
ttnn_device,0x4165,0x141d,0x0080,0x0000,finite_normal_output,0,0
ttnn_device,0x4165,0x941d,0x8080,0x0000,finite_normal_output,0,0
ttnn_device,0x4165,0x141e,0x0081,0x0080,finite_normal_output,1,0
ttnn_device,0x4165,0x941e,0x8081,0x8080,finite_normal_output,1,0
ttnn_device,0x4166,0x3f80,0x2bb8,0x2bb8,finite_normal_output,1,0
ttnn_device,0x4166,0x4080,0x2cb8,0x2cb8,finite_normal_output,1,0
ttnn_device,0x4166,0x4380,0x2fb8,0x2fb8,finite_normal_output,1,0
ttnn_device,0x4166,0x4f80,0x3bb8,0x3bb8,finite_normal_output,1,0
ttnn_device,0x4166,0x7f7f,0x6bb7,0x6bb7,finite_normal_output,1,0
ttnn_device,0x4166,0xff7f,0xebb7,0xebb7,finite_normal_output,1,0
ttnn_device,0x4166,0x1431,0x007f,0x0000,outside_scope,,0
ttnn_device,0x4166,0x9431,0x807f,0x0000,outside_scope,,0
ttnn_device,0x4166,0x1432,0x0080,0x0000,finite_normal_output,0,0
ttnn_device,0x4166,0x9432,0x8080,0x0000,finite_normal_output,0,0
ttnn_device,0x4166,0x1433,0x0081,0x0081,finite_normal_output,1,0
ttnn_device,0x4166,0x9433,0x8081,0x8081,finite_normal_output,1,0
ttnn_device,0x4167,0x3f80,0x2ba2,0x2ba2,finite_normal_output,1,0
ttnn_device,0x4167,0x4080,0x2ca2,0x2ca2,finite_normal_output,1,0
ttnn_device,0x4167,0x4380,0x2fa2,0x2fa2,finite_normal_output,1,0
ttnn_device,0x4167,0x4f80,0x3ba2,0x3ba2,finite_normal_output,1,0
ttnn_device,0x4167,0x7f7f,0x6ba2,0x6ba1,finite_normal_output,1,0
ttnn_device,0x4167,0xff7f,0xeba2,0xeba1,finite_normal_output,1,0
ttnn_device,0x4167,0x1448,0x007f,0x0000,outside_scope,,0
ttnn_device,0x4167,0x9448,0x807f,0x0000,outside_scope,,0
ttnn_device,0x4167,0x1449,0x007f,0x0000,outside_scope,,0
ttnn_device,0x4167,0x9449,0x807f,0x0000,outside_scope,,0
ttnn_device,0x4167,0x144a,0x0080,0x0000,finite_normal_output,0,1
ttnn_device,0x4167,0x944a,0x8080,0x0000,finite_normal_output,0,0
ttnn_device,0x4168,0x3f80,0x2b8f,0x2b8f,finite_normal_output,1,0
ttnn_device,0x4168,0x4080,0x2c8f,0x2c8f,finite_normal_output,1,0
ttnn_device,0x4168,0x4380,0x2f8f,0x2f8f,finite_normal_output,1,0
ttnn_device,0x4168,0x4f80,0x3b8f,0x3b8f,finite_normal_output,1,0
ttnn_device,0x4168,0x7f7f,0x6b8f,0x6b8e,finite_normal_output,1,0
ttnn_device,0x4168,0xff7f,0xeb8f,0xeb8e,finite_normal_output,1,0
ttnn_device,0x4168,0x1463,0x007f,0x0000,outside_scope,,0
ttnn_device,0x4168,0x9463,0x807f,0x0000,outside_scope,,0
ttnn_device,0x4168,0x1464,0x0080,0x0000,finite_normal_output,0,0
ttnn_device,0x4168,0x9464,0x8080,0x0000,finite_normal_output,0,0
ttnn_device,0x4168,0x1465,0x0080,0x0000,finite_normal_output,0,0
ttnn_device,0x4168,0x9465,0x8080,0x0000,finite_normal_output,0,0
ttnn_device,0x4169,0x3f80,0x2b7d,0x2b7d,finite_normal_output,1,0
ttnn_device,0x4169,0x4080,0x2c7d,0x2c7d,finite_normal_output,1,0
ttnn_device,0x4169,0x4380,0x2f7d,0x2f7d,finite_normal_output,1,0
ttnn_device,0x4169,0x4f80,0x3b7d,0x3b7d,finite_normal_output,1,0
ttnn_device,0x4169,0x7f7f,0x6b7c,0x6b7c,finite_normal_output,1,0
ttnn_device,0x4169,0xff7f,0xeb7c,0xeb7c,finite_normal_output,1,0
ttnn_device,0x4169,0x1480,0x007e,0x0000,outside_scope,,0
ttnn_device,0x4169,0x9480,0x807e,0x0000,outside_scope,,0
ttnn_device,0x4169,0x1481,0x007f,0x0000,outside_scope,,0
ttnn_device,0x4169,0x9481,0x807f,0x0000,outside_scope,,0
ttnn_device,0x4169,0x1482,0x0080,0x0080,finite_normal_output,1,0
ttnn_device,0x4169,0x9482,0x8080,0x8080,finite_normal_output,1,0
ttnn_device,0x416a,0x3f80,0x2b5f,0x2b5f,finite_normal_output,1,0
ttnn_device,0x416a,0x4080,0x2c5f,0x2c5f,finite_normal_output,1,0
ttnn_device,0x416a,0x4380,0x2f5f,0x2f5f,finite_normal_output,1,0
ttnn_device,0x416a,0x4f80,0x3b5f,0x3b5f,finite_normal_output,1,0
ttnn_device,0x416a,0x7f7f,0x6b5e,0x6b5e,finite_normal_output,1,0
ttnn_device,0x416a,0xff7f,0xeb5e,0xeb5e,finite_normal_output,1,0
ttnn_device,0x416a,0x1491,0x007e,0x0000,outside_scope,,0
ttnn_device,0x416a,0x9491,0x807e,0x0000,outside_scope,,0
ttnn_device,0x416a,0x1492,0x007f,0x0000,outside_scope,,0
ttnn_device,0x416a,0x9492,0x807f,0x0000,outside_scope,,0
ttnn_device,0x416a,0x1493,0x0080,0x0080,finite_normal_output,1,0
ttnn_device,0x416a,0x9493,0x8080,0x8080,finite_normal_output,1,0
ttnn_device,0x416b,0x3f80,0x2b45,0x2b45,finite_normal_output,1,0
ttnn_device,0x416b,0x4080,0x2c45,0x2c45,finite_normal_output,1,0
ttnn_device,0x416b,0x4380,0x2f45,0x2f45,finite_normal_output,1,0
ttnn_device,0x416b,0x4f80,0x3b45,0x3b45,finite_normal_output,1,0
ttnn_device,0x416b,0x7f7f,0x6b44,0x6b44,finite_normal_output,1,0
ttnn_device,0x416b,0xff7f,0xeb44,0xeb44,finite_normal_output,1,0
ttnn_device,0x416b,0x14a5,0x007f,0x0000,outside_scope,,0
ttnn_device,0x416b,0x94a5,0x807f,0x0000,outside_scope,,0
ttnn_device,0x416b,0x14a6,0x0080,0x0000,finite_normal_output,0,0
ttnn_device,0x416b,0x94a6,0x8080,0x0000,finite_normal_output,0,0
ttnn_device,0x416b,0x14a7,0x0080,0x0081,finite_normal_output,1,1
ttnn_device,0x416b,0x94a7,0x8080,0x8081,finite_normal_output,1,0
ttnn_device,0x416c,0x3f80,0x2b2e,0x2b2e,finite_normal_output,1,0
ttnn_device,0x416c,0x4080,0x2c2e,0x2c2e,finite_normal_output,1,0
ttnn_device,0x416c,0x4380,0x2f2e,0x2f2e,finite_normal_output,1,0
ttnn_device,0x416c,0x4f80,0x3b2e,0x3b2e,finite_normal_output,1,0
ttnn_device,0x416c,0x7f7f,0x6b2d,0x6b2d,finite_normal_output,1,0
ttnn_device,0x416c,0xff7f,0xeb2d,0xeb2d,finite_normal_output,1,0
ttnn_device,0x416c,0x14bb,0x007f,0x0000,outside_scope,,0
ttnn_device,0x416c,0x94bb,0x807f,0x0000,outside_scope,,0
ttnn_device,0x416c,0x14bc,0x0080,0x0000,finite_normal_output,0,0
ttnn_device,0x416c,0x94bc,0x8080,0x0000,finite_normal_output,0,0
ttnn_device,0x416c,0x14bd,0x0080,0x0080,finite_normal_output,1,0
ttnn_device,0x416c,0x94bd,0x8080,0x8080,finite_normal_output,1,0
ttnn_device,0x416d,0x3f80,0x2b19,0x2b19,finite_normal_output,1,0
ttnn_device,0x416d,0x4080,0x2c19,0x2c19,finite_normal_output,1,0
ttnn_device,0x416d,0x4380,0x2f19,0x2f19,finite_normal_output,1,0
ttnn_device,0x416d,0x4f80,0x3b19,0x3b19,finite_normal_output,1,0
ttnn_device,0x416d,0x7f7f,0x6b19,0x6b18,finite_normal_output,1,0
ttnn_device,0x416d,0xff7f,0xeb19,0xeb18,finite_normal_output,1,0
ttnn_device,0x416d,0x14d4,0x007f,0x0000,outside_scope,,0
ttnn_device,0x416d,0x94d4,0x807f,0x0000,outside_scope,,0
ttnn_device,0x416d,0x14d5,0x0080,0x0000,finite_normal_output,0,0
ttnn_device,0x416d,0x94d5,0x8080,0x0000,finite_normal_output,0,0
ttnn_device,0x416d,0x14d6,0x0080,0x0000,finite_normal_output,0,0
ttnn_device,0x416d,0x94d6,0x8080,0x0000,finite_normal_output,0,0
ttnn_device,0x416e,0x3f80,0x2b07,0x2b07,finite_normal_output,1,0
ttnn_device,0x416e,0x4080,0x2c07,0x2c07,finite_normal_output,1,0
ttnn_device,0x416e,0x4380,0x2f07,0x2f07,finite_normal_output,1,0
ttnn_device,0x416e,0x4f80,0x3b07,0x3b07,finite_normal_output,1,0
ttnn_device,0x416e,0x7f7f,0x6b07,0x6b06,finite_normal_output,1,0
ttnn_device,0x416e,0xff7f,0xeb07,0xeb06,finite_normal_output,1,0
ttnn_device,0x416e,0x14f0,0x007f,0x0000,outside_scope,,0
ttnn_device,0x416e,0x94f0,0x807f,0x0000,outside_scope,,0
ttnn_device,0x416e,0x14f1,0x007f,0x0000,outside_scope,,0
ttnn_device,0x416e,0x94f1,0x807f,0x0000,outside_scope,,0
ttnn_device,0x416e,0x14f2,0x0080,0x0000,finite_normal_output,0,0
ttnn_device,0x416e,0x94f2,0x8080,0x0000,finite_normal_output,0,0
ttnn_device,0x416f,0x3f80,0x2aef,0x2aef,finite_normal_output,1,0
ttnn_device,0x416f,0x4080,0x2bef,0x2bef,finite_normal_output,1,0
ttnn_device,0x416f,0x4380,0x2eef,0x2eef,finite_normal_output,1,0
ttnn_device,0x416f,0x4f80,0x3aef,0x3aef,finite_normal_output,1,0
ttnn_device,0x416f,0x7f7f,0x6aee,0x6aee,finite_normal_output,1,0
ttnn_device,0x416f,0xff7f,0xeaee,0xeaee,finite_normal_output,1,0
ttnn_device,0x416f,0x1508,0x007f,0x0000,outside_scope,,0
ttnn_device,0x416f,0x9508,0x807f,0x0000,outside_scope,,0
ttnn_device,0x416f,0x1509,0x0080,0x0000,finite_normal_output,0,0
ttnn_device,0x416f,0x9509,0x8080,0x0000,finite_normal_output,0,1
ttnn_device,0x416f,0x150a,0x0081,0x0081,finite_normal_output,1,0
ttnn_device,0x416f,0x950a,0x8081,0x8081,finite_normal_output,1,0
ttnn_device,0x4170,0x3f80,0x2ad3,0x2ad3,finite_normal_output,1,0
ttnn_device,0x4170,0x4080,0x2bd3,0x2bd3,finite_normal_output,1,0
ttnn_device,0x4170,0x4380,0x2ed3,0x2ed3,finite_normal_output,1,0
ttnn_device,0x4170,0x4f80,0x3ad3,0x3ad3,finite_normal_output,1,0
ttnn_device,0x4170,0x7f7f,0x6ad2,0x6ad2,finite_normal_output,1,0
ttnn_device,0x4170,0xff7f,0xead2,0xead2,finite_normal_output,1,0
ttnn_device,0x4170,0x151a,0x007f,0x0000,outside_scope,,0
ttnn_device,0x4170,0x951a,0x807f,0x0000,outside_scope,,0
ttnn_device,0x4170,0x151b,0x0080,0x0000,finite_normal_output,0,0
ttnn_device,0x4170,0x951b,0x8080,0x0000,finite_normal_output,0,0
ttnn_device,0x4170,0x151c,0x0080,0x0081,finite_normal_output,1,0
ttnn_device,0x4170,0x951c,0x8080,0x8081,finite_normal_output,1,0
ttnn_device,0x4171,0x3f80,0x2aba,0x2aba,finite_normal_output,1,0
ttnn_device,0x4171,0x4080,0x2bba,0x2bba,finite_normal_output,1,0
ttnn_device,0x4171,0x4380,0x2eba,0x2eba,finite_normal_output,1,0
ttnn_device,0x4171,0x4f80,0x3aba,0x3aba,finite_normal_output,1,0
ttnn_device,0x4171,0x7f7f,0x6ab9,0x6ab9,finite_normal_output,1,0
ttnn_device,0x4171,0xff7f,0xeab9,0xeab9,finite_normal_output,1,0
ttnn_device,0x4171,0x152f,0x007f,0x0000,outside_scope,,0
ttnn_device,0x4171,0x952f,0x807f,0x0000,outside_scope,,0
ttnn_device,0x4171,0x1530,0x0080,0x0000,finite_normal_output,0,0
ttnn_device,0x4171,0x9530,0x8080,0x0000,finite_normal_output,0,0
ttnn_device,0x4171,0x1531,0x0081,0x0081,finite_normal_output,1,0
ttnn_device,0x4171,0x9531,0x8081,0x8081,finite_normal_output,1,0
ttnn_device,0x4172,0x3f80,0x2aa4,0x2aa4,finite_normal_output,1,0
ttnn_device,0x4172,0x4080,0x2ba4,0x2ba4,finite_normal_output,1,0
ttnn_device,0x4172,0x4380,0x2ea4,0x2ea4,finite_normal_output,1,0
ttnn_device,0x4172,0x4f80,0x3aa4,0x3aa4,finite_normal_output,1,0
ttnn_device,0x4172,0x7f7f,0x6aa3,0x6aa3,finite_normal_output,1,0
ttnn_device,0x4172,0xff7f,0xeaa3,0xeaa3,finite_normal_output,1,0
ttnn_device,0x4172,0x1546,0x007f,0x0000,outside_scope,,0
ttnn_device,0x4172,0x9546,0x807f,0x0000,outside_scope,,0
ttnn_device,0x4172,0x1547,0x0080,0x0000,finite_normal_output,0,0
ttnn_device,0x4172,0x9547,0x8080,0x0000,finite_normal_output,0,0
ttnn_device,0x4172,0x1548,0x0080,0x0080,finite_normal_output,1,0
ttnn_device,0x4172,0x9548,0x8080,0x8080,finite_normal_output,1,0
ttnn_device,0x4173,0x3f80,0x2a91,0x2a91,finite_normal_output,1,0
ttnn_device,0x4173,0x4080,0x2b91,0x2b91,finite_normal_output,1,0
ttnn_device,0x4173,0x4380,0x2e91,0x2e91,finite_normal_output,1,0
ttnn_device,0x4173,0x4f80,0x3a91,0x3a91,finite_normal_output,1,1
ttnn_device,0x4173,0x7f7f,0x6a90,0x6a90,finite_normal_output,1,0
ttnn_device,0x4173,0xff7f,0xea90,0xea90,finite_normal_output,1,0
ttnn_device,0x4173,0x1560,0x007f,0x0000,outside_scope,,0
ttnn_device,0x4173,0x9560,0x807f,0x0000,outside_scope,,0
ttnn_device,0x4173,0x1561,0x007f,0x0000,outside_scope,,0
ttnn_device,0x4173,0x9561,0x807f,0x0000,outside_scope,,0
ttnn_device,0x4173,0x1562,0x0080,0x0080,finite_normal_output,1,0
ttnn_device,0x4173,0x9562,0x8080,0x8080,finite_normal_output,1,0
ttnn_device,0x4174,0x3f80,0x2a80,0x2a80,finite_normal_output,1,0
ttnn_device,0x4174,0x4080,0x2b80,0x2b80,finite_normal_output,1,0
ttnn_device,0x4174,0x4380,0x2e80,0x2e80,finite_normal_output,1,0
ttnn_device,0x4174,0x4f80,0x3a80,0x3a80,finite_normal_output,1,0
ttnn_device,0x4174,0x7f7f,0x6a7f,0x6a7f,finite_normal_output,1,0
ttnn_device,0x4174,0xff7f,0xea7f,0xea7f,finite_normal_output,1,0
ttnn_device,0x4174,0x157e,0x007f,0x0000,outside_scope,,0
ttnn_device,0x4174,0x957e,0x807f,0x0000,outside_scope,,0
ttnn_device,0x4174,0x157f,0x007f,0x0000,outside_scope,,0
ttnn_device,0x4174,0x957f,0x807f,0x0000,outside_scope,,0
ttnn_device,0x4174,0x1580,0x0080,0x0080,finite_normal_output,1,0
ttnn_device,0x4174,0x9580,0x8080,0x8080,finite_normal_output,1,0
ttnn_device,0x4175,0x3f80,0x2a62,0x2a62,finite_normal_output,1,0
ttnn_device,0x4175,0x4080,0x2b62,0x2b62,finite_normal_output,1,0
ttnn_device,0x4175,0x4380,0x2e62,0x2e62,finite_normal_output,1,0
ttnn_device,0x4175,0x4f80,0x3a62,0x3a62,finite_normal_output,1,0
ttnn_device,0x4175,0x7f7f,0x6a61,0x6a61,finite_normal_output,1,0
ttnn_device,0x4175,0xff7f,0xea61,0xea61,finite_normal_output,1,0
ttnn_device,0x4175,0x1590,0x007f,0x0000,outside_scope,,0
ttnn_device,0x4175,0x9590,0x807f,0x0000,outside_scope,,0
ttnn_device,0x4175,0x1591,0x0080,0x0080,finite_normal_output,1,0
ttnn_device,0x4175,0x9591,0x8080,0x8080,finite_normal_output,1,0
ttnn_device,0x4175,0x1592,0x0081,0x0081,finite_normal_output,1,0
ttnn_device,0x4175,0x9592,0x8081,0x8081,finite_normal_output,1,0
ttnn_device,0x4176,0x3f80,0x2a47,0x2a47,finite_normal_output,1,0
ttnn_device,0x4176,0x4080,0x2b47,0x2b47,finite_normal_output,1,0
ttnn_device,0x4176,0x4380,0x2e47,0x2e47,finite_normal_output,1,0
ttnn_device,0x4176,0x4f80,0x3a47,0x3a47,finite_normal_output,1,0
ttnn_device,0x4176,0x7f7f,0x6a46,0x6a46,finite_normal_output,1,0
ttnn_device,0x4176,0xff7f,0xea46,0xea46,finite_normal_output,1,0
ttnn_device,0x4176,0x15a3,0x007f,0x0000,outside_scope,,0
ttnn_device,0x4176,0x95a3,0x807f,0x0000,outside_scope,,0
ttnn_device,0x4176,0x15a4,0x0080,0x0000,finite_normal_output,0,0
ttnn_device,0x4176,0x95a4,0x8080,0x0000,finite_normal_output,0,0
ttnn_device,0x4176,0x15a5,0x0080,0x0080,finite_normal_output,1,0
ttnn_device,0x4176,0x95a5,0x8080,0x8080,finite_normal_output,1,0
ttnn_device,0x4177,0x3f80,0x2a30,0x2a30,finite_normal_output,1,0
ttnn_device,0x4177,0x4080,0x2b30,0x2b30,finite_normal_output,1,0
ttnn_device,0x4177,0x4380,0x2e30,0x2e30,finite_normal_output,1,0
ttnn_device,0x4177,0x4f80,0x3a30,0x3a30,finite_normal_output,1,0
ttnn_device,0x4177,0x7f7f,0x6a2f,0x6a2f,finite_normal_output,1,1
ttnn_device,0x4177,0xff7f,0xea2f,0xea2f,finite_normal_output,1,0
ttnn_device,0x4177,0x15b9,0x007f,0x0000,outside_scope,,0
ttnn_device,0x4177,0x95b9,0x807f,0x0000,outside_scope,,0
ttnn_device,0x4177,0x15ba,0x0080,0x0000,finite_normal_output,0,0
ttnn_device,0x4177,0x95ba,0x8080,0x0000,finite_normal_output,0,0
ttnn_device,0x4177,0x15bb,0x0080,0x0081,finite_normal_output,1,0
ttnn_device,0x4177,0x95bb,0x8080,0x8081,finite_normal_output,1,0
ttnn_device,0x4178,0x3f80,0x2a1b,0x2a1b,finite_normal_output,1,0
ttnn_device,0x4178,0x4080,0x2b1b,0x2b1b,finite_normal_output,1,0
ttnn_device,0x4178,0x4380,0x2e1b,0x2e1b,finite_normal_output,1,0
ttnn_device,0x4178,0x4f80,0x3a1b,0x3a1b,finite_normal_output,1,0
ttnn_device,0x4178,0x7f7f,0x6a1a,0x6a1a,finite_normal_output,1,0
ttnn_device,0x4178,0xff7f,0xea1a,0xea1a,finite_normal_output,1,0
ttnn_device,0x4178,0x15d2,0x007f,0x0000,outside_scope,,0
ttnn_device,0x4178,0x95d2,0x807f,0x0000,outside_scope,,0
ttnn_device,0x4178,0x15d3,0x0080,0x0000,finite_normal_output,0,0
ttnn_device,0x4178,0x95d3,0x8080,0x0000,finite_normal_output,0,0
ttnn_device,0x4178,0x15d4,0x0080,0x0080,finite_normal_output,1,0
ttnn_device,0x4178,0x95d4,0x8080,0x8080,finite_normal_output,1,0
ttnn_device,0x4179,0x3f80,0x2a09,0x2a09,finite_normal_output,1,0
ttnn_device,0x4179,0x4080,0x2b09,0x2b09,finite_normal_output,1,0
ttnn_device,0x4179,0x4380,0x2e09,0x2e09,finite_normal_output,1,0
ttnn_device,0x4179,0x4f80,0x3a09,0x3a09,finite_normal_output,1,0
ttnn_device,0x4179,0x7f7f,0x6a08,0x6a08,finite_normal_output,1,0
ttnn_device,0x4179,0xff7f,0xea08,0xea08,finite_normal_output,1,0
ttnn_device,0x4179,0x15ee,0x007f,0x0000,outside_scope,,0
ttnn_device,0x4179,0x95ee,0x807f,0x0000,outside_scope,,0
ttnn_device,0x4179,0x15ef,0x0080,0x0000,finite_normal_output,0,0
ttnn_device,0x4179,0x95ef,0x8080,0x0000,finite_normal_output,0,0
ttnn_device,0x4179,0x15f0,0x0080,0x0080,finite_normal_output,1,0
ttnn_device,0x4179,0x95f0,0x8080,0x8080,finite_normal_output,1,0
ttnn_device,0x417a,0x3f80,0x29f1,0x29f1,finite_normal_output,1,0
ttnn_device,0x417a,0x4080,0x2af1,0x2af1,finite_normal_output,1,0
ttnn_device,0x417a,0x4380,0x2df1,0x2df1,finite_normal_output,1,0
ttnn_device,0x417a,0x4f80,0x39f1,0x39f1,finite_normal_output,1,0
ttnn_device,0x417a,0x7f7f,0x69f1,0x69f0,finite_normal_output,1,0
ttnn_device,0x417a,0xff7f,0xe9f1,0xe9f0,finite_normal_output,1,0
ttnn_device,0x417a,0x1606,0x007e,0x0000,outside_scope,,0
ttnn_device,0x417a,0x9606,0x807e,0x0000,outside_scope,,0
ttnn_device,0x417a,0x1607,0x007f,0x0000,outside_scope,,0
ttnn_device,0x417a,0x9607,0x807f,0x0000,outside_scope,,0
ttnn_device,0x417a,0x1608,0x0080,0x0080,finite_normal_output,1,0
ttnn_device,0x417a,0x9608,0x8080,0x8080,finite_normal_output,1,0
ttnn_device,0x417b,0x3f80,0x29d5,0x29d5,finite_normal_output,1,0
ttnn_device,0x417b,0x4080,0x2ad5,0x2ad5,finite_normal_output,1,0
ttnn_device,0x417b,0x4380,0x2dd5,0x2dd5,finite_normal_output,1,1
ttnn_device,0x417b,0x4f80,0x39d5,0x39d5,finite_normal_output,1,0
ttnn_device,0x417b,0x7f7f,0x69d4,0x69d4,finite_normal_output,1,0
ttnn_device,0x417b,0xff7f,0xe9d4,0xe9d4,finite_normal_output,1,0
ttnn_device,0x417b,0x1618,0x007f,0x0000,outside_scope,,0
ttnn_device,0x417b,0x9618,0x807f,0x0000,outside_scope,,0
ttnn_device,0x417b,0x1619,0x007f,0x0000,outside_scope,,0
ttnn_device,0x417b,0x9619,0x807f,0x0000,outside_scope,,0
ttnn_device,0x417b,0x161a,0x0080,0x0080,finite_normal_output,1,0
ttnn_device,0x417b,0x961a,0x8080,0x8080,finite_normal_output,1,0
ttnn_device,0x417c,0x3f80,0x29bc,0x29bc,finite_normal_output,1,0
ttnn_device,0x417c,0x4080,0x2abc,0x2abc,finite_normal_output,1,0
ttnn_device,0x417c,0x4380,0x2dbc,0x2dbc,finite_normal_output,1,0
ttnn_device,0x417c,0x4f80,0x39bc,0x39bc,finite_normal_output,1,0
ttnn_device,0x417c,0x7f7f,0x69bb,0x69bb,finite_normal_output,1,0
ttnn_device,0x417c,0xff7f,0xe9bb,0xe9bb,finite_normal_output,1,0
ttnn_device,0x417c,0x162d,0x007f,0x0000,outside_scope,,0
ttnn_device,0x417c,0x962d,0x807f,0x0000,outside_scope,,0
ttnn_device,0x417c,0x162e,0x0080,0x0000,finite_normal_output,0,0
ttnn_device,0x417c,0x962e,0x8080,0x0000,finite_normal_output,0,0
ttnn_device,0x417c,0x162f,0x0081,0x0081,finite_normal_output,1,0
ttnn_device,0x417c,0x962f,0x8081,0x8081,finite_normal_output,1,0
ttnn_device,0x417d,0x3f80,0x29a6,0x29a6,finite_normal_output,1,0
ttnn_device,0x417d,0x4080,0x2aa6,0x2aa6,finite_normal_output,1,0
ttnn_device,0x417d,0x4380,0x2da6,0x2da6,finite_normal_output,1,0
ttnn_device,0x417d,0x4f80,0x39a6,0x39a6,finite_normal_output,1,0
ttnn_device,0x417d,0x7f7f,0x69a5,0x69a5,finite_normal_output,1,0
ttnn_device,0x417d,0xff7f,0xe9a5,0xe9a5,finite_normal_output,1,0
ttnn_device,0x417d,0x1644,0x007f,0x0000,outside_scope,,0
ttnn_device,0x417d,0x9644,0x807f,0x0000,outside_scope,,0
ttnn_device,0x417d,0x1645,0x0080,0x0000,finite_normal_output,0,0
ttnn_device,0x417d,0x9645,0x8080,0x0000,finite_normal_output,0,0
ttnn_device,0x417d,0x1646,0x0080,0x0080,finite_normal_output,1,0
ttnn_device,0x417d,0x9646,0x8080,0x8080,finite_normal_output,1,0
ttnn_device,0x417e,0x3f80,0x2992,0x2992,finite_normal_output,1,0
ttnn_device,0x417e,0x4080,0x2a92,0x2a92,finite_normal_output,1,0
ttnn_device,0x417e,0x4380,0x2d92,0x2d92,finite_normal_output,1,0
ttnn_device,0x417e,0x4f80,0x3992,0x3992,finite_normal_output,1,0
ttnn_device,0x417e,0x7f7f,0x6992,0x6991,finite_normal_output,1,0
ttnn_device,0x417e,0xff7f,0xe992,0xe991,finite_normal_output,1,0
ttnn_device,0x417e,0x165e,0x007f,0x0000,outside_scope,,0
ttnn_device,0x417e,0x965e,0x807f,0x0000,outside_scope,,0
ttnn_device,0x417e,0x165f,0x0080,0x0000,finite_normal_output,0,0
ttnn_device,0x417e,0x965f,0x8080,0x0000,finite_normal_output,0,0
ttnn_device,0x417e,0x1660,0x0080,0x0000,finite_normal_output,0,0
ttnn_device,0x417e,0x9660,0x8080,0x0000,finite_normal_output,0,0
ttnn_device,0x417f,0x3f80,0x2981,0x2981,finite_normal_output,1,0
ttnn_device,0x417f,0x4080,0x2a81,0x2a81,finite_normal_output,1,1
ttnn_device,0x417f,0x4380,0x2d81,0x2d81,finite_normal_output,1,0
ttnn_device,0x417f,0x4f80,0x3981,0x3981,finite_normal_output,1,0
ttnn_device,0x417f,0x7f7f,0x6981,0x6980,finite_normal_output,1,0
ttnn_device,0x417f,0xff7f,0xe981,0xe980,finite_normal_output,1,0
ttnn_device,0x417f,0x167c,0x007f,0x0000,outside_scope,,0
ttnn_device,0x417f,0x967c,0x807f,0x0000,outside_scope,,0
ttnn_device,0x417f,0x167d,0x0080,0x0000,finite_normal_output,0,0
ttnn_device,0x417f,0x967d,0x8080,0x0000,finite_normal_output,0,0
ttnn_device,0x417f,0x167e,0x0080,0x0000,finite_normal_output,0,0
ttnn_device,0x417f,0x967e,0x8080,0x0000,finite_normal_output,0,0
ttnn_device,0x4180,0x3f80,0x2964,0x2964,finite_normal_output,1,0
ttnn_device,0x4180,0x4080,0x2a64,0x2a64,finite_normal_output,1,0
ttnn_device,0x4180,0x4380,0x2d64,0x2d64,finite_normal_output,1,0
ttnn_device,0x4180,0x4f80,0x3964,0x3964,finite_normal_output,1,0
ttnn_device,0x4180,0x7f7f,0x6963,0x6963,finite_normal_output,1,0
ttnn_device,0x4180,0xff7f,0xe963,0xe963,finite_normal_output,1,0
ttnn_device,0x4180,0x168e,0x007f,0x0000,outside_scope,,0
ttnn_device,0x4180,0x968e,0x807f,0x0000,outside_scope,,0
ttnn_device,0x4180,0x168f,0x007f,0x0000,outside_scope,,0
ttnn_device,0x4180,0x968f,0x807f,0x0000,outside_scope,,0
ttnn_device,0x4180,0x1690,0x0080,0x0080,finite_normal_output,1,0
ttnn_device,0x4180,0x9690,0x8080,0x8080,finite_normal_output,1,0
ttnn_device,0x4181,0x3f80,0x2932,0x2932,finite_normal_output,1,0
ttnn_device,0x4181,0x4080,0x2a32,0x2a32,finite_normal_output,1,0
ttnn_device,0x4181,0x4380,0x2d32,0x2d32,finite_normal_output,1,0
ttnn_device,0x4181,0x4f80,0x3932,0x3932,finite_normal_output,1,0
ttnn_device,0x4181,0x7f7f,0x6931,0x6931,finite_normal_output,1,0
ttnn_device,0x4181,0xff7f,0xe931,0xe931,finite_normal_output,1,0
ttnn_device,0x4181,0x16b7,0x007f,0x0000,outside_scope,,0
ttnn_device,0x4181,0x96b7,0x807f,0x0000,outside_scope,,0
ttnn_device,0x4181,0x16b8,0x0080,0x0000,finite_normal_output,0,0
ttnn_device,0x4181,0x96b8,0x8080,0x0000,finite_normal_output,0,0
ttnn_device,0x4181,0x16b9,0x0080,0x0081,finite_normal_output,1,0
ttnn_device,0x4181,0x96b9,0x8080,0x8081,finite_normal_output,1,0
ttnn_device,0x4182,0x3f80,0x290a,0x290a,finite_normal_output,1,0
ttnn_device,0x4182,0x4080,0x2a0a,0x2a0a,finite_normal_output,1,0
ttnn_device,0x4182,0x4380,0x2d0a,0x2d0a,finite_normal_output,1,0
ttnn_device,0x4182,0x4f80,0x390a,0x390a,finite_normal_output,1,0
ttnn_device,0x4182,0x7f7f,0x690a,0x6909,finite_normal_output,1,0
ttnn_device,0x4182,0xff7f,0xe90a,0xe909,finite_normal_output,1,0
ttnn_device,0x4182,0x16eb,0x007f,0x0000,outside_scope,,0
ttnn_device,0x4182,0x96eb,0x807f,0x0000,outside_scope,,0
ttnn_device,0x4182,0x16ec,0x0080,0x0000,finite_normal_output,0,0
ttnn_device,0x4182,0x96ec,0x8080,0x0000,finite_normal_output,0,0
ttnn_device,0x4182,0x16ed,0x0080,0x0000,finite_normal_output,0,0
ttnn_device,0x4182,0x96ed,0x8080,0x0000,finite_normal_output,0,1
ttnn_device,0x4183,0x3f80,0x28d8,0x28d8,finite_normal_output,1,0
ttnn_device,0x4183,0x4080,0x29d8,0x29d8,finite_normal_output,1,0
ttnn_device,0x4183,0x4380,0x2cd8,0x2cd8,finite_normal_output,1,0
ttnn_device,0x4183,0x4f80,0x38d8,0x38d8,finite_normal_output,1,0
ttnn_device,0x4183,0x7f7f,0x68d7,0x68d7,finite_normal_output,1,0
ttnn_device,0x4183,0xff7f,0xe8d7,0xe8d7,finite_normal_output,1,0
ttnn_device,0x4183,0x1716,0x007e,0x0000,outside_scope,,0
ttnn_device,0x4183,0x9716,0x807e,0x0000,outside_scope,,0
ttnn_device,0x4183,0x1717,0x007f,0x0000,outside_scope,,0
ttnn_device,0x4183,0x9717,0x807f,0x0000,outside_scope,,0
ttnn_device,0x4183,0x1718,0x0080,0x0080,finite_normal_output,1,0
ttnn_device,0x4183,0x9718,0x8080,0x8080,finite_normal_output,1,0
ttnn_device,0x4184,0x3f80,0x28a8,0x28a8,finite_normal_output,1,0
ttnn_device,0x4184,0x4080,0x29a8,0x29a8,finite_normal_output,1,0
ttnn_device,0x4184,0x4380,0x2ca8,0x2ca8,finite_normal_output,1,0
ttnn_device,0x4184,0x4f80,0x38a8,0x38a8,finite_normal_output,1,0
ttnn_device,0x4184,0x7f7f,0x68a7,0x68a7,finite_normal_output,1,0
ttnn_device,0x4184,0xff7f,0xe8a7,0xe8a7,finite_normal_output,1,0
ttnn_device,0x4184,0x1741,0x007f,0x0000,outside_scope,,0
ttnn_device,0x4184,0x9741,0x807f,0x0000,outside_scope,,0
ttnn_device,0x4184,0x1742,0x007f,0x0000,outside_scope,,0
ttnn_device,0x4184,0x9742,0x807f,0x0000,outside_scope,,0
ttnn_device,0x4184,0x1743,0x0080,0x0000,finite_normal_output,0,0
ttnn_device,0x4184,0x9743,0x8080,0x0000,finite_normal_output,0,0
ttnn_device,0x4185,0x3f80,0x2883,0x2883,finite_normal_output,1,0
ttnn_device,0x4185,0x4080,0x2983,0x2983,finite_normal_output,1,0
ttnn_device,0x4185,0x4380,0x2c83,0x2c83,finite_normal_output,1,0
ttnn_device,0x4185,0x4f80,0x3883,0x3883,finite_normal_output,1,0
ttnn_device,0x4185,0x7f7f,0x6882,0x6882,finite_normal_output,1,0
ttnn_device,0x4185,0xff7f,0xe882,0xe882,finite_normal_output,1,0
ttnn_device,0x4185,0x1779,0x007f,0x0000,outside_scope,,0
ttnn_device,0x4185,0x9779,0x807f,0x0000,outside_scope,,0
ttnn_device,0x4185,0x177a,0x0080,0x0000,finite_normal_output,0,0
ttnn_device,0x4185,0x977a,0x8080,0x0000,finite_normal_output,0,0
ttnn_device,0x4185,0x177b,0x0080,0x0080,finite_normal_output,1,0
ttnn_device,0x4185,0x977b,0x8080,0x8080,finite_normal_output,1,0
ttnn_device,0x4186,0x3f80,0x284c,0x284c,finite_normal_output,1,0
ttnn_device,0x4186,0x4080,0x294c,0x294c,finite_normal_output,1,0
ttnn_device,0x4186,0x4380,0x2c4c,0x2c4c,finite_normal_output,1,0
ttnn_device,0x4186,0x4f80,0x384c,0x384c,finite_normal_output,1,0
ttnn_device,0x4186,0x7f7f,0x684b,0x684b,finite_normal_output,1,0
ttnn_device,0x4186,0xff7f,0xe84b,0xe84b,finite_normal_output,1,0
ttnn_device,0x4186,0x179f,0x007e,0x0000,outside_scope,,0
ttnn_device,0x4186,0x979f,0x807e,0x0000,outside_scope,,0
ttnn_device,0x4186,0x17a0,0x007f,0x0000,outside_scope,,0
ttnn_device,0x4186,0x97a0,0x807f,0x0000,outside_scope,,0
ttnn_device,0x4186,0x17a1,0x0080,0x0080,finite_normal_output,1,0
ttnn_device,0x4186,0x97a1,0x8080,0x8080,finite_normal_output,1,0
ttnn_device,0x4187,0x3f80,0x281f,0x281f,finite_normal_output,1,0
ttnn_device,0x4187,0x4080,0x291f,0x291f,finite_normal_output,1,0
ttnn_device,0x4187,0x4380,0x2c1f,0x2c1f,finite_normal_output,1,1
ttnn_device,0x4187,0x4f80,0x381f,0x381f,finite_normal_output,1,0
ttnn_device,0x4187,0x7f7f,0x681e,0x681e,finite_normal_output,1,0
ttnn_device,0x4187,0xff7f,0xe81e,0xe81e,finite_normal_output,1,0
ttnn_device,0x4187,0x17cd,0x007f,0x0000,outside_scope,,0
ttnn_device,0x4187,0x97cd,0x807f,0x0000,outside_scope,,0
ttnn_device,0x4187,0x17ce,0x0080,0x0000,finite_normal_output,0,0
ttnn_device,0x4187,0x97ce,0x8080,0x0000,finite_normal_output,0,0
ttnn_device,0x4187,0x17cf,0x0080,0x0081,finite_normal_output,1,0
ttnn_device,0x4187,0x97cf,0x8080,0x8081,finite_normal_output,1,0
ttnn_device,0x4188,0x3f80,0x27f7,0x27f7,finite_normal_output,1,0
ttnn_device,0x4188,0x4080,0x28f7,0x28f7,finite_normal_output,1,0
ttnn_device,0x4188,0x4380,0x2bf7,0x2bf7,finite_normal_output,1,0
ttnn_device,0x4188,0x4f80,0x37f7,0x37f7,finite_normal_output,1,0
ttnn_device,0x4188,0x7f7f,0x67f6,0x67f6,finite_normal_output,1,0
ttnn_device,0x4188,0xff7f,0xe7f6,0xe7f6,finite_normal_output,1,0
ttnn_device,0x4188,0x1803,0x007e,0x0000,outside_scope,,0
ttnn_device,0x4188,0x9803,0x807e,0x0000,outside_scope,,0
ttnn_device,0x4188,0x1804,0x007f,0x0000,outside_scope,,0
ttnn_device,0x4188,0x9804,0x807f,0x0000,outside_scope,,0
ttnn_device,0x4188,0x1805,0x0080,0x0080,finite_normal_output,1,0
ttnn_device,0x4188,0x9805,0x8080,0x8080,finite_normal_output,1,0
ttnn_device,0x4189,0x3f80,0x27c0,0x27c0,finite_normal_output,1,0
ttnn_device,0x4189,0x4080,0x28c0,0x28c0,finite_normal_output,1,0
ttnn_device,0x4189,0x4380,0x2bc0,0x2bc0,finite_normal_output,1,0
ttnn_device,0x4189,0x4f80,0x37c0,0x37c0,finite_normal_output,1,0
ttnn_device,0x4189,0x7f7f,0x67c0,0x67bf,finite_normal_output,1,0
ttnn_device,0x4189,0xff7f,0xe7c0,0xe7bf,finite_normal_output,1,0
ttnn_device,0x4189,0x1829,0x007f,0x0000,outside_scope,,0
ttnn_device,0x4189,0x9829,0x807f,0x0000,outside_scope,,0
ttnn_device,0x4189,0x182a,0x0080,0x0000,finite_normal_output,0,0
ttnn_device,0x4189,0x982a,0x8080,0x0000,finite_normal_output,0,0
ttnn_device,0x4189,0x182b,0x0080,0x0080,finite_normal_output,1,0
ttnn_device,0x4189,0x982b,0x8080,0x8080,finite_normal_output,1,0
ttnn_device,0x418a,0x3f80,0x2796,0x2796,finite_normal_output,1,0
ttnn_device,0x418a,0x4080,0x2896,0x2896,finite_normal_output,1,0
ttnn_device,0x418a,0x4380,0x2b96,0x2b96,finite_normal_output,1,0
ttnn_device,0x418a,0x4f80,0x3796,0x3796,finite_normal_output,1,0
ttnn_device,0x418a,0x7f7f,0x6795,0x6795,finite_normal_output,1,0
ttnn_device,0x418a,0xff7f,0xe795,0xe795,finite_normal_output,1,0
ttnn_device,0x418a,0x1859,0x007f,0x0000,outside_scope,,0
ttnn_device,0x418a,0x9859,0x807f,0x0000,outside_scope,,0
ttnn_device,0x418a,0x185a,0x0080,0x0000,finite_normal_output,0,0
ttnn_device,0x418a,0x985a,0x8080,0x0000,finite_normal_output,0,0
ttnn_device,0x418a,0x185b,0x0080,0x0080,finite_normal_output,1,0
ttnn_device,0x418a,0x985b,0x8080,0x8080,finite_normal_output,1,0
ttnn_device,0x418b,0x3f80,0x2769,0x2769,finite_normal_output,1,1
ttnn_device,0x418b,0x4080,0x2869,0x2869,finite_normal_output,1,0
ttnn_device,0x418b,0x4380,0x2b69,0x2b69,finite_normal_output,1,0
ttnn_device,0x418b,0x4f80,0x3769,0x3769,finite_normal_output,1,0
ttnn_device,0x418b,0x7f7f,0x6768,0x6768,finite_normal_output,1,0
ttnn_device,0x418b,0xff7f,0xe768,0xe768,finite_normal_output,1,0
ttnn_device,0x418b,0x188b,0x007f,0x0000,outside_scope,,0
ttnn_device,0x418b,0x988b,0x807f,0x0000,outside_scope,,0
ttnn_device,0x418b,0x188c,0x0080,0x0000,finite_normal_output,0,0
ttnn_device,0x418b,0x988c,0x8080,0x0000,finite_normal_output,0,0
ttnn_device,0x418b,0x188d,0x0081,0x0080,finite_normal_output,1,0
ttnn_device,0x418b,0x988d,0x8081,0x8080,finite_normal_output,1,0
ttnn_device,0x418c,0x3f80,0x2736,0x2736,finite_normal_output,1,0
ttnn_device,0x418c,0x4080,0x2836,0x2836,finite_normal_output,1,0
ttnn_device,0x418c,0x4380,0x2b36,0x2b36,finite_normal_output,1,0
ttnn_device,0x418c,0x4f80,0x3736,0x3736,finite_normal_output,1,0
ttnn_device,0x418c,0x7f7f,0x6735,0x6735,finite_normal_output,1,0
ttnn_device,0x418c,0xff7f,0xe735,0xe735,finite_normal_output,1,0
ttnn_device,0x418c,0x18b3,0x007f,0x0000,outside_scope,,0
ttnn_device,0x418c,0x98b3,0x807f,0x0000,outside_scope,,0
ttnn_device,0x418c,0x18b4,0x0080,0x0000,finite_normal_output,0,0
ttnn_device,0x418c,0x98b4,0x8080,0x0000,finite_normal_output,0,0
ttnn_device,0x418c,0x18b5,0x0080,0x0081,finite_normal_output,1,0
ttnn_device,0x418c,0x98b5,0x8080,0x8081,finite_normal_output,1,0
ttnn_device,0x418d,0x3f80,0x270e,0x270e,finite_normal_output,1,0
ttnn_device,0x418d,0x4080,0x280e,0x280e,finite_normal_output,1,0
ttnn_device,0x418d,0x4380,0x2b0e,0x2b0e,finite_normal_output,1,0
ttnn_device,0x418d,0x4f80,0x370e,0x370e,finite_normal_output,1,0
ttnn_device,0x418d,0x7f7f,0x670d,0x670d,finite_normal_output,1,0
ttnn_device,0x418d,0xff7f,0xe70d,0xe70d,finite_normal_output,1,0
ttnn_device,0x418d,0x18e6,0x007f,0x0000,outside_scope,,0
ttnn_device,0x418d,0x98e6,0x807f,0x0000,outside_scope,,0
ttnn_device,0x418d,0x18e7,0x0080,0x0080,finite_normal_output,1,0
ttnn_device,0x418d,0x98e7,0x8080,0x8080,finite_normal_output,1,0
ttnn_device,0x418d,0x18e8,0x0080,0x0081,finite_normal_output,1,0
ttnn_device,0x418d,0x98e8,0x8080,0x8081,finite_normal_output,1,0
ttnn_device,0x418e,0x3f80,0x26dc,0x26dc,finite_normal_output,1,0
ttnn_device,0x418e,0x4080,0x27dc,0x27dc,finite_normal_output,1,0
ttnn_device,0x418e,0x4380,0x2adc,0x2adc,finite_normal_output,1,0
ttnn_device,0x418e,0x4f80,0x36dc,0x36dc,finite_normal_output,1,0
ttnn_device,0x418e,0x7f7f,0x66dc,0x66db,finite_normal_output,1,0
ttnn_device,0x418e,0xff7f,0xe6dc,0xe6db,finite_normal_output,1,0
ttnn_device,0x418e,0x1913,0x007f,0x0000,outside_scope,,0
ttnn_device,0x418e,0x9913,0x807f,0x0000,outside_scope,,0
ttnn_device,0x418e,0x1914,0x007f,0x0000,outside_scope,,0
ttnn_device,0x418e,0x9914,0x807f,0x0000,outside_scope,,0
ttnn_device,0x418e,0x1915,0x0080,0x0080,finite_normal_output,1,0
ttnn_device,0x418e,0x9915,0x8080,0x8080,finite_normal_output,1,1
ttnn_device,0x418f,0x3f80,0x26ac,0x26ac,finite_normal_output,1,0
ttnn_device,0x418f,0x4080,0x27ac,0x27ac,finite_normal_output,1,0
ttnn_device,0x418f,0x4380,0x2aac,0x2aac,finite_normal_output,1,0
ttnn_device,0x418f,0x4f80,0x36ac,0x36ac,finite_normal_output,1,0
ttnn_device,0x418f,0x7f7f,0x66ab,0x66ab,finite_normal_output,1,0
ttnn_device,0x418f,0xff7f,0xe6ab,0xe6ab,finite_normal_output,1,0
ttnn_device,0x418f,0x193d,0x007f,0x0000,outside_scope,,0
ttnn_device,0x418f,0x993d,0x807f,0x0000,outside_scope,,0
ttnn_device,0x418f,0x193e,0x007f,0x0000,outside_scope,,0
ttnn_device,0x418f,0x993e,0x807f,0x0000,outside_scope,,0
ttnn_device,0x418f,0x193f,0x0080,0x0080,finite_normal_output,1,0
ttnn_device,0x418f,0x993f,0x8080,0x8080,finite_normal_output,1,0
ttnn_device,0x4190,0x3f80,0x2686,0x2686,finite_normal_output,1,0
ttnn_device,0x4190,0x4080,0x2786,0x2786,finite_normal_output,1,0
ttnn_device,0x4190,0x4380,0x2a86,0x2a86,finite_normal_output,1,0
ttnn_device,0x4190,0x4f80,0x3686,0x3686,finite_normal_output,1,0
ttnn_device,0x4190,0x7f7f,0x6685,0x6685,finite_normal_output,1,0
ttnn_device,0x4190,0xff7f,0xe685,0xe685,finite_normal_output,1,0
ttnn_device,0x4190,0x1973,0x007f,0x0000,outside_scope,,0
ttnn_device,0x4190,0x9973,0x807f,0x0000,outside_scope,,0
ttnn_device,0x4190,0x1974,0x007f,0x0000,outside_scope,,0
ttnn_device,0x4190,0x9974,0x807f,0x0000,outside_scope,,0
ttnn_device,0x4190,0x1975,0x0080,0x0080,finite_normal_output,1,0
ttnn_device,0x4190,0x9975,0x8080,0x8080,finite_normal_output,1,0
ttnn_device,0x4191,0x3f80,0x2650,0x2650,finite_normal_output,1,0
ttnn_device,0x4191,0x4080,0x2750,0x2750,finite_normal_output,1,0
ttnn_device,0x4191,0x4380,0x2a50,0x2a50,finite_normal_output,1,0
ttnn_device,0x4191,0x4f80,0x3650,0x3650,finite_normal_output,1,0
ttnn_device,0x4191,0x7f7f,0x664f,0x664f,finite_normal_output,1,0
ttnn_device,0x4191,0xff7f,0xe64f,0xe64f,finite_normal_output,1,0
ttnn_device,0x4191,0x199c,0x007f,0x0000,outside_scope,,0
ttnn_device,0x4191,0x999c,0x807f,0x0000,outside_scope,,0
ttnn_device,0x4191,0x199d,0x0080,0x0000,finite_normal_output,0,0
ttnn_device,0x4191,0x999d,0x8080,0x0000,finite_normal_output,0,0
ttnn_device,0x4191,0x199e,0x0081,0x0080,finite_normal_output,1,0
ttnn_device,0x4191,0x999e,0x8081,0x8080,finite_normal_output,1,0
ttnn_device,0x4192,0x3f80,0x2622,0x2622,finite_normal_output,1,0
ttnn_device,0x4192,0x4080,0x2722,0x2722,finite_normal_output,1,0
ttnn_device,0x4192,0x4380,0x2a22,0x2a22,finite_normal_output,1,0
ttnn_device,0x4192,0x4f80,0x3622,0x3622,finite_normal_output,1,0
ttnn_device,0x4192,0x7f7f,0x6622,0x6621,finite_normal_output,1,0
ttnn_device,0x4192,0xff7f,0xe622,0xe621,finite_normal_output,1,0
ttnn_device,0x4192,0x19c8,0x007f,0x0000,outside_scope,,0
ttnn_device,0x4192,0x99c8,0x807f,0x0000,outside_scope,,0
ttnn_device,0x4192,0x19c9,0x007f,0x0000,outside_scope,,0
ttnn_device,0x4192,0x99c9,0x807f,0x0000,outside_scope,,0
ttnn_device,0x4192,0x19ca,0x0080,0x0000,finite_normal_output,0,0
ttnn_device,0x4192,0x99ca,0x8080,0x0000,finite_normal_output,0,0
ttnn_device,0x4193,0x3f80,0x25fd,0x25fd,finite_normal_output,1,0
ttnn_device,0x4193,0x4080,0x26fd,0x26fd,finite_normal_output,1,1
ttnn_device,0x4193,0x4380,0x29fd,0x29fd,finite_normal_output,1,0
ttnn_device,0x4193,0x4f80,0x35fd,0x35fd,finite_normal_output,1,0
ttnn_device,0x4193,0x7f7f,0x65fc,0x65fc,finite_normal_output,1,0
ttnn_device,0x4193,0xff7f,0xe5fc,0xe5fc,finite_normal_output,1,0
ttnn_device,0x4193,0x1a00,0x007e,0x0000,outside_scope,,0
ttnn_device,0x4193,0x9a00,0x807e,0x0000,outside_scope,,0
ttnn_device,0x4193,0x1a01,0x007f,0x0000,outside_scope,,0
ttnn_device,0x4193,0x9a01,0x807f,0x0000,outside_scope,,0
ttnn_device,0x4193,0x1a02,0x0080,0x0080,finite_normal_output,1,0
ttnn_device,0x4193,0x9a02,0x8080,0x8080,finite_normal_output,1,0
ttnn_device,0x4194,0x3f80,0x25c5,0x25c5,finite_normal_output,1,0
ttnn_device,0x4194,0x4080,0x26c5,0x26c5,finite_normal_output,1,0
ttnn_device,0x4194,0x4380,0x29c5,0x29c5,finite_normal_output,1,0
ttnn_device,0x4194,0x4f80,0x35c5,0x35c5,finite_normal_output,1,0
ttnn_device,0x4194,0x7f7f,0x65c4,0x65c4,finite_normal_output,1,0
ttnn_device,0x4194,0xff7f,0xe5c4,0xe5c4,finite_normal_output,1,0
ttnn_device,0x4194,0x1a25,0x007f,0x0000,outside_scope,,0
ttnn_device,0x4194,0x9a25,0x807f,0x0000,outside_scope,,0
ttnn_device,0x4194,0x1a26,0x0080,0x0000,finite_normal_output,0,0
ttnn_device,0x4194,0x9a26,0x8080,0x0000,finite_normal_output,0,0
ttnn_device,0x4194,0x1a27,0x0080,0x0081,finite_normal_output,1,0
ttnn_device,0x4194,0x9a27,0x8080,0x8081,finite_normal_output,1,0
ttnn_device,0x4195,0x3f80,0x2599,0x2599,finite_normal_output,1,0
ttnn_device,0x4195,0x4080,0x2699,0x2699,finite_normal_output,1,0
ttnn_device,0x4195,0x4380,0x2999,0x2999,finite_normal_output,1,0
ttnn_device,0x4195,0x4f80,0x3599,0x3599,finite_normal_output,1,0
ttnn_device,0x4195,0x7f7f,0x6599,0x6598,finite_normal_output,1,0
ttnn_device,0x4195,0xff7f,0xe599,0xe598,finite_normal_output,1,0
ttnn_device,0x4195,0x1a54,0x007f,0x0000,outside_scope,,0
ttnn_device,0x4195,0x9a54,0x807f,0x0000,outside_scope,,0
ttnn_device,0x4195,0x1a55,0x007f,0x0000,outside_scope,,0
ttnn_device,0x4195,0x9a55,0x807f,0x0000,outside_scope,,0
ttnn_device,0x4195,0x1a56,0x0080,0x0000,finite_normal_output,0,0
ttnn_device,0x4195,0x9a56,0x8080,0x0000,finite_normal_output,0,0
ttnn_device,0x4196,0x3f80,0x256f,0x256f,finite_normal_output,1,0
ttnn_device,0x4196,0x4080,0x266f,0x266f,finite_normal_output,1,0
ttnn_device,0x4196,0x4380,0x296f,0x296f,finite_normal_output,1,0
ttnn_device,0x4196,0x4f80,0x356f,0x356f,finite_normal_output,1,0
ttnn_device,0x4196,0x7f7f,0x656e,0x656e,finite_normal_output,1,0
ttnn_device,0x4196,0xff7f,0xe56e,0xe56e,finite_normal_output,1,0
ttnn_device,0x4196,0x1a88,0x007f,0x0000,outside_scope,,0
ttnn_device,0x4196,0x9a88,0x807f,0x0000,outside_scope,,0
ttnn_device,0x4196,0x1a89,0x0080,0x0000,finite_normal_output,0,0
ttnn_device,0x4196,0x9a89,0x8080,0x0000,finite_normal_output,0,0
ttnn_device,0x4196,0x1a8a,0x0081,0x0081,finite_normal_output,1,0
ttnn_device,0x4196,0x9a8a,0x8081,0x8081,finite_normal_output,1,0
ttnn_device,0x4197,0x3f80,0x253a,0x253a,finite_normal_output,1,0
ttnn_device,0x4197,0x4080,0x263a,0x263a,finite_normal_output,1,0
ttnn_device,0x4197,0x4380,0x293a,0x293a,finite_normal_output,1,1
ttnn_device,0x4197,0x4f80,0x353a,0x353a,finite_normal_output,1,0
ttnn_device,0x4197,0x7f7f,0x6539,0x6539,finite_normal_output,1,0
ttnn_device,0x4197,0xff7f,0xe539,0xe539,finite_normal_output,1,0
ttnn_device,0x4197,0x1aaf,0x007f,0x0000,outside_scope,,0
ttnn_device,0x4197,0x9aaf,0x807f,0x0000,outside_scope,,0
ttnn_device,0x4197,0x1ab0,0x0080,0x0000,finite_normal_output,0,0
ttnn_device,0x4197,0x9ab0,0x8080,0x0000,finite_normal_output,0,0
ttnn_device,0x4197,0x1ab1,0x0081,0x0081,finite_normal_output,1,0
ttnn_device,0x4197,0x9ab1,0x8081,0x8081,finite_normal_output,1,0
ttnn_device,0x4198,0x3f80,0x2511,0x2511,finite_normal_output,1,0
ttnn_device,0x4198,0x4080,0x2611,0x2611,finite_normal_output,1,0
ttnn_device,0x4198,0x4380,0x2911,0x2911,finite_normal_output,1,0
ttnn_device,0x4198,0x4f80,0x3511,0x3511,finite_normal_output,1,0
ttnn_device,0x4198,0x7f7f,0x6510,0x6510,finite_normal_output,1,0
ttnn_device,0x4198,0xff7f,0xe510,0xe510,finite_normal_output,1,0
ttnn_device,0x4198,0x1ae0,0x007f,0x0000,outside_scope,,0
ttnn_device,0x4198,0x9ae0,0x807f,0x0000,outside_scope,,0
ttnn_device,0x4198,0x1ae1,0x007f,0x0000,outside_scope,,0
ttnn_device,0x4198,0x9ae1,0x807f,0x0000,outside_scope,,0
ttnn_device,0x4198,0x1ae2,0x0080,0x0080,finite_normal_output,1,0
ttnn_device,0x4198,0x9ae2,0x8080,0x8080,finite_normal_output,1,0
ttnn_device,0x4199,0x3f80,0x24e1,0x24e1,finite_normal_output,1,0
ttnn_device,0x4199,0x4080,0x25e1,0x25e1,finite_normal_output,1,0
ttnn_device,0x4199,0x4380,0x28e1,0x28e1,finite_normal_output,1,0
ttnn_device,0x4199,0x4f80,0x34e1,0x34e1,finite_normal_output,1,0
ttnn_device,0x4199,0x7f7f,0x64e1,0x64e0,finite_normal_output,1,0
ttnn_device,0x4199,0xff7f,0xe4e1,0xe4e0,finite_normal_output,1,0
ttnn_device,0x4199,0x1b10,0x007f,0x0000,outside_scope,,0
ttnn_device,0x4199,0x9b10,0x807f,0x0000,outside_scope,,0
ttnn_device,0x4199,0x1b11,0x0080,0x0000,finite_normal_output,0,0
ttnn_device,0x4199,0x9b11,0x8080,0x0000,finite_normal_output,0,0
ttnn_device,0x4199,0x1b12,0x0081,0x0080,finite_normal_output,1,0
ttnn_device,0x4199,0x9b12,0x8081,0x8080,finite_normal_output,1,0
ttnn_device,0x419a,0x3f80,0x24b0,0x24b0,finite_normal_output,1,0
ttnn_device,0x419a,0x4080,0x25b0,0x25b0,finite_normal_output,1,0
ttnn_device,0x419a,0x4380,0x28b0,0x28b0,finite_normal_output,1,0
ttnn_device,0x419a,0x4f80,0x34b0,0x34b0,finite_normal_output,1,0
ttnn_device,0x419a,0x7f7f,0x64af,0x64af,finite_normal_output,1,0
ttnn_device,0x419a,0xff7f,0xe4af,0xe4af,finite_normal_output,1,0
ttnn_device,0x419a,0x1b39,0x007f,0x0000,outside_scope,,0
ttnn_device,0x419a,0x9b39,0x807f,0x0000,outside_scope,,0
ttnn_device,0x419a,0x1b3a,0x0080,0x0000,finite_normal_output,0,0
ttnn_device,0x419a,0x9b3a,0x8080,0x0000,finite_normal_output,0,0
ttnn_device,0x419a,0x1b3b,0x0080,0x0081,finite_normal_output,1,0
ttnn_device,0x419a,0x9b3b,0x8080,0x8081,finite_normal_output,1,0
ttnn_device,0x419b,0x3f80,0x2489,0x2489,finite_normal_output,1,1
ttnn_device,0x419b,0x4080,0x2589,0x2589,finite_normal_output,1,0
ttnn_device,0x419b,0x4380,0x2889,0x2889,finite_normal_output,1,0
ttnn_device,0x419b,0x4f80,0x3489,0x3489,finite_normal_output,1,0
ttnn_device,0x419b,0x7f7f,0x6488,0x6488,finite_normal_output,1,0
ttnn_device,0x419b,0xff7f,0xe488,0xe488,finite_normal_output,1,0
ttnn_device,0x419b,0x1b6e,0x007f,0x0000,outside_scope,,0
ttnn_device,0x419b,0x9b6e,0x807f,0x0000,outside_scope,,0
ttnn_device,0x419b,0x1b6f,0x0080,0x0000,finite_normal_output,0,0
ttnn_device,0x419b,0x9b6f,0x8080,0x0000,finite_normal_output,0,0
ttnn_device,0x419b,0x1b70,0x0080,0x0080,finite_normal_output,1,0
ttnn_device,0x419b,0x9b70,0x8080,0x8080,finite_normal_output,1,0
ttnn_device,0x419c,0x3f80,0x2455,0x2455,finite_normal_output,1,0
ttnn_device,0x419c,0x4080,0x2555,0x2555,finite_normal_output,1,0
ttnn_device,0x419c,0x4380,0x2855,0x2855,finite_normal_output,1,0
ttnn_device,0x419c,0x4f80,0x3455,0x3455,finite_normal_output,1,0
ttnn_device,0x419c,0x7f7f,0x6454,0x6454,finite_normal_output,1,0
ttnn_device,0x419c,0xff7f,0xe454,0xe454,finite_normal_output,1,0
ttnn_device,0x419c,0x1b98,0x007e,0x0000,outside_scope,,0
ttnn_device,0x419c,0x9b98,0x807e,0x0000,outside_scope,,0
ttnn_device,0x419c,0x1b99,0x007f,0x0000,outside_scope,,0
ttnn_device,0x419c,0x9b99,0x807f,0x0000,outside_scope,,0
ttnn_device,0x419c,0x1b9a,0x0080,0x0080,finite_normal_output,1,0
ttnn_device,0x419c,0x9b9a,0x8080,0x8080,finite_normal_output,1,0
ttnn_device,0x419d,0x3f80,0x2426,0x2426,finite_normal_output,1,0
ttnn_device,0x419d,0x4080,0x2526,0x2526,finite_normal_output,1,0
ttnn_device,0x419d,0x4380,0x2826,0x2826,finite_normal_output,1,0
ttnn_device,0x419d,0x4f80,0x3426,0x3426,finite_normal_output,1,0
ttnn_device,0x419d,0x7f7f,0x6425,0x6425,finite_normal_output,1,0
ttnn_device,0x419d,0xff7f,0xe425,0xe425,finite_normal_output,1,0
ttnn_device,0x419d,0x1bc4,0x007f,0x0000,outside_scope,,0
ttnn_device,0x419d,0x9bc4,0x807f,0x0000,outside_scope,,0
ttnn_device,0x419d,0x1bc5,0x0080,0x0000,finite_normal_output,0,0
ttnn_device,0x419d,0x9bc5,0x8080,0x0000,finite_normal_output,0,0
ttnn_device,0x419d,0x1bc6,0x0080,0x0080,finite_normal_output,1,0
ttnn_device,0x419d,0x9bc6,0x8080,0x8080,finite_normal_output,1,0
ttnn_device,0x419e,0x3f80,0x2401,0x2401,finite_normal_output,1,0
ttnn_device,0x419e,0x4080,0x2501,0x2501,finite_normal_output,1,0
ttnn_device,0x419e,0x4380,0x2801,0x2801,finite_normal_output,1,0
ttnn_device,0x419e,0x4f80,0x3401,0x3401,finite_normal_output,1,0
ttnn_device,0x419e,0x7f7f,0x6401,0x6400,finite_normal_output,1,0
ttnn_device,0x419e,0xff7f,0xe401,0xe400,finite_normal_output,1,0
ttnn_device,0x419e,0x1bfc,0x007f,0x0000,outside_scope,,0
ttnn_device,0x419e,0x9bfc,0x807f,0x0000,outside_scope,,0
ttnn_device,0x419e,0x1bfd,0x0080,0x0000,finite_normal_output,0,0
ttnn_device,0x419e,0x9bfd,0x8080,0x0000,finite_normal_output,0,0
ttnn_device,0x419e,0x1bfe,0x0080,0x0000,finite_normal_output,0,0
ttnn_device,0x419e,0x9bfe,0x8080,0x0000,finite_normal_output,0,1
ttnn_device,0x419f,0x3f80,0x23c9,0x23c9,finite_normal_output,1,0
ttnn_device,0x419f,0x4080,0x24c9,0x24c9,finite_normal_output,1,0
ttnn_device,0x419f,0x4380,0x27c9,0x27c9,finite_normal_output,1,0
ttnn_device,0x419f,0x4f80,0x33c9,0x33c9,finite_normal_output,1,0
ttnn_device,0x419f,0x7f7f,0x63c8,0x63c8,finite_normal_output,1,0
ttnn_device,0x419f,0xff7f,0xe3c8,0xe3c8,finite_normal_output,1,0
ttnn_device,0x419f,0x1c21,0x007f,0x0000,outside_scope,,0
ttnn_device,0x419f,0x9c21,0x807f,0x0000,outside_scope,,0
ttnn_device,0x419f,0x1c22,0x007f,0x0000,outside_scope,,0
ttnn_device,0x419f,0x9c22,0x807f,0x0000,outside_scope,,0
ttnn_device,0x419f,0x1c23,0x0080,0x0000,finite_normal_output,0,0
ttnn_device,0x419f,0x9c23,0x8080,0x0000,finite_normal_output,0,0
ttnn_device,0x41a0,0x3f80,0x239d,0x239d,finite_normal_output,1,0
ttnn_device,0x41a0,0x4080,0x249d,0x249d,finite_normal_output,1,0
ttnn_device,0x41a0,0x4380,0x279d,0x279d,finite_normal_output,1,0
ttnn_device,0x41a0,0x4f80,0x339d,0x339d,finite_normal_output,1,0
ttnn_device,0x41a0,0x7f7f,0x639c,0x639c,finite_normal_output,1,0
ttnn_device,0x41a0,0xff7f,0xe39c,0xe39c,finite_normal_output,1,0
ttnn_device,0x41a0,0x1c4f,0x007f,0x0000,outside_scope,,0
ttnn_device,0x41a0,0x9c4f,0x807f,0x0000,outside_scope,,0
ttnn_device,0x41a0,0x1c50,0x007f,0x0000,outside_scope,,0
ttnn_device,0x41a0,0x9c50,0x807f,0x0000,outside_scope,,0
ttnn_device,0x41a0,0x1c51,0x0080,0x0080,finite_normal_output,1,0
ttnn_device,0x41a0,0x9c51,0x8080,0x8080,finite_normal_output,1,0
ttnn_device,0x41a1,0x3f80,0x2374,0x2374,finite_normal_output,1,0
ttnn_device,0x41a1,0x4080,0x2474,0x2474,finite_normal_output,1,0
ttnn_device,0x41a1,0x4380,0x2774,0x2774,finite_normal_output,1,0
ttnn_device,0x41a1,0x4f80,0x3374,0x3374,finite_normal_output,1,0
ttnn_device,0x41a1,0x7f7f,0x6373,0x6373,finite_normal_output,1,0
ttnn_device,0x41a1,0xff7f,0xe373,0xe373,finite_normal_output,1,0
ttnn_device,0x41a1,0x1c85,0x007f,0x0000,outside_scope,,0
ttnn_device,0x41a1,0x9c85,0x807f,0x0000,outside_scope,,0
ttnn_device,0x41a1,0x1c86,0x0080,0x0000,finite_normal_output,0,0
ttnn_device,0x41a1,0x9c86,0x8080,0x0000,finite_normal_output,0,0
ttnn_device,0x41a1,0x1c87,0x0081,0x0081,finite_normal_output,1,0
ttnn_device,0x41a1,0x9c87,0x8081,0x8081,finite_normal_output,1,0
ttnn_device,0x41a2,0x3f80,0x233e,0x233e,finite_normal_output,1,0
ttnn_device,0x41a2,0x4080,0x243e,0x243e,finite_normal_output,1,0
ttnn_device,0x41a2,0x4380,0x273e,0x273e,finite_normal_output,1,0
ttnn_device,0x41a2,0x4f80,0x333e,0x333e,finite_normal_output,1,0
ttnn_device,0x41a2,0x7f7f,0x633d,0x633d,finite_normal_output,1,0
ttnn_device,0x41a2,0xff7f,0xe33d,0xe33d,finite_normal_output,1,0
ttnn_device,0x41a2,0x1cab,0x007f,0x0000,outside_scope,,0
ttnn_device,0x41a2,0x9cab,0x807f,0x0000,outside_scope,,0
ttnn_device,0x41a2,0x1cac,0x0080,0x0000,finite_normal_output,0,0
ttnn_device,0x41a2,0x9cac,0x8080,0x0000,finite_normal_output,0,0
ttnn_device,0x41a2,0x1cad,0x0080,0x0080,finite_normal_output,1,0
ttnn_device,0x41a2,0x9cad,0x8080,0x8080,finite_normal_output,1,1
ttnn_device,0x41a3,0x3f80,0x2314,0x2314,finite_normal_output,1,0
ttnn_device,0x41a3,0x4080,0x2414,0x2414,finite_normal_output,1,0
ttnn_device,0x41a3,0x4380,0x2714,0x2714,finite_normal_output,1,0
ttnn_device,0x41a3,0x4f80,0x3314,0x3314,finite_normal_output,1,0
ttnn_device,0x41a3,0x7f7f,0x6313,0x6313,finite_normal_output,1,0
ttnn_device,0x41a3,0xff7f,0xe313,0xe313,finite_normal_output,1,0
ttnn_device,0x41a3,0x1cdb,0x007f,0x0000,outside_scope,,0
ttnn_device,0x41a3,0x9cdb,0x807f,0x0000,outside_scope,,0
ttnn_device,0x41a3,0x1cdc,0x007f,0x0000,outside_scope,,0
ttnn_device,0x41a3,0x9cdc,0x807f,0x0000,outside_scope,,0
ttnn_device,0x41a3,0x1cdd,0x0080,0x0000,finite_normal_output,0,0
ttnn_device,0x41a3,0x9cdd,0x8080,0x0000,finite_normal_output,0,0
ttnn_device,0x41a4,0x3f80,0x22e7,0x22e7,finite_normal_output,1,0
ttnn_device,0x41a4,0x4080,0x23e7,0x23e7,finite_normal_output,1,0
ttnn_device,0x41a4,0x4380,0x26e7,0x26e7,finite_normal_output,1,0
ttnn_device,0x41a4,0x4f80,0x32e7,0x32e7,finite_normal_output,1,0
ttnn_device,0x41a4,0x7f7f,0x62e6,0x62e6,finite_normal_output,1,0
ttnn_device,0x41a4,0xff7f,0xe2e6,0xe2e6,finite_normal_output,1,0
ttnn_device,0x41a4,0x1d0d,0x007f,0x0000,outside_scope,,0
ttnn_device,0x41a4,0x9d0d,0x807f,0x0000,outside_scope,,0
ttnn_device,0x41a4,0x1d0e,0x0080,0x0080,finite_normal_output,1,0
ttnn_device,0x41a4,0x9d0e,0x8080,0x8080,finite_normal_output,1,0
ttnn_device,0x41a4,0x1d0f,0x0081,0x0081,finite_normal_output,1,0
ttnn_device,0x41a4,0x9d0f,0x8081,0x8081,finite_normal_output,1,0
ttnn_device,0x41a5,0x3f80,0x22b4,0x22b4,finite_normal_output,1,0
ttnn_device,0x41a5,0x4080,0x23b4,0x23b4,finite_normal_output,1,0
ttnn_device,0x41a5,0x4380,0x26b4,0x26b4,finite_normal_output,1,0
ttnn_device,0x41a5,0x4f80,0x32b4,0x32b4,finite_normal_output,1,0
ttnn_device,0x41a5,0x7f7f,0x62b3,0x62b3,finite_normal_output,1,0
ttnn_device,0x41a5,0xff7f,0xe2b3,0xe2b3,finite_normal_output,1,0
ttnn_device,0x41a5,0x1d35,0x007f,0x0000,outside_scope,,0
ttnn_device,0x41a5,0x9d35,0x807f,0x0000,outside_scope,,0
ttnn_device,0x41a5,0x1d36,0x0080,0x0000,finite_normal_output,0,0
ttnn_device,0x41a5,0x9d36,0x8080,0x0000,finite_normal_output,0,0
ttnn_device,0x41a5,0x1d37,0x0080,0x0081,finite_normal_output,1,0
ttnn_device,0x41a5,0x9d37,0x8080,0x8081,finite_normal_output,1,0
ttnn_device,0x41a6,0x3f80,0x228c,0x228c,finite_normal_output,1,0
ttnn_device,0x41a6,0x4080,0x238c,0x238c,finite_normal_output,1,0
ttnn_device,0x41a6,0x4380,0x268c,0x268c,finite_normal_output,1,0
ttnn_device,0x41a6,0x4f80,0x328c,0x328c,finite_normal_output,1,0
ttnn_device,0x41a6,0x7f7f,0x628b,0x628b,finite_normal_output,1,0
ttnn_device,0x41a6,0xff7f,0xe28b,0xe28b,finite_normal_output,1,0
ttnn_device,0x41a6,0x1d68,0x007f,0x0000,outside_scope,,0
ttnn_device,0x41a6,0x9d68,0x807f,0x0000,outside_scope,,0
ttnn_device,0x41a6,0x1d69,0x007f,0x0000,outside_scope,,0
ttnn_device,0x41a6,0x9d69,0x807f,0x0000,outside_scope,,0
ttnn_device,0x41a6,0x1d6a,0x0080,0x0000,finite_normal_output,0,0
ttnn_device,0x41a6,0x9d6a,0x8080,0x0000,finite_normal_output,0,0
ttnn_device,0x41a7,0x3f80,0x225a,0x225a,finite_normal_output,1,1
ttnn_device,0x41a7,0x4080,0x235a,0x235a,finite_normal_output,1,0
ttnn_device,0x41a7,0x4380,0x265a,0x265a,finite_normal_output,1,0
ttnn_device,0x41a7,0x4f80,0x325a,0x325a,finite_normal_output,1,0
ttnn_device,0x41a7,0x7f7f,0x6259,0x6259,finite_normal_output,1,0
ttnn_device,0x41a7,0xff7f,0xe259,0xe259,finite_normal_output,1,0
ttnn_device,0x41a7,0x1d95,0x007f,0x0000,outside_scope,,0
ttnn_device,0x41a7,0x9d95,0x807f,0x0000,outside_scope,,0
ttnn_device,0x41a7,0x1d96,0x0080,0x0000,finite_normal_output,0,0
ttnn_device,0x41a7,0x9d96,0x8080,0x0000,finite_normal_output,0,0
ttnn_device,0x41a7,0x1d97,0x0081,0x0081,finite_normal_output,1,0
ttnn_device,0x41a7,0x9d97,0x8081,0x8081,finite_normal_output,1,0
ttnn_device,0x41a8,0x3f80,0x222a,0x222a,finite_normal_output,1,0
ttnn_device,0x41a8,0x4080,0x232a,0x232a,finite_normal_output,1,0
ttnn_device,0x41a8,0x4380,0x262a,0x262a,finite_normal_output,1,0
ttnn_device,0x41a8,0x4f80,0x322a,0x322a,finite_normal_output,1,0
ttnn_device,0x41a8,0x7f7f,0x6229,0x6229,finite_normal_output,1,0
ttnn_device,0x41a8,0xff7f,0xe229,0xe229,finite_normal_output,1,0
ttnn_device,0x41a8,0x1dbf,0x007f,0x0000,outside_scope,,0
ttnn_device,0x41a8,0x9dbf,0x807f,0x0000,outside_scope,,0
ttnn_device,0x41a8,0x1dc0,0x007f,0x0000,outside_scope,,0
ttnn_device,0x41a8,0x9dc0,0x807f,0x0000,outside_scope,,0
ttnn_device,0x41a8,0x1dc1,0x0080,0x0080,finite_normal_output,1,0
ttnn_device,0x41a8,0x9dc1,0x8080,0x8080,finite_normal_output,1,0
ttnn_device,0x41a9,0x3f80,0x2204,0x2204,finite_normal_output,1,0
ttnn_device,0x41a9,0x4080,0x2304,0x2304,finite_normal_output,1,0
ttnn_device,0x41a9,0x4380,0x2604,0x2604,finite_normal_output,1,0
ttnn_device,0x41a9,0x4f80,0x3204,0x3204,finite_normal_output,1,0
ttnn_device,0x41a9,0x7f7f,0x6204,0x6203,finite_normal_output,1,0
ttnn_device,0x41a9,0xff7f,0xe204,0xe203,finite_normal_output,1,0
ttnn_device,0x41a9,0x1df6,0x007f,0x0000,outside_scope,,0
ttnn_device,0x41a9,0x9df6,0x807f,0x0000,outside_scope,,0
ttnn_device,0x41a9,0x1df7,0x0080,0x0000,finite_normal_output,0,0
ttnn_device,0x41a9,0x9df7,0x8080,0x0000,finite_normal_output,0,0
ttnn_device,0x41a9,0x1df8,0x0080,0x0000,finite_normal_output,0,0
ttnn_device,0x41a9,0x9df8,0x8080,0x0000,finite_normal_output,0,0
ttnn_device,0x41aa,0x3f80,0x21ce,0x21ce,finite_normal_output,1,0
ttnn_device,0x41aa,0x4080,0x22ce,0x22ce,finite_normal_output,1,0
ttnn_device,0x41aa,0x4380,0x25ce,0x25ce,finite_normal_output,1,0
ttnn_device,0x41aa,0x4f80,0x31ce,0x31ce,finite_normal_output,1,0
ttnn_device,0x41aa,0x7f7f,0x61cd,0x61cd,finite_normal_output,1,0
ttnn_device,0x41aa,0xff7f,0xe1cd,0xe1cd,finite_normal_output,1,0
ttnn_device,0x41aa,0x1e1e,0x007f,0x0000,outside_scope,,0
ttnn_device,0x41aa,0x9e1e,0x807f,0x0000,outside_scope,,0
ttnn_device,0x41aa,0x1e1f,0x0080,0x0000,finite_normal_output,0,0
ttnn_device,0x41aa,0x9e1f,0x8080,0x0000,finite_normal_output,0,0
ttnn_device,0x41aa,0x1e20,0x0081,0x0081,finite_normal_output,1,1
ttnn_device,0x41aa,0x9e20,0x8081,0x8081,finite_normal_output,1,0
ttnn_device,0x41ab,0x3f80,0x21a0,0x21a0,finite_normal_output,1,0
ttnn_device,0x41ab,0x4080,0x22a0,0x22a0,finite_normal_output,1,0
ttnn_device,0x41ab,0x4380,0x25a0,0x25a0,finite_normal_output,1,0
ttnn_device,0x41ab,0x4f80,0x31a0,0x31a0,finite_normal_output,1,0
ttnn_device,0x41ab,0x7f7f,0x61a0,0x619f,finite_normal_output,1,0
ttnn_device,0x41ab,0xff7f,0xe1a0,0xe19f,finite_normal_output,1,0
ttnn_device,0x41ab,0x1e4b,0x007f,0x0000,outside_scope,,0
ttnn_device,0x41ab,0x9e4b,0x807f,0x0000,outside_scope,,0
ttnn_device,0x41ab,0x1e4c,0x0080,0x0000,finite_normal_output,0,0
ttnn_device,0x41ab,0x9e4c,0x8080,0x0000,finite_normal_output,0,0
ttnn_device,0x41ab,0x1e4d,0x0080,0x0080,finite_normal_output,1,0
ttnn_device,0x41ab,0x9e4d,0x8080,0x8080,finite_normal_output,1,0
ttnn_device,0x41ac,0x3f80,0x217a,0x217a,finite_normal_output,1,0
ttnn_device,0x41ac,0x4080,0x227a,0x227a,finite_normal_output,1,0
ttnn_device,0x41ac,0x4380,0x257a,0x257a,finite_normal_output,1,0
ttnn_device,0x41ac,0x4f80,0x317a,0x317a,finite_normal_output,1,0
ttnn_device,0x41ac,0x7f7f,0x6179,0x6179,finite_normal_output,1,0
ttnn_device,0x41ac,0xff7f,0xe179,0xe179,finite_normal_output,1,0
ttnn_device,0x41ac,0x1e82,0x007f,0x0000,outside_scope,,0
ttnn_device,0x41ac,0x9e82,0x807f,0x0000,outside_scope,,0
ttnn_device,0x41ac,0x1e83,0x0080,0x0000,finite_normal_output,0,0
ttnn_device,0x41ac,0x9e83,0x8080,0x0000,finite_normal_output,0,0
ttnn_device,0x41ac,0x1e84,0x0081,0x0081,finite_normal_output,1,0
ttnn_device,0x41ac,0x9e84,0x8081,0x8081,finite_normal_output,1,0
ttnn_device,0x41ad,0x3f80,0x2142,0x2142,finite_normal_output,1,0
ttnn_device,0x41ad,0x4080,0x2242,0x2242,finite_normal_output,1,0
ttnn_device,0x41ad,0x4380,0x2542,0x2542,finite_normal_output,1,0
ttnn_device,0x41ad,0x4f80,0x3142,0x3142,finite_normal_output,1,0
ttnn_device,0x41ad,0x7f7f,0x6142,0x6141,finite_normal_output,1,0
ttnn_device,0x41ad,0xff7f,0xe142,0xe141,finite_normal_output,1,0
ttnn_device,0x41ad,0x1ea7,0x007f,0x0000,outside_scope,,0
ttnn_device,0x41ad,0x9ea7,0x807f,0x0000,outside_scope,,0
ttnn_device,0x41ad,0x1ea8,0x0080,0x0000,finite_normal_output,0,0
ttnn_device,0x41ad,0x9ea8,0x8080,0x0000,finite_normal_output,0,0
ttnn_device,0x41ad,0x1ea9,0x0080,0x0080,finite_normal_output,1,0
ttnn_device,0x41ad,0x9ea9,0x8080,0x8080,finite_normal_output,1,0
ttnn_device,0x41ae,0x3f80,0x2117,0x2117,finite_normal_output,1,0
ttnn_device,0x41ae,0x4080,0x2217,0x2217,finite_normal_output,1,0
ttnn_device,0x41ae,0x4380,0x2517,0x2517,finite_normal_output,1,0
ttnn_device,0x41ae,0x4f80,0x3117,0x3117,finite_normal_output,1,0
ttnn_device,0x41ae,0x7f7f,0x6117,0x6116,finite_normal_output,1,0
ttnn_device,0x41ae,0xff7f,0xe117,0xe116,finite_normal_output,1,1
ttnn_device,0x41ae,0x1ed7,0x007f,0x0000,outside_scope,,0
ttnn_device,0x41ae,0x9ed7,0x807f,0x0000,outside_scope,,0
ttnn_device,0x41ae,0x1ed8,0x0080,0x0000,finite_normal_output,0,0
ttnn_device,0x41ae,0x9ed8,0x8080,0x0000,finite_normal_output,0,0
ttnn_device,0x41ae,0x1ed9,0x0080,0x0000,finite_normal_output,0,0
ttnn_device,0x41ae,0x9ed9,0x8080,0x0000,finite_normal_output,0,0
ttnn_device,0x41af,0x3f80,0x20ec,0x20ec,finite_normal_output,1,0
ttnn_device,0x41af,0x4080,0x21ec,0x21ec,finite_normal_output,1,0
ttnn_device,0x41af,0x4380,0x24ec,0x24ec,finite_normal_output,1,0
ttnn_device,0x41af,0x4f80,0x30ec,0x30ec,finite_normal_output,1,0
ttnn_device,0x41af,0x7f7f,0x60eb,0x60eb,finite_normal_output,1,0
ttnn_device,0x41af,0xff7f,0xe0eb,0xe0eb,finite_normal_output,1,0
ttnn_device,0x41af,0x1f09,0x007e,0x0000,outside_scope,,0
ttnn_device,0x41af,0x9f09,0x807e,0x0000,outside_scope,,0
ttnn_device,0x41af,0x1f0a,0x007f,0x0000,outside_scope,,0
ttnn_device,0x41af,0x9f0a,0x807f,0x0000,outside_scope,,0
ttnn_device,0x41af,0x1f0b,0x0080,0x0080,finite_normal_output,1,0
ttnn_device,0x41af,0x9f0b,0x8080,0x8080,finite_normal_output,1,0
ttnn_device,0x41b0,0x3f80,0x20b8,0x20b8,finite_normal_output,1,0
ttnn_device,0x41b0,0x4080,0x21b8,0x21b8,finite_normal_output,1,0
ttnn_device,0x41b0,0x4380,0x24b8,0x24b8,finite_normal_output,1,0
ttnn_device,0x41b0,0x4f80,0x30b8,0x30b8,finite_normal_output,1,0
ttnn_device,0x41b0,0x7f7f,0x60b7,0x60b7,finite_normal_output,1,0
ttnn_device,0x41b0,0xff7f,0xe0b7,0xe0b7,finite_normal_output,1,0
ttnn_device,0x41b0,0x1f31,0x007f,0x0000,outside_scope,,0
ttnn_device,0x41b0,0x9f31,0x807f,0x0000,outside_scope,,0
ttnn_device,0x41b0,0x1f32,0x0080,0x0000,finite_normal_output,0,0
ttnn_device,0x41b0,0x9f32,0x8080,0x0000,finite_normal_output,0,0
ttnn_device,0x41b0,0x1f33,0x0080,0x0081,finite_normal_output,1,0
ttnn_device,0x41b0,0x9f33,0x8080,0x8081,finite_normal_output,1,0
ttnn_device,0x41b1,0x3f80,0x208f,0x208f,finite_normal_output,1,0
ttnn_device,0x41b1,0x4080,0x218f,0x218f,finite_normal_output,1,0
ttnn_device,0x41b1,0x4380,0x248f,0x248f,finite_normal_output,1,0
ttnn_device,0x41b1,0x4f80,0x308f,0x308f,finite_normal_output,1,0
ttnn_device,0x41b1,0x7f7f,0x608f,0x608e,finite_normal_output,1,0
ttnn_device,0x41b1,0xff7f,0xe08f,0xe08e,finite_normal_output,1,0
ttnn_device,0x41b1,0x1f63,0x007f,0x0000,outside_scope,,0
ttnn_device,0x41b1,0x9f63,0x807f,0x0000,outside_scope,,0
ttnn_device,0x41b1,0x1f64,0x007f,0x0000,outside_scope,,0
ttnn_device,0x41b1,0x9f64,0x807f,0x0000,outside_scope,,0
ttnn_device,0x41b1,0x1f65,0x0080,0x0000,finite_normal_output,0,0
ttnn_device,0x41b1,0x9f65,0x8080,0x0000,finite_normal_output,0,0
ttnn_device,0x41b2,0x3f80,0x205f,0x205f,finite_normal_output,1,0
ttnn_device,0x41b2,0x4080,0x215f,0x215f,finite_normal_output,1,0
ttnn_device,0x41b2,0x4380,0x245f,0x245f,finite_normal_output,1,0
ttnn_device,0x41b2,0x4f80,0x305f,0x305f,finite_normal_output,1,0
ttnn_device,0x41b2,0x7f7f,0x605e,0x605e,finite_normal_output,1,0
ttnn_device,0x41b2,0xff7f,0xe05e,0xe05e,finite_normal_output,1,1
ttnn_device,0x41b2,0x1f91,0x007e,0x0000,outside_scope,,0
ttnn_device,0x41b2,0x9f91,0x807e,0x0000,outside_scope,,0
ttnn_device,0x41b2,0x1f92,0x007f,0x0000,outside_scope,,0
ttnn_device,0x41b2,0x9f92,0x807f,0x0000,outside_scope,,0
ttnn_device,0x41b2,0x1f93,0x0080,0x0080,finite_normal_output,1,0
ttnn_device,0x41b2,0x9f93,0x8080,0x8080,finite_normal_output,1,0
ttnn_device,0x41b3,0x3f80,0x202e,0x202e,finite_normal_output,1,0
ttnn_device,0x41b3,0x4080,0x212e,0x212e,finite_normal_output,1,0
ttnn_device,0x41b3,0x4380,0x242e,0x242e,finite_normal_output,1,0
ttnn_device,0x41b3,0x4f80,0x302e,0x302e,finite_normal_output,1,0
ttnn_device,0x41b3,0x7f7f,0x602d,0x602d,finite_normal_output,1,0
ttnn_device,0x41b3,0xff7f,0xe02d,0xe02d,finite_normal_output,1,0
ttnn_device,0x41b3,0x1fbb,0x007f,0x0000,outside_scope,,0
ttnn_device,0x41b3,0x9fbb,0x807f,0x0000,outside_scope,,0
ttnn_device,0x41b3,0x1fbc,0x007f,0x0000,outside_scope,,0
ttnn_device,0x41b3,0x9fbc,0x807f,0x0000,outside_scope,,0
ttnn_device,0x41b3,0x1fbd,0x0080,0x0080,finite_normal_output,1,0
ttnn_device,0x41b3,0x9fbd,0x8080,0x8080,finite_normal_output,1,0
ttnn_device,0x41b4,0x3f80,0x2007,0x2007,finite_normal_output,1,0
ttnn_device,0x41b4,0x4080,0x2107,0x2107,finite_normal_output,1,0
ttnn_device,0x41b4,0x4380,0x2407,0x2407,finite_normal_output,1,0
ttnn_device,0x41b4,0x4f80,0x3007,0x3007,finite_normal_output,1,0
ttnn_device,0x41b4,0x7f7f,0x6007,0x6006,finite_normal_output,1,0
ttnn_device,0x41b4,0xff7f,0xe007,0xe006,finite_normal_output,1,0
ttnn_device,0x41b4,0x1ff0,0x007f,0x0000,outside_scope,,0
ttnn_device,0x41b4,0x9ff0,0x807f,0x0000,outside_scope,,0
ttnn_device,0x41b4,0x1ff1,0x007f,0x0000,outside_scope,,0
ttnn_device,0x41b4,0x9ff1,0x807f,0x0000,outside_scope,,0
ttnn_device,0x41b4,0x1ff2,0x0080,0x0000,finite_normal_output,0,0
ttnn_device,0x41b4,0x9ff2,0x8080,0x0000,finite_normal_output,0,0
ttnn_device,0x41b5,0x3f80,0x1fd3,0x1fd3,finite_normal_output,1,0
ttnn_device,0x41b5,0x4080,0x20d3,0x20d3,finite_normal_output,1,0
ttnn_device,0x41b5,0x4380,0x23d3,0x23d3,finite_normal_output,1,0
ttnn_device,0x41b5,0x4f80,0x2fd3,0x2fd3,finite_normal_output,1,0
ttnn_device,0x41b5,0x7f7f,0x5fd2,0x5fd2,finite_normal_output,1,0
ttnn_device,0x41b5,0xff7f,0xdfd2,0xdfd2,finite_normal_output,1,0
ttnn_device,0x41b5,0x201a,0x007f,0x0000,outside_scope,,0
ttnn_device,0x41b5,0xa01a,0x807f,0x0000,outside_scope,,0
ttnn_device,0x41b5,0x201b,0x007f,0x0000,outside_scope,,0
ttnn_device,0x41b5,0xa01b,0x807f,0x0000,outside_scope,,0
ttnn_device,0x41b5,0x201c,0x0080,0x0081,finite_normal_output,1,0
ttnn_device,0x41b5,0xa01c,0x8080,0x8081,finite_normal_output,1,0
ttnn_device,0x41b6,0x3f80,0x1fa4,0x1fa4,finite_normal_output,1,0
ttnn_device,0x41b6,0x4080,0x20a4,0x20a4,finite_normal_output,1,0
ttnn_device,0x41b6,0x4380,0x23a4,0x23a4,finite_normal_output,1,0
ttnn_device,0x41b6,0x4f80,0x2fa4,0x2fa4,finite_normal_output,1,0
ttnn_device,0x41b6,0x7f7f,0x5fa3,0x5fa3,finite_normal_output,1,0
ttnn_device,0x41b6,0xff7f,0xdfa3,0xdfa3,finite_normal_output,1,0
ttnn_device,0x41b6,0x2046,0x007f,0x0000,outside_scope,,0
ttnn_device,0x41b6,0xa046,0x807f,0x0000,outside_scope,,0
ttnn_device,0x41b6,0x2047,0x007f,0x0000,outside_scope,,0
ttnn_device,0x41b6,0xa047,0x807f,0x0000,outside_scope,,0
ttnn_device,0x41b6,0x2048,0x0080,0x0080,finite_normal_output,1,0
ttnn_device,0x41b6,0xa048,0x8080,0x8080,finite_normal_output,1,0
ttnn_device,0x41b7,0x3f80,0x1f7f,0x1f7f,finite_normal_output,1,0
ttnn_device,0x41b7,0x4080,0x207f,0x207f,finite_normal_output,1,0
ttnn_device,0x41b7,0x4380,0x237f,0x237f,finite_normal_output,1,1
ttnn_device,0x41b7,0x4f80,0x2f7f,0x2f7f,finite_normal_output,1,0
ttnn_device,0x41b7,0x7f7f,0x5f7e,0x5f7e,finite_normal_output,1,0
ttnn_device,0x41b7,0xff7f,0xdf7e,0xdf7e,finite_normal_output,1,0
ttnn_device,0x41b7,0x207f,0x007f,0x0000,outside_scope,,0
ttnn_device,0x41b7,0xa07f,0x807f,0x0000,outside_scope,,0
ttnn_device,0x41b7,0x2080,0x0080,0x0000,finite_normal_output,0,0
ttnn_device,0x41b7,0xa080,0x8080,0x0000,finite_normal_output,0,0
ttnn_device,0x41b7,0x2081,0x0081,0x0080,finite_normal_output,1,0
ttnn_device,0x41b7,0xa081,0x8081,0x8080,finite_normal_output,1,0
ttnn_device,0x41b8,0x3f80,0x1f47,0x1f47,finite_normal_output,1,0
ttnn_device,0x41b8,0x4080,0x2047,0x2047,finite_normal_output,1,0
ttnn_device,0x41b8,0x4380,0x2347,0x2347,finite_normal_output,1,0
ttnn_device,0x41b8,0x4f80,0x2f47,0x2f47,finite_normal_output,1,0
ttnn_device,0x41b8,0x7f7f,0x5f46,0x5f46,finite_normal_output,1,0
ttnn_device,0x41b8,0xff7f,0xdf46,0xdf46,finite_normal_output,1,0
ttnn_device,0x41b8,0x20a3,0x007f,0x0000,outside_scope,,0
ttnn_device,0x41b8,0xa0a3,0x807f,0x0000,outside_scope,,0
ttnn_device,0x41b8,0x20a4,0x007f,0x0000,outside_scope,,0
ttnn_device,0x41b8,0xa0a4,0x807f,0x0000,outside_scope,,0
ttnn_device,0x41b8,0x20a5,0x0080,0x0080,finite_normal_output,1,0
ttnn_device,0x41b8,0xa0a5,0x8080,0x8080,finite_normal_output,1,0
ttnn_device,0x41b9,0x3f80,0x1f1b,0x1f1b,finite_normal_output,1,0
ttnn_device,0x41b9,0x4080,0x201b,0x201b,finite_normal_output,1,0
ttnn_device,0x41b9,0x4380,0x231b,0x231b,finite_normal_output,1,0
ttnn_device,0x41b9,0x4f80,0x2f1b,0x2f1b,finite_normal_output,1,0
ttnn_device,0x41b9,0x7f7f,0x5f1a,0x5f1a,finite_normal_output,1,0
ttnn_device,0x41b9,0xff7f,0xdf1a,0xdf1a,finite_normal_output,1,0
ttnn_device,0x41b9,0x20d2,0x007f,0x0000,outside_scope,,0
ttnn_device,0x41b9,0xa0d2,0x807f,0x0000,outside_scope,,0
ttnn_device,0x41b9,0x20d3,0x0080,0x0000,finite_normal_output,0,0
ttnn_device,0x41b9,0xa0d3,0x8080,0x0000,finite_normal_output,0,0
ttnn_device,0x41b9,0x20d4,0x0080,0x0080,finite_normal_output,1,0
ttnn_device,0x41b9,0xa0d4,0x8080,0x8080,finite_normal_output,1,0
ttnn_device,0x41ba,0x3f80,0x1ef1,0x1ef1,finite_normal_output,1,0
ttnn_device,0x41ba,0x4080,0x1ff1,0x1ff1,finite_normal_output,1,0
ttnn_device,0x41ba,0x4380,0x22f1,0x22f1,finite_normal_output,1,0
ttnn_device,0x41ba,0x4f80,0x2ef1,0x2ef1,finite_normal_output,1,0
ttnn_device,0x41ba,0x7f7f,0x5ef0,0x5ef0,finite_normal_output,1,0
ttnn_device,0x41ba,0xff7f,0xdef0,0xdef0,finite_normal_output,1,0
ttnn_device,0x41ba,0x2106,0x007e,0x0000,outside_scope,,0
ttnn_device,0x41ba,0xa106,0x807e,0x0000,outside_scope,,0
ttnn_device,0x41ba,0x2107,0x007f,0x0000,outside_scope,,0
ttnn_device,0x41ba,0xa107,0x807f,0x0000,outside_scope,,0
ttnn_device,0x41ba,0x2108,0x0080,0x0080,finite_normal_output,1,0
ttnn_device,0x41ba,0xa108,0x8080,0x8080,finite_normal_output,1,0
ttnn_device,0x41bb,0x3f80,0x1ebc,0x1ebc,finite_normal_output,1,0
ttnn_device,0x41bb,0x4080,0x1fbc,0x1fbc,finite_normal_output,1,0
ttnn_device,0x41bb,0x4380,0x22bc,0x22bc,finite_normal_output,1,1
ttnn_device,0x41bb,0x4f80,0x2ebc,0x2ebc,finite_normal_output,1,0
ttnn_device,0x41bb,0x7f7f,0x5ebb,0x5ebb,finite_normal_output,1,0
ttnn_device,0x41bb,0xff7f,0xdebb,0xdebb,finite_normal_output,1,0
ttnn_device,0x41bb,0x212d,0x007f,0x0000,outside_scope,,0
ttnn_device,0x41bb,0xa12d,0x807f,0x0000,outside_scope,,0
ttnn_device,0x41bb,0x212e,0x0080,0x0000,finite_normal_output,0,0
ttnn_device,0x41bb,0xa12e,0x8080,0x0000,finite_normal_output,0,0
ttnn_device,0x41bb,0x212f,0x0080,0x0081,finite_normal_output,1,0
ttnn_device,0x41bb,0xa12f,0x8080,0x8081,finite_normal_output,1,0
ttnn_device,0x41bc,0x3f80,0x1e92,0x1e92,finite_normal_output,1,0
ttnn_device,0x41bc,0x4080,0x1f92,0x1f92,finite_normal_output,1,0
ttnn_device,0x41bc,0x4380,0x2292,0x2292,finite_normal_output,1,0
ttnn_device,0x41bc,0x4f80,0x2e92,0x2e92,finite_normal_output,1,0
ttnn_device,0x41bc,0x7f7f,0x5e92,0x5e91,finite_normal_output,1,0
ttnn_device,0x41bc,0xff7f,0xde92,0xde91,finite_normal_output,1,0
ttnn_device,0x41bc,0x215e,0x007f,0x0000,outside_scope,,0
ttnn_device,0x41bc,0xa15e,0x807f,0x0000,outside_scope,,0
ttnn_device,0x41bc,0x215f,0x007f,0x0000,outside_scope,,0
ttnn_device,0x41bc,0xa15f,0x807f,0x0000,outside_scope,,0
ttnn_device,0x41bc,0x2160,0x0080,0x0000,finite_normal_output,0,0
ttnn_device,0x41bc,0xa160,0x8080,0x0000,finite_normal_output,0,0
ttnn_device,0x41bd,0x3f80,0x1e64,0x1e64,finite_normal_output,1,0
ttnn_device,0x41bd,0x4080,0x1f64,0x1f64,finite_normal_output,1,0
ttnn_device,0x41bd,0x4380,0x2264,0x2264,finite_normal_output,1,0
ttnn_device,0x41bd,0x4f80,0x2e64,0x2e64,finite_normal_output,1,0
ttnn_device,0x41bd,0x7f7f,0x5e63,0x5e63,finite_normal_output,1,0
ttnn_device,0x41bd,0xff7f,0xde63,0xde63,finite_normal_output,1,0
ttnn_device,0x41bd,0x218e,0x007e,0x0000,outside_scope,,0
ttnn_device,0x41bd,0xa18e,0x807e,0x0000,outside_scope,,0
ttnn_device,0x41bd,0x218f,0x007f,0x0000,outside_scope,,0
ttnn_device,0x41bd,0xa18f,0x807f,0x0000,outside_scope,,0
ttnn_device,0x41bd,0x2190,0x0080,0x0080,finite_normal_output,1,0
ttnn_device,0x41bd,0xa190,0x8080,0x8080,finite_normal_output,1,0
ttnn_device,0x41be,0x3f80,0x1e32,0x1e32,finite_normal_output,1,0
ttnn_device,0x41be,0x4080,0x1f32,0x1f32,finite_normal_output,1,0
ttnn_device,0x41be,0x4380,0x2232,0x2232,finite_normal_output,1,0
ttnn_device,0x41be,0x4f80,0x2e32,0x2e32,finite_normal_output,1,0
ttnn_device,0x41be,0x7f7f,0x5e31,0x5e31,finite_normal_output,1,0
ttnn_device,0x41be,0xff7f,0xde31,0xde31,finite_normal_output,1,0
ttnn_device,0x41be,0x21b7,0x007f,0x0000,outside_scope,,0
ttnn_device,0x41be,0xa1b7,0x807f,0x0000,outside_scope,,0
ttnn_device,0x41be,0x21b8,0x0080,0x0000,finite_normal_output,0,0
ttnn_device,0x41be,0xa1b8,0x8080,0x0000,finite_normal_output,0,0
ttnn_device,0x41be,0x21b9,0x0080,0x0081,finite_normal_output,1,0
ttnn_device,0x41be,0xa1b9,0x8080,0x8081,finite_normal_output,1,0
ttnn_device,0x41bf,0x3f80,0x1e0a,0x1e0a,finite_normal_output,1,0
ttnn_device,0x41bf,0x4080,0x1f0a,0x1f0a,finite_normal_output,1,0
ttnn_device,0x41bf,0x4380,0x220a,0x220a,finite_normal_output,1,0
ttnn_device,0x41bf,0x4f80,0x2e0a,0x2e0a,finite_normal_output,1,1
ttnn_device,0x41bf,0x7f7f,0x5e0a,0x5e09,finite_normal_output,1,0
ttnn_device,0x41bf,0xff7f,0xde0a,0xde09,finite_normal_output,1,0
ttnn_device,0x41bf,0x21eb,0x007f,0x0000,outside_scope,,0
ttnn_device,0x41bf,0xa1eb,0x807f,0x0000,outside_scope,,0
ttnn_device,0x41bf,0x21ec,0x007f,0x0000,outside_scope,,0
ttnn_device,0x41bf,0xa1ec,0x807f,0x0000,outside_scope,,0
ttnn_device,0x41bf,0x21ed,0x0080,0x0000,finite_normal_output,0,0
ttnn_device,0x41bf,0xa1ed,0x8080,0x0000,finite_normal_output,0,0
ttnn_device,0x41c0,0x3f80,0x1dd7,0x1dd7,finite_normal_output,1,0
ttnn_device,0x41c0,0x4080,0x1ed7,0x1ed7,finite_normal_output,1,0
ttnn_device,0x41c0,0x4380,0x21d7,0x21d7,finite_normal_output,1,0
ttnn_device,0x41c0,0x4f80,0x2dd7,0x2dd7,finite_normal_output,1,0
ttnn_device,0x41c0,0x7f7f,0x5dd7,0x5dd6,finite_normal_output,1,0
ttnn_device,0x41c0,0xff7f,0xddd7,0xddd6,finite_normal_output,1,0
ttnn_device,0x41c0,0x2217,0x007f,0x0000,outside_scope,,0
ttnn_device,0x41c0,0xa217,0x807f,0x0000,outside_scope,,0
ttnn_device,0x41c0,0x2218,0x0080,0x0000,finite_normal_output,0,0
ttnn_device,0x41c0,0xa218,0x8080,0x0000,finite_normal_output,0,0
ttnn_device,0x41c0,0x2219,0x0081,0x0080,finite_normal_output,1,0
ttnn_device,0x41c0,0xa219,0x8081,0x8080,finite_normal_output,1,0
ttnn_device,0x41c1,0x3f80,0x1da8,0x1da8,finite_normal_output,1,0
ttnn_device,0x41c1,0x4080,0x1ea8,0x1ea8,finite_normal_output,1,0
ttnn_device,0x41c1,0x4380,0x21a8,0x21a8,finite_normal_output,1,0
ttnn_device,0x41c1,0x4f80,0x2da8,0x2da8,finite_normal_output,1,0
ttnn_device,0x41c1,0x7f7f,0x5da7,0x5da7,finite_normal_output,1,0
ttnn_device,0x41c1,0xff7f,0xdda7,0xdda7,finite_normal_output,1,0
ttnn_device,0x41c1,0x2242,0x007f,0x0000,outside_scope,,0
ttnn_device,0x41c1,0xa242,0x807f,0x0000,outside_scope,,0
ttnn_device,0x41c1,0x2243,0x0080,0x0000,finite_normal_output,0,0
ttnn_device,0x41c1,0xa243,0x8080,0x0000,finite_normal_output,0,0
ttnn_device,0x41c1,0x2244,0x0080,0x0081,finite_normal_output,1,0
ttnn_device,0x41c1,0xa244,0x8080,0x8081,finite_normal_output,1,0
ttnn_device,0x41c2,0x3f80,0x1d83,0x1d83,finite_normal_output,1,0
ttnn_device,0x41c2,0x4080,0x1e83,0x1e83,finite_normal_output,1,0
ttnn_device,0x41c2,0x4380,0x2183,0x2183,finite_normal_output,1,0
ttnn_device,0x41c2,0x4f80,0x2d83,0x2d83,finite_normal_output,1,0
ttnn_device,0x41c2,0x7f7f,0x5d82,0x5d82,finite_normal_output,1,0
ttnn_device,0x41c2,0xff7f,0xdd82,0xdd82,finite_normal_output,1,0
ttnn_device,0x41c2,0x2279,0x007f,0x0000,outside_scope,,0
ttnn_device,0x41c2,0xa279,0x807f,0x0000,outside_scope,,0
ttnn_device,0x41c2,0x227a,0x0080,0x0000,finite_normal_output,0,0
ttnn_device,0x41c2,0xa27a,0x8080,0x0000,finite_normal_output,0,0
ttnn_device,0x41c2,0x227b,0x0080,0x0080,finite_normal_output,1,0
ttnn_device,0x41c2,0xa27b,0x8080,0x8080,finite_normal_output,1,0
ttnn_device,0x41c3,0x3f80,0x1d4b,0x1d4b,finite_normal_output,1,0
ttnn_device,0x41c3,0x4080,0x1e4b,0x1e4b,finite_normal_output,1,1
ttnn_device,0x41c3,0x4380,0x214b,0x214b,finite_normal_output,1,0
ttnn_device,0x41c3,0x4f80,0x2d4b,0x2d4b,finite_normal_output,1,0
ttnn_device,0x41c3,0x7f7f,0x5d4b,0x5d4a,finite_normal_output,1,0
ttnn_device,0x41c3,0xff7f,0xdd4b,0xdd4a,finite_normal_output,1,0
ttnn_device,0x41c3,0x229f,0x007e,0x0000,outside_scope,,0
ttnn_device,0x41c3,0xa29f,0x807e,0x0000,outside_scope,,0
ttnn_device,0x41c3,0x22a0,0x007f,0x0000,outside_scope,,0
ttnn_device,0x41c3,0xa2a0,0x807f,0x0000,outside_scope,,0
ttnn_device,0x41c3,0x22a1,0x0080,0x0000,finite_normal_output,0,0
ttnn_device,0x41c3,0xa2a1,0x8080,0x0000,finite_normal_output,0,0
ttnn_device,0x41c4,0x3f80,0x1d1e,0x1d1e,finite_normal_output,1,0
ttnn_device,0x41c4,0x4080,0x1e1e,0x1e1e,finite_normal_output,1,0
ttnn_device,0x41c4,0x4380,0x211e,0x211e,finite_normal_output,1,0
ttnn_device,0x41c4,0x4f80,0x2d1e,0x2d1e,finite_normal_output,1,0
ttnn_device,0x41c4,0x7f7f,0x5d1e,0x5d1d,finite_normal_output,1,0
ttnn_device,0x41c4,0xff7f,0xdd1e,0xdd1d,finite_normal_output,1,0
ttnn_device,0x41c4,0x22cd,0x007f,0x0000,outside_scope,,0
ttnn_device,0x41c4,0xa2cd,0x807f,0x0000,outside_scope,,0
ttnn_device,0x41c4,0x22ce,0x0080,0x0000,finite_normal_output,0,0
ttnn_device,0x41c4,0xa2ce,0x8080,0x0000,finite_normal_output,0,0
ttnn_device,0x41c4,0x22cf,0x0080,0x0000,finite_normal_output,0,0
ttnn_device,0x41c4,0xa2cf,0x8080,0x0000,finite_normal_output,0,0
ttnn_device,0x41c5,0x3f80,0x1cf7,0x1cf7,finite_normal_output,1,0
ttnn_device,0x41c5,0x4080,0x1df7,0x1df7,finite_normal_output,1,0
ttnn_device,0x41c5,0x4380,0x20f7,0x20f7,finite_normal_output,1,0
ttnn_device,0x41c5,0x4f80,0x2cf7,0x2cf7,finite_normal_output,1,0
ttnn_device,0x41c5,0x7f7f,0x5cf6,0x5cf6,finite_normal_output,1,0
ttnn_device,0x41c5,0xff7f,0xdcf6,0xdcf6,finite_normal_output,1,0
ttnn_device,0x41c5,0x2303,0x007e,0x0000,outside_scope,,0
ttnn_device,0x41c5,0xa303,0x807e,0x0000,outside_scope,,0
ttnn_device,0x41c5,0x2304,0x007f,0x0000,outside_scope,,0
ttnn_device,0x41c5,0xa304,0x807f,0x0000,outside_scope,,0
ttnn_device,0x41c5,0x2305,0x0080,0x0080,finite_normal_output,1,0
ttnn_device,0x41c5,0xa305,0x8080,0x8080,finite_normal_output,1,0
ttnn_device,0x41c6,0x3f80,0x1cc0,0x1cc0,finite_normal_output,1,0
ttnn_device,0x41c6,0x4080,0x1dc0,0x1dc0,finite_normal_output,1,0
ttnn_device,0x41c6,0x4380,0x20c0,0x20c0,finite_normal_output,1,0
ttnn_device,0x41c6,0x4f80,0x2cc0,0x2cc0,finite_normal_output,1,0
ttnn_device,0x41c6,0x7f7f,0x5cbf,0x5cbf,finite_normal_output,1,0
ttnn_device,0x41c6,0xff7f,0xdcbf,0xdcbf,finite_normal_output,1,0
ttnn_device,0x41c6,0x2329,0x007f,0x0000,outside_scope,,0
ttnn_device,0x41c6,0xa329,0x807f,0x0000,outside_scope,,0
ttnn_device,0x41c6,0x232a,0x0080,0x0000,finite_normal_output,0,0
ttnn_device,0x41c6,0xa32a,0x8080,0x0000,finite_normal_output,0,0
ttnn_device,0x41c6,0x232b,0x0080,0x0080,finite_normal_output,1,0
ttnn_device,0x41c6,0xa32b,0x8080,0x8080,finite_normal_output,1,0
ttnn_device,0x41c7,0x3f80,0x1c96,0x1c96,finite_normal_output,1,0
ttnn_device,0x41c7,0x4080,0x1d96,0x1d96,finite_normal_output,1,0
ttnn_device,0x41c7,0x4380,0x2096,0x2096,finite_normal_output,1,1
ttnn_device,0x41c7,0x4f80,0x2c96,0x2c96,finite_normal_output,1,0
ttnn_device,0x41c7,0x7f7f,0x5c95,0x5c95,finite_normal_output,1,0
ttnn_device,0x41c7,0xff7f,0xdc95,0xdc95,finite_normal_output,1,0
ttnn_device,0x41c7,0x2359,0x007f,0x0000,outside_scope,,0
ttnn_device,0x41c7,0xa359,0x807f,0x0000,outside_scope,,0
ttnn_device,0x41c7,0x235a,0x007f,0x0000,outside_scope,,0
ttnn_device,0x41c7,0xa35a,0x807f,0x0000,outside_scope,,0
ttnn_device,0x41c7,0x235b,0x0080,0x0080,finite_normal_output,1,0
ttnn_device,0x41c7,0xa35b,0x8080,0x8080,finite_normal_output,1,0
ttnn_device,0x41c8,0x3f80,0x1c69,0x1c69,finite_normal_output,1,0
ttnn_device,0x41c8,0x4080,0x1d69,0x1d69,finite_normal_output,1,0
ttnn_device,0x41c8,0x4380,0x2069,0x2069,finite_normal_output,1,0
ttnn_device,0x41c8,0x4f80,0x2c69,0x2c69,finite_normal_output,1,0
ttnn_device,0x41c8,0x7f7f,0x5c68,0x5c68,finite_normal_output,1,0
ttnn_device,0x41c8,0xff7f,0xdc68,0xdc68,finite_normal_output,1,0
ttnn_device,0x41c8,0x238b,0x007f,0x0000,outside_scope,,0
ttnn_device,0x41c8,0xa38b,0x807f,0x0000,outside_scope,,0
ttnn_device,0x41c8,0x238c,0x0080,0x0000,finite_normal_output,0,0
ttnn_device,0x41c8,0xa38c,0x8080,0x0000,finite_normal_output,0,0
ttnn_device,0x41c8,0x238d,0x0080,0x0080,finite_normal_output,1,0
ttnn_device,0x41c8,0xa38d,0x8080,0x8080,finite_normal_output,1,0
ttnn_device,0x41c9,0x3f80,0x1c36,0x1c36,finite_normal_output,1,0
ttnn_device,0x41c9,0x4080,0x1d36,0x1d36,finite_normal_output,1,0
ttnn_device,0x41c9,0x4380,0x2036,0x2036,finite_normal_output,1,0
ttnn_device,0x41c9,0x4f80,0x2c36,0x2c36,finite_normal_output,1,0
ttnn_device,0x41c9,0x7f7f,0x5c35,0x5c35,finite_normal_output,1,0
ttnn_device,0x41c9,0xff7f,0xdc35,0xdc35,finite_normal_output,1,0
ttnn_device,0x41c9,0x23b3,0x007f,0x0000,outside_scope,,0
ttnn_device,0x41c9,0xa3b3,0x807f,0x0000,outside_scope,,0
ttnn_device,0x41c9,0x23b4,0x0080,0x0000,finite_normal_output,0,0
ttnn_device,0x41c9,0xa3b4,0x8080,0x0000,finite_normal_output,0,0
ttnn_device,0x41c9,0x23b5,0x0080,0x0081,finite_normal_output,1,0
ttnn_device,0x41c9,0xa3b5,0x8080,0x8081,finite_normal_output,1,0
ttnn_device,0x41ca,0x3f80,0x1c0d,0x1c0d,finite_normal_output,1,0
ttnn_device,0x41ca,0x4080,0x1d0d,0x1d0d,finite_normal_output,1,0
ttnn_device,0x41ca,0x4380,0x200d,0x200d,finite_normal_output,1,0
ttnn_device,0x41ca,0x4f80,0x2c0d,0x2c0d,finite_normal_output,1,0
ttnn_device,0x41ca,0x7f7f,0x5c0d,0x5c0c,finite_normal_output,1,0
ttnn_device,0x41ca,0xff7f,0xdc0d,0xdc0c,finite_normal_output,1,0
ttnn_device,0x41ca,0x23e6,0x007f,0x0000,outside_scope,,0
ttnn_device,0x41ca,0xa3e6,0x807f,0x0000,outside_scope,,0
ttnn_device,0x41ca,0x23e7,0x0080,0x0000,finite_normal_output,0,0
ttnn_device,0x41ca,0xa3e7,0x8080,0x0000,finite_normal_output,0,0
ttnn_device,0x41ca,0x23e8,0x0080,0x0000,finite_normal_output,0,0
ttnn_device,0x41ca,0xa3e8,0x8080,0x0000,finite_normal_output,0,0
ttnn_device,0x41cb,0x3f80,0x1bdc,0x1bdc,finite_normal_output,1,1
ttnn_device,0x41cb,0x4080,0x1cdc,0x1cdc,finite_normal_output,1,0
ttnn_device,0x41cb,0x4380,0x1fdc,0x1fdc,finite_normal_output,1,0
ttnn_device,0x41cb,0x4f80,0x2bdc,0x2bdc,finite_normal_output,1,0
ttnn_device,0x41cb,0x7f7f,0x5bdb,0x5bdb,finite_normal_output,1,0
ttnn_device,0x41cb,0xff7f,0xdbdb,0xdbdb,finite_normal_output,1,0
ttnn_device,0x41cb,0x2413,0x007e,0x0000,outside_scope,,0
ttnn_device,0x41cb,0xa413,0x807e,0x0000,outside_scope,,0
ttnn_device,0x41cb,0x2414,0x007f,0x0000,outside_scope,,0
ttnn_device,0x41cb,0xa414,0x807f,0x0000,outside_scope,,0
ttnn_device,0x41cb,0x2415,0x0080,0x0080,finite_normal_output,1,0
ttnn_device,0x41cb,0xa415,0x8080,0x8080,finite_normal_output,1,0
ttnn_device,0x41cc,0x3f80,0x1bac,0x1bac,finite_normal_output,1,0
ttnn_device,0x41cc,0x4080,0x1cac,0x1cac,finite_normal_output,1,0
ttnn_device,0x41cc,0x4380,0x1fac,0x1fac,finite_normal_output,1,0
ttnn_device,0x41cc,0x4f80,0x2bac,0x2bac,finite_normal_output,1,0
ttnn_device,0x41cc,0x7f7f,0x5bab,0x5bab,finite_normal_output,1,0
ttnn_device,0x41cc,0xff7f,0xdbab,0xdbab,finite_normal_output,1,0
ttnn_device,0x41cc,0x243d,0x007f,0x0000,outside_scope,,0
ttnn_device,0x41cc,0xa43d,0x807f,0x0000,outside_scope,,0
ttnn_device,0x41cc,0x243e,0x007f,0x0000,outside_scope,,0
ttnn_device,0x41cc,0xa43e,0x807f,0x0000,outside_scope,,0
ttnn_device,0x41cc,0x243f,0x0080,0x0080,finite_normal_output,1,0
ttnn_device,0x41cc,0xa43f,0x8080,0x8080,finite_normal_output,1,0
ttnn_device,0x41cd,0x3f80,0x1b86,0x1b86,finite_normal_output,1,0
ttnn_device,0x41cd,0x4080,0x1c86,0x1c86,finite_normal_output,1,0
ttnn_device,0x41cd,0x4380,0x1f86,0x1f86,finite_normal_output,1,0
ttnn_device,0x41cd,0x4f80,0x2b86,0x2b86,finite_normal_output,1,0
ttnn_device,0x41cd,0x7f7f,0x5b85,0x5b85,finite_normal_output,1,0
ttnn_device,0x41cd,0xff7f,0xdb85,0xdb85,finite_normal_output,1,0
ttnn_device,0x41cd,0x2473,0x007f,0x0000,outside_scope,,0
ttnn_device,0x41cd,0xa473,0x807f,0x0000,outside_scope,,0
ttnn_device,0x41cd,0x2474,0x007f,0x0000,outside_scope,,0
ttnn_device,0x41cd,0xa474,0x807f,0x0000,outside_scope,,0
ttnn_device,0x41cd,0x2475,0x0080,0x0080,finite_normal_output,1,0
ttnn_device,0x41cd,0xa475,0x8080,0x8080,finite_normal_output,1,0
ttnn_device,0x41ce,0x3f80,0x1b50,0x1b50,finite_normal_output,1,0
ttnn_device,0x41ce,0x4080,0x1c50,0x1c50,finite_normal_output,1,0
ttnn_device,0x41ce,0x4380,0x1f50,0x1f50,finite_normal_output,1,0
ttnn_device,0x41ce,0x4f80,0x2b50,0x2b50,finite_normal_output,1,0
ttnn_device,0x41ce,0x7f7f,0x5b4f,0x5b4f,finite_normal_output,1,0
ttnn_device,0x41ce,0xff7f,0xdb4f,0xdb4f,finite_normal_output,1,0
ttnn_device,0x41ce,0x249c,0x007f,0x0000,outside_scope,,0
ttnn_device,0x41ce,0xa49c,0x807f,0x0000,outside_scope,,0
ttnn_device,0x41ce,0x249d,0x0080,0x0000,finite_normal_output,0,0
ttnn_device,0x41ce,0xa49d,0x8080,0x0000,finite_normal_output,0,0
ttnn_device,0x41ce,0x249e,0x0080,0x0080,finite_normal_output,1,0
ttnn_device,0x41ce,0xa49e,0x8080,0x8080,finite_normal_output,1,0
ttnn_device,0x41cf,0x3f80,0x1b22,0x1b22,finite_normal_output,1,0
ttnn_device,0x41cf,0x4080,0x1c22,0x1c22,finite_normal_output,1,0
ttnn_device,0x41cf,0x4380,0x1f22,0x1f22,finite_normal_output,1,0
ttnn_device,0x41cf,0x4f80,0x2b22,0x2b22,finite_normal_output,1,1
ttnn_device,0x41cf,0x7f7f,0x5b21,0x5b21,finite_normal_output,1,0
ttnn_device,0x41cf,0xff7f,0xdb21,0xdb21,finite_normal_output,1,0
ttnn_device,0x41cf,0x24c8,0x007f,0x0000,outside_scope,,0
ttnn_device,0x41cf,0xa4c8,0x807f,0x0000,outside_scope,,0
ttnn_device,0x41cf,0x24c9,0x007f,0x0000,outside_scope,,0
ttnn_device,0x41cf,0xa4c9,0x807f,0x0000,outside_scope,,0
ttnn_device,0x41cf,0x24ca,0x0080,0x0000,finite_normal_output,0,0
ttnn_device,0x41cf,0xa4ca,0x8080,0x0000,finite_normal_output,0,0
ttnn_device,0x41d0,0x3f80,0x1afc,0x1afc,finite_normal_output,1,0
ttnn_device,0x41d0,0x4080,0x1bfc,0x1bfc,finite_normal_output,1,0
ttnn_device,0x41d0,0x4380,0x1efc,0x1efc,finite_normal_output,1,0
ttnn_device,0x41d0,0x4f80,0x2afc,0x2afc,finite_normal_output,1,0
ttnn_device,0x41d0,0x7f7f,0x5afb,0x5afb,finite_normal_output,1,0
ttnn_device,0x41d0,0xff7f,0xdafb,0xdafb,finite_normal_output,1,0
ttnn_device,0x41d0,0x2500,0x007e,0x0000,outside_scope,,0
ttnn_device,0x41d0,0xa500,0x807e,0x0000,outside_scope,,0
ttnn_device,0x41d0,0x2501,0x007f,0x0000,outside_scope,,0
ttnn_device,0x41d0,0xa501,0x807f,0x0000,outside_scope,,0
ttnn_device,0x41d0,0x2502,0x0080,0x0000,finite_normal_output,0,0
ttnn_device,0x41d0,0xa502,0x8080,0x0000,finite_normal_output,0,0
ttnn_device,0x41d1,0x3f80,0x1ac5,0x1ac5,finite_normal_output,1,0
ttnn_device,0x41d1,0x4080,0x1bc5,0x1bc5,finite_normal_output,1,0
ttnn_device,0x41d1,0x4380,0x1ec5,0x1ec5,finite_normal_output,1,0
ttnn_device,0x41d1,0x4f80,0x2ac5,0x2ac5,finite_normal_output,1,0
ttnn_device,0x41d1,0x7f7f,0x5ac4,0x5ac4,finite_normal_output,1,0
ttnn_device,0x41d1,0xff7f,0xdac4,0xdac4,finite_normal_output,1,0
ttnn_device,0x41d1,0x2525,0x007f,0x0000,outside_scope,,0
ttnn_device,0x41d1,0xa525,0x807f,0x0000,outside_scope,,0
ttnn_device,0x41d1,0x2526,0x007f,0x0000,outside_scope,,0
ttnn_device,0x41d1,0xa526,0x807f,0x0000,outside_scope,,0
ttnn_device,0x41d1,0x2527,0x0080,0x0081,finite_normal_output,1,0
ttnn_device,0x41d1,0xa527,0x8080,0x8081,finite_normal_output,1,0
ttnn_device,0x41d2,0x3f80,0x1a99,0x1a99,finite_normal_output,1,0
ttnn_device,0x41d2,0x4080,0x1b99,0x1b99,finite_normal_output,1,0
ttnn_device,0x41d2,0x4380,0x1e99,0x1e99,finite_normal_output,1,0
ttnn_device,0x41d2,0x4f80,0x2a99,0x2a99,finite_normal_output,1,0
ttnn_device,0x41d2,0x7f7f,0x5a99,0x5a98,finite_normal_output,1,0
ttnn_device,0x41d2,0xff7f,0xda99,0xda98,finite_normal_output,1,0
ttnn_device,0x41d2,0x2554,0x007f,0x0000,outside_scope,,0
ttnn_device,0x41d2,0xa554,0x807f,0x0000,outside_scope,,0
ttnn_device,0x41d2,0x2555,0x007f,0x0000,outside_scope,,0
ttnn_device,0x41d2,0xa555,0x807f,0x0000,outside_scope,,0
ttnn_device,0x41d2,0x2556,0x0080,0x0000,finite_normal_output,0,0
ttnn_device,0x41d2,0xa556,0x8080,0x0000,finite_normal_output,0,0
ttnn_device,0x41d3,0x3f80,0x1a6e,0x1a6e,finite_normal_output,1,0
ttnn_device,0x41d3,0x4080,0x1b6e,0x1b6e,finite_normal_output,1,0
ttnn_device,0x41d3,0x4380,0x1e6e,0x1e6e,finite_normal_output,1,0
ttnn_device,0x41d3,0x4f80,0x2a6e,0x2a6e,finite_normal_output,1,0
ttnn_device,0x41d3,0x7f7f,0x5a6e,0x5a6d,finite_normal_output,1,0
ttnn_device,0x41d3,0xff7f,0xda6e,0xda6d,finite_normal_output,1,0
ttnn_device,0x41d3,0x2588,0x007f,0x0000,outside_scope,,0
ttnn_device,0x41d3,0xa588,0x807f,0x0000,outside_scope,,0
ttnn_device,0x41d3,0x2589,0x0080,0x0000,finite_normal_output,0,0
ttnn_device,0x41d3,0xa589,0x8080,0x0000,finite_normal_output,0,1
ttnn_device,0x41d3,0x258a,0x0081,0x0080,finite_normal_output,1,0
ttnn_device,0x41d3,0xa58a,0x8081,0x8080,finite_normal_output,1,0
ttnn_device,0x41d4,0x3f80,0x1a3a,0x1a3a,finite_normal_output,1,0
ttnn_device,0x41d4,0x4080,0x1b3a,0x1b3a,finite_normal_output,1,0
ttnn_device,0x41d4,0x4380,0x1e3a,0x1e3a,finite_normal_output,1,0
ttnn_device,0x41d4,0x4f80,0x2a3a,0x2a3a,finite_normal_output,1,0
ttnn_device,0x41d4,0x7f7f,0x5a39,0x5a39,finite_normal_output,1,0
ttnn_device,0x41d4,0xff7f,0xda39,0xda39,finite_normal_output,1,0
ttnn_device,0x41d4,0x25af,0x007f,0x0000,outside_scope,,0
ttnn_device,0x41d4,0xa5af,0x807f,0x0000,outside_scope,,0
ttnn_device,0x41d4,0x25b0,0x0080,0x0000,finite_normal_output,0,0
ttnn_device,0x41d4,0xa5b0,0x8080,0x0000,finite_normal_output,0,0
ttnn_device,0x41d4,0x25b1,0x0080,0x0081,finite_normal_output,1,0
ttnn_device,0x41d4,0xa5b1,0x8080,0x8081,finite_normal_output,1,0
ttnn_device,0x41d5,0x3f80,0x1a11,0x1a11,finite_normal_output,1,0
ttnn_device,0x41d5,0x4080,0x1b11,0x1b11,finite_normal_output,1,0
ttnn_device,0x41d5,0x4380,0x1e11,0x1e11,finite_normal_output,1,0
ttnn_device,0x41d5,0x4f80,0x2a11,0x2a11,finite_normal_output,1,0
ttnn_device,0x41d5,0x7f7f,0x5a10,0x5a10,finite_normal_output,1,0
ttnn_device,0x41d5,0xff7f,0xda10,0xda10,finite_normal_output,1,0
ttnn_device,0x41d5,0x25e1,0x007f,0x0000,outside_scope,,0
ttnn_device,0x41d5,0xa5e1,0x807f,0x0000,outside_scope,,0
ttnn_device,0x41d5,0x25e2,0x0080,0x0080,finite_normal_output,1,0
ttnn_device,0x41d5,0xa5e2,0x8080,0x8080,finite_normal_output,1,0
ttnn_device,0x41d5,0x25e3,0x0080,0x0081,finite_normal_output,1,0
ttnn_device,0x41d5,0xa5e3,0x8080,0x8081,finite_normal_output,1,0
ttnn_device,0x41d6,0x3f80,0x19e1,0x19e1,finite_normal_output,1,0
ttnn_device,0x41d6,0x4080,0x1ae1,0x1ae1,finite_normal_output,1,0
ttnn_device,0x41d6,0x4380,0x1de1,0x1de1,finite_normal_output,1,0
ttnn_device,0x41d6,0x4f80,0x29e1,0x29e1,finite_normal_output,1,0
ttnn_device,0x41d6,0x7f7f,0x59e0,0x59e0,finite_normal_output,1,0
ttnn_device,0x41d6,0xff7f,0xd9e0,0xd9e0,finite_normal_output,1,0
ttnn_device,0x41d6,0x2610,0x007f,0x0000,outside_scope,,0
ttnn_device,0x41d6,0xa610,0x807f,0x0000,outside_scope,,0
ttnn_device,0x41d6,0x2611,0x0080,0x0000,finite_normal_output,0,0
ttnn_device,0x41d6,0xa611,0x8080,0x0000,finite_normal_output,0,0
ttnn_device,0x41d6,0x2612,0x0081,0x0080,finite_normal_output,1,0
ttnn_device,0x41d6,0xa612,0x8081,0x8080,finite_normal_output,1,0
ttnn_device,0x41d7,0x3f80,0x19af,0x19af,finite_normal_output,1,0
ttnn_device,0x41d7,0x4080,0x1aaf,0x1aaf,finite_normal_output,1,0
ttnn_device,0x41d7,0x4380,0x1daf,0x1daf,finite_normal_output,1,0
ttnn_device,0x41d7,0x4f80,0x29af,0x29af,finite_normal_output,1,0
ttnn_device,0x41d7,0x7f7f,0x59af,0x59ae,finite_normal_output,1,1
ttnn_device,0x41d7,0xff7f,0xd9af,0xd9ae,finite_normal_output,1,0
ttnn_device,0x41d7,0x2639,0x007f,0x0000,outside_scope,,0
ttnn_device,0x41d7,0xa639,0x807f,0x0000,outside_scope,,0
ttnn_device,0x41d7,0x263a,0x007f,0x0000,outside_scope,,0
ttnn_device,0x41d7,0xa63a,0x807f,0x0000,outside_scope,,0
ttnn_device,0x41d7,0x263b,0x0080,0x0000,finite_normal_output,0,0
ttnn_device,0x41d7,0xa63b,0x8080,0x0000,finite_normal_output,0,0
ttnn_device,0x41d8,0x3f80,0x1989,0x1989,finite_normal_output,1,0
ttnn_device,0x41d8,0x4080,0x1a89,0x1a89,finite_normal_output,1,0
ttnn_device,0x41d8,0x4380,0x1d89,0x1d89,finite_normal_output,1,0
ttnn_device,0x41d8,0x4f80,0x2989,0x2989,finite_normal_output,1,0
ttnn_device,0x41d8,0x7f7f,0x5988,0x5988,finite_normal_output,1,0
ttnn_device,0x41d8,0xff7f,0xd988,0xd988,finite_normal_output,1,0
ttnn_device,0x41d8,0x266e,0x007f,0x0000,outside_scope,,0
ttnn_device,0x41d8,0xa66e,0x807f,0x0000,outside_scope,,0
ttnn_device,0x41d8,0x266f,0x0080,0x0000,finite_normal_output,0,0
ttnn_device,0x41d8,0xa66f,0x8080,0x0000,finite_normal_output,0,0
ttnn_device,0x41d8,0x2670,0x0080,0x0080,finite_normal_output,1,0
ttnn_device,0x41d8,0xa670,0x8080,0x8080,finite_normal_output,1,0
ttnn_device,0x41d9,0x3f80,0x1955,0x1955,finite_normal_output,1,0
ttnn_device,0x41d9,0x4080,0x1a55,0x1a55,finite_normal_output,1,0
ttnn_device,0x41d9,0x4380,0x1d55,0x1d55,finite_normal_output,1,0
ttnn_device,0x41d9,0x4f80,0x2955,0x2955,finite_normal_output,1,0
ttnn_device,0x41d9,0x7f7f,0x5954,0x5954,finite_normal_output,1,0
ttnn_device,0x41d9,0xff7f,0xd954,0xd954,finite_normal_output,1,0
ttnn_device,0x41d9,0x2698,0x007e,0x0000,outside_scope,,0
ttnn_device,0x41d9,0xa698,0x807e,0x0000,outside_scope,,0
ttnn_device,0x41d9,0x2699,0x007f,0x0000,outside_scope,,0
ttnn_device,0x41d9,0xa699,0x807f,0x0000,outside_scope,,0
ttnn_device,0x41d9,0x269a,0x0080,0x0080,finite_normal_output,1,0
ttnn_device,0x41d9,0xa69a,0x8080,0x8080,finite_normal_output,1,0
ttnn_device,0x41da,0x3f80,0x1926,0x1926,finite_normal_output,1,0
ttnn_device,0x41da,0x4080,0x1a26,0x1a26,finite_normal_output,1,0
ttnn_device,0x41da,0x4380,0x1d26,0x1d26,finite_normal_output,1,0
ttnn_device,0x41da,0x4f80,0x2926,0x2926,finite_normal_output,1,0
ttnn_device,0x41da,0x7f7f,0x5925,0x5925,finite_normal_output,1,0
ttnn_device,0x41da,0xff7f,0xd925,0xd925,finite_normal_output,1,0
ttnn_device,0x41da,0x26c4,0x007f,0x0000,outside_scope,,0
ttnn_device,0x41da,0xa6c4,0x807f,0x0000,outside_scope,,0
ttnn_device,0x41da,0x26c5,0x0080,0x0000,finite_normal_output,0,0
ttnn_device,0x41da,0xa6c5,0x8080,0x0000,finite_normal_output,0,0
ttnn_device,0x41da,0x26c6,0x0080,0x0080,finite_normal_output,1,0
ttnn_device,0x41da,0xa6c6,0x8080,0x8080,finite_normal_output,1,0
ttnn_device,0x41db,0x3f80,0x1901,0x1901,finite_normal_output,1,0
ttnn_device,0x41db,0x4080,0x1a01,0x1a01,finite_normal_output,1,0
ttnn_device,0x41db,0x4380,0x1d01,0x1d01,finite_normal_output,1,0
ttnn_device,0x41db,0x4f80,0x2901,0x2901,finite_normal_output,1,0
ttnn_device,0x41db,0x7f7f,0x5901,0x5900,finite_normal_output,1,1
ttnn_device,0x41db,0xff7f,0xd901,0xd900,finite_normal_output,1,0
ttnn_device,0x41db,0x26fc,0x007f,0x0000,outside_scope,,0
ttnn_device,0x41db,0xa6fc,0x807f,0x0000,outside_scope,,0
ttnn_device,0x41db,0x26fd,0x0080,0x0000,finite_normal_output,0,0
ttnn_device,0x41db,0xa6fd,0x8080,0x0000,finite_normal_output,0,0
ttnn_device,0x41db,0x26fe,0x0080,0x0000,finite_normal_output,0,0
ttnn_device,0x41db,0xa6fe,0x8080,0x0000,finite_normal_output,0,0
ttnn_device,0x41dc,0x3f80,0x18c9,0x18c9,finite_normal_output,1,0
ttnn_device,0x41dc,0x4080,0x19c9,0x19c9,finite_normal_output,1,0
ttnn_device,0x41dc,0x4380,0x1cc9,0x1cc9,finite_normal_output,1,0
ttnn_device,0x41dc,0x4f80,0x28c9,0x28c9,finite_normal_output,1,0
ttnn_device,0x41dc,0x7f7f,0x58c8,0x58c8,finite_normal_output,1,0
ttnn_device,0x41dc,0xff7f,0xd8c8,0xd8c8,finite_normal_output,1,0
ttnn_device,0x41dc,0x2721,0x007e,0x0000,outside_scope,,0
ttnn_device,0x41dc,0xa721,0x807e,0x0000,outside_scope,,0
ttnn_device,0x41dc,0x2722,0x007f,0x0000,outside_scope,,0
ttnn_device,0x41dc,0xa722,0x807f,0x0000,outside_scope,,0
ttnn_device,0x41dc,0x2723,0x0080,0x0000,finite_normal_output,0,0
ttnn_device,0x41dc,0xa723,0x8080,0x0000,finite_normal_output,0,0
ttnn_device,0x41dd,0x3f80,0x189d,0x189d,finite_normal_output,1,0
ttnn_device,0x41dd,0x4080,0x199d,0x199d,finite_normal_output,1,0
ttnn_device,0x41dd,0x4380,0x1c9d,0x1c9d,finite_normal_output,1,0
ttnn_device,0x41dd,0x4f80,0x289d,0x289d,finite_normal_output,1,0
ttnn_device,0x41dd,0x7f7f,0x589c,0x589c,finite_normal_output,1,0
ttnn_device,0x41dd,0xff7f,0xd89c,0xd89c,finite_normal_output,1,0
ttnn_device,0x41dd,0x274f,0x007f,0x0000,outside_scope,,0
ttnn_device,0x41dd,0xa74f,0x807f,0x0000,outside_scope,,0
ttnn_device,0x41dd,0x2750,0x007f,0x0000,outside_scope,,0
ttnn_device,0x41dd,0xa750,0x807f,0x0000,outside_scope,,0
ttnn_device,0x41dd,0x2751,0x0080,0x0080,finite_normal_output,1,0
ttnn_device,0x41dd,0xa751,0x8080,0x8080,finite_normal_output,1,0
ttnn_device,0x41de,0x3f80,0x1874,0x1874,finite_normal_output,1,0
ttnn_device,0x41de,0x4080,0x1974,0x1974,finite_normal_output,1,0
ttnn_device,0x41de,0x4380,0x1c74,0x1c74,finite_normal_output,1,0
ttnn_device,0x41de,0x4f80,0x2874,0x2874,finite_normal_output,1,0
ttnn_device,0x41de,0x7f7f,0x5873,0x5873,finite_normal_output,1,0
ttnn_device,0x41de,0xff7f,0xd873,0xd873,finite_normal_output,1,0
ttnn_device,0x41de,0x2785,0x007f,0x0000,outside_scope,,0
ttnn_device,0x41de,0xa785,0x807f,0x0000,outside_scope,,0
ttnn_device,0x41de,0x2786,0x0080,0x0000,finite_normal_output,0,0
ttnn_device,0x41de,0xa786,0x8080,0x0000,finite_normal_output,0,0
ttnn_device,0x41de,0x2787,0x0081,0x0081,finite_normal_output,1,0
ttnn_device,0x41de,0xa787,0x8081,0x8081,finite_normal_output,1,0
ttnn_device,0x41df,0x3f80,0x183e,0x183e,finite_normal_output,1,0
ttnn_device,0x41df,0x4080,0x193e,0x193e,finite_normal_output,1,0
ttnn_device,0x41df,0x4380,0x1c3e,0x1c3e,finite_normal_output,1,0
ttnn_device,0x41df,0x4f80,0x283e,0x283e,finite_normal_output,1,0
ttnn_device,0x41df,0x7f7f,0x583d,0x583d,finite_normal_output,1,0
ttnn_device,0x41df,0xff7f,0xd83d,0xd83d,finite_normal_output,1,1
ttnn_device,0x41df,0x27ab,0x007f,0x0000,outside_scope,,0
ttnn_device,0x41df,0xa7ab,0x807f,0x0000,outside_scope,,0
ttnn_device,0x41df,0x27ac,0x0080,0x0000,finite_normal_output,0,0
ttnn_device,0x41df,0xa7ac,0x8080,0x0000,finite_normal_output,0,0
ttnn_device,0x41df,0x27ad,0x0080,0x0080,finite_normal_output,1,0
ttnn_device,0x41df,0xa7ad,0x8080,0x8080,finite_normal_output,1,0
ttnn_device,0x41e0,0x3f80,0x1814,0x1814,finite_normal_output,1,0
ttnn_device,0x41e0,0x4080,0x1914,0x1914,finite_normal_output,1,0
ttnn_device,0x41e0,0x4380,0x1c14,0x1c14,finite_normal_output,1,0
ttnn_device,0x41e0,0x4f80,0x2814,0x2814,finite_normal_output,1,0
ttnn_device,0x41e0,0x7f7f,0x5813,0x5813,finite_normal_output,1,0
ttnn_device,0x41e0,0xff7f,0xd813,0xd813,finite_normal_output,1,0
ttnn_device,0x41e0,0x27dc,0x007f,0x0000,outside_scope,,0
ttnn_device,0x41e0,0xa7dc,0x807f,0x0000,outside_scope,,0
ttnn_device,0x41e0,0x27dd,0x0080,0x0000,finite_normal_output,0,0
ttnn_device,0x41e0,0xa7dd,0x8080,0x0000,finite_normal_output,0,0
ttnn_device,0x41e0,0x27de,0x0080,0x0080,finite_normal_output,1,0
ttnn_device,0x41e0,0xa7de,0x8080,0x8080,finite_normal_output,1,0
ttnn_device,0x41e1,0x3f80,0x17e6,0x17e6,finite_normal_output,1,0
ttnn_device,0x41e1,0x4080,0x18e6,0x18e6,finite_normal_output,1,0
ttnn_device,0x41e1,0x4380,0x1be6,0x1be6,finite_normal_output,1,0
ttnn_device,0x41e1,0x4f80,0x27e6,0x27e6,finite_normal_output,1,0
ttnn_device,0x41e1,0x7f7f,0x57e6,0x57e5,finite_normal_output,1,0
ttnn_device,0x41e1,0xff7f,0xd7e6,0xd7e5,finite_normal_output,1,0
ttnn_device,0x41e1,0x280d,0x007f,0x0000,outside_scope,,0
ttnn_device,0x41e1,0xa80d,0x807f,0x0000,outside_scope,,0
ttnn_device,0x41e1,0x280e,0x0080,0x0000,finite_normal_output,0,0
ttnn_device,0x41e1,0xa80e,0x8080,0x0000,finite_normal_output,0,0
ttnn_device,0x41e1,0x280f,0x0081,0x0080,finite_normal_output,1,0
ttnn_device,0x41e1,0xa80f,0x8081,0x8080,finite_normal_output,1,0
ttnn_device,0x41e2,0x3f80,0x17b3,0x17b3,finite_normal_output,1,0
ttnn_device,0x41e2,0x4080,0x18b3,0x18b3,finite_normal_output,1,0
ttnn_device,0x41e2,0x4380,0x1bb3,0x1bb3,finite_normal_output,1,0
ttnn_device,0x41e2,0x4f80,0x27b3,0x27b3,finite_normal_output,1,0
ttnn_device,0x41e2,0x7f7f,0x57b3,0x57b2,finite_normal_output,1,0
ttnn_device,0x41e2,0xff7f,0xd7b3,0xd7b2,finite_normal_output,1,0
ttnn_device,0x41e2,0x2835,0x007f,0x0000,outside_scope,,0
ttnn_device,0x41e2,0xa835,0x807f,0x0000,outside_scope,,0
ttnn_device,0x41e2,0x2836,0x0080,0x0000,finite_normal_output,0,0
ttnn_device,0x41e2,0xa836,0x8080,0x0000,finite_normal_output,0,0
ttnn_device,0x41e2,0x2837,0x0080,0x0000,finite_normal_output,0,0
ttnn_device,0x41e2,0xa837,0x8080,0x0000,finite_normal_output,0,0
ttnn_device,0x41e3,0x3f80,0x178c,0x178c,finite_normal_output,1,0
ttnn_device,0x41e3,0x4080,0x188c,0x188c,finite_normal_output,1,1
ttnn_device,0x41e3,0x4380,0x1b8c,0x1b8c,finite_normal_output,1,0
ttnn_device,0x41e3,0x4f80,0x278c,0x278c,finite_normal_output,1,0
ttnn_device,0x41e3,0x7f7f,0x578b,0x578b,finite_normal_output,1,0
ttnn_device,0x41e3,0xff7f,0xd78b,0xd78b,finite_normal_output,1,0
ttnn_device,0x41e3,0x2869,0x007f,0x0000,outside_scope,,0
ttnn_device,0x41e3,0xa869,0x807f,0x0000,outside_scope,,0
ttnn_device,0x41e3,0x286a,0x0080,0x0000,finite_normal_output,0,0
ttnn_device,0x41e3,0xa86a,0x8080,0x0000,finite_normal_output,0,0
ttnn_device,0x41e3,0x286b,0x0080,0x0081,finite_normal_output,1,0
ttnn_device,0x41e3,0xa86b,0x8080,0x8081,finite_normal_output,1,0
ttnn_device,0x41e4,0x3f80,0x175a,0x175a,finite_normal_output,1,0
ttnn_device,0x41e4,0x4080,0x185a,0x185a,finite_normal_output,1,0
ttnn_device,0x41e4,0x4380,0x1b5a,0x1b5a,finite_normal_output,1,0
ttnn_device,0x41e4,0x4f80,0x275a,0x275a,finite_normal_output,1,0
ttnn_device,0x41e4,0x7f7f,0x5759,0x5759,finite_normal_output,1,0
ttnn_device,0x41e4,0xff7f,0xd759,0xd759,finite_normal_output,1,0
ttnn_device,0x41e4,0x2895,0x007f,0x0000,outside_scope,,0
ttnn_device,0x41e4,0xa895,0x807f,0x0000,outside_scope,,0
ttnn_device,0x41e4,0x2896,0x0080,0x0000,finite_normal_output,0,0
ttnn_device,0x41e4,0xa896,0x8080,0x0000,finite_normal_output,0,0
ttnn_device,0x41e4,0x2897,0x0080,0x0081,finite_normal_output,1,0
ttnn_device,0x41e4,0xa897,0x8080,0x8081,finite_normal_output,1,0
ttnn_device,0x41e5,0x3f80,0x172a,0x172a,finite_normal_output,1,0
ttnn_device,0x41e5,0x4080,0x182a,0x182a,finite_normal_output,1,0
ttnn_device,0x41e5,0x4380,0x1b2a,0x1b2a,finite_normal_output,1,0
ttnn_device,0x41e5,0x4f80,0x272a,0x272a,finite_normal_output,1,0
ttnn_device,0x41e5,0x7f7f,0x5729,0x5729,finite_normal_output,1,0
ttnn_device,0x41e5,0xff7f,0xd729,0xd729,finite_normal_output,1,0
ttnn_device,0x41e5,0x28bf,0x007f,0x0000,outside_scope,,0
ttnn_device,0x41e5,0xa8bf,0x807f,0x0000,outside_scope,,0
ttnn_device,0x41e5,0x28c0,0x007f,0x0000,outside_scope,,0
ttnn_device,0x41e5,0xa8c0,0x807f,0x0000,outside_scope,,0
ttnn_device,0x41e5,0x28c1,0x0080,0x0080,finite_normal_output,1,0
ttnn_device,0x41e5,0xa8c1,0x8080,0x8080,finite_normal_output,1,0
ttnn_device,0x41e6,0x3f80,0x1704,0x1704,finite_normal_output,1,0
ttnn_device,0x41e6,0x4080,0x1804,0x1804,finite_normal_output,1,0
ttnn_device,0x41e6,0x4380,0x1b04,0x1b04,finite_normal_output,1,0
ttnn_device,0x41e6,0x4f80,0x2704,0x2704,finite_normal_output,1,0
ttnn_device,0x41e6,0x7f7f,0x5704,0x5703,finite_normal_output,1,0
ttnn_device,0x41e6,0xff7f,0xd704,0xd703,finite_normal_output,1,0
ttnn_device,0x41e6,0x28f6,0x007f,0x0000,outside_scope,,0
ttnn_device,0x41e6,0xa8f6,0x807f,0x0000,outside_scope,,0
ttnn_device,0x41e6,0x28f7,0x007f,0x0000,outside_scope,,0
ttnn_device,0x41e6,0xa8f7,0x807f,0x0000,outside_scope,,0
ttnn_device,0x41e6,0x28f8,0x0080,0x0000,finite_normal_output,0,0
ttnn_device,0x41e6,0xa8f8,0x8080,0x0000,finite_normal_output,0,0
ttnn_device,0x41e7,0x3f80,0x16ce,0x16ce,finite_normal_output,1,0
ttnn_device,0x41e7,0x4080,0x17ce,0x17ce,finite_normal_output,1,0
ttnn_device,0x41e7,0x4380,0x1ace,0x1ace,finite_normal_output,1,1
ttnn_device,0x41e7,0x4f80,0x26ce,0x26ce,finite_normal_output,1,0
ttnn_device,0x41e7,0x7f7f,0x56cd,0x56cd,finite_normal_output,1,0
ttnn_device,0x41e7,0xff7f,0xd6cd,0xd6cd,finite_normal_output,1,0
ttnn_device,0x41e7,0x291e,0x007f,0x0000,outside_scope,,0
ttnn_device,0x41e7,0xa91e,0x807f,0x0000,outside_scope,,0
ttnn_device,0x41e7,0x291f,0x0080,0x0000,finite_normal_output,0,0
ttnn_device,0x41e7,0xa91f,0x8080,0x0000,finite_normal_output,0,0
ttnn_device,0x41e7,0x2920,0x0081,0x0081,finite_normal_output,1,0
ttnn_device,0x41e7,0xa920,0x8081,0x8081,finite_normal_output,1,0
ttnn_device,0x41e8,0x3f80,0x16a0,0x16a0,finite_normal_output,1,0
ttnn_device,0x41e8,0x4080,0x17a0,0x17a0,finite_normal_output,1,0
ttnn_device,0x41e8,0x4380,0x1aa0,0x1aa0,finite_normal_output,1,0
ttnn_device,0x41e8,0x4f80,0x26a0,0x26a0,finite_normal_output,1,0
ttnn_device,0x41e8,0x7f7f,0x56a0,0x569f,finite_normal_output,1,0
ttnn_device,0x41e8,0xff7f,0xd6a0,0xd69f,finite_normal_output,1,0
ttnn_device,0x41e8,0x294b,0x007f,0x0000,outside_scope,,0
ttnn_device,0x41e8,0xa94b,0x807f,0x0000,outside_scope,,0
ttnn_device,0x41e8,0x294c,0x0080,0x0000,finite_normal_output,0,0
ttnn_device,0x41e8,0xa94c,0x8080,0x0000,finite_normal_output,0,0
ttnn_device,0x41e8,0x294d,0x0080,0x0080,finite_normal_output,1,0
ttnn_device,0x41e8,0xa94d,0x8080,0x8080,finite_normal_output,1,0
ttnn_device,0x41e9,0x3f80,0x167a,0x167a,finite_normal_output,1,0
ttnn_device,0x41e9,0x4080,0x177a,0x177a,finite_normal_output,1,0
ttnn_device,0x41e9,0x4380,0x1a7a,0x1a7a,finite_normal_output,1,0
ttnn_device,0x41e9,0x4f80,0x267a,0x267a,finite_normal_output,1,0
ttnn_device,0x41e9,0x7f7f,0x5679,0x5679,finite_normal_output,1,0
ttnn_device,0x41e9,0xff7f,0xd679,0xd679,finite_normal_output,1,0
ttnn_device,0x41e9,0x2982,0x007f,0x0000,outside_scope,,0
ttnn_device,0x41e9,0xa982,0x807f,0x0000,outside_scope,,0
ttnn_device,0x41e9,0x2983,0x0080,0x0000,finite_normal_output,0,0
ttnn_device,0x41e9,0xa983,0x8080,0x0000,finite_normal_output,0,0
ttnn_device,0x41e9,0x2984,0x0081,0x0081,finite_normal_output,1,0
ttnn_device,0x41e9,0xa984,0x8081,0x8081,finite_normal_output,1,0
ttnn_device,0x41ea,0x3f80,0x1642,0x1642,finite_normal_output,1,0
ttnn_device,0x41ea,0x4080,0x1742,0x1742,finite_normal_output,1,0
ttnn_device,0x41ea,0x4380,0x1a42,0x1a42,finite_normal_output,1,0
ttnn_device,0x41ea,0x4f80,0x2642,0x2642,finite_normal_output,1,0
ttnn_device,0x41ea,0x7f7f,0x5642,0x5641,finite_normal_output,1,0
ttnn_device,0x41ea,0xff7f,0xd642,0xd641,finite_normal_output,1,0
ttnn_device,0x41ea,0x29a7,0x007f,0x0000,outside_scope,,0
ttnn_device,0x41ea,0xa9a7,0x807f,0x0000,outside_scope,,0
ttnn_device,0x41ea,0x29a8,0x0080,0x0000,finite_normal_output,0,0
ttnn_device,0x41ea,0xa9a8,0x8080,0x0000,finite_normal_output,0,0
ttnn_device,0x41ea,0x29a9,0x0080,0x0080,finite_normal_output,1,1
ttnn_device,0x41ea,0xa9a9,0x8080,0x8080,finite_normal_output,1,0
ttnn_device,0x41eb,0x3f80,0x1617,0x1617,finite_normal_output,1,0
ttnn_device,0x41eb,0x4080,0x1717,0x1717,finite_normal_output,1,0
ttnn_device,0x41eb,0x4380,0x1a17,0x1a17,finite_normal_output,1,0
ttnn_device,0x41eb,0x4f80,0x2617,0x2617,finite_normal_output,1,0
ttnn_device,0x41eb,0x7f7f,0x5617,0x5616,finite_normal_output,1,0
ttnn_device,0x41eb,0xff7f,0xd617,0xd616,finite_normal_output,1,0
ttnn_device,0x41eb,0x29d7,0x007f,0x0000,outside_scope,,0
ttnn_device,0x41eb,0xa9d7,0x807f,0x0000,outside_scope,,0
ttnn_device,0x41eb,0x29d8,0x0080,0x0000,finite_normal_output,0,0
ttnn_device,0x41eb,0xa9d8,0x8080,0x0000,finite_normal_output,0,0
ttnn_device,0x41eb,0x29d9,0x0080,0x0000,finite_normal_output,0,0
ttnn_device,0x41eb,0xa9d9,0x8080,0x0000,finite_normal_output,0,0
ttnn_device,0x41ec,0x3f80,0x15ec,0x15ec,finite_normal_output,1,0
ttnn_device,0x41ec,0x4080,0x16ec,0x16ec,finite_normal_output,1,0
ttnn_device,0x41ec,0x4380,0x19ec,0x19ec,finite_normal_output,1,0
ttnn_device,0x41ec,0x4f80,0x25ec,0x25ec,finite_normal_output,1,0
ttnn_device,0x41ec,0x7f7f,0x55eb,0x55eb,finite_normal_output,1,0
ttnn_device,0x41ec,0xff7f,0xd5eb,0xd5eb,finite_normal_output,1,0
ttnn_device,0x41ec,0x2a09,0x007e,0x0000,outside_scope,,0
ttnn_device,0x41ec,0xaa09,0x807e,0x0000,outside_scope,,0
ttnn_device,0x41ec,0x2a0a,0x007f,0x0000,outside_scope,,0
ttnn_device,0x41ec,0xaa0a,0x807f,0x0000,outside_scope,,0
ttnn_device,0x41ec,0x2a0b,0x0080,0x0080,finite_normal_output,1,0
ttnn_device,0x41ec,0xaa0b,0x8080,0x8080,finite_normal_output,1,0
ttnn_device,0x41ed,0x3f80,0x15b8,0x15b8,finite_normal_output,1,0
ttnn_device,0x41ed,0x4080,0x16b8,0x16b8,finite_normal_output,1,0
ttnn_device,0x41ed,0x4380,0x19b8,0x19b8,finite_normal_output,1,0
ttnn_device,0x41ed,0x4f80,0x25b8,0x25b8,finite_normal_output,1,0
ttnn_device,0x41ed,0x7f7f,0x55b7,0x55b7,finite_normal_output,1,0
ttnn_device,0x41ed,0xff7f,0xd5b7,0xd5b7,finite_normal_output,1,0
ttnn_device,0x41ed,0x2a31,0x007f,0x0000,outside_scope,,0
ttnn_device,0x41ed,0xaa31,0x807f,0x0000,outside_scope,,0
ttnn_device,0x41ed,0x2a32,0x0080,0x0000,finite_normal_output,0,0
ttnn_device,0x41ed,0xaa32,0x8080,0x0000,finite_normal_output,0,0
ttnn_device,0x41ed,0x2a33,0x0080,0x0081,finite_normal_output,1,0
ttnn_device,0x41ed,0xaa33,0x8080,0x8081,finite_normal_output,1,0
ttnn_device,0x41ee,0x3f80,0x158f,0x158f,finite_normal_output,1,0
ttnn_device,0x41ee,0x4080,0x168f,0x168f,finite_normal_output,1,0
ttnn_device,0x41ee,0x4380,0x198f,0x198f,finite_normal_output,1,0
ttnn_device,0x41ee,0x4f80,0x258f,0x258f,finite_normal_output,1,0
ttnn_device,0x41ee,0x7f7f,0x558e,0x558e,finite_normal_output,1,0
ttnn_device,0x41ee,0xff7f,0xd58e,0xd58e,finite_normal_output,1,0
ttnn_device,0x41ee,0x2a63,0x007f,0x0000,outside_scope,,0
ttnn_device,0x41ee,0xaa63,0x807f,0x0000,outside_scope,,0
ttnn_device,0x41ee,0x2a64,0x007f,0x0000,outside_scope,,0
ttnn_device,0x41ee,0xaa64,0x807f,0x0000,outside_scope,,0
ttnn_device,0x41ee,0x2a65,0x0080,0x0000,finite_normal_output,0,0
ttnn_device,0x41ee,0xaa65,0x8080,0x0000,finite_normal_output,0,1
ttnn_device,0x41ef,0x3f80,0x155f,0x155f,finite_normal_output,1,0
ttnn_device,0x41ef,0x4080,0x165f,0x165f,finite_normal_output,1,0
ttnn_device,0x41ef,0x4380,0x195f,0x195f,finite_normal_output,1,0
ttnn_device,0x41ef,0x4f80,0x255f,0x255f,finite_normal_output,1,0
ttnn_device,0x41ef,0x7f7f,0x555e,0x555e,finite_normal_output,1,0
ttnn_device,0x41ef,0xff7f,0xd55e,0xd55e,finite_normal_output,1,0
ttnn_device,0x41ef,0x2a92,0x007f,0x0000,outside_scope,,0
ttnn_device,0x41ef,0xaa92,0x807f,0x0000,outside_scope,,0
ttnn_device,0x41ef,0x2a93,0x0080,0x0080,finite_normal_output,1,0
ttnn_device,0x41ef,0xaa93,0x8080,0x8080,finite_normal_output,1,0
ttnn_device,0x41ef,0x2a94,0x0081,0x0081,finite_normal_output,1,0
ttnn_device,0x41ef,0xaa94,0x8081,0x8081,finite_normal_output,1,0
ttnn_device,0x41f0,0x3f80,0x152d,0x152d,finite_normal_output,1,0
ttnn_device,0x41f0,0x4080,0x162d,0x162d,finite_normal_output,1,0
ttnn_device,0x41f0,0x4380,0x192d,0x192d,finite_normal_output,1,0
ttnn_device,0x41f0,0x4f80,0x252d,0x252d,finite_normal_output,1,0
ttnn_device,0x41f0,0x7f7f,0x552d,0x552c,finite_normal_output,1,0
ttnn_device,0x41f0,0xff7f,0xd52d,0xd52c,finite_normal_output,1,0
ttnn_device,0x41f0,0x2abb,0x007f,0x0000,outside_scope,,0
ttnn_device,0x41f0,0xaabb,0x807f,0x0000,outside_scope,,0
ttnn_device,0x41f0,0x2abc,0x007f,0x0000,outside_scope,,0
ttnn_device,0x41f0,0xaabc,0x807f,0x0000,outside_scope,,0
ttnn_device,0x41f0,0x2abd,0x0080,0x0000,finite_normal_output,0,0
ttnn_device,0x41f0,0xaabd,0x8080,0x0000,finite_normal_output,0,0
ttnn_device,0x41f1,0x3f80,0x1507,0x1507,finite_normal_output,1,0
ttnn_device,0x41f1,0x4080,0x1607,0x1607,finite_normal_output,1,0
ttnn_device,0x41f1,0x4380,0x1907,0x1907,finite_normal_output,1,0
ttnn_device,0x41f1,0x4f80,0x2507,0x2507,finite_normal_output,1,0
ttnn_device,0x41f1,0x7f7f,0x5507,0x5506,finite_normal_output,1,0
ttnn_device,0x41f1,0xff7f,0xd507,0xd506,finite_normal_output,1,0
ttnn_device,0x41f1,0x2af1,0x007f,0x0000,outside_scope,,0
ttnn_device,0x41f1,0xaaf1,0x807f,0x0000,outside_scope,,0
ttnn_device,0x41f1,0x2af2,0x0080,0x0000,finite_normal_output,0,0
ttnn_device,0x41f1,0xaaf2,0x8080,0x0000,finite_normal_output,0,0
ttnn_device,0x41f1,0x2af3,0x0080,0x0080,finite_normal_output,1,0
ttnn_device,0x41f1,0xaaf3,0x8080,0x8080,finite_normal_output,1,0
ttnn_device,0x41f2,0x3f80,0x14d2,0x14d2,finite_normal_output,1,0
ttnn_device,0x41f2,0x4080,0x15d2,0x15d2,finite_normal_output,1,0
ttnn_device,0x41f2,0x4380,0x18d2,0x18d2,finite_normal_output,1,0
ttnn_device,0x41f2,0x4f80,0x24d2,0x24d2,finite_normal_output,1,0
ttnn_device,0x41f2,0x7f7f,0x54d2,0x54d1,finite_normal_output,1,0
ttnn_device,0x41f2,0xff7f,0xd4d2,0xd4d1,finite_normal_output,1,0
ttnn_device,0x41f2,0x2b1a,0x007f,0x0000,outside_scope,,0
ttnn_device,0x41f2,0xab1a,0x807f,0x0000,outside_scope,,0
ttnn_device,0x41f2,0x2b1b,0x007f,0x0000,outside_scope,,0
ttnn_device,0x41f2,0xab1b,0x807f,0x0000,outside_scope,,0
ttnn_device,0x41f2,0x2b1c,0x0080,0x0000,finite_normal_output,0,0
ttnn_device,0x41f2,0xab1c,0x8080,0x0000,finite_normal_output,0,1
ttnn_device,0x41f3,0x3f80,0x14a4,0x14a4,finite_normal_output,1,0
ttnn_device,0x41f3,0x4080,0x15a4,0x15a4,finite_normal_output,1,0
ttnn_device,0x41f3,0x4380,0x18a4,0x18a4,finite_normal_output,1,0
ttnn_device,0x41f3,0x4f80,0x24a4,0x24a4,finite_normal_output,1,0
ttnn_device,0x41f3,0x7f7f,0x54a3,0x54a3,finite_normal_output,1,0
ttnn_device,0x41f3,0xff7f,0xd4a3,0xd4a3,finite_normal_output,1,0
ttnn_device,0x41f3,0x2b46,0x007f,0x0000,outside_scope,,0
ttnn_device,0x41f3,0xab46,0x807f,0x0000,outside_scope,,0
ttnn_device,0x41f3,0x2b47,0x007f,0x0000,outside_scope,,0
ttnn_device,0x41f3,0xab47,0x807f,0x0000,outside_scope,,0
ttnn_device,0x41f3,0x2b48,0x0080,0x0080,finite_normal_output,1,0
ttnn_device,0x41f3,0xab48,0x8080,0x8080,finite_normal_output,1,0
ttnn_device,0x41f4,0x3f80,0x147f,0x147f,finite_normal_output,1,0
ttnn_device,0x41f4,0x4080,0x157f,0x157f,finite_normal_output,1,0
ttnn_device,0x41f4,0x4380,0x187f,0x187f,finite_normal_output,1,0
ttnn_device,0x41f4,0x4f80,0x247f,0x247f,finite_normal_output,1,0
ttnn_device,0x41f4,0x7f7f,0x547e,0x547e,finite_normal_output,1,0
ttnn_device,0x41f4,0xff7f,0xd47e,0xd47e,finite_normal_output,1,0
ttnn_device,0x41f4,0x2b7f,0x007f,0x0000,outside_scope,,0
ttnn_device,0x41f4,0xab7f,0x807f,0x0000,outside_scope,,0
ttnn_device,0x41f4,0x2b80,0x0080,0x0000,finite_normal_output,0,0
ttnn_device,0x41f4,0xab80,0x8080,0x0000,finite_normal_output,0,0
ttnn_device,0x41f4,0x2b81,0x0081,0x0080,finite_normal_output,1,0
ttnn_device,0x41f4,0xab81,0x8081,0x8080,finite_normal_output,1,0
ttnn_device,0x41f5,0x3f80,0x1447,0x1447,finite_normal_output,1,0
ttnn_device,0x41f5,0x4080,0x1547,0x1547,finite_normal_output,1,0
ttnn_device,0x41f5,0x4380,0x1847,0x1847,finite_normal_output,1,0
ttnn_device,0x41f5,0x4f80,0x2447,0x2447,finite_normal_output,1,0
ttnn_device,0x41f5,0x7f7f,0x5446,0x5446,finite_normal_output,1,0
ttnn_device,0x41f5,0xff7f,0xd446,0xd446,finite_normal_output,1,0
ttnn_device,0x41f5,0x2ba3,0x007f,0x0000,outside_scope,,0
ttnn_device,0x41f5,0xaba3,0x807f,0x0000,outside_scope,,0
ttnn_device,0x41f5,0x2ba4,0x007f,0x0000,outside_scope,,0
ttnn_device,0x41f5,0xaba4,0x807f,0x0000,outside_scope,,0
ttnn_device,0x41f5,0x2ba5,0x0080,0x0080,finite_normal_output,1,0
ttnn_device,0x41f5,0xaba5,0x8080,0x8080,finite_normal_output,1,0
ttnn_device,0x41f6,0x3f80,0x141b,0x141b,finite_normal_output,1,0
ttnn_device,0x41f6,0x4080,0x151b,0x151b,finite_normal_output,1,0
ttnn_device,0x41f6,0x4380,0x181b,0x181b,finite_normal_output,1,0
ttnn_device,0x41f6,0x4f80,0x241b,0x241b,finite_normal_output,1,0
ttnn_device,0x41f6,0x7f7f,0x541a,0x541a,finite_normal_output,1,0
ttnn_device,0x41f6,0xff7f,0xd41a,0xd41a,finite_normal_output,1,0
ttnn_device,0x41f6,0x2bd2,0x007f,0x0000,outside_scope,,0
ttnn_device,0x41f6,0xabd2,0x807f,0x0000,outside_scope,,0
ttnn_device,0x41f6,0x2bd3,0x0080,0x0000,finite_normal_output,0,0
ttnn_device,0x41f6,0xabd3,0x8080,0x0000,finite_normal_output,0,0
ttnn_device,0x41f6,0x2bd4,0x0080,0x0080,finite_normal_output,1,0
ttnn_device,0x41f6,0xabd4,0x8080,0x8080,finite_normal_output,1,0
ttnn_device,0x41f7,0x3f80,0x13f1,0x13f1,finite_normal_output,1,1
ttnn_device,0x41f7,0x4080,0x14f1,0x14f1,finite_normal_output,1,0
ttnn_device,0x41f7,0x4380,0x17f1,0x17f1,finite_normal_output,1,0
ttnn_device,0x41f7,0x4f80,0x23f1,0x23f1,finite_normal_output,1,0
ttnn_device,0x41f7,0x7f7f,0x53f0,0x53f0,finite_normal_output,1,0
ttnn_device,0x41f7,0xff7f,0xd3f0,0xd3f0,finite_normal_output,1,0
ttnn_device,0x41f7,0x2c06,0x007e,0x0000,outside_scope,,0
ttnn_device,0x41f7,0xac06,0x807e,0x0000,outside_scope,,0
ttnn_device,0x41f7,0x2c07,0x007f,0x0000,outside_scope,,0
ttnn_device,0x41f7,0xac07,0x807f,0x0000,outside_scope,,0
ttnn_device,0x41f7,0x2c08,0x0080,0x0080,finite_normal_output,1,0
ttnn_device,0x41f7,0xac08,0x8080,0x8080,finite_normal_output,1,0
ttnn_device,0x41f8,0x3f80,0x13bc,0x13bc,finite_normal_output,1,0
ttnn_device,0x41f8,0x4080,0x14bc,0x14bc,finite_normal_output,1,0
ttnn_device,0x41f8,0x4380,0x17bc,0x17bc,finite_normal_output,1,0
ttnn_device,0x41f8,0x4f80,0x23bc,0x23bc,finite_normal_output,1,0
ttnn_device,0x41f8,0x7f7f,0x53bb,0x53bb,finite_normal_output,1,0
ttnn_device,0x41f8,0xff7f,0xd3bb,0xd3bb,finite_normal_output,1,0
ttnn_device,0x41f8,0x2c2d,0x007f,0x0000,outside_scope,,0
ttnn_device,0x41f8,0xac2d,0x807f,0x0000,outside_scope,,0
ttnn_device,0x41f8,0x2c2e,0x0080,0x0000,finite_normal_output,0,0
ttnn_device,0x41f8,0xac2e,0x8080,0x0000,finite_normal_output,0,0
ttnn_device,0x41f8,0x2c2f,0x0080,0x0081,finite_normal_output,1,0
ttnn_device,0x41f8,0xac2f,0x8080,0x8081,finite_normal_output,1,0
ttnn_device,0x41f9,0x3f80,0x1392,0x1392,finite_normal_output,1,0
ttnn_device,0x41f9,0x4080,0x1492,0x1492,finite_normal_output,1,0
ttnn_device,0x41f9,0x4380,0x1792,0x1792,finite_normal_output,1,0
ttnn_device,0x41f9,0x4f80,0x2392,0x2392,finite_normal_output,1,0
ttnn_device,0x41f9,0x7f7f,0x5392,0x5391,finite_normal_output,1,0
ttnn_device,0x41f9,0xff7f,0xd392,0xd391,finite_normal_output,1,0
ttnn_device,0x41f9,0x2c5e,0x007f,0x0000,outside_scope,,0
ttnn_device,0x41f9,0xac5e,0x807f,0x0000,outside_scope,,0
ttnn_device,0x41f9,0x2c5f,0x007f,0x0000,outside_scope,,0
ttnn_device,0x41f9,0xac5f,0x807f,0x0000,outside_scope,,0
ttnn_device,0x41f9,0x2c60,0x0080,0x0000,finite_normal_output,0,0
ttnn_device,0x41f9,0xac60,0x8080,0x0000,finite_normal_output,0,0
ttnn_device,0x41fa,0x3f80,0x1364,0x1364,finite_normal_output,1,0
ttnn_device,0x41fa,0x4080,0x1464,0x1464,finite_normal_output,1,0
ttnn_device,0x41fa,0x4380,0x1764,0x1764,finite_normal_output,1,0
ttnn_device,0x41fa,0x4f80,0x2364,0x2364,finite_normal_output,1,0
ttnn_device,0x41fa,0x7f7f,0x5363,0x5363,finite_normal_output,1,0
ttnn_device,0x41fa,0xff7f,0xd363,0xd363,finite_normal_output,1,0
ttnn_device,0x41fa,0x2c8e,0x007e,0x0000,outside_scope,,0
ttnn_device,0x41fa,0xac8e,0x807e,0x0000,outside_scope,,0
ttnn_device,0x41fa,0x2c8f,0x007f,0x0000,outside_scope,,0
ttnn_device,0x41fa,0xac8f,0x807f,0x0000,outside_scope,,0
ttnn_device,0x41fa,0x2c90,0x0080,0x0080,finite_normal_output,1,0
ttnn_device,0x41fa,0xac90,0x8080,0x8080,finite_normal_output,1,0
ttnn_device,0x41fb,0x3f80,0x1331,0x1331,finite_normal_output,1,0
ttnn_device,0x41fb,0x4080,0x1431,0x1431,finite_normal_output,1,0
ttnn_device,0x41fb,0x4380,0x1731,0x1731,finite_normal_output,1,1
ttnn_device,0x41fb,0x4f80,0x2331,0x2331,finite_normal_output,1,0
ttnn_device,0x41fb,0x7f7f,0x5331,0x5330,finite_normal_output,1,0
ttnn_device,0x41fb,0xff7f,0xd331,0xd330,finite_normal_output,1,0
ttnn_device,0x41fb,0x2cb7,0x007f,0x0000,outside_scope,,0
ttnn_device,0x41fb,0xacb7,0x807f,0x0000,outside_scope,,0
ttnn_device,0x41fb,0x2cb8,0x0080,0x0000,finite_normal_output,0,0
ttnn_device,0x41fb,0xacb8,0x8080,0x0000,finite_normal_output,0,0
ttnn_device,0x41fb,0x2cb9,0x0080,0x0000,finite_normal_output,0,0
ttnn_device,0x41fb,0xacb9,0x8080,0x0000,finite_normal_output,0,0
ttnn_device,0x41fc,0x3f80,0x130a,0x130a,finite_normal_output,1,0
ttnn_device,0x41fc,0x4080,0x140a,0x140a,finite_normal_output,1,0
ttnn_device,0x41fc,0x4380,0x170a,0x170a,finite_normal_output,1,0
ttnn_device,0x41fc,0x4f80,0x230a,0x230a,finite_normal_output,1,0
ttnn_device,0x41fc,0x7f7f,0x530a,0x5309,finite_normal_output,1,0
ttnn_device,0x41fc,0xff7f,0xd30a,0xd309,finite_normal_output,1,0
ttnn_device,0x41fc,0x2ceb,0x007f,0x0000,outside_scope,,0
ttnn_device,0x41fc,0xaceb,0x807f,0x0000,outside_scope,,0
ttnn_device,0x41fc,0x2cec,0x007f,0x0000,outside_scope,,0
ttnn_device,0x41fc,0xacec,0x807f,0x0000,outside_scope,,0
ttnn_device,0x41fc,0x2ced,0x0080,0x0000,finite_normal_output,0,0
ttnn_device,0x41fc,0xaced,0x8080,0x0000,finite_normal_output,0,0
ttnn_device,0x41fd,0x3f80,0x12d7,0x12d7,finite_normal_output,1,0
ttnn_device,0x41fd,0x4080,0x13d7,0x13d7,finite_normal_output,1,0
ttnn_device,0x41fd,0x4380,0x16d7,0x16d7,finite_normal_output,1,0
ttnn_device,0x41fd,0x4f80,0x22d7,0x22d7,finite_normal_output,1,0
ttnn_device,0x41fd,0x7f7f,0x52d6,0x52d6,finite_normal_output,1,0
ttnn_device,0x41fd,0xff7f,0xd2d6,0xd2d6,finite_normal_output,1,0
ttnn_device,0x41fd,0x2d17,0x007f,0x0000,outside_scope,,0
ttnn_device,0x41fd,0xad17,0x807f,0x0000,outside_scope,,0
ttnn_device,0x41fd,0x2d18,0x0080,0x0000,finite_normal_output,0,0
ttnn_device,0x41fd,0xad18,0x8080,0x0000,finite_normal_output,0,0
ttnn_device,0x41fd,0x2d19,0x0081,0x0080,finite_normal_output,1,0
ttnn_device,0x41fd,0xad19,0x8081,0x8080,finite_normal_output,1,0
ttnn_device,0x41fe,0x3f80,0x12a8,0x12a8,finite_normal_output,1,0
ttnn_device,0x41fe,0x4080,0x13a8,0x13a8,finite_normal_output,1,0
ttnn_device,0x41fe,0x4380,0x16a8,0x16a8,finite_normal_output,1,0
ttnn_device,0x41fe,0x4f80,0x22a8,0x22a8,finite_normal_output,1,0
ttnn_device,0x41fe,0x7f7f,0x52a7,0x52a7,finite_normal_output,1,0
ttnn_device,0x41fe,0xff7f,0xd2a7,0xd2a7,finite_normal_output,1,0
ttnn_device,0x41fe,0x2d42,0x007f,0x0000,outside_scope,,0
ttnn_device,0x41fe,0xad42,0x807f,0x0000,outside_scope,,0
ttnn_device,0x41fe,0x2d43,0x0080,0x0000,finite_normal_output,0,0
ttnn_device,0x41fe,0xad43,0x8080,0x0000,finite_normal_output,0,0
ttnn_device,0x41fe,0x2d44,0x0080,0x0081,finite_normal_output,1,0
ttnn_device,0x41fe,0xad44,0x8080,0x8081,finite_normal_output,1,0
ttnn_device,0x41ff,0x3f80,0x1283,0x1283,finite_normal_output,1,0
ttnn_device,0x41ff,0x4080,0x1383,0x1383,finite_normal_output,1,1
ttnn_device,0x41ff,0x4380,0x1683,0x1683,finite_normal_output,1,0
ttnn_device,0x41ff,0x4f80,0x2283,0x2283,finite_normal_output,1,0
ttnn_device,0x41ff,0x7f7f,0x5282,0x5282,finite_normal_output,1,0
ttnn_device,0x41ff,0xff7f,0xd282,0xd282,finite_normal_output,1,0
ttnn_device,0x41ff,0x2d79,0x007f,0x0000,outside_scope,,0
ttnn_device,0x41ff,0xad79,0x807f,0x0000,outside_scope,,0
ttnn_device,0x41ff,0x2d7a,0x007f,0x0000,outside_scope,,0
ttnn_device,0x41ff,0xad7a,0x807f,0x0000,outside_scope,,0
ttnn_device,0x41ff,0x2d7b,0x0080,0x0080,finite_normal_output,1,0
ttnn_device,0x41ff,0xad7b,0x8080,0x8080,finite_normal_output,1,0
ttnn_device,0x4200,0x3f80,0x124b,0x124b,finite_normal_output,1,0
ttnn_device,0x4200,0x4080,0x134b,0x134b,finite_normal_output,1,0
ttnn_device,0x4200,0x4380,0x164b,0x164b,finite_normal_output,1,0
ttnn_device,0x4200,0x4f80,0x224b,0x224b,finite_normal_output,1,0
ttnn_device,0x4200,0x7f7f,0x524b,0x524a,finite_normal_output,1,0
ttnn_device,0x4200,0xff7f,0xd24b,0xd24a,finite_normal_output,1,0
ttnn_device,0x4200,0x2da0,0x007f,0x0000,outside_scope,,0
ttnn_device,0x4200,0xada0,0x807f,0x0000,outside_scope,,0
ttnn_device,0x4200,0x2da1,0x0080,0x0000,finite_normal_output,0,0
ttnn_device,0x4200,0xada1,0x8080,0x0000,finite_normal_output,0,0
ttnn_device,0x4200,0x2da2,0x0081,0x0080,finite_normal_output,1,0
ttnn_device,0x4200,0xada2,0x8081,0x8080,finite_normal_output,1,0
ttnn_device,0x4201,0x3f80,0x11f7,0x11f7,finite_normal_output,1,0
ttnn_device,0x4201,0x4080,0x12f7,0x12f7,finite_normal_output,1,0
ttnn_device,0x4201,0x4380,0x15f7,0x15f7,finite_normal_output,1,0
ttnn_device,0x4201,0x4f80,0x21f7,0x21f7,finite_normal_output,1,0
ttnn_device,0x4201,0x7f7f,0x51f6,0x51f6,finite_normal_output,1,0
ttnn_device,0x4201,0xff7f,0xd1f6,0xd1f6,finite_normal_output,1,0
ttnn_device,0x4201,0x2e03,0x007e,0x0000,outside_scope,,0
ttnn_device,0x4201,0xae03,0x807e,0x0000,outside_scope,,0
ttnn_device,0x4201,0x2e04,0x007f,0x0000,outside_scope,,0
ttnn_device,0x4201,0xae04,0x807f,0x0000,outside_scope,,0
ttnn_device,0x4201,0x2e05,0x0080,0x0080,finite_normal_output,1,0
ttnn_device,0x4201,0xae05,0x8080,0x8080,finite_normal_output,1,0
ttnn_device,0x4202,0x3f80,0x1196,0x1196,finite_normal_output,1,0
ttnn_device,0x4202,0x4080,0x1296,0x1296,finite_normal_output,1,0
ttnn_device,0x4202,0x4380,0x1596,0x1596,finite_normal_output,1,0
ttnn_device,0x4202,0x4f80,0x2196,0x2196,finite_normal_output,1,0
ttnn_device,0x4202,0x7f7f,0x5195,0x5195,finite_normal_output,1,0
ttnn_device,0x4202,0xff7f,0xd195,0xd195,finite_normal_output,1,0
ttnn_device,0x4202,0x2e59,0x007f,0x0000,outside_scope,,0
ttnn_device,0x4202,0xae59,0x807f,0x0000,outside_scope,,0
ttnn_device,0x4202,0x2e5a,0x007f,0x0000,outside_scope,,0
ttnn_device,0x4202,0xae5a,0x807f,0x0000,outside_scope,,0
ttnn_device,0x4202,0x2e5b,0x0080,0x0080,finite_normal_output,1,0
ttnn_device,0x4202,0xae5b,0x8080,0x8080,finite_normal_output,1,0
ttnn_device,0x4203,0x3f80,0x1135,0x1135,finite_normal_output,1,0
ttnn_device,0x4203,0x4080,0x1235,0x1235,finite_normal_output,1,0
ttnn_device,0x4203,0x4380,0x1535,0x1535,finite_normal_output,1,0
ttnn_device,0x4203,0x4f80,0x2135,0x2135,finite_normal_output,1,1
ttnn_device,0x4203,0x7f7f,0x5135,0x5134,finite_normal_output,1,0
ttnn_device,0x4203,0xff7f,0xd135,0xd134,finite_normal_output,1,0
ttnn_device,0x4203,0x2eb3,0x007f,0x0000,outside_scope,,0
ttnn_device,0x4203,0xaeb3,0x807f,0x0000,outside_scope,,0
ttnn_device,0x4203,0x2eb4,0x0080,0x0000,finite_normal_output,0,0
ttnn_device,0x4203,0xaeb4,0x8080,0x0000,finite_normal_output,0,0
ttnn_device,0x4203,0x2eb5,0x0080,0x0000,finite_normal_output,0,0
ttnn_device,0x4203,0xaeb5,0x8080,0x0000,finite_normal_output,0,0
ttnn_device,0x4204,0x3f80,0x10dc,0x10dc,finite_normal_output,1,0
ttnn_device,0x4204,0x4080,0x11dc,0x11dc,finite_normal_output,1,0
ttnn_device,0x4204,0x4380,0x14dc,0x14dc,finite_normal_output,1,0
ttnn_device,0x4204,0x4f80,0x20dc,0x20dc,finite_normal_output,1,0
ttnn_device,0x4204,0x7f7f,0x50db,0x50db,finite_normal_output,1,0
ttnn_device,0x4204,0xff7f,0xd0db,0xd0db,finite_normal_output,1,0
ttnn_device,0x4204,0x2f13,0x007e,0x0000,outside_scope,,0
ttnn_device,0x4204,0xaf13,0x807e,0x0000,outside_scope,,0
ttnn_device,0x4204,0x2f14,0x007f,0x0000,outside_scope,,0
ttnn_device,0x4204,0xaf14,0x807f,0x0000,outside_scope,,0
ttnn_device,0x4204,0x2f15,0x0080,0x0080,finite_normal_output,1,0
ttnn_device,0x4204,0xaf15,0x8080,0x8080,finite_normal_output,1,0
ttnn_device,0x4205,0x3f80,0x1086,0x1086,finite_normal_output,1,0
ttnn_device,0x4205,0x4080,0x1186,0x1186,finite_normal_output,1,0
ttnn_device,0x4205,0x4380,0x1486,0x1486,finite_normal_output,1,0
ttnn_device,0x4205,0x4f80,0x2086,0x2086,finite_normal_output,1,0
ttnn_device,0x4205,0x7f7f,0x5085,0x5085,finite_normal_output,1,0
ttnn_device,0x4205,0xff7f,0xd085,0xd085,finite_normal_output,1,0
ttnn_device,0x4205,0x2f73,0x007f,0x0000,outside_scope,,0
ttnn_device,0x4205,0xaf73,0x807f,0x0000,outside_scope,,0
ttnn_device,0x4205,0x2f74,0x007f,0x0000,outside_scope,,0
ttnn_device,0x4205,0xaf74,0x807f,0x0000,outside_scope,,0
ttnn_device,0x4205,0x2f75,0x0080,0x0080,finite_normal_output,1,0
ttnn_device,0x4205,0xaf75,0x8080,0x8080,finite_normal_output,1,0
ttnn_device,0x4206,0x3f80,0x1022,0x1022,finite_normal_output,1,0
ttnn_device,0x4206,0x4080,0x1122,0x1122,finite_normal_output,1,0
ttnn_device,0x4206,0x4380,0x1422,0x1422,finite_normal_output,1,0
ttnn_device,0x4206,0x4f80,0x2022,0x2022,finite_normal_output,1,0
ttnn_device,0x4206,0x7f7f,0x5021,0x5021,finite_normal_output,1,0
ttnn_device,0x4206,0xff7f,0xd021,0xd021,finite_normal_output,1,0
ttnn_device,0x4206,0x2fc9,0x007f,0x0000,outside_scope,,0
ttnn_device,0x4206,0xafc9,0x807f,0x0000,outside_scope,,0
ttnn_device,0x4206,0x2fca,0x0080,0x0000,finite_normal_output,0,0
ttnn_device,0x4206,0xafca,0x8080,0x0000,finite_normal_output,0,0
ttnn_device,0x4206,0x2fcb,0x0080,0x0080,finite_normal_output,1,0
ttnn_device,0x4206,0xafcb,0x8080,0x8080,finite_normal_output,1,0
ttnn_device,0x4207,0x3f80,0x0fc4,0x0fc4,finite_normal_output,1,0
ttnn_device,0x4207,0x4080,0x10c4,0x10c4,finite_normal_output,1,0
ttnn_device,0x4207,0x4380,0x13c4,0x13c4,finite_normal_output,1,0
ttnn_device,0x4207,0x4f80,0x1fc4,0x1fc4,finite_normal_output,1,0
ttnn_device,0x4207,0x7f7f,0x4fc4,0x4fc3,finite_normal_output,1,1
ttnn_device,0x4207,0xff7f,0xcfc4,0xcfc3,finite_normal_output,1,0
ttnn_device,0x4207,0x3025,0x007f,0x0000,outside_scope,,0
ttnn_device,0x4207,0xb025,0x807f,0x0000,outside_scope,,0
ttnn_device,0x4207,0x3026,0x007f,0x0000,outside_scope,,0
ttnn_device,0x4207,0xb026,0x807f,0x0000,outside_scope,,0
ttnn_device,0x4207,0x3027,0x0080,0x0000,finite_normal_output,0,0
ttnn_device,0x4207,0xb027,0x8080,0x0000,finite_normal_output,0,0
ttnn_device,0x4208,0x3f80,0x0f6e,0x0f6e,finite_normal_output,1,0
ttnn_device,0x4208,0x4080,0x106e,0x106e,finite_normal_output,1,0
ttnn_device,0x4208,0x4380,0x136e,0x136e,finite_normal_output,1,0
ttnn_device,0x4208,0x4f80,0x1f6e,0x1f6e,finite_normal_output,1,0
ttnn_device,0x4208,0x7f7f,0x4f6d,0x4f6d,finite_normal_output,1,0
ttnn_device,0x4208,0xff7f,0xcf6d,0xcf6d,finite_normal_output,1,0
ttnn_device,0x4208,0x3088,0x007f,0x0000,outside_scope,,0
ttnn_device,0x4208,0xb088,0x807f,0x0000,outside_scope,,0
ttnn_device,0x4208,0x3089,0x0080,0x0000,finite_normal_output,0,0
ttnn_device,0x4208,0xb089,0x8080,0x0000,finite_normal_output,0,0
ttnn_device,0x4208,0x308a,0x0080,0x0080,finite_normal_output,1,0
ttnn_device,0x4208,0xb08a,0x8080,0x8080,finite_normal_output,1,0
ttnn_device,0x4209,0x3f80,0x0f11,0x0f11,finite_normal_output,1,0
ttnn_device,0x4209,0x4080,0x1011,0x1011,finite_normal_output,1,0
ttnn_device,0x4209,0x4380,0x1311,0x1311,finite_normal_output,1,0
ttnn_device,0x4209,0x4f80,0x1f11,0x1f11,finite_normal_output,1,0
ttnn_device,0x4209,0x7f7f,0x4f10,0x4f10,finite_normal_output,1,0
ttnn_device,0x4209,0xff7f,0xcf10,0xcf10,finite_normal_output,1,0
ttnn_device,0x4209,0x30e1,0x007f,0x0000,outside_scope,,0
ttnn_device,0x4209,0xb0e1,0x807f,0x0000,outside_scope,,0
ttnn_device,0x4209,0x30e2,0x0080,0x0080,finite_normal_output,1,0
ttnn_device,0x4209,0xb0e2,0x8080,0x8080,finite_normal_output,1,0
ttnn_device,0x4209,0x30e3,0x0080,0x0081,finite_normal_output,1,0
ttnn_device,0x4209,0xb0e3,0x8080,0x8081,finite_normal_output,1,0
ttnn_device,0x420a,0x3f80,0x0eaf,0x0eaf,finite_normal_output,1,0
ttnn_device,0x420a,0x4080,0x0faf,0x0faf,finite_normal_output,1,0
ttnn_device,0x420a,0x4380,0x12af,0x12af,finite_normal_output,1,0
ttnn_device,0x420a,0x4f80,0x1eaf,0x1eaf,finite_normal_output,1,0
ttnn_device,0x420a,0x7f7f,0x4eaf,0x4eae,finite_normal_output,1,0
ttnn_device,0x420a,0xff7f,0xceaf,0xceae,finite_normal_output,1,0
ttnn_device,0x420a,0x3139,0x007f,0x0000,outside_scope,,0
ttnn_device,0x420a,0xb139,0x807f,0x0000,outside_scope,,0
ttnn_device,0x420a,0x313a,0x007f,0x0000,outside_scope,,0
ttnn_device,0x420a,0xb13a,0x807f,0x0000,outside_scope,,0
ttnn_device,0x420a,0x313b,0x0080,0x0000,finite_normal_output,0,0
ttnn_device,0x420a,0xb13b,0x8080,0x0000,finite_normal_output,0,0
ttnn_device,0x420b,0x3f80,0x0e55,0x0e55,finite_normal_output,1,0
ttnn_device,0x420b,0x4080,0x0f55,0x0f55,finite_normal_output,1,0
ttnn_device,0x420b,0x4380,0x1255,0x1255,finite_normal_output,1,0
ttnn_device,0x420b,0x4f80,0x1e55,0x1e55,finite_normal_output,1,0
ttnn_device,0x420b,0x7f7f,0x4e54,0x4e54,finite_normal_output,1,1
ttnn_device,0x420b,0xff7f,0xce54,0xce54,finite_normal_output,1,0
ttnn_device,0x420b,0x3198,0x007e,0x0000,outside_scope,,0
ttnn_device,0x420b,0xb198,0x807e,0x0000,outside_scope,,0
ttnn_device,0x420b,0x3199,0x007f,0x0000,outside_scope,,0
ttnn_device,0x420b,0xb199,0x807f,0x0000,outside_scope,,0
ttnn_device,0x420b,0x319a,0x0080,0x0080,finite_normal_output,1,0
ttnn_device,0x420b,0xb19a,0x8080,0x8080,finite_normal_output,1,0
ttnn_device,0x420c,0x3f80,0x0e01,0x0e01,finite_normal_output,1,0
ttnn_device,0x420c,0x4080,0x0f01,0x0f01,finite_normal_output,1,0
ttnn_device,0x420c,0x4380,0x1201,0x1201,finite_normal_output,1,0
ttnn_device,0x420c,0x4f80,0x1e01,0x1e01,finite_normal_output,1,0
ttnn_device,0x420c,0x7f7f,0x4e01,0x4e00,finite_normal_output,1,0
ttnn_device,0x420c,0xff7f,0xce01,0xce00,finite_normal_output,1,0
ttnn_device,0x420c,0x31fc,0x007f,0x0000,outside_scope,,0
ttnn_device,0x420c,0xb1fc,0x807f,0x0000,outside_scope,,0
ttnn_device,0x420c,0x31fd,0x007f,0x0000,outside_scope,,0
ttnn_device,0x420c,0xb1fd,0x807f,0x0000,outside_scope,,0
ttnn_device,0x420c,0x31fe,0x0080,0x0000,finite_normal_output,0,0
ttnn_device,0x420c,0xb1fe,0x8080,0x0000,finite_normal_output,0,0
ttnn_device,0x420d,0x3f80,0x0d9c,0x0d9c,finite_normal_output,1,0
ttnn_device,0x420d,0x4080,0x0e9c,0x0e9c,finite_normal_output,1,0
ttnn_device,0x420d,0x4380,0x119c,0x119c,finite_normal_output,1,0
ttnn_device,0x420d,0x4f80,0x1d9c,0x1d9c,finite_normal_output,1,0
ttnn_device,0x420d,0x7f7f,0x4d9c,0x4d9b,finite_normal_output,1,0
ttnn_device,0x420d,0xff7f,0xcd9c,0xcd9b,finite_normal_output,1,0
ttnn_device,0x420d,0x3250,0x007f,0x0000,outside_scope,,0
ttnn_device,0x420d,0xb250,0x807f,0x0000,outside_scope,,0
ttnn_device,0x420d,0x3251,0x0080,0x0000,finite_normal_output,0,0
ttnn_device,0x420d,0xb251,0x8080,0x0000,finite_normal_output,0,0
ttnn_device,0x420d,0x3252,0x0080,0x0000,finite_normal_output,0,0
ttnn_device,0x420d,0xb252,0x8080,0x0000,finite_normal_output,0,0
ttnn_device,0x420e,0x3f80,0x0d3e,0x0d3e,finite_normal_output,1,0
ttnn_device,0x420e,0x4080,0x0e3e,0x0e3e,finite_normal_output,1,0
ttnn_device,0x420e,0x4380,0x113e,0x113e,finite_normal_output,1,0
ttnn_device,0x420e,0x4f80,0x1d3e,0x1d3e,finite_normal_output,1,0
ttnn_device,0x420e,0x7f7f,0x4d3d,0x4d3d,finite_normal_output,1,0
ttnn_device,0x420e,0xff7f,0xcd3d,0xcd3d,finite_normal_output,1,0
ttnn_device,0x420e,0x32ab,0x007f,0x0000,outside_scope,,0
ttnn_device,0x420e,0xb2ab,0x807f,0x0000,outside_scope,,0
ttnn_device,0x420e,0x32ac,0x0080,0x0000,finite_normal_output,0,0
ttnn_device,0x420e,0xb2ac,0x8080,0x0000,finite_normal_output,0,0
ttnn_device,0x420e,0x32ad,0x0080,0x0080,finite_normal_output,1,0
ttnn_device,0x420e,0xb2ad,0x8080,0x8080,finite_normal_output,1,0
ttnn_device,0x420f,0x3f80,0x0ce6,0x0ce6,finite_normal_output,1,0
ttnn_device,0x420f,0x4080,0x0de6,0x0de6,finite_normal_output,1,0
ttnn_device,0x420f,0x4380,0x10e6,0x10e6,finite_normal_output,1,0
ttnn_device,0x420f,0x4f80,0x1ce6,0x1ce6,finite_normal_output,1,0
ttnn_device,0x420f,0x7f7f,0x4ce5,0x4ce5,finite_normal_output,1,0
ttnn_device,0x420f,0xff7f,0xcce5,0xcce5,finite_normal_output,1,1
ttnn_device,0x420f,0x330d,0x007f,0x0000,outside_scope,,0
ttnn_device,0x420f,0xb30d,0x807f,0x0000,outside_scope,,0
ttnn_device,0x420f,0x330e,0x0080,0x0000,finite_normal_output,0,0
ttnn_device,0x420f,0xb30e,0x8080,0x0000,finite_normal_output,0,0
ttnn_device,0x420f,0x330f,0x0081,0x0080,finite_normal_output,1,0
ttnn_device,0x420f,0xb30f,0x8081,0x8080,finite_normal_output,1,0
ttnn_device,0x4210,0x3f80,0x0c8c,0x0c8c,finite_normal_output,1,0
ttnn_device,0x4210,0x4080,0x0d8c,0x0d8c,finite_normal_output,1,0
ttnn_device,0x4210,0x4380,0x108c,0x108c,finite_normal_output,1,0
ttnn_device,0x4210,0x4f80,0x1c8c,0x1c8c,finite_normal_output,1,0
ttnn_device,0x4210,0x7f7f,0x4c8b,0x4c8b,finite_normal_output,1,0
ttnn_device,0x4210,0xff7f,0xcc8b,0xcc8b,finite_normal_output,1,0
ttnn_device,0x4210,0x3369,0x007f,0x0000,outside_scope,,0
ttnn_device,0x4210,0xb369,0x807f,0x0000,outside_scope,,0
ttnn_device,0x4210,0x336a,0x0080,0x0000,finite_normal_output,0,0
ttnn_device,0x4210,0xb36a,0x8080,0x0000,finite_normal_output,0,0
ttnn_device,0x4210,0x336b,0x0080,0x0081,finite_normal_output,1,0
ttnn_device,0x4210,0xb36b,0x8080,0x8081,finite_normal_output,1,0
ttnn_device,0x4211,0x3f80,0x0c29,0x0c29,finite_normal_output,1,0
ttnn_device,0x4211,0x4080,0x0d29,0x0d29,finite_normal_output,1,0
ttnn_device,0x4211,0x4380,0x1029,0x1029,finite_normal_output,1,0
ttnn_device,0x4211,0x4f80,0x1c29,0x1c29,finite_normal_output,1,0
ttnn_device,0x4211,0x7f7f,0x4c29,0x4c28,finite_normal_output,1,0
ttnn_device,0x4211,0xff7f,0xcc29,0xcc28,finite_normal_output,1,0
ttnn_device,0x4211,0x33c0,0x007f,0x0000,outside_scope,,0
ttnn_device,0x4211,0xb3c0,0x807f,0x0000,outside_scope,,0
ttnn_device,0x4211,0x33c1,0x0080,0x0000,finite_normal_output,0,0
ttnn_device,0x4211,0xb3c1,0x8080,0x0000,finite_normal_output,0,0
ttnn_device,0x4211,0x33c2,0x0080,0x0080,finite_normal_output,1,0
ttnn_device,0x4211,0xb3c2,0x8080,0x8080,finite_normal_output,1,0
ttnn_device,0x4212,0x3f80,0x0bce,0x0bce,finite_normal_output,1,0
ttnn_device,0x4212,0x4080,0x0cce,0x0cce,finite_normal_output,1,0
ttnn_device,0x4212,0x4380,0x0fce,0x0fce,finite_normal_output,1,0
ttnn_device,0x4212,0x4f80,0x1bce,0x1bce,finite_normal_output,1,0
ttnn_device,0x4212,0x7f7f,0x4bcd,0x4bcd,finite_normal_output,1,0
ttnn_device,0x4212,0xff7f,0xcbcd,0xcbcd,finite_normal_output,1,0
ttnn_device,0x4212,0x341e,0x007f,0x0000,outside_scope,,0
ttnn_device,0x4212,0xb41e,0x807f,0x0000,outside_scope,,0
ttnn_device,0x4212,0x341f,0x0080,0x0000,finite_normal_output,0,0
ttnn_device,0x4212,0xb41f,0x8080,0x0000,finite_normal_output,0,0
ttnn_device,0x4212,0x3420,0x0080,0x0081,finite_normal_output,1,0
ttnn_device,0x4212,0xb420,0x8080,0x8081,finite_normal_output,1,0
ttnn_device,0x4213,0x3f80,0x0b79,0x0b79,finite_normal_output,1,0
ttnn_device,0x4213,0x4080,0x0c79,0x0c79,finite_normal_output,1,1
ttnn_device,0x4213,0x4380,0x0f79,0x0f79,finite_normal_output,1,0
ttnn_device,0x4213,0x4f80,0x1b79,0x1b79,finite_normal_output,1,0
ttnn_device,0x4213,0x7f7f,0x4b78,0x4b78,finite_normal_output,1,0
ttnn_device,0x4213,0xff7f,0xcb78,0xcb78,finite_normal_output,1,0
ttnn_device,0x4213,0x3482,0x007f,0x0000,outside_scope,,0
ttnn_device,0x4213,0xb482,0x807f,0x0000,outside_scope,,0
ttnn_device,0x4213,0x3483,0x0080,0x0000,finite_normal_output,0,0
ttnn_device,0x4213,0xb483,0x8080,0x0000,finite_normal_output,0,0
ttnn_device,0x4213,0x3484,0x0081,0x0080,finite_normal_output,1,0
ttnn_device,0x4213,0xb484,0x8081,0x8080,finite_normal_output,1,0
ttnn_device,0x4214,0x3f80,0x0b17,0x0b17,finite_normal_output,1,0
ttnn_device,0x4214,0x4080,0x0c17,0x0c17,finite_normal_output,1,0
ttnn_device,0x4214,0x4380,0x0f17,0x0f17,finite_normal_output,1,0
ttnn_device,0x4214,0x4f80,0x1b17,0x1b17,finite_normal_output,1,0
ttnn_device,0x4214,0x7f7f,0x4b17,0x4b16,finite_normal_output,1,0
ttnn_device,0x4214,0xff7f,0xcb17,0xcb16,finite_normal_output,1,0
ttnn_device,0x4214,0x34d7,0x007f,0x0000,outside_scope,,0
ttnn_device,0x4214,0xb4d7,0x807f,0x0000,outside_scope,,0
ttnn_device,0x4214,0x34d8,0x0080,0x0000,finite_normal_output,0,0
ttnn_device,0x4214,0xb4d8,0x8080,0x0000,finite_normal_output,0,0
ttnn_device,0x4214,0x34d9,0x0080,0x0000,finite_normal_output,0,0
ttnn_device,0x4214,0xb4d9,0x8080,0x0000,finite_normal_output,0,0
ttnn_device,0x4215,0x3f80,0x0ab7,0x0ab7,finite_normal_output,1,0
ttnn_device,0x4215,0x4080,0x0bb7,0x0bb7,finite_normal_output,1,0
ttnn_device,0x4215,0x4380,0x0eb7,0x0eb7,finite_normal_output,1,0
ttnn_device,0x4215,0x4f80,0x1ab7,0x1ab7,finite_normal_output,1,0
ttnn_device,0x4215,0x7f7f,0x4ab7,0x4ab6,finite_normal_output,1,0
ttnn_device,0x4215,0xff7f,0xcab7,0xcab6,finite_normal_output,1,0
ttnn_device,0x4215,0x3531,0x007f,0x0000,outside_scope,,0
ttnn_device,0x4215,0xb531,0x807f,0x0000,outside_scope,,0
ttnn_device,0x4215,0x3532,0x0080,0x0000,finite_normal_output,0,0
ttnn_device,0x4215,0xb532,0x8080,0x0000,finite_normal_output,0,0
ttnn_device,0x4215,0x3533,0x0080,0x0000,finite_normal_output,0,0
ttnn_device,0x4215,0xb533,0x8080,0x0000,finite_normal_output,0,0
ttnn_device,0x4216,0x3f80,0x0a5f,0x0a5f,finite_normal_output,1,0
ttnn_device,0x4216,0x4080,0x0b5f,0x0b5f,finite_normal_output,1,0
ttnn_device,0x4216,0x4380,0x0e5f,0x0e5f,finite_normal_output,1,0
ttnn_device,0x4216,0x4f80,0x1a5f,0x1a5f,finite_normal_output,1,0
ttnn_device,0x4216,0x7f7f,0x4a5e,0x4a5e,finite_normal_output,1,0
ttnn_device,0x4216,0xff7f,0xca5e,0xca5e,finite_normal_output,1,0
ttnn_device,0x4216,0x3592,0x007f,0x0000,outside_scope,,0
ttnn_device,0x4216,0xb592,0x807f,0x0000,outside_scope,,0
ttnn_device,0x4216,0x3593,0x0080,0x0080,finite_normal_output,1,0
ttnn_device,0x4216,0xb593,0x8080,0x8080,finite_normal_output,1,0
ttnn_device,0x4216,0x3594,0x0081,0x0081,finite_normal_output,1,1
ttnn_device,0x4216,0xb594,0x8081,0x8081,finite_normal_output,1,0
ttnn_device,0x4217,0x3f80,0x0a07,0x0a07,finite_normal_output,1,0
ttnn_device,0x4217,0x4080,0x0b07,0x0b07,finite_normal_output,1,0
ttnn_device,0x4217,0x4380,0x0e07,0x0e07,finite_normal_output,1,0
ttnn_device,0x4217,0x4f80,0x1a07,0x1a07,finite_normal_output,1,0
ttnn_device,0x4217,0x7f7f,0x4a06,0x4a06,finite_normal_output,1,0
ttnn_device,0x4217,0xff7f,0xca06,0xca06,finite_normal_output,1,0
ttnn_device,0x4217,0x35f1,0x007f,0x0000,outside_scope,,0
ttnn_device,0x4217,0xb5f1,0x807f,0x0000,outside_scope,,0
ttnn_device,0x4217,0x35f2,0x0080,0x0000,finite_normal_output,0,0
ttnn_device,0x4217,0xb5f2,0x8080,0x0000,finite_normal_output,0,0
ttnn_device,0x4217,0x35f3,0x0080,0x0080,finite_normal_output,1,0
ttnn_device,0x4217,0xb5f3,0x8080,0x8080,finite_normal_output,1,0
ttnn_device,0x4218,0x3f80,0x09a4,0x09a4,finite_normal_output,1,0
ttnn_device,0x4218,0x4080,0x0aa4,0x0aa4,finite_normal_output,1,0
ttnn_device,0x4218,0x4380,0x0da4,0x0da4,finite_normal_output,1,0
ttnn_device,0x4218,0x4f80,0x19a4,0x19a4,finite_normal_output,1,0
ttnn_device,0x4218,0x7f7f,0x49a3,0x49a3,finite_normal_output,1,0
ttnn_device,0x4218,0xff7f,0xc9a3,0xc9a3,finite_normal_output,1,0
ttnn_device,0x4218,0x3646,0x007f,0x0000,outside_scope,,0
ttnn_device,0x4218,0xb646,0x807f,0x0000,outside_scope,,0
ttnn_device,0x4218,0x3647,0x007f,0x0000,outside_scope,,0
ttnn_device,0x4218,0xb647,0x807f,0x0000,outside_scope,,0
ttnn_device,0x4218,0x3648,0x0080,0x0080,finite_normal_output,1,0
ttnn_device,0x4218,0xb648,0x8080,0x8080,finite_normal_output,1,0
ttnn_device,0x4219,0x3f80,0x0947,0x0947,finite_normal_output,1,0
ttnn_device,0x4219,0x4080,0x0a47,0x0a47,finite_normal_output,1,0
ttnn_device,0x4219,0x4380,0x0d47,0x0d47,finite_normal_output,1,0
ttnn_device,0x4219,0x4f80,0x1947,0x1947,finite_normal_output,1,0
ttnn_device,0x4219,0x7f7f,0x4946,0x4946,finite_normal_output,1,0
ttnn_device,0x4219,0xff7f,0xc946,0xc946,finite_normal_output,1,0
ttnn_device,0x4219,0x36a3,0x007e,0x0000,outside_scope,,0
ttnn_device,0x4219,0xb6a3,0x807e,0x0000,outside_scope,,0
ttnn_device,0x4219,0x36a4,0x007f,0x0000,outside_scope,,0
ttnn_device,0x4219,0xb6a4,0x807f,0x0000,outside_scope,,0
ttnn_device,0x4219,0x36a5,0x0080,0x0080,finite_normal_output,1,0
ttnn_device,0x4219,0xb6a5,0x8080,0x8080,finite_normal_output,1,0
ttnn_device,0x421a,0x3f80,0x08f1,0x08f1,finite_normal_output,1,0
ttnn_device,0x421a,0x4080,0x09f1,0x09f1,finite_normal_output,1,0
ttnn_device,0x421a,0x4380,0x0cf1,0x0cf1,finite_normal_output,1,0
ttnn_device,0x421a,0x4f80,0x18f1,0x18f1,finite_normal_output,1,0
ttnn_device,0x421a,0x7f7f,0x48f0,0x48f0,finite_normal_output,1,0
ttnn_device,0x421a,0xff7f,0xc8f0,0xc8f0,finite_normal_output,1,0
ttnn_device,0x421a,0x3706,0x007e,0x0000,outside_scope,,0
ttnn_device,0x421a,0xb706,0x807e,0x0000,outside_scope,,0
ttnn_device,0x421a,0x3707,0x007f,0x0000,outside_scope,,0
ttnn_device,0x421a,0xb707,0x807f,0x0000,outside_scope,,0
ttnn_device,0x421a,0x3708,0x0080,0x0080,finite_normal_output,1,0
ttnn_device,0x421a,0xb708,0x8080,0x8080,finite_normal_output,1,0
ttnn_device,0x421b,0x3f80,0x0892,0x0892,finite_normal_output,1,1
ttnn_device,0x421b,0x4080,0x0992,0x0992,finite_normal_output,1,0
ttnn_device,0x421b,0x4380,0x0c92,0x0c92,finite_normal_output,1,0
ttnn_device,0x421b,0x4f80,0x1892,0x1892,finite_normal_output,1,0
ttnn_device,0x421b,0x7f7f,0x4892,0x4891,finite_normal_output,1,0
ttnn_device,0x421b,0xff7f,0xc892,0xc891,finite_normal_output,1,0
ttnn_device,0x421b,0x375e,0x007f,0x0000,outside_scope,,0
ttnn_device,0x421b,0xb75e,0x807f,0x0000,outside_scope,,0
ttnn_device,0x421b,0x375f,0x007f,0x0000,outside_scope,,0
ttnn_device,0x421b,0xb75f,0x807f,0x0000,outside_scope,,0
ttnn_device,0x421b,0x3760,0x0080,0x0000,finite_normal_output,0,0
ttnn_device,0x421b,0xb760,0x8080,0x0000,finite_normal_output,0,0
ttnn_device,0x421c,0x3f80,0x0831,0x0831,finite_normal_output,1,0
ttnn_device,0x421c,0x4080,0x0931,0x0931,finite_normal_output,1,0
ttnn_device,0x421c,0x4380,0x0c31,0x0c31,finite_normal_output,1,0
ttnn_device,0x421c,0x4f80,0x1831,0x1831,finite_normal_output,1,0
ttnn_device,0x421c,0x7f7f,0x4831,0x4830,finite_normal_output,1,0
ttnn_device,0x421c,0xff7f,0xc831,0xc830,finite_normal_output,1,0
ttnn_device,0x421c,0x37b7,0x007f,0x0000,outside_scope,,0
ttnn_device,0x421c,0xb7b7,0x807f,0x0000,outside_scope,,0
ttnn_device,0x421c,0x37b8,0x007f,0x0000,outside_scope,,0
ttnn_device,0x421c,0xb7b8,0x807f,0x0000,outside_scope,,0
ttnn_device,0x421c,0x37b9,0x0080,0x0000,finite_normal_output,0,0
ttnn_device,0x421c,0xb7b9,0x8080,0x0000,finite_normal_output,0,0
ttnn_device,0x421d,0x3f80,0x07d7,0x07d7,finite_normal_output,1,0
ttnn_device,0x421d,0x4080,0x08d7,0x08d7,finite_normal_output,1,0
ttnn_device,0x421d,0x4380,0x0bd7,0x0bd7,finite_normal_output,1,0
ttnn_device,0x421d,0x4f80,0x17d7,0x17d7,finite_normal_output,1,0
ttnn_device,0x421d,0x7f7f,0x47d6,0x47d6,finite_normal_output,1,0
ttnn_device,0x421d,0xff7f,0xc7d6,0xc7d6,finite_normal_output,1,0
ttnn_device,0x421d,0x3817,0x007f,0x0000,outside_scope,,0
ttnn_device,0x421d,0xb817,0x807f,0x0000,outside_scope,,0
ttnn_device,0x421d,0x3818,0x0080,0x0000,finite_normal_output,0,0
ttnn_device,0x421d,0xb818,0x8080,0x0000,finite_normal_output,0,0
ttnn_device,0x421d,0x3819,0x0081,0x0080,finite_normal_output,1,0
ttnn_device,0x421d,0xb819,0x8081,0x8080,finite_normal_output,1,0
ttnn_device,0x421e,0x3f80,0x0782,0x0782,finite_normal_output,1,0
ttnn_device,0x421e,0x4080,0x0882,0x0882,finite_normal_output,1,0
ttnn_device,0x421e,0x4380,0x0b82,0x0b82,finite_normal_output,1,0
ttnn_device,0x421e,0x4f80,0x1782,0x1782,finite_normal_output,1,0
ttnn_device,0x421e,0x7f7f,0x4782,0x4781,finite_normal_output,1,0
ttnn_device,0x421e,0xff7f,0xc782,0xc781,finite_normal_output,1,0
ttnn_device,0x421e,0x3879,0x007f,0x0000,outside_scope,,0
ttnn_device,0x421e,0xb879,0x807f,0x0000,outside_scope,,0
ttnn_device,0x421e,0x387a,0x007f,0x0000,outside_scope,,0
ttnn_device,0x421e,0xb87a,0x807f,0x0000,outside_scope,,0
ttnn_device,0x421e,0x387b,0x0080,0x0000,finite_normal_output,0,0
ttnn_device,0x421e,0xb87b,0x8080,0x0000,finite_normal_output,0,0
ttnn_device,0x421f,0x3f80,0x071e,0x071e,finite_normal_output,1,0
ttnn_device,0x421f,0x4080,0x081e,0x081e,finite_normal_output,1,0
ttnn_device,0x421f,0x4380,0x0b1e,0x0b1e,finite_normal_output,1,0
ttnn_device,0x421f,0x4f80,0x171e,0x171e,finite_normal_output,1,1
ttnn_device,0x421f,0x7f7f,0x471e,0x471d,finite_normal_output,1,0
ttnn_device,0x421f,0xff7f,0xc71e,0xc71d,finite_normal_output,1,0
ttnn_device,0x421f,0x38cd,0x007f,0x0000,outside_scope,,0
ttnn_device,0x421f,0xb8cd,0x807f,0x0000,outside_scope,,0
ttnn_device,0x421f,0x38ce,0x007f,0x0000,outside_scope,,0
ttnn_device,0x421f,0xb8ce,0x807f,0x0000,outside_scope,,0
ttnn_device,0x421f,0x38cf,0x0080,0x0000,finite_normal_output,0,0
ttnn_device,0x421f,0xb8cf,0x8080,0x0000,finite_normal_output,0,0
ttnn_device,0x4220,0x3f80,0x06c0,0x06c0,finite_normal_output,1,0
ttnn_device,0x4220,0x4080,0x07c0,0x07c0,finite_normal_output,1,0
ttnn_device,0x4220,0x4380,0x0ac0,0x0ac0,finite_normal_output,1,0
ttnn_device,0x4220,0x4f80,0x16c0,0x16c0,finite_normal_output,1,0
ttnn_device,0x4220,0x7f7f,0x46bf,0x46bf,finite_normal_output,1,0
ttnn_device,0x4220,0xff7f,0xc6bf,0xc6bf,finite_normal_output,1,0
ttnn_device,0x4220,0x3929,0x007f,0x0000,outside_scope,,0
ttnn_device,0x4220,0xb929,0x807f,0x0000,outside_scope,,0
ttnn_device,0x4220,0x392a,0x007f,0x0000,outside_scope,,0
ttnn_device,0x4220,0xb92a,0x807f,0x0000,outside_scope,,0
ttnn_device,0x4220,0x392b,0x0080,0x0080,finite_normal_output,1,0
ttnn_device,0x4220,0xb92b,0x8080,0x8080,finite_normal_output,1,0
ttnn_device,0x4221,0x3f80,0x0669,0x0669,finite_normal_output,1,0
ttnn_device,0x4221,0x4080,0x0769,0x0769,finite_normal_output,1,0
ttnn_device,0x4221,0x4380,0x0a69,0x0a69,finite_normal_output,1,0
ttnn_device,0x4221,0x4f80,0x1669,0x1669,finite_normal_output,1,0
ttnn_device,0x4221,0x7f7f,0x4668,0x4668,finite_normal_output,1,0
ttnn_device,0x4221,0xff7f,0xc668,0xc668,finite_normal_output,1,0
ttnn_device,0x4221,0x398b,0x007e,0x0000,outside_scope,,0
ttnn_device,0x4221,0xb98b,0x807e,0x0000,outside_scope,,0
ttnn_device,0x4221,0x398c,0x007f,0x0000,outside_scope,,0
ttnn_device,0x4221,0xb98c,0x807f,0x0000,outside_scope,,0
ttnn_device,0x4221,0x398d,0x0080,0x0080,finite_normal_output,1,0
ttnn_device,0x4221,0xb98d,0x8080,0x8080,finite_normal_output,1,0
ttnn_device,0x4222,0x3f80,0x060d,0x060d,finite_normal_output,1,0
ttnn_device,0x4222,0x4080,0x070d,0x070d,finite_normal_output,1,0
ttnn_device,0x4222,0x4380,0x0a0d,0x0a0d,finite_normal_output,1,0
ttnn_device,0x4222,0x4f80,0x160d,0x160d,finite_normal_output,1,0
ttnn_device,0x4222,0x7f7f,0x460d,0x460c,finite_normal_output,1,0
ttnn_device,0x4222,0xff7f,0xc60d,0xc60c,finite_normal_output,1,0
ttnn_device,0x4222,0x39e6,0x007f,0x0000,outside_scope,,0
ttnn_device,0x4222,0xb9e6,0x807f,0x0000,outside_scope,,0
ttnn_device,0x4222,0x39e7,0x007f,0x0000,outside_scope,,0
ttnn_device,0x4222,0xb9e7,0x807f,0x0000,outside_scope,,0
ttnn_device,0x4222,0x39e8,0x0080,0x0000,finite_normal_output,0,0
ttnn_device,0x4222,0xb9e8,0x8080,0x0000,finite_normal_output,0,0
ttnn_device,0x4223,0x3f80,0x05ab,0x05ab,finite_normal_output,1,0
ttnn_device,0x4223,0x4080,0x06ab,0x06ab,finite_normal_output,1,0
ttnn_device,0x4223,0x4380,0x09ab,0x09ab,finite_normal_output,1,0
ttnn_device,0x4223,0x4f80,0x15ab,0x15ab,finite_normal_output,1,0
ttnn_device,0x4223,0x7f7f,0x45ab,0x45aa,finite_normal_output,1,0
ttnn_device,0x4223,0xff7f,0xc5ab,0xc5aa,finite_normal_output,1,0
ttnn_device,0x4223,0x3a3e,0x007f,0x0000,outside_scope,,0
ttnn_device,0x4223,0xba3e,0x807f,0x0000,outside_scope,,0
ttnn_device,0x4223,0x3a3f,0x0080,0x0000,finite_normal_output,0,0
ttnn_device,0x4223,0xba3f,0x8080,0x0000,finite_normal_output,0,1
ttnn_device,0x4223,0x3a40,0x0080,0x0080,finite_normal_output,1,0
ttnn_device,0x4223,0xba40,0x8080,0x8080,finite_normal_output,1,0
ttnn_device,0x4224,0x3f80,0x0550,0x0550,finite_normal_output,1,0
ttnn_device,0x4224,0x4080,0x0650,0x0650,finite_normal_output,1,0
ttnn_device,0x4224,0x4380,0x0950,0x0950,finite_normal_output,1,0
ttnn_device,0x4224,0x4f80,0x1550,0x1550,finite_normal_output,1,0
ttnn_device,0x4224,0x7f7f,0x454f,0x454f,finite_normal_output,1,0
ttnn_device,0x4224,0xff7f,0xc54f,0xc54f,finite_normal_output,1,0
ttnn_device,0x4224,0x3a9c,0x007f,0x0000,outside_scope,,0
ttnn_device,0x4224,0xba9c,0x807f,0x0000,outside_scope,,0
ttnn_device,0x4224,0x3a9d,0x007f,0x0000,outside_scope,,0
ttnn_device,0x4224,0xba9d,0x807f,0x0000,outside_scope,,0
ttnn_device,0x4224,0x3a9e,0x0080,0x0080,finite_normal_output,1,0
ttnn_device,0x4224,0xba9e,0x8080,0x8080,finite_normal_output,1,0
ttnn_device,0x4225,0x3f80,0x04fc,0x04fc,finite_normal_output,1,0
ttnn_device,0x4225,0x4080,0x05fc,0x05fc,finite_normal_output,1,0
ttnn_device,0x4225,0x4380,0x08fc,0x08fc,finite_normal_output,1,0
ttnn_device,0x4225,0x4f80,0x14fc,0x14fc,finite_normal_output,1,0
ttnn_device,0x4225,0x7f7f,0x44fb,0x44fb,finite_normal_output,1,0
ttnn_device,0x4225,0xff7f,0xc4fb,0xc4fb,finite_normal_output,1,0
ttnn_device,0x4225,0x3b00,0x007e,0x0000,outside_scope,,0
ttnn_device,0x4225,0xbb00,0x807e,0x0000,outside_scope,,0
ttnn_device,0x4225,0x3b01,0x007f,0x0000,outside_scope,,0
ttnn_device,0x4225,0xbb01,0x807f,0x0000,outside_scope,,0
ttnn_device,0x4225,0x3b02,0x0080,0x0000,finite_normal_output,0,0
ttnn_device,0x4225,0xbb02,0x8080,0x0000,finite_normal_output,0,0
ttnn_device,0x4226,0x3f80,0x0499,0x0499,finite_normal_output,1,0
ttnn_device,0x4226,0x4080,0x0599,0x0599,finite_normal_output,1,0
ttnn_device,0x4226,0x4380,0x0899,0x0899,finite_normal_output,1,0
ttnn_device,0x4226,0x4f80,0x1499,0x1499,finite_normal_output,1,0
ttnn_device,0x4226,0x7f7f,0x4498,0x4498,finite_normal_output,1,0
ttnn_device,0x4226,0xff7f,0xc498,0xc498,finite_normal_output,1,0
ttnn_device,0x4226,0x3b54,0x007f,0x0000,outside_scope,,0
ttnn_device,0x4226,0xbb54,0x807f,0x0000,outside_scope,,0
ttnn_device,0x4226,0x3b55,0x007f,0x0000,outside_scope,,0
ttnn_device,0x4226,0xbb55,0x807f,0x0000,outside_scope,,0
ttnn_device,0x4226,0x3b56,0x0080,0x0000,finite_normal_output,0,0
ttnn_device,0x4226,0xbb56,0x8080,0x0000,finite_normal_output,0,0
ttnn_device,0x4227,0x3f80,0x0439,0x0439,finite_normal_output,1,0
ttnn_device,0x4227,0x4080,0x0539,0x0539,finite_normal_output,1,0
ttnn_device,0x4227,0x4380,0x0839,0x0839,finite_normal_output,1,0
ttnn_device,0x4227,0x4f80,0x1439,0x1439,finite_normal_output,1,0
ttnn_device,0x4227,0x7f7f,0x4439,0x4438,finite_normal_output,1,0
ttnn_device,0x4227,0xff7f,0xc439,0xc438,finite_normal_output,1,0
ttnn_device,0x4227,0x3baf,0x007f,0x0000,outside_scope,,0
ttnn_device,0x4227,0xbbaf,0x807f,0x0000,outside_scope,,0
ttnn_device,0x4227,0x3bb0,0x0080,0x0000,finite_normal_output,0,0
ttnn_device,0x4227,0xbbb0,0x8080,0x0000,finite_normal_output,0,0
ttnn_device,0x4227,0x3bb1,0x0080,0x0000,finite_normal_output,0,0
ttnn_device,0x4227,0xbbb1,0x8080,0x0000,finite_normal_output,0,0
ttnn_device,0x4228,0x3f80,0x03e1,0x03e1,finite_normal_output,1,1
ttnn_device,0x4228,0x4080,0x04e1,0x04e1,finite_normal_output,1,0
ttnn_device,0x4228,0x4380,0x07e1,0x07e1,finite_normal_output,1,0
ttnn_device,0x4228,0x4f80,0x13e1,0x13e1,finite_normal_output,1,0
ttnn_device,0x4228,0x7f7f,0x43e0,0x43e0,finite_normal_output,1,0
ttnn_device,0x4228,0xff7f,0xc3e0,0xc3e0,finite_normal_output,1,0
ttnn_device,0x4228,0x3c10,0x007f,0x0000,outside_scope,,0
ttnn_device,0x4228,0xbc10,0x807f,0x0000,outside_scope,,0
ttnn_device,0x4228,0x3c11,0x007f,0x0000,outside_scope,,0
ttnn_device,0x4228,0xbc11,0x807f,0x0000,outside_scope,,0
ttnn_device,0x4228,0x3c12,0x0080,0x0080,finite_normal_output,1,0
ttnn_device,0x4228,0xbc12,0x8080,0x8080,finite_normal_output,1,0
ttnn_device,0x4229,0x3f80,0x0388,0x0388,finite_normal_output,1,0
ttnn_device,0x4229,0x4080,0x0488,0x0488,finite_normal_output,1,0
ttnn_device,0x4229,0x4380,0x0788,0x0788,finite_normal_output,1,0
ttnn_device,0x4229,0x4f80,0x1388,0x1388,finite_normal_output,1,0
ttnn_device,0x4229,0x7f7f,0x4388,0x4387,finite_normal_output,1,0
ttnn_device,0x4229,0xff7f,0xc388,0xc387,finite_normal_output,1,0
ttnn_device,0x4229,0x3c6e,0x007f,0x0000,outside_scope,,0
ttnn_device,0x4229,0xbc6e,0x807f,0x0000,outside_scope,,0
ttnn_device,0x4229,0x3c6f,0x007f,0x0000,outside_scope,,0
ttnn_device,0x4229,0xbc6f,0x807f,0x0000,outside_scope,,0
ttnn_device,0x4229,0x3c70,0x0080,0x0000,finite_normal_output,0,0
ttnn_device,0x4229,0xbc70,0x8080,0x0000,finite_normal_output,0,0
ttnn_device,0x422a,0x3f80,0x0326,0x0326,finite_normal_output,1,0
ttnn_device,0x422a,0x4080,0x0426,0x0426,finite_normal_output,1,0
ttnn_device,0x422a,0x4380,0x0726,0x0726,finite_normal_output,1,0
ttnn_device,0x422a,0x4f80,0x1326,0x1326,finite_normal_output,1,0
ttnn_device,0x422a,0x7f7f,0x4325,0x4325,finite_normal_output,1,0
ttnn_device,0x422a,0xff7f,0xc325,0xc325,finite_normal_output,1,0
ttnn_device,0x422a,0x3cc4,0x007f,0x0000,outside_scope,,0
ttnn_device,0x422a,0xbcc4,0x807f,0x0000,outside_scope,,0
ttnn_device,0x422a,0x3cc5,0x007f,0x0000,outside_scope,,0
ttnn_device,0x422a,0xbcc5,0x807f,0x0000,outside_scope,,0
ttnn_device,0x422a,0x3cc6,0x0080,0x0080,finite_normal_output,1,0
ttnn_device,0x422a,0xbcc6,0x8080,0x8080,finite_normal_output,1,0
ttnn_device,0x422b,0x3f80,0x02c9,0x02c9,finite_normal_output,1,0
ttnn_device,0x422b,0x4080,0x03c9,0x03c9,finite_normal_output,1,0
ttnn_device,0x422b,0x4380,0x06c9,0x06c9,finite_normal_output,1,0
ttnn_device,0x422b,0x4f80,0x12c9,0x12c9,finite_normal_output,1,0
ttnn_device,0x422b,0x7f7f,0x42c8,0x42c8,finite_normal_output,1,0
ttnn_device,0x422b,0xff7f,0xc2c8,0xc2c8,finite_normal_output,1,0
ttnn_device,0x422b,0x3d22,0x007f,0x0000,outside_scope,,0
ttnn_device,0x422b,0xbd22,0x807f,0x0000,outside_scope,,0
ttnn_device,0x422b,0x3d23,0x0080,0x0000,finite_normal_output,0,0
ttnn_device,0x422b,0xbd23,0x8080,0x0000,finite_normal_output,0,0
ttnn_device,0x422b,0x3d24,0x0081,0x0081,finite_normal_output,1,0
ttnn_device,0x422b,0xbd24,0x8081,0x8081,finite_normal_output,1,0
ttnn_device,0x422c,0x3f80,0x0274,0x0274,finite_normal_output,1,0
ttnn_device,0x422c,0x4080,0x0374,0x0374,finite_normal_output,1,0
ttnn_device,0x422c,0x4380,0x0674,0x0674,finite_normal_output,1,1
ttnn_device,0x422c,0x4f80,0x1274,0x1274,finite_normal_output,1,0
ttnn_device,0x422c,0x7f7f,0x4273,0x4273,finite_normal_output,1,0
ttnn_device,0x422c,0xff7f,0xc273,0xc273,finite_normal_output,1,0
ttnn_device,0x422c,0x3d85,0x007f,0x0000,outside_scope,,0
ttnn_device,0x422c,0xbd85,0x807f,0x0000,outside_scope,,0
ttnn_device,0x422c,0x3d86,0x007f,0x0000,outside_scope,,0
ttnn_device,0x422c,0xbd86,0x807f,0x0000,outside_scope,,0
ttnn_device,0x422c,0x3d87,0x0080,0x0081,finite_normal_output,1,0
ttnn_device,0x422c,0xbd87,0x8080,0x8081,finite_normal_output,1,0
ttnn_device,0x422d,0x3f80,0x0214,0x0214,finite_normal_output,1,0
ttnn_device,0x422d,0x4080,0x0314,0x0314,finite_normal_output,1,0
ttnn_device,0x422d,0x4380,0x0614,0x0614,finite_normal_output,1,0
ttnn_device,0x422d,0x4f80,0x1214,0x1214,finite_normal_output,1,0
ttnn_device,0x422d,0x7f7f,0x4213,0x4213,finite_normal_output,1,0
ttnn_device,0x422d,0xff7f,0xc213,0xc213,finite_normal_output,1,0
ttnn_device,0x422d,0x3ddc,0x007f,0x0000,outside_scope,,0
ttnn_device,0x422d,0xbddc,0x807f,0x0000,outside_scope,,0
ttnn_device,0x422d,0x3ddd,0x0080,0x0000,finite_normal_output,0,0
ttnn_device,0x422d,0xbddd,0x8080,0x0000,finite_normal_output,0,0
ttnn_device,0x422d,0x3dde,0x0080,0x0080,finite_normal_output,1,0
ttnn_device,0x422d,0xbdde,0x8080,0x8080,finite_normal_output,1,0
ttnn_device,0x422e,0x3f80,0x01b3,0x01b3,finite_normal_output,1,0
ttnn_device,0x422e,0x4080,0x02b3,0x02b3,finite_normal_output,1,0
ttnn_device,0x422e,0x4380,0x05b3,0x05b3,finite_normal_output,1,0
ttnn_device,0x422e,0x4f80,0x11b3,0x11b3,finite_normal_output,1,0
ttnn_device,0x422e,0x7f7f,0x41b3,0x41b2,finite_normal_output,1,0
ttnn_device,0x422e,0xff7f,0xc1b3,0xc1b2,finite_normal_output,1,0
ttnn_device,0x422e,0x3e35,0x007f,0x0000,outside_scope,,0
ttnn_device,0x422e,0xbe35,0x807f,0x0000,outside_scope,,0
ttnn_device,0x422e,0x3e36,0x007f,0x0000,outside_scope,,0
ttnn_device,0x422e,0xbe36,0x807f,0x0000,outside_scope,,0
ttnn_device,0x422e,0x3e37,0x0080,0x0000,finite_normal_output,0,0
ttnn_device,0x422e,0xbe37,0x8080,0x0000,finite_normal_output,0,0
ttnn_device,0x422f,0x3f80,0x0159,0x0159,finite_normal_output,1,0
ttnn_device,0x422f,0x4080,0x0259,0x0259,finite_normal_output,1,0
ttnn_device,0x422f,0x4380,0x0559,0x0559,finite_normal_output,1,0
ttnn_device,0x422f,0x4f80,0x1159,0x1159,finite_normal_output,1,0
ttnn_device,0x422f,0x7f7f,0x4159,0x4158,finite_normal_output,1,0
ttnn_device,0x422f,0xff7f,0xc159,0xc158,finite_normal_output,1,0
ttnn_device,0x422f,0x3e95,0x007f,0x0000,outside_scope,,0
ttnn_device,0x422f,0xbe95,0x807f,0x0000,outside_scope,,0
ttnn_device,0x422f,0x3e96,0x007f,0x0000,outside_scope,,0
ttnn_device,0x422f,0xbe96,0x807f,0x0000,outside_scope,,0
ttnn_device,0x422f,0x3e97,0x0080,0x0000,finite_normal_output,0,0
ttnn_device,0x422f,0xbe97,0x8080,0x0000,finite_normal_output,0,0
ttnn_device,0x4230,0x3f80,0x0104,0x0104,finite_normal_output,1,0
ttnn_device,0x4230,0x4080,0x0204,0x0204,finite_normal_output,1,0
ttnn_device,0x4230,0x4380,0x0504,0x0504,finite_normal_output,1,0
ttnn_device,0x4230,0x4f80,0x1104,0x1104,finite_normal_output,1,0
ttnn_device,0x4230,0x7f7f,0x4103,0x4103,finite_normal_output,1,0
ttnn_device,0x4230,0xff7f,0xc103,0xc103,finite_normal_output,1,1
ttnn_device,0x4230,0x3ef7,0x007f,0x0000,outside_scope,,0
ttnn_device,0x4230,0xbef7,0x807f,0x0000,outside_scope,,0
ttnn_device,0x4230,0x3ef8,0x0080,0x0000,finite_normal_output,0,0
ttnn_device,0x4230,0xbef8,0x8080,0x0000,finite_normal_output,0,0
ttnn_device,0x4230,0x3ef9,0x0080,0x0080,finite_normal_output,1,0
ttnn_device,0x4230,0xbef9,0x8080,0x8080,finite_normal_output,1,0
ttnn_device,0x4231,0x3f80,0x00a0,0x00a0,finite_normal_output,1,0
ttnn_device,0x4231,0x4080,0x01a0,0x01a0,finite_normal_output,1,0
ttnn_device,0x4231,0x4380,0x04a0,0x04a0,finite_normal_output,1,0
ttnn_device,0x4231,0x4f80,0x10a0,0x10a0,finite_normal_output,1,0
ttnn_device,0x4231,0x7f7f,0x409f,0x409f,finite_normal_output,1,0
ttnn_device,0x4231,0xff7f,0xc09f,0xc09f,finite_normal_output,1,0
ttnn_device,0x4231,0x3f4b,0x007f,0x0000,outside_scope,,0
ttnn_device,0x4231,0xbf4b,0x807f,0x0000,outside_scope,,0
ttnn_device,0x4231,0x3f4c,0x007f,0x0000,outside_scope,,0
ttnn_device,0x4231,0xbf4c,0x807f,0x0000,outside_scope,,0
ttnn_device,0x4231,0x3f4d,0x0080,0x0080,finite_normal_output,1,0
ttnn_device,0x4231,0xbf4d,0x8080,0x8080,finite_normal_output,1,0
ttnn_device,0x4232,0x3f80,0x0061,0x0000,outside_scope,,0
ttnn_device,0x4232,0x4080,0x0142,0x0000,finite_normal_output,0,0
ttnn_device,0x4232,0x4380,0x0442,0x0000,finite_normal_output,0,0
ttnn_device,0x4232,0x4f80,0x1042,0x0000,finite_normal_output,0,0
ttnn_device,0x4232,0x7f7f,0x4041,0x0000,finite_normal_output,0,0
ttnn_device,0x4232,0xff7f,0xc041,0x0000,finite_normal_output,0,0
ttnn_device,0x4232,0x3fa7,0x007f,0x0000,outside_scope,,0
ttnn_device,0x4232,0xbfa7,0x807f,0x0000,outside_scope,,0
ttnn_device,0x4232,0x3fa8,0x007f,0x0000,outside_scope,,0
ttnn_device,0x4232,0xbfa8,0x807f,0x0000,outside_scope,,0
ttnn_device,0x4232,0x3fa9,0x0080,0x0000,finite_normal_output,0,0
ttnn_device,0x4232,0xbfa9,0x8080,0x0000,finite_normal_output,0,0
ttnn_device,0x4233,0x3f80,0x003b,0x0000,outside_scope,,0
ttnn_device,0x4233,0x4080,0x00eb,0x0000,finite_normal_output,0,0
ttnn_device,0x4233,0x4380,0x03eb,0x0000,finite_normal_output,0,0
ttnn_device,0x4233,0x4f80,0x0feb,0x0000,finite_normal_output,0,0
ttnn_device,0x4233,0x7f7f,0x3fea,0x0000,finite_normal_output,0,0
ttnn_device,0x4233,0xff7f,0xbfea,0x0000,finite_normal_output,0,0
ttnn_device,0x4233,0x400a,0x007f,0x0000,outside_scope,,0
ttnn_device,0x4233,0xc00a,0x807f,0x0000,outside_scope,,0
ttnn_device,0x4233,0x400b,0x0080,0x0000,finite_normal_output,0,0
ttnn_device,0x4233,0xc00b,0x8080,0x0000,finite_normal_output,0,0
ttnn_device,0x4233,0x400c,0x0081,0x0000,finite_normal_output,0,0
ttnn_device,0x4233,0xc00c,0x8081,0x0000,finite_normal_output,0,0
ttnn_device,0x4234,0x3f80,0x0024,0x0000,outside_scope,,0
ttnn_device,0x4234,0x4080,0x008f,0x0000,finite_normal_output,0,0
ttnn_device,0x4234,0x4380,0x038f,0x0000,finite_normal_output,0,0
ttnn_device,0x4234,0x4f80,0x0f8f,0x0000,finite_normal_output,0,0
ttnn_device,0x4234,0x7f7f,0x3f8e,0x0000,finite_normal_output,0,0
ttnn_device,0x4234,0xff7f,0xbf8e,0x0000,finite_normal_output,0,0
ttnn_device,0x4234,0x4064,0x007f,0x0000,outside_scope,,0
ttnn_device,0x4234,0xc064,0x807f,0x0000,outside_scope,,0
ttnn_device,0x4234,0x4065,0x0080,0x0000,finite_normal_output,0,0
ttnn_device,0x4234,0xc065,0x8080,0x0000,finite_normal_output,0,0
ttnn_device,0x4234,0x4066,0x0080,0x0000,finite_normal_output,0,1
ttnn_device,0x4234,0xc066,0x8080,0x0000,finite_normal_output,0,0
ttnn_device,0x4235,0x3f80,0x0016,0x0000,outside_scope,,0
ttnn_device,0x4235,0x4080,0x0057,0x0000,outside_scope,,0
ttnn_device,0x4235,0x4380,0x032d,0x0000,finite_normal_output,0,0
ttnn_device,0x4235,0x4f80,0x0f2d,0x0000,finite_normal_output,0,0
ttnn_device,0x4235,0x7f7f,0x3f2c,0x0000,finite_normal_output,0,0
ttnn_device,0x4235,0xff7f,0xbf2c,0x0000,finite_normal_output,0,0
ttnn_device,0x4235,0x40bb,0x007e,0x0000,outside_scope,,0
ttnn_device,0x4235,0xc0bb,0x807e,0x0000,outside_scope,,0
ttnn_device,0x4235,0x40bc,0x007f,0x0000,outside_scope,,0
ttnn_device,0x4235,0xc0bc,0x807f,0x0000,outside_scope,,0
ttnn_device,0x4235,0x40bd,0x0080,0x0000,finite_normal_output,0,0
ttnn_device,0x4235,0xc0bd,0x8080,0x0000,finite_normal_output,0,0
ttnn_device,0x4236,0x3f80,0x000d,0x0000,outside_scope,,0
ttnn_device,0x4236,0x4080,0x0035,0x0000,outside_scope,,0
ttnn_device,0x4236,0x4380,0x02d2,0x0000,finite_normal_output,0,0
ttnn_device,0x4236,0x4f80,0x0ed2,0x0000,finite_normal_output,0,0
ttnn_device,0x4236,0x7f7f,0x3ed1,0x0000,finite_normal_output,0,0
ttnn_device,0x4236,0xff7f,0xbed1,0x0000,finite_normal_output,0,0
ttnn_device,0x4236,0x411a,0x007e,0x0000,outside_scope,,0
ttnn_device,0x4236,0xc11a,0x807e,0x0000,outside_scope,,0
ttnn_device,0x4236,0x411b,0x007f,0x0000,outside_scope,,0
ttnn_device,0x4236,0xc11b,0x807f,0x0000,outside_scope,,0
ttnn_device,0x4236,0x411c,0x0080,0x0000,finite_normal_output,0,0
ttnn_device,0x4236,0xc11c,0x8080,0x0000,finite_normal_output,0,0
ttnn_device,0x4237,0x3f80,0x0008,0x0000,outside_scope,,0
ttnn_device,0x4237,0x4080,0x0020,0x0000,outside_scope,,0
ttnn_device,0x4237,0x4380,0x027f,0x0000,finite_normal_output,0,0
ttnn_device,0x4237,0x4f80,0x0e7f,0x0000,finite_normal_output,0,0
ttnn_device,0x4237,0x7f7f,0x3e7e,0x0000,finite_normal_output,0,0
ttnn_device,0x4237,0xff7f,0xbe7e,0x0000,finite_normal_output,0,0
ttnn_device,0x4237,0x417f,0x007f,0x0000,outside_scope,,0
ttnn_device,0x4237,0xc17f,0x807f,0x0000,outside_scope,,0
ttnn_device,0x4237,0x4180,0x007f,0x0000,outside_scope,,0
ttnn_device,0x4237,0xc180,0x807f,0x0000,outside_scope,,0
ttnn_device,0x4237,0x4181,0x0080,0x0000,finite_normal_output,0,0
ttnn_device,0x4237,0xc181,0x8080,0x0000,finite_normal_output,0,0
ttnn_device,0x4238,0x3f80,0x0005,0x0000,outside_scope,,0
ttnn_device,0x4238,0x4080,0x0013,0x0000,outside_scope,,0
ttnn_device,0x4238,0x4380,0x021b,0x0000,finite_normal_output,0,0
ttnn_device,0x4238,0x4f80,0x0e1b,0x0000,finite_normal_output,0,0
ttnn_device,0x4238,0x7f7f,0x3e1a,0x0000,finite_normal_output,0,0
ttnn_device,0x4238,0xff7f,0xbe1a,0x0000,finite_normal_output,0,0
ttnn_device,0x4238,0x41d2,0x007f,0x0000,outside_scope,,0
ttnn_device,0x4238,0xc1d2,0x807f,0x0000,outside_scope,,0
ttnn_device,0x4238,0x41d3,0x007f,0x0000,outside_scope,,0
ttnn_device,0x4238,0xc1d3,0x807f,0x0000,outside_scope,,0
ttnn_device,0x4238,0x41d4,0x0080,0x0000,finite_normal_output,0,0
ttnn_device,0x4238,0xc1d4,0x8080,0x0000,finite_normal_output,0,0
ttnn_device,0x4239,0x3f80,0x0003,0x0000,outside_scope,,0
ttnn_device,0x4239,0x4080,0x000c,0x0000,outside_scope,,0
ttnn_device,0x4239,0x4380,0x01bb,0x0000,finite_normal_output,0,0
ttnn_device,0x4239,0x4f80,0x0dbb,0x0000,finite_normal_output,0,0
ttnn_device,0x4239,0x7f7f,0x3dbb,0x0000,finite_normal_output,0,0
ttnn_device,0x4239,0xff7f,0xbdbb,0x0000,finite_normal_output,0,0
ttnn_device,0x4239,0x422d,0x007f,0x0000,outside_scope,,0
ttnn_device,0x4239,0xc22d,0x807f,0x0000,outside_scope,,0
ttnn_device,0x4239,0x422e,0x007f,0x0000,outside_scope,,0
ttnn_device,0x4239,0xc22e,0x807f,0x0000,outside_scope,,0
ttnn_device,0x4239,0x422f,0x0080,0x0000,finite_normal_output,0,0
ttnn_device,0x4239,0xc22f,0x8080,0x0000,finite_normal_output,0,0
ttnn_device,0x423a,0x3f80,0x0002,0x0000,outside_scope,,0
ttnn_device,0x423a,0x4080,0x0007,0x0000,outside_scope,,0
ttnn_device,0x423a,0x4380,0x0163,0x0000,finite_normal_output,0,0
ttnn_device,0x423a,0x4f80,0x0d63,0x0000,finite_normal_output,0,0
ttnn_device,0x423a,0x7f7f,0x3d63,0x0000,finite_normal_output,0,0
ttnn_device,0x423a,0xff7f,0xbd63,0x0000,finite_normal_output,0,0
ttnn_device,0x423a,0x428f,0x007f,0x0000,outside_scope,,0
ttnn_device,0x423a,0xc28f,0x807f,0x0000,outside_scope,,0
ttnn_device,0x423a,0x4290,0x0080,0x0000,finite_normal_output,0,0
ttnn_device,0x423a,0xc290,0x8080,0x0000,finite_normal_output,0,1
ttnn_device,0x423a,0x4291,0x0081,0x0000,finite_normal_output,0,0
ttnn_device,0x423a,0xc291,0x8081,0x0000,finite_normal_output,0,0
ttnn_device,0x423b,0x3f80,0x0001,0x0000,outside_scope,,0
ttnn_device,0x423b,0x4080,0x0004,0x0000,outside_scope,,0
ttnn_device,0x423b,0x4380,0x010a,0x0000,finite_normal_output,0,0
ttnn_device,0x423b,0x4f80,0x0d0a,0x0000,finite_normal_output,0,0
ttnn_device,0x423b,0x7f7f,0x3d09,0x0000,finite_normal_output,0,0
ttnn_device,0x423b,0xff7f,0xbd09,0x0000,finite_normal_output,0,0
ttnn_device,0x423b,0x42ec,0x007f,0x0000,outside_scope,,0
ttnn_device,0x423b,0xc2ec,0x807f,0x0000,outside_scope,,0
ttnn_device,0x423b,0x42ed,0x0080,0x0000,finite_normal_output,0,0
ttnn_device,0x423b,0xc2ed,0x8080,0x0000,finite_normal_output,0,0
ttnn_device,0x423b,0x42ee,0x0080,0x0000,finite_normal_output,0,0
ttnn_device,0x423b,0xc2ee,0x8080,0x0000,finite_normal_output,0,0
ttnn_device,0x423c,0x3f80,0x0001,0x0000,outside_scope,,0
ttnn_device,0x423c,0x4080,0x0003,0x0000,outside_scope,,0
ttnn_device,0x423c,0x4380,0x00a7,0x0000,finite_normal_output,0,0
ttnn_device,0x423c,0x4f80,0x0ca7,0x0000,finite_normal_output,0,0
ttnn_device,0x423c,0x7f7f,0x3ca7,0x0000,finite_normal_output,0,0
ttnn_device,0x423c,0xff7f,0xbca7,0x0000,finite_normal_output,0,0
ttnn_device,0x423c,0x4342,0x007f,0x0000,outside_scope,,0
ttnn_device,0x423c,0xc342,0x807f,0x0000,outside_scope,,0
ttnn_device,0x423c,0x4343,0x007f,0x0000,outside_scope,,0
ttnn_device,0x423c,0xc343,0x807f,0x0000,outside_scope,,0
ttnn_device,0x423c,0x4344,0x0080,0x0000,finite_normal_output,0,0
ttnn_device,0x423c,0xc344,0x8080,0x0000,finite_normal_output,0,0
ttnn_device,0x423d,0x3f80,0x0000,0x0000,outside_scope,,0
ttnn_device,0x423d,0x4080,0x0002,0x0000,outside_scope,,0
ttnn_device,0x423d,0x4380,0x0065,0x0000,outside_scope,,0
ttnn_device,0x423d,0x4f80,0x0c4b,0x0000,finite_normal_output,0,0
ttnn_device,0x423d,0x7f7f,0x3c4a,0x0000,finite_normal_output,0,0
ttnn_device,0x423d,0xff7f,0xbc4a,0x0000,finite_normal_output,0,0
ttnn_device,0x423d,0x43a0,0x007f,0x0000,outside_scope,,0
ttnn_device,0x423d,0xc3a0,0x807f,0x0000,outside_scope,,0
ttnn_device,0x423d,0x43a1,0x0080,0x0000,finite_normal_output,0,0
ttnn_device,0x423d,0xc3a1,0x8080,0x0000,finite_normal_output,0,0
ttnn_device,0x423d,0x43a2,0x0080,0x0000,finite_normal_output,0,0
ttnn_device,0x423d,0xc3a2,0x8080,0x0000,finite_normal_output,0,0
ttnn_device,0x423e,0x3f80,0x0000,0x0000,outside_scope,,0
ttnn_device,0x423e,0x4080,0x0001,0x0000,outside_scope,,0
ttnn_device,0x423e,0x4380,0x003e,0x0000,outside_scope,,0
ttnn_device,0x423e,0x4f80,0x0bf6,0x0000,finite_normal_output,0,0
ttnn_device,0x423e,0x7f7f,0x3bf5,0x0000,finite_normal_output,0,0
ttnn_device,0x423e,0xff7f,0xbbf5,0x0000,finite_normal_output,0,0
ttnn_device,0x423e,0x4404,0x007f,0x0000,outside_scope,,0
ttnn_device,0x423e,0xc404,0x807f,0x0000,outside_scope,,0
ttnn_device,0x423e,0x4405,0x0080,0x0000,finite_normal_output,0,0
ttnn_device,0x423e,0xc405,0x8080,0x0000,finite_normal_output,0,0
ttnn_device,0x423e,0x4406,0x0081,0x0000,finite_normal_output,0,0
ttnn_device,0x423e,0xc406,0x8081,0x0000,finite_normal_output,0,0
ttnn_device,0x423f,0x3f80,0x0000,0x0000,outside_scope,,0
ttnn_device,0x423f,0x4080,0x0001,0x0000,outside_scope,,0
ttnn_device,0x423f,0x4380,0x0025,0x0000,outside_scope,,0
ttnn_device,0x423f,0x4f80,0x0b95,0x0000,finite_normal_output,0,0
ttnn_device,0x423f,0x7f7f,0x3b95,0x0000,finite_normal_output,0,0
ttnn_device,0x423f,0xff7f,0xbb95,0x0000,finite_normal_output,0,0
ttnn_device,0x423f,0x445a,0x007f,0x0000,outside_scope,,0
ttnn_device,0x423f,0xc45a,0x807f,0x0000,outside_scope,,0
ttnn_device,0x423f,0x445b,0x0080,0x0000,finite_normal_output,0,0
ttnn_device,0x423f,0xc45b,0x8080,0x0000,finite_normal_output,0,0
ttnn_device,0x423f,0x445c,0x0080,0x0000,finite_normal_output,0,1
ttnn_device,0x423f,0xc45c,0x8080,0x0000,finite_normal_output,0,0
ttnn_device,0x4240,0x3f80,0x0000,0x0000,outside_scope,,0
ttnn_device,0x4240,0x4080,0x0000,0x0000,outside_scope,,0
ttnn_device,0x4240,0x4380,0x0017,0x0000,outside_scope,,0
ttnn_device,0x4240,0x4f80,0x0b35,0x0000,finite_normal_output,0,0
ttnn_device,0x4240,0x7f7f,0x3b34,0x0000,finite_normal_output,0,0
ttnn_device,0x4240,0xff7f,0xbb34,0x0000,finite_normal_output,0,0
ttnn_device,0x4240,0x44b3,0x007f,0x0000,outside_scope,,0
ttnn_device,0x4240,0xc4b3,0x807f,0x0000,outside_scope,,0
ttnn_device,0x4240,0x44b4,0x007f,0x0000,outside_scope,,0
ttnn_device,0x4240,0xc4b4,0x807f,0x0000,outside_scope,,0
ttnn_device,0x4240,0x44b5,0x0080,0x0000,finite_normal_output,0,0
ttnn_device,0x4240,0xc4b5,0x8080,0x0000,finite_normal_output,0,0
ttnn_device,0x4241,0x3f80,0x0000,0x0000,outside_scope,,0
ttnn_device,0x4241,0x4080,0x0000,0x0000,outside_scope,,0
ttnn_device,0x4241,0x4380,0x000e,0x0000,outside_scope,,0
ttnn_device,0x4241,0x4f80,0x0adc,0x0000,finite_normal_output,0,0
ttnn_device,0x4241,0x7f7f,0x3adb,0x0000,finite_normal_output,0,0
ttnn_device,0x4241,0xff7f,0xbadb,0x0000,finite_normal_output,0,0
ttnn_device,0x4241,0x4514,0x007f,0x0000,outside_scope,,0
ttnn_device,0x4241,0xc514,0x807f,0x0000,outside_scope,,0
ttnn_device,0x4241,0x4515,0x0080,0x0000,finite_normal_output,0,0
ttnn_device,0x4241,0xc515,0x8080,0x0000,finite_normal_output,0,0
ttnn_device,0x4241,0x4516,0x0081,0x0000,finite_normal_output,0,0
ttnn_device,0x4241,0xc516,0x8081,0x0000,finite_normal_output,0,0
ttnn_device,0x4242,0x3f80,0x0000,0x0000,outside_scope,,0
ttnn_device,0x4242,0x4080,0x0000,0x0000,outside_scope,,0
ttnn_device,0x4242,0x4380,0x0008,0x0000,outside_scope,,0
ttnn_device,0x4242,0x4f80,0x0a85,0x0000,finite_normal_output,0,0
ttnn_device,0x4242,0x7f7f,0x3a85,0x0000,finite_normal_output,0,0
ttnn_device,0x4242,0xff7f,0xba85,0x0000,finite_normal_output,0,0
ttnn_device,0x4242,0x4574,0x007f,0x0000,outside_scope,,0
ttnn_device,0x4242,0xc574,0x807f,0x0000,outside_scope,,0
ttnn_device,0x4242,0x4575,0x0080,0x0000,finite_normal_output,0,0
ttnn_device,0x4242,0xc575,0x8080,0x0000,finite_normal_output,0,0
ttnn_device,0x4242,0x4576,0x0080,0x0000,finite_normal_output,0,0
ttnn_device,0x4242,0xc576,0x8080,0x0000,finite_normal_output,0,0
ttnn_device,0x4243,0x3f80,0x0000,0x0000,outside_scope,,0
ttnn_device,0x4243,0x4080,0x0000,0x0000,outside_scope,,0
ttnn_device,0x4243,0x4380,0x0005,0x0000,outside_scope,,0
ttnn_device,0x4243,0x4f80,0x0a22,0x0000,finite_normal_output,0,0
ttnn_device,0x4243,0x7f7f,0x3a21,0x0000,finite_normal_output,0,0
ttnn_device,0x4243,0xff7f,0xba21,0x0000,finite_normal_output,0,0
ttnn_device,0x4243,0x45c9,0x007f,0x0000,outside_scope,,0
ttnn_device,0x4243,0xc5c9,0x807f,0x0000,outside_scope,,0
ttnn_device,0x4243,0x45ca,0x0080,0x0000,finite_normal_output,0,0
ttnn_device,0x4243,0xc5ca,0x8080,0x0000,finite_normal_output,0,0
ttnn_device,0x4243,0x45cb,0x0080,0x0000,finite_normal_output,0,0
ttnn_device,0x4243,0xc5cb,0x8080,0x0000,finite_normal_output,0,0
ttnn_device,0x4244,0x3f80,0x0000,0x0000,outside_scope,,0
ttnn_device,0x4244,0x4080,0x0000,0x0000,outside_scope,,0
ttnn_device,0x4244,0x4380,0x0003,0x0000,outside_scope,,0
ttnn_device,0x4244,0x4f80,0x09c4,0x0000,finite_normal_output,0,0
ttnn_device,0x4244,0x7f7f,0x39c3,0x0000,finite_normal_output,0,0
ttnn_device,0x4244,0xff7f,0xb9c3,0x0000,finite_normal_output,0,0
ttnn_device,0x4244,0x4625,0x007e,0x0000,outside_scope,,0
ttnn_device,0x4244,0xc625,0x807e,0x0000,outside_scope,,0
ttnn_device,0x4244,0x4626,0x007f,0x0000,outside_scope,,0
ttnn_device,0x4244,0xc626,0x807f,0x0000,outside_scope,,0
ttnn_device,0x4244,0x4627,0x0080,0x0000,finite_normal_output,0,0
ttnn_device,0x4244,0xc627,0x8080,0x0000,finite_normal_output,0,0
ttnn_device,0x4245,0x3f80,0x0000,0x0000,outside_scope,,0
ttnn_device,0x4245,0x4080,0x0000,0x0000,outside_scope,,0
ttnn_device,0x4245,0x4380,0x0002,0x0000,outside_scope,,0
ttnn_device,0x4245,0x4f80,0x096e,0x0000,finite_normal_output,0,0
ttnn_device,0x4245,0x7f7f,0x396d,0x0000,finite_normal_output,0,0
ttnn_device,0x4245,0xff7f,0xb96d,0x0000,finite_normal_output,0,0
ttnn_device,0x4245,0x4688,0x007e,0x0000,outside_scope,,0
ttnn_device,0x4245,0xc688,0x807e,0x0000,outside_scope,,0
ttnn_device,0x4245,0x4689,0x007f,0x0000,outside_scope,,0
ttnn_device,0x4245,0xc689,0x807f,0x0000,outside_scope,,0
ttnn_device,0x4245,0x468a,0x0080,0x0000,finite_normal_output,0,0
ttnn_device,0x4245,0xc68a,0x8080,0x0000,finite_normal_output,0,1
ttnn_device,0x4246,0x3f80,0x0000,0x0000,outside_scope,,0
ttnn_device,0x4246,0x4080,0x0000,0x0000,outside_scope,,0
ttnn_device,0x4246,0x4380,0x0001,0x0000,outside_scope,,0
ttnn_device,0x4246,0x4f80,0x0910,0x0000,finite_normal_output,0,0
ttnn_device,0x4246,0x7f7f,0x3910,0x0000,finite_normal_output,0,0
ttnn_device,0x4246,0xff7f,0xb910,0x0000,finite_normal_output,0,0
ttnn_device,0x4246,0x46e1,0x007f,0x0000,outside_scope,,0
ttnn_device,0x4246,0xc6e1,0x807f,0x0000,outside_scope,,0
ttnn_device,0x4246,0x46e2,0x007f,0x0000,outside_scope,,0
ttnn_device,0x4246,0xc6e2,0x807f,0x0000,outside_scope,,0
ttnn_device,0x4246,0x46e3,0x0080,0x0000,finite_normal_output,0,0
ttnn_device,0x4246,0xc6e3,0x8080,0x0000,finite_normal_output,0,0
ttnn_device,0x4247,0x3f80,0x0000,0x0000,outside_scope,,0
ttnn_device,0x4247,0x4080,0x0000,0x0000,outside_scope,,0
ttnn_device,0x4247,0x4380,0x0001,0x0000,outside_scope,,0
ttnn_device,0x4247,0x4f80,0x08af,0x0000,finite_normal_output,0,0
ttnn_device,0x4247,0x7f7f,0x38ae,0x0000,finite_normal_output,0,0
ttnn_device,0x4247,0xff7f,0xb8ae,0x0000,finite_normal_output,0,0
ttnn_device,0x4247,0x4739,0x007f,0x0000,outside_scope,,0
ttnn_device,0x4247,0xc739,0x807f,0x0000,outside_scope,,0
ttnn_device,0x4247,0x473a,0x007f,0x0000,outside_scope,,0
ttnn_device,0x4247,0xc73a,0x807f,0x0000,outside_scope,,0
ttnn_device,0x4247,0x473b,0x0080,0x0000,finite_normal_output,0,0
ttnn_device,0x4247,0xc73b,0x8080,0x0000,finite_normal_output,0,0
ttnn_device,0x4248,0x3f80,0x0000,0x0000,outside_scope,,0
ttnn_device,0x4248,0x4080,0x0000,0x0000,outside_scope,,0
ttnn_device,0x4248,0x4380,0x0000,0x0000,outside_scope,,0
ttnn_device,0x4248,0x4f80,0x0854,0x0000,finite_normal_output,0,0
ttnn_device,0x4248,0x7f7f,0x3854,0x0000,finite_normal_output,0,0
ttnn_device,0x4248,0xff7f,0xb854,0x0000,finite_normal_output,0,0
ttnn_device,0x4248,0x4799,0x007f,0x0000,outside_scope,,0
ttnn_device,0x4248,0xc799,0x807f,0x0000,outside_scope,,0
ttnn_device,0x4248,0x479a,0x0080,0x0000,finite_normal_output,0,0
ttnn_device,0x4248,0xc79a,0x8080,0x0000,finite_normal_output,0,0
ttnn_device,0x4248,0x479b,0x0081,0x0000,finite_normal_output,0,0
ttnn_device,0x4248,0xc79b,0x8081,0x0000,finite_normal_output,0,0
ttnn_device,0x4249,0x3f80,0x0000,0x0000,outside_scope,,0
ttnn_device,0x4249,0x4080,0x0000,0x0000,outside_scope,,0
ttnn_device,0x4249,0x4380,0x0000,0x0000,outside_scope,,0
ttnn_device,0x4249,0x4f80,0x0801,0x0000,finite_normal_output,0,0
ttnn_device,0x4249,0x7f7f,0x3800,0x0000,finite_normal_output,0,0
ttnn_device,0x4249,0xff7f,0xb800,0x0000,finite_normal_output,0,0
ttnn_device,0x4249,0x47fc,0x007f,0x0000,outside_scope,,0
ttnn_device,0x4249,0xc7fc,0x807f,0x0000,outside_scope,,0
ttnn_device,0x4249,0x47fd,0x007f,0x0000,outside_scope,,0
ttnn_device,0x4249,0xc7fd,0x807f,0x0000,outside_scope,,0
ttnn_device,0x4249,0x47fe,0x0080,0x0000,finite_normal_output,0,0
ttnn_device,0x4249,0xc7fe,0x8080,0x0000,finite_normal_output,0,0
ttnn_device,0x424a,0x3f80,0x0000,0x0000,outside_scope,,0
ttnn_device,0x424a,0x4080,0x0000,0x0000,outside_scope,,0
ttnn_device,0x424a,0x4380,0x0000,0x0000,outside_scope,,0
ttnn_device,0x424a,0x4f80,0x079c,0x0000,finite_normal_output,0,0
ttnn_device,0x424a,0x7f7f,0x379c,0x0000,finite_normal_output,0,0
ttnn_device,0x424a,0xff7f,0xb79c,0x0000,finite_normal_output,0,0
ttnn_device,0x424a,0x4850,0x007f,0x0000,outside_scope,,0
ttnn_device,0x424a,0xc850,0x807f,0x0000,outside_scope,,0
ttnn_device,0x424a,0x4851,0x0080,0x0000,finite_normal_output,0,0
ttnn_device,0x424a,0xc851,0x8080,0x0000,finite_normal_output,0,0
ttnn_device,0x424a,0x4852,0x0080,0x0000,finite_normal_output,0,0
ttnn_device,0x424a,0xc852,0x8080,0x0000,finite_normal_output,0,0
ttnn_device,0x424b,0x3f80,0x0000,0x0000,outside_scope,,0
ttnn_device,0x424b,0x4080,0x0000,0x0000,outside_scope,,0
ttnn_device,0x424b,0x4380,0x0000,0x0000,outside_scope,,0
ttnn_device,0x424b,0x4f80,0x073e,0x0000,finite_normal_output,0,0
ttnn_device,0x424b,0x7f7f,0x373d,0x0000,finite_normal_output,0,0
ttnn_device,0x424b,0xff7f,0xb73d,0x0000,finite_normal_output,0,0
ttnn_device,0x424b,0x48ab,0x007f,0x0000,outside_scope,,0
ttnn_device,0x424b,0xc8ab,0x807f,0x0000,outside_scope,,0
ttnn_device,0x424b,0x48ac,0x007f,0x0000,outside_scope,,0
ttnn_device,0x424b,0xc8ac,0x807f,0x0000,outside_scope,,0
ttnn_device,0x424b,0x48ad,0x0080,0x0000,finite_normal_output,0,0
ttnn_device,0x424b,0xc8ad,0x8080,0x0000,finite_normal_output,0,0
ttnn_device,0x424c,0x3f80,0x0000,0x0000,outside_scope,,0
ttnn_device,0x424c,0x4080,0x0000,0x0000,outside_scope,,0
ttnn_device,0x424c,0x4380,0x0000,0x0000,outside_scope,,0
ttnn_device,0x424c,0x4f80,0x06e6,0x0000,finite_normal_output,0,0
ttnn_device,0x424c,0x7f7f,0x36e5,0x0000,finite_normal_output,0,1
ttnn_device,0x424c,0xff7f,0xb6e5,0x0000,finite_normal_output,0,0
ttnn_device,0x424c,0x490d,0x007f,0x0000,outside_scope,,0
ttnn_device,0x424c,0xc90d,0x807f,0x0000,outside_scope,,0
ttnn_device,0x424c,0x490e,0x0080,0x0000,finite_normal_output,0,0
ttnn_device,0x424c,0xc90e,0x8080,0x0000,finite_normal_output,0,0
ttnn_device,0x424c,0x490f,0x0080,0x0000,finite_normal_output,0,0
ttnn_device,0x424c,0xc90f,0x8080,0x0000,finite_normal_output,0,0
ttnn_device,0x424d,0x3f80,0x0000,0x0000,outside_scope,,0
ttnn_device,0x424d,0x4080,0x0000,0x0000,outside_scope,,0
ttnn_device,0x424d,0x4380,0x0000,0x0000,outside_scope,,0
ttnn_device,0x424d,0x4f80,0x068b,0x0000,finite_normal_output,0,0
ttnn_device,0x424d,0x7f7f,0x368b,0x0000,finite_normal_output,0,0
ttnn_device,0x424d,0xff7f,0xb68b,0x0000,finite_normal_output,0,0
ttnn_device,0x424d,0x4969,0x007f,0x0000,outside_scope,,0
ttnn_device,0x424d,0xc969,0x807f,0x0000,outside_scope,,0
ttnn_device,0x424d,0x496a,0x007f,0x0000,outside_scope,,0
ttnn_device,0x424d,0xc96a,0x807f,0x0000,outside_scope,,0
ttnn_device,0x424d,0x496b,0x0080,0x0000,finite_normal_output,0,0
ttnn_device,0x424d,0xc96b,0x8080,0x0000,finite_normal_output,0,0
ttnn_device,0x424e,0x3f80,0x0000,0x0000,outside_scope,,0
ttnn_device,0x424e,0x4080,0x0000,0x0000,outside_scope,,0
ttnn_device,0x424e,0x4380,0x0000,0x0000,outside_scope,,0
ttnn_device,0x424e,0x4f80,0x0629,0x0000,finite_normal_output,0,0
ttnn_device,0x424e,0x7f7f,0x3629,0x0000,finite_normal_output,0,0
ttnn_device,0x424e,0xff7f,0xb629,0x0000,finite_normal_output,0,0
ttnn_device,0x424e,0x49c0,0x007f,0x0000,outside_scope,,0
ttnn_device,0x424e,0xc9c0,0x807f,0x0000,outside_scope,,0
ttnn_device,0x424e,0x49c1,0x0080,0x0000,finite_normal_output,0,0
ttnn_device,0x424e,0xc9c1,0x8080,0x0000,finite_normal_output,0,0
ttnn_device,0x424e,0x49c2,0x0080,0x0000,finite_normal_output,0,0
ttnn_device,0x424e,0xc9c2,0x8080,0x0000,finite_normal_output,0,0
ttnn_device,0x424f,0x3f80,0x0000,0x0000,outside_scope,,0
ttnn_device,0x424f,0x4080,0x0000,0x0000,outside_scope,,0
ttnn_device,0x424f,0x4380,0x0000,0x0000,outside_scope,,0
ttnn_device,0x424f,0x4f80,0x05cd,0x0000,finite_normal_output,0,0
ttnn_device,0x424f,0x7f7f,0x35cc,0x0000,finite_normal_output,0,0
ttnn_device,0x424f,0xff7f,0xb5cc,0x0000,finite_normal_output,0,0
ttnn_device,0x424f,0x4a1e,0x007f,0x0000,outside_scope,,0
ttnn_device,0x424f,0xca1e,0x807f,0x0000,outside_scope,,0
ttnn_device,0x424f,0x4a1f,0x007f,0x0000,outside_scope,,0
ttnn_device,0x424f,0xca1f,0x807f,0x0000,outside_scope,,0
ttnn_device,0x424f,0x4a20,0x0080,0x0000,finite_normal_output,0,0
ttnn_device,0x424f,0xca20,0x8080,0x0000,finite_normal_output,0,0
ttnn_device,0x4250,0x3f80,0x0000,0x0000,outside_scope,,0
ttnn_device,0x4250,0x4080,0x0000,0x0000,outside_scope,,0
ttnn_device,0x4250,0x4380,0x0000,0x0000,outside_scope,,0
ttnn_device,0x4250,0x4f80,0x0579,0x0000,finite_normal_output,0,0
ttnn_device,0x4250,0x7f7f,0x3578,0x0000,finite_normal_output,0,0
ttnn_device,0x4250,0xff7f,0xb578,0x0000,finite_normal_output,0,0
ttnn_device,0x4250,0x4a82,0x007e,0x0000,outside_scope,,0
ttnn_device,0x4250,0xca82,0x807e,0x0000,outside_scope,,0
ttnn_device,0x4250,0x4a83,0x007f,0x0000,outside_scope,,0
ttnn_device,0x4250,0xca83,0x807f,0x0000,outside_scope,,0
ttnn_device,0x4250,0x4a84,0x0080,0x0000,finite_normal_output,0,0
ttnn_device,0x4250,0xca84,0x8080,0x0000,finite_normal_output,0,0
ttnn_device,0x4251,0x3f80,0x0000,0x0000,outside_scope,,0
ttnn_device,0x4251,0x4080,0x0000,0x0000,outside_scope,,0
ttnn_device,0x4251,0x4380,0x0000,0x0000,outside_scope,,0
ttnn_device,0x4251,0x4f80,0x0517,0x0000,finite_normal_output,0,0
ttnn_device,0x4251,0x7f7f,0x3516,0x0000,finite_normal_output,0,0
ttnn_device,0x4251,0xff7f,0xb516,0x0000,finite_normal_output,0,0
ttnn_device,0x4251,0x4ad7,0x007f,0x0000,outside_scope,,0
ttnn_device,0x4251,0xcad7,0x807f,0x0000,outside_scope,,0
ttnn_device,0x4251,0x4ad8,0x007f,0x0000,outside_scope,,0
ttnn_device,0x4251,0xcad8,0x807f,0x0000,outside_scope,,0
ttnn_device,0x4251,0x4ad9,0x0080,0x0000,finite_normal_output,0,0
ttnn_device,0x4251,0xcad9,0x8080,0x0000,finite_normal_output,0,0
ttnn_device,0x4252,0x3f80,0x0000,0x0000,outside_scope,,0
ttnn_device,0x4252,0x4080,0x0000,0x0000,outside_scope,,0
ttnn_device,0x4252,0x4380,0x0000,0x0000,outside_scope,,0
ttnn_device,0x4252,0x4f80,0x04b7,0x0000,finite_normal_output,0,0
ttnn_device,0x4252,0x7f7f,0x34b6,0x0000,finite_normal_output,0,0
ttnn_device,0x4252,0xff7f,0xb4b6,0x0000,finite_normal_output,0,0
ttnn_device,0x4252,0x4b31,0x007f,0x0000,outside_scope,,0
ttnn_device,0x4252,0xcb31,0x807f,0x0000,outside_scope,,0
ttnn_device,0x4252,0x4b32,0x007f,0x0000,outside_scope,,0
ttnn_device,0x4252,0xcb32,0x807f,0x0000,outside_scope,,0
ttnn_device,0x4252,0x4b33,0x0080,0x0000,finite_normal_output,0,0
ttnn_device,0x4252,0xcb33,0x8080,0x0000,finite_normal_output,0,1
ttnn_device,0x4253,0x3f80,0x0000,0x0000,outside_scope,,0
ttnn_device,0x4253,0x4080,0x0000,0x0000,outside_scope,,0
ttnn_device,0x4253,0x4380,0x0000,0x0000,outside_scope,,0
ttnn_device,0x4253,0x4f80,0x045e,0x0000,finite_normal_output,0,0
ttnn_device,0x4253,0x7f7f,0x345d,0x0000,finite_normal_output,0,0
ttnn_device,0x4253,0xff7f,0xb45d,0x0000,finite_normal_output,0,0
ttnn_device,0x4253,0x4b92,0x007f,0x0000,outside_scope,,0
ttnn_device,0x4253,0xcb92,0x807f,0x0000,outside_scope,,0
ttnn_device,0x4253,0x4b93,0x0080,0x0000,finite_normal_output,0,0
ttnn_device,0x4253,0xcb93,0x8080,0x0000,finite_normal_output,0,0
ttnn_device,0x4253,0x4b94,0x0080,0x0000,finite_normal_output,0,0
ttnn_device,0x4253,0xcb94,0x8080,0x0000,finite_normal_output,0,0
ttnn_device,0x4254,0x3f80,0x0000,0x0000,outside_scope,,0
ttnn_device,0x4254,0x4080,0x0000,0x0000,outside_scope,,0
ttnn_device,0x4254,0x4380,0x0000,0x0000,outside_scope,,0
ttnn_device,0x4254,0x4f80,0x0407,0x0000,finite_normal_output,0,0
ttnn_device,0x4254,0x7f7f,0x3406,0x0000,finite_normal_output,0,0
ttnn_device,0x4254,0xff7f,0xb406,0x0000,finite_normal_output,0,0
ttnn_device,0x4254,0x4bf1,0x007f,0x0000,outside_scope,,0
ttnn_device,0x4254,0xcbf1,0x807f,0x0000,outside_scope,,0
ttnn_device,0x4254,0x4bf2,0x007f,0x0000,outside_scope,,0
ttnn_device,0x4254,0xcbf2,0x807f,0x0000,outside_scope,,0
ttnn_device,0x4254,0x4bf3,0x0080,0x0000,finite_normal_output,0,0
ttnn_device,0x4254,0xcbf3,0x8080,0x0000,finite_normal_output,0,0
ttnn_device,0x4255,0x3f80,0x0000,0x0000,outside_scope,,0
ttnn_device,0x4255,0x4080,0x0000,0x0000,outside_scope,,0
ttnn_device,0x4255,0x4380,0x0000,0x0000,outside_scope,,0
ttnn_device,0x4255,0x4f80,0x03a3,0x0000,finite_normal_output,0,0
ttnn_device,0x4255,0x7f7f,0x33a3,0x0000,finite_normal_output,0,0
ttnn_device,0x4255,0xff7f,0xb3a3,0x0000,finite_normal_output,0,0
ttnn_device,0x4255,0x4c47,0x007f,0x0000,outside_scope,,0
ttnn_device,0x4255,0xcc47,0x807f,0x0000,outside_scope,,0
ttnn_device,0x4255,0x4c48,0x0080,0x0000,finite_normal_output,0,0
ttnn_device,0x4255,0xcc48,0x8080,0x0000,finite_normal_output,0,0
ttnn_device,0x4255,0x4c49,0x0080,0x0000,finite_normal_output,0,0
ttnn_device,0x4255,0xcc49,0x8080,0x0000,finite_normal_output,0,0
ttnn_device,0x4256,0x3f80,0x0000,0x0000,outside_scope,,0
ttnn_device,0x4256,0x4080,0x0000,0x0000,outside_scope,,0
ttnn_device,0x4256,0x4380,0x0000,0x0000,outside_scope,,0
ttnn_device,0x4256,0x4f80,0x0346,0x0000,finite_normal_output,0,0
ttnn_device,0x4256,0x7f7f,0x3346,0x0000,finite_normal_output,0,0
ttnn_device,0x4256,0xff7f,0xb346,0x0000,finite_normal_output,0,0
ttnn_device,0x4256,0x4ca4,0x007f,0x0000,outside_scope,,0
ttnn_device,0x4256,0xcca4,0x807f,0x0000,outside_scope,,0
ttnn_device,0x4256,0x4ca5,0x0080,0x0000,finite_normal_output,0,0
ttnn_device,0x4256,0xcca5,0x8080,0x0000,finite_normal_output,0,0
ttnn_device,0x4256,0x4ca6,0x0081,0x0000,finite_normal_output,0,0
ttnn_device,0x4256,0xcca6,0x8081,0x0000,finite_normal_output,0,0
ttnn_device,0x4257,0x3f80,0x0000,0x0000,outside_scope,,0
ttnn_device,0x4257,0x4080,0x0000,0x0000,outside_scope,,0
ttnn_device,0x4257,0x4380,0x0000,0x0000,outside_scope,,0
ttnn_device,0x4257,0x4f80,0x02f1,0x0000,finite_normal_output,0,0
ttnn_device,0x4257,0x7f7f,0x32f0,0x0000,finite_normal_output,0,0
ttnn_device,0x4257,0xff7f,0xb2f0,0x0000,finite_normal_output,0,0
ttnn_device,0x4257,0x4d07,0x007f,0x0000,outside_scope,,0
ttnn_device,0x4257,0xcd07,0x807f,0x0000,outside_scope,,0
ttnn_device,0x4257,0x4d08,0x0080,0x0000,finite_normal_output,0,0
ttnn_device,0x4257,0xcd08,0x8080,0x0000,finite_normal_output,0,0
ttnn_device,0x4257,0x4d09,0x0081,0x0000,finite_normal_output,0,0
ttnn_device,0x4257,0xcd09,0x8081,0x0000,finite_normal_output,0,0
ttnn_device,0x4258,0x3f80,0x0000,0x0000,outside_scope,,0
ttnn_device,0x4258,0x4080,0x0000,0x0000,outside_scope,,0
ttnn_device,0x4258,0x4380,0x0000,0x0000,outside_scope,,0
ttnn_device,0x4258,0x4f80,0x0292,0x0000,finite_normal_output,0,0
ttnn_device,0x4258,0x7f7f,0x3291,0x0000,finite_normal_output,0,0
ttnn_device,0x4258,0xff7f,0xb291,0x0000,finite_normal_output,0,1
ttnn_device,0x4258,0x4d5f,0x007f,0x0000,outside_scope,,0
ttnn_device,0x4258,0xcd5f,0x807f,0x0000,outside_scope,,0
ttnn_device,0x4258,0x4d60,0x0080,0x0000,finite_normal_output,0,0
ttnn_device,0x4258,0xcd60,0x8080,0x0000,finite_normal_output,0,0
ttnn_device,0x4258,0x4d61,0x0080,0x0000,finite_normal_output,0,0
ttnn_device,0x4258,0xcd61,0x8080,0x0000,finite_normal_output,0,0
ttnn_device,0x4259,0x3f80,0x0000,0x0000,outside_scope,,0
ttnn_device,0x4259,0x4080,0x0000,0x0000,outside_scope,,0
ttnn_device,0x4259,0x4380,0x0000,0x0000,outside_scope,,0
ttnn_device,0x4259,0x4f80,0x0231,0x0000,finite_normal_output,0,0
ttnn_device,0x4259,0x7f7f,0x3230,0x0000,finite_normal_output,0,0
ttnn_device,0x4259,0xff7f,0xb230,0x0000,finite_normal_output,0,0
ttnn_device,0x4259,0x4db7,0x007f,0x0000,outside_scope,,0
ttnn_device,0x4259,0xcdb7,0x807f,0x0000,outside_scope,,0
ttnn_device,0x4259,0x4db8,0x007f,0x0000,outside_scope,,0
ttnn_device,0x4259,0xcdb8,0x807f,0x0000,outside_scope,,0
ttnn_device,0x4259,0x4db9,0x0080,0x0000,finite_normal_output,0,0
ttnn_device,0x4259,0xcdb9,0x8080,0x0000,finite_normal_output,0,0
ttnn_device,0x425a,0x3f80,0x0000,0x0000,outside_scope,,0
ttnn_device,0x425a,0x4080,0x0000,0x0000,outside_scope,,0
ttnn_device,0x425a,0x4380,0x0000,0x0000,outside_scope,,0
ttnn_device,0x425a,0x4f80,0x01d7,0x0000,finite_normal_output,0,0
ttnn_device,0x425a,0x7f7f,0x31d6,0x0000,finite_normal_output,0,0
ttnn_device,0x425a,0xff7f,0xb1d6,0x0000,finite_normal_output,0,0
ttnn_device,0x425a,0x4e17,0x007f,0x0000,outside_scope,,0
ttnn_device,0x425a,0xce17,0x807f,0x0000,outside_scope,,0
ttnn_device,0x425a,0x4e18,0x007f,0x0000,outside_scope,,0
ttnn_device,0x425a,0xce18,0x807f,0x0000,outside_scope,,0
ttnn_device,0x425a,0x4e19,0x0080,0x0000,finite_normal_output,0,0
ttnn_device,0x425a,0xce19,0x8080,0x0000,finite_normal_output,0,0
ttnn_device,0x425b,0x3f80,0x0000,0x0000,outside_scope,,0
ttnn_device,0x425b,0x4080,0x0000,0x0000,outside_scope,,0
ttnn_device,0x425b,0x4380,0x0000,0x0000,outside_scope,,0
ttnn_device,0x425b,0x4f80,0x0182,0x0000,finite_normal_output,0,0
ttnn_device,0x425b,0x7f7f,0x3182,0x0000,finite_normal_output,0,0
ttnn_device,0x425b,0xff7f,0xb182,0x0000,finite_normal_output,0,0
ttnn_device,0x425b,0x4e7a,0x007f,0x0000,outside_scope,,0
ttnn_device,0x425b,0xce7a,0x807f,0x0000,outside_scope,,0
ttnn_device,0x425b,0x4e7b,0x0080,0x0000,finite_normal_output,0,0
ttnn_device,0x425b,0xce7b,0x8080,0x0000,finite_normal_output,0,0
ttnn_device,0x425b,0x4e7c,0x0080,0x0000,finite_normal_output,0,0
ttnn_device,0x425b,0xce7c,0x8080,0x0000,finite_normal_output,0,0
ttnn_device,0x425c,0x3f80,0x0000,0x0000,outside_scope,,0
ttnn_device,0x425c,0x4080,0x0000,0x0000,outside_scope,,0
ttnn_device,0x425c,0x4380,0x0000,0x0000,outside_scope,,0
ttnn_device,0x425c,0x4f80,0x011e,0x0000,finite_normal_output,0,0
ttnn_device,0x425c,0x7f7f,0x311d,0x0000,finite_normal_output,0,0
ttnn_device,0x425c,0xff7f,0xb11d,0x0000,finite_normal_output,0,0
ttnn_device,0x425c,0x4ece,0x007f,0x0000,outside_scope,,0
ttnn_device,0x425c,0xcece,0x807f,0x0000,outside_scope,,0
ttnn_device,0x425c,0x4ecf,0x0080,0x0000,finite_normal_output,0,0
ttnn_device,0x425c,0xcecf,0x8080,0x0000,finite_normal_output,0,0
ttnn_device,0x425c,0x4ed0,0x0080,0x0000,finite_normal_output,0,0
ttnn_device,0x425c,0xced0,0x8080,0x0000,finite_normal_output,0,0
ttnn_device,0x425d,0x3f80,0x0000,0x0000,outside_scope,,0
ttnn_device,0x425d,0x4080,0x0000,0x0000,outside_scope,,0
ttnn_device,0x425d,0x4380,0x0000,0x0000,outside_scope,,0
ttnn_device,0x425d,0x4f80,0x00c0,0x0000,finite_normal_output,0,0
ttnn_device,0x425d,0x7f7f,0x30bf,0x0000,finite_normal_output,0,0
ttnn_device,0x425d,0xff7f,0xb0bf,0x0000,finite_normal_output,0,0
ttnn_device,0x425d,0x4f29,0x007f,0x0000,outside_scope,,0
ttnn_device,0x425d,0xcf29,0x807f,0x0000,outside_scope,,0
ttnn_device,0x425d,0x4f2a,0x007f,0x0000,outside_scope,,0
ttnn_device,0x425d,0xcf2a,0x807f,0x0000,outside_scope,,0
ttnn_device,0x425d,0x4f2b,0x0080,0x0000,finite_normal_output,0,0
ttnn_device,0x425d,0xcf2b,0x8080,0x0000,finite_normal_output,0,0
ttnn_device,0x425e,0x3f80,0x0000,0x0000,outside_scope,,0
ttnn_device,0x425e,0x4080,0x0000,0x0000,outside_scope,,0
ttnn_device,0x425e,0x4380,0x0000,0x0000,outside_scope,,0
ttnn_device,0x425e,0x4f80,0x0074,0x0000,outside_scope,,0
ttnn_device,0x425e,0x7f7f,0x3068,0x0000,finite_normal_output,0,0
ttnn_device,0x425e,0xff7f,0xb068,0x0000,finite_normal_output,0,0
ttnn_device,0x425e,0x4f8b,0x007e,0x0000,outside_scope,,0
ttnn_device,0x425e,0xcf8b,0x807e,0x0000,outside_scope,,0
ttnn_device,0x425e,0x4f8c,0x007f,0x0000,outside_scope,,0
ttnn_device,0x425e,0xcf8c,0x807f,0x0000,outside_scope,,0
ttnn_device,0x425e,0x4f8d,0x0080,0x0000,finite_normal_output,0,0
ttnn_device,0x425e,0xcf8d,0x8080,0x0000,finite_normal_output,0,1
ttnn_device,0x425f,0x3f80,0x0000,0x0000,outside_scope,,0
ttnn_device,0x425f,0x4080,0x0000,0x0000,outside_scope,,0
ttnn_device,0x425f,0x4380,0x0000,0x0000,outside_scope,,0
ttnn_device,0x425f,0x4f80,0x0046,0x0000,outside_scope,,0
ttnn_device,0x425f,0x7f7f,0x300c,0x0000,finite_normal_output,0,0
ttnn_device,0x425f,0xff7f,0xb00c,0x0000,finite_normal_output,0,0
ttnn_device,0x425f,0x4fe6,0x007f,0x0000,outside_scope,,0
ttnn_device,0x425f,0xcfe6,0x807f,0x0000,outside_scope,,0
ttnn_device,0x425f,0x4fe7,0x007f,0x0000,outside_scope,,0
ttnn_device,0x425f,0xcfe7,0x807f,0x0000,outside_scope,,0
ttnn_device,0x425f,0x4fe8,0x0080,0x0000,finite_normal_output,0,0
ttnn_device,0x425f,0xcfe8,0x8080,0x0000,finite_normal_output,0,0
ttnn_device,0x4260,0x3f80,0x0000,0x0000,outside_scope,,0
ttnn_device,0x4260,0x4080,0x0000,0x0000,outside_scope,,0
ttnn_device,0x4260,0x4380,0x0000,0x0000,outside_scope,,0
ttnn_device,0x4260,0x4f80,0x002b,0x0000,outside_scope,,0
ttnn_device,0x4260,0x7f7f,0x2faa,0x0000,finite_normal_output,0,0
ttnn_device,0x4260,0xff7f,0xafaa,0x0000,finite_normal_output,0,0
ttnn_device,0x4260,0x503e,0x007f,0x0000,outside_scope,,0
ttnn_device,0x4260,0xd03e,0x807f,0x0000,outside_scope,,0
ttnn_device,0x4260,0x503f,0x0080,0x0000,finite_normal_output,0,0
ttnn_device,0x4260,0xd03f,0x8080,0x0000,finite_normal_output,0,0
ttnn_device,0x4260,0x5040,0x0080,0x0000,finite_normal_output,0,0
ttnn_device,0x4260,0xd040,0x8080,0x0000,finite_normal_output,0,0
ttnn_device,0x4261,0x3f80,0x0000,0x0000,outside_scope,,0
ttnn_device,0x4261,0x4080,0x0000,0x0000,outside_scope,,0
ttnn_device,0x4261,0x4380,0x0000,0x0000,outside_scope,,0
ttnn_device,0x4261,0x4f80,0x001a,0x0000,outside_scope,,0
ttnn_device,0x4261,0x7f7f,0x2f4f,0x0000,finite_normal_output,0,0
ttnn_device,0x4261,0xff7f,0xaf4f,0x0000,finite_normal_output,0,0
ttnn_device,0x4261,0x509c,0x007e,0x0000,outside_scope,,0
ttnn_device,0x4261,0xd09c,0x807e,0x0000,outside_scope,,0
ttnn_device,0x4261,0x509d,0x007f,0x0000,outside_scope,,0
ttnn_device,0x4261,0xd09d,0x807f,0x0000,outside_scope,,0
ttnn_device,0x4261,0x509e,0x0080,0x0000,finite_normal_output,0,0
ttnn_device,0x4261,0xd09e,0x8080,0x0000,finite_normal_output,0,0
ttnn_device,0x4262,0x3f80,0x0000,0x0000,outside_scope,,0
ttnn_device,0x4262,0x4080,0x0000,0x0000,outside_scope,,0
ttnn_device,0x4262,0x4380,0x0000,0x0000,outside_scope,,0
ttnn_device,0x4262,0x4f80,0x0010,0x0000,outside_scope,,0
ttnn_device,0x4262,0x7f7f,0x2efb,0x0000,finite_normal_output,0,0
ttnn_device,0x4262,0xff7f,0xaefb,0x0000,finite_normal_output,0,0
ttnn_device,0x4262,0x5101,0x007f,0x0000,outside_scope,,0
ttnn_device,0x4262,0xd101,0x807f,0x0000,outside_scope,,0
ttnn_device,0x4262,0x5102,0x0080,0x0000,finite_normal_output,0,0
ttnn_device,0x4262,0xd102,0x8080,0x0000,finite_normal_output,0,0
ttnn_device,0x4262,0x5103,0x0081,0x0000,finite_normal_output,0,0
ttnn_device,0x4262,0xd103,0x8081,0x0000,finite_normal_output,0,0
ttnn_device,0x4263,0x3f80,0x0000,0x0000,outside_scope,,0
ttnn_device,0x4263,0x4080,0x0000,0x0000,outside_scope,,0
ttnn_device,0x4263,0x4380,0x0000,0x0000,outside_scope,,0
ttnn_device,0x4263,0x4f80,0x000a,0x0000,outside_scope,,0
ttnn_device,0x4263,0x7f7f,0x2e98,0x0000,finite_normal_output,0,0
ttnn_device,0x4263,0xff7f,0xae98,0x0000,finite_normal_output,0,0
ttnn_device,0x4263,0x5155,0x007f,0x0000,outside_scope,,0
ttnn_device,0x4263,0xd155,0x807f,0x0000,outside_scope,,0
ttnn_device,0x4263,0x5156,0x0080,0x0000,finite_normal_output,0,0
ttnn_device,0x4263,0xd156,0x8080,0x0000,finite_normal_output,0,0
ttnn_device,0x4263,0x5157,0x0080,0x0000,finite_normal_output,0,0
ttnn_device,0x4263,0xd157,0x8080,0x0000,finite_normal_output,0,0
ttnn_device,0x4264,0x3f80,0x0000,0x0000,outside_scope,,0
ttnn_device,0x4264,0x4080,0x0000,0x0000,outside_scope,,0
ttnn_device,0x4264,0x4380,0x0000,0x0000,outside_scope,,0
ttnn_device,0x4264,0x4f80,0x0006,0x0000,outside_scope,,0
ttnn_device,0x4264,0x7f7f,0x2e38,0x0000,finite_normal_output,0,0
ttnn_device,0x4264,0xff7f,0xae38,0x0000,finite_normal_output,0,0
ttnn_device,0x4264,0x51af,0x007f,0x0000,outside_scope,,0
ttnn_device,0x4264,0xd1af,0x807f,0x0000,outside_scope,,0
ttnn_device,0x4264,0x51b0,0x007f,0x0000,outside_scope,,0
ttnn_device,0x4264,0xd1b0,0x807f,0x0000,outside_scope,,0
ttnn_device,0x4264,0x51b1,0x0080,0x0000,finite_normal_output,0,0
ttnn_device,0x4264,0xd1b1,0x8080,0x0000,finite_normal_output,0,0
ttnn_device,0x4265,0x3f80,0x0000,0x0000,outside_scope,,0
ttnn_device,0x4265,0x4080,0x0000,0x0000,outside_scope,,0
ttnn_device,0x4265,0x4380,0x0000,0x0000,outside_scope,,0
ttnn_device,0x4265,0x4f80,0x0004,0x0000,outside_scope,,0
ttnn_device,0x4265,0x7f7f,0x2de0,0x0000,finite_normal_output,0,0
ttnn_device,0x4265,0xff7f,0xade0,0x0000,finite_normal_output,0,0
ttnn_device,0x4265,0x5210,0x007e,0x0000,outside_scope,,0
ttnn_device,0x4265,0xd210,0x807e,0x0000,outside_scope,,0
ttnn_device,0x4265,0x5211,0x007f,0x0000,outside_scope,,0
ttnn_device,0x4265,0xd211,0x807f,0x0000,outside_scope,,0
ttnn_device,0x4265,0x5212,0x0080,0x0000,finite_normal_output,0,0
ttnn_device,0x4265,0xd212,0x8080,0x0000,finite_normal_output,0,0
ttnn_device,0x4266,0x3f80,0x0000,0x0000,outside_scope,,0
ttnn_device,0x4266,0x4080,0x0000,0x0000,outside_scope,,0
ttnn_device,0x4266,0x4380,0x0000,0x0000,outside_scope,,0
ttnn_device,0x4266,0x4f80,0x0002,0x0000,outside_scope,,0
ttnn_device,0x4266,0x7f7f,0x2d88,0x0000,finite_normal_output,0,0
ttnn_device,0x4266,0xff7f,0xad88,0x0000,finite_normal_output,0,1
ttnn_device,0x4266,0x526f,0x007f,0x0000,outside_scope,,0
ttnn_device,0x4266,0xd26f,0x807f,0x0000,outside_scope,,0
ttnn_device,0x4266,0x5270,0x0080,0x0000,finite_normal_output,0,0
ttnn_device,0x4266,0xd270,0x8080,0x0000,finite_normal_output,0,0
ttnn_device,0x4266,0x5271,0x0080,0x0000,finite_normal_output,0,0
ttnn_device,0x4266,0xd271,0x8080,0x0000,finite_normal_output,0,0
ttnn_device,0x4267,0x3f80,0x0000,0x0000,outside_scope,,0
ttnn_device,0x4267,0x4080,0x0000,0x0000,outside_scope,,0
ttnn_device,0x4267,0x4380,0x0000,0x0000,outside_scope,,0
ttnn_device,0x4267,0x4f80,0x0001,0x0000,outside_scope,,0
ttnn_device,0x4267,0x7f7f,0x2d25,0x0000,finite_normal_output,0,0
ttnn_device,0x4267,0xff7f,0xad25,0x0000,finite_normal_output,0,0
ttnn_device,0x4267,0x52c4,0x007f,0x0000,outside_scope,,0
ttnn_device,0x4267,0xd2c4,0x807f,0x0000,outside_scope,,0
ttnn_device,0x4267,0x52c5,0x007f,0x0000,outside_scope,,0
ttnn_device,0x4267,0xd2c5,0x807f,0x0000,outside_scope,,0
ttnn_device,0x4267,0x52c6,0x0080,0x0000,finite_normal_output,0,0
ttnn_device,0x4267,0xd2c6,0x8080,0x0000,finite_normal_output,0,0
ttnn_device,0x4268,0x3f80,0x0000,0x0000,outside_scope,,0
ttnn_device,0x4268,0x4080,0x0000,0x0000,outside_scope,,0
ttnn_device,0x4268,0x4380,0x0000,0x0000,outside_scope,,0
ttnn_device,0x4268,0x4f80,0x0001,0x0000,outside_scope,,0
ttnn_device,0x4268,0x7f7f,0x2cc8,0x0000,finite_normal_output,0,0
ttnn_device,0x4268,0xff7f,0xacc8,0x0000,finite_normal_output,0,0
ttnn_device,0x4268,0x5322,0x007f,0x0000,outside_scope,,0
ttnn_device,0x4268,0xd322,0x807f,0x0000,outside_scope,,0
ttnn_device,0x4268,0x5323,0x0080,0x0000,finite_normal_output,0,0
ttnn_device,0x4268,0xd323,0x8080,0x0000,finite_normal_output,0,0
ttnn_device,0x4268,0x5324,0x0080,0x0000,finite_normal_output,0,0
ttnn_device,0x4268,0xd324,0x8080,0x0000,finite_normal_output,0,0
ttnn_device,0x4269,0x3f80,0x0000,0x0000,outside_scope,,0
ttnn_device,0x4269,0x4080,0x0000,0x0000,outside_scope,,0
ttnn_device,0x4269,0x4380,0x0000,0x0000,outside_scope,,0
ttnn_device,0x4269,0x4f80,0x0000,0x0000,outside_scope,,0
ttnn_device,0x4269,0x7f7f,0x2c72,0x0000,finite_normal_output,0,0
ttnn_device,0x4269,0xff7f,0xac72,0x0000,finite_normal_output,0,0
ttnn_device,0x4269,0x5385,0x007e,0x0000,outside_scope,,0
ttnn_device,0x4269,0xd385,0x807e,0x0000,outside_scope,,0
ttnn_device,0x4269,0x5386,0x007f,0x0000,outside_scope,,0
ttnn_device,0x4269,0xd386,0x807f,0x0000,outside_scope,,0
ttnn_device,0x4269,0x5387,0x0080,0x0000,finite_normal_output,0,0
ttnn_device,0x4269,0xd387,0x8080,0x0000,finite_normal_output,0,0
ttnn_device,0x426a,0x3f80,0x0000,0x0000,outside_scope,,0
ttnn_device,0x426a,0x4080,0x0000,0x0000,outside_scope,,0
ttnn_device,0x426a,0x4380,0x0000,0x0000,outside_scope,,0
ttnn_device,0x426a,0x4f80,0x0000,0x0000,outside_scope,,0
ttnn_device,0x426a,0x7f7f,0x2c13,0x0000,finite_normal_output,0,0
ttnn_device,0x426a,0xff7f,0xac13,0x0000,finite_normal_output,0,0
ttnn_device,0x426a,0x53dc,0x007f,0x0000,outside_scope,,0
ttnn_device,0x426a,0xd3dc,0x807f,0x0000,outside_scope,,0
ttnn_device,0x426a,0x53dd,0x007f,0x0000,outside_scope,,0
ttnn_device,0x426a,0xd3dd,0x807f,0x0000,outside_scope,,0
ttnn_device,0x426a,0x53de,0x0080,0x0000,finite_normal_output,0,0
ttnn_device,0x426a,0xd3de,0x8080,0x0000,finite_normal_output,0,0
ttnn_device,0x426b,0x3f80,0x0000,0x0000,outside_scope,,0
ttnn_device,0x426b,0x4080,0x0000,0x0000,outside_scope,,0
ttnn_device,0x426b,0x4380,0x0000,0x0000,outside_scope,,0
ttnn_device,0x426b,0x4f80,0x0000,0x0000,outside_scope,,0
ttnn_device,0x426b,0x7f7f,0x2bb2,0x0000,finite_normal_output,0,0
ttnn_device,0x426b,0xff7f,0xabb2,0x0000,finite_normal_output,0,0
ttnn_device,0x426b,0x5435,0x007f,0x0000,outside_scope,,0
ttnn_device,0x426b,0xd435,0x807f,0x0000,outside_scope,,0
ttnn_device,0x426b,0x5436,0x007f,0x0000,outside_scope,,0
ttnn_device,0x426b,0xd436,0x807f,0x0000,outside_scope,,0
ttnn_device,0x426b,0x5437,0x0080,0x0000,finite_normal_output,0,0
ttnn_device,0x426b,0xd437,0x8080,0x0000,finite_normal_output,0,0
ttnn_device,0x426c,0x3f80,0x0000,0x0000,outside_scope,,0
ttnn_device,0x426c,0x4080,0x0000,0x0000,outside_scope,,0
ttnn_device,0x426c,0x4380,0x0000,0x0000,outside_scope,,0
ttnn_device,0x426c,0x4f80,0x0000,0x0000,outside_scope,,0
ttnn_device,0x426c,0x7f7f,0x2b58,0x0000,finite_normal_output,0,0
ttnn_device,0x426c,0xff7f,0xab58,0x0000,finite_normal_output,0,0
ttnn_device,0x426c,0x5495,0x007e,0x0000,outside_scope,,0
ttnn_device,0x426c,0xd495,0x807e,0x0000,outside_scope,,0
ttnn_device,0x426c,0x5496,0x007f,0x0000,outside_scope,,0
ttnn_device,0x426c,0xd496,0x807f,0x0000,outside_scope,,0
ttnn_device,0x426c,0x5497,0x0080,0x0000,finite_normal_output,0,0
ttnn_device,0x426c,0xd497,0x8080,0x0000,finite_normal_output,0,0
ttnn_device,0x426d,0x3f80,0x0000,0x0000,outside_scope,,0
ttnn_device,0x426d,0x4080,0x0000,0x0000,outside_scope,,0
ttnn_device,0x426d,0x4380,0x0000,0x0000,outside_scope,,0
ttnn_device,0x426d,0x4f80,0x0000,0x0000,outside_scope,,0
ttnn_device,0x426d,0x7f7f,0x2b03,0x0000,finite_normal_output,0,0
ttnn_device,0x426d,0xff7f,0xab03,0x0000,finite_normal_output,0,0
ttnn_device,0x426d,0x54f7,0x007f,0x0000,outside_scope,,0
ttnn_device,0x426d,0xd4f7,0x807f,0x0000,outside_scope,,0
ttnn_device,0x426d,0x54f8,0x0080,0x0000,finite_normal_output,0,0
ttnn_device,0x426d,0xd4f8,0x8080,0x0000,finite_normal_output,0,0
ttnn_device,0x426d,0x54f9,0x0080,0x0000,finite_normal_output,0,0
ttnn_device,0x426d,0xd4f9,0x8080,0x0000,finite_normal_output,0,0
ttnn_device,0x426e,0x3f80,0x0000,0x0000,outside_scope,,0
ttnn_device,0x426e,0x4080,0x0000,0x0000,outside_scope,,0
ttnn_device,0x426e,0x4380,0x0000,0x0000,outside_scope,,0
ttnn_device,0x426e,0x4f80,0x0000,0x0000,outside_scope,,0
ttnn_device,0x426e,0x7f7f,0x2a9f,0x0000,finite_normal_output,0,1
ttnn_device,0x426e,0xff7f,0xaa9f,0x0000,finite_normal_output,0,0
ttnn_device,0x426e,0x554b,0x007f,0x0000,outside_scope,,0
ttnn_device,0x426e,0xd54b,0x807f,0x0000,outside_scope,,0
ttnn_device,0x426e,0x554c,0x007f,0x0000,outside_scope,,0
ttnn_device,0x426e,0xd54c,0x807f,0x0000,outside_scope,,0
ttnn_device,0x426e,0x554d,0x0080,0x0000,finite_normal_output,0,0
ttnn_device,0x426e,0xd54d,0x8080,0x0000,finite_normal_output,0,0
ttnn_device,0x426f,0x3f80,0x0000,0x0000,outside_scope,,0
ttnn_device,0x426f,0x4080,0x0000,0x0000,outside_scope,,0
ttnn_device,0x426f,0x4380,0x0000,0x0000,outside_scope,,0
ttnn_device,0x426f,0x4f80,0x0000,0x0000,outside_scope,,0
ttnn_device,0x426f,0x7f7f,0x2a41,0x0000,finite_normal_output,0,0
ttnn_device,0x426f,0xff7f,0xaa41,0x0000,finite_normal_output,0,0
ttnn_device,0x426f,0x55a7,0x007e,0x0000,outside_scope,,0
ttnn_device,0x426f,0xd5a7,0x807e,0x0000,outside_scope,,0
ttnn_device,0x426f,0x55a8,0x007f,0x0000,outside_scope,,0
ttnn_device,0x426f,0xd5a8,0x807f,0x0000,outside_scope,,0
ttnn_device,0x426f,0x55a9,0x0080,0x0000,finite_normal_output,0,0
ttnn_device,0x426f,0xd5a9,0x8080,0x0000,finite_normal_output,0,0
ttnn_device,0x4270,0x3f80,0x0000,0x0000,outside_scope,,0
ttnn_device,0x4270,0x4080,0x0000,0x0000,outside_scope,,0
ttnn_device,0x4270,0x4380,0x0000,0x0000,outside_scope,,0
ttnn_device,0x4270,0x4f80,0x0000,0x0000,outside_scope,,0
ttnn_device,0x4270,0x7f7f,0x29ea,0x0000,finite_normal_output,0,0
ttnn_device,0x4270,0xff7f,0xa9ea,0x0000,finite_normal_output,0,0
ttnn_device,0x4270,0x560a,0x007f,0x0000,outside_scope,,0
ttnn_device,0x4270,0xd60a,0x807f,0x0000,outside_scope,,0
ttnn_device,0x4270,0x560b,0x0080,0x0000,finite_normal_output,0,0
ttnn_device,0x4270,0xd60b,0x8080,0x0000,finite_normal_output,0,0
ttnn_device,0x4270,0x560c,0x0081,0x0000,finite_normal_output,0,0
ttnn_device,0x4270,0xd60c,0x8081,0x0000,finite_normal_output,0,0
ttnn_device,0x4271,0x3f80,0x0000,0x0000,outside_scope,,0
ttnn_device,0x4271,0x4080,0x0000,0x0000,outside_scope,,0
ttnn_device,0x4271,0x4380,0x0000,0x0000,outside_scope,,0
ttnn_device,0x4271,0x4f80,0x0000,0x0000,outside_scope,,0
ttnn_device,0x4271,0x7f7f,0x298e,0x0000,finite_normal_output,0,0
ttnn_device,0x4271,0xff7f,0xa98e,0x0000,finite_normal_output,0,0
ttnn_device,0x4271,0x5664,0x007f,0x0000,outside_scope,,0
ttnn_device,0x4271,0xd664,0x807f,0x0000,outside_scope,,0
ttnn_device,0x4271,0x5665,0x0080,0x0000,finite_normal_output,0,0
ttnn_device,0x4271,0xd665,0x8080,0x0000,finite_normal_output,0,0
ttnn_device,0x4271,0x5666,0x0080,0x0000,finite_normal_output,0,0
ttnn_device,0x4271,0xd666,0x8080,0x0000,finite_normal_output,0,0
ttnn_device,0x4272,0x3f80,0x0000,0x0000,outside_scope,,0
ttnn_device,0x4272,0x4080,0x0000,0x0000,outside_scope,,0
ttnn_device,0x4272,0x4380,0x0000,0x0000,outside_scope,,0
ttnn_device,0x4272,0x4f80,0x0000,0x0000,outside_scope,,0
ttnn_device,0x4272,0x7f7f,0x292c,0x0000,finite_normal_output,0,0
ttnn_device,0x4272,0xff7f,0xa92c,0x0000,finite_normal_output,0,0
ttnn_device,0x4272,0x56bc,0x007f,0x0000,outside_scope,,0
ttnn_device,0x4272,0xd6bc,0x807f,0x0000,outside_scope,,0
ttnn_device,0x4272,0x56bd,0x0080,0x0000,finite_normal_output,0,0
ttnn_device,0x4272,0xd6bd,0x8080,0x0000,finite_normal_output,0,0
ttnn_device,0x4272,0x56be,0x0080,0x0000,finite_normal_output,0,0
ttnn_device,0x4272,0xd6be,0x8080,0x0000,finite_normal_output,0,0
ttnn_device,0x4273,0x3f80,0x0000,0x0000,outside_scope,,0
ttnn_device,0x4273,0x4080,0x0000,0x0000,outside_scope,,0
ttnn_device,0x4273,0x4380,0x0000,0x0000,outside_scope,,0
ttnn_device,0x4273,0x4f80,0x0000,0x0000,outside_scope,,0
ttnn_device,0x4273,0x7f7f,0x28d1,0x0000,finite_normal_output,0,0
ttnn_device,0x4273,0xff7f,0xa8d1,0x0000,finite_normal_output,0,0
ttnn_device,0x4273,0x571b,0x007f,0x0000,outside_scope,,0
ttnn_device,0x4273,0xd71b,0x807f,0x0000,outside_scope,,0
ttnn_device,0x4273,0x571c,0x0080,0x0000,finite_normal_output,0,0
ttnn_device,0x4273,0xd71c,0x8080,0x0000,finite_normal_output,0,0
ttnn_device,0x4273,0x571d,0x0081,0x0000,finite_normal_output,0,0
ttnn_device,0x4273,0xd71d,0x8081,0x0000,finite_normal_output,0,0
ttnn_device,0x4274,0x3f80,0x0000,0x0000,outside_scope,,0
ttnn_device,0x4274,0x4080,0x0000,0x0000,outside_scope,,0
ttnn_device,0x4274,0x4380,0x0000,0x0000,outside_scope,,0
ttnn_device,0x4274,0x4f80,0x0000,0x0000,outside_scope,,0
ttnn_device,0x4274,0x7f7f,0x287d,0x0000,finite_normal_output,0,0
ttnn_device,0x4274,0xff7f,0xa87d,0x0000,finite_normal_output,0,0
ttnn_device,0x4274,0x577f,0x007f,0x0000,outside_scope,,0
ttnn_device,0x4274,0xd77f,0x807f,0x0000,outside_scope,,0
ttnn_device,0x4274,0x5780,0x007f,0x0000,outside_scope,,0
ttnn_device,0x4274,0xd780,0x807f,0x0000,outside_scope,,0
ttnn_device,0x4274,0x5781,0x0080,0x0000,finite_normal_output,0,0
ttnn_device,0x4274,0xd781,0x8080,0x0000,finite_normal_output,0,0
ttnn_device,0x4275,0x3f80,0x0000,0x0000,outside_scope,,0
ttnn_device,0x4275,0x4080,0x0000,0x0000,outside_scope,,0
ttnn_device,0x4275,0x4380,0x0000,0x0000,outside_scope,,0
ttnn_device,0x4275,0x4f80,0x0000,0x0000,outside_scope,,0
ttnn_device,0x4275,0x7f7f,0x281a,0x0000,finite_normal_output,0,1
ttnn_device,0x4275,0xff7f,0xa81a,0x0000,finite_normal_output,0,0
ttnn_device,0x4275,0x57d2,0x007f,0x0000,outside_scope,,0
ttnn_device,0x4275,0xd7d2,0x807f,0x0000,outside_scope,,0
ttnn_device,0x4275,0x57d3,0x007f,0x0000,outside_scope,,0
ttnn_device,0x4275,0xd7d3,0x807f,0x0000,outside_scope,,0
ttnn_device,0x4275,0x57d4,0x0080,0x0000,finite_normal_output,0,0
ttnn_device,0x4275,0xd7d4,0x8080,0x0000,finite_normal_output,0,0
ttnn_device,0x4276,0x3f80,0x0000,0x0000,outside_scope,,0
ttnn_device,0x4276,0x4080,0x0000,0x0000,outside_scope,,0
ttnn_device,0x4276,0x4380,0x0000,0x0000,outside_scope,,0
ttnn_device,0x4276,0x4f80,0x0000,0x0000,outside_scope,,0
ttnn_device,0x4276,0x7f7f,0x27ba,0x0000,finite_normal_output,0,0
ttnn_device,0x4276,0xff7f,0xa7ba,0x0000,finite_normal_output,0,0
ttnn_device,0x4276,0x582d,0x007f,0x0000,outside_scope,,0
ttnn_device,0x4276,0xd82d,0x807f,0x0000,outside_scope,,0
ttnn_device,0x4276,0x582e,0x007f,0x0000,outside_scope,,0
ttnn_device,0x4276,0xd82e,0x807f,0x0000,outside_scope,,0
ttnn_device,0x4276,0x582f,0x0080,0x0000,finite_normal_output,0,0
ttnn_device,0x4276,0xd82f,0x8080,0x0000,finite_normal_output,0,0
ttnn_device,0x4277,0x3f80,0x0000,0x0000,outside_scope,,0
ttnn_device,0x4277,0x4080,0x0000,0x0000,outside_scope,,0
ttnn_device,0x4277,0x4380,0x0000,0x0000,outside_scope,,0
ttnn_device,0x4277,0x4f80,0x0000,0x0000,outside_scope,,0
ttnn_device,0x4277,0x7f7f,0x2762,0x0000,finite_normal_output,0,0
ttnn_device,0x4277,0xff7f,0xa762,0x0000,finite_normal_output,0,0
ttnn_device,0x4277,0x588f,0x007f,0x0000,outside_scope,,0
ttnn_device,0x4277,0xd88f,0x807f,0x0000,outside_scope,,0
ttnn_device,0x4277,0x5890,0x0080,0x0000,finite_normal_output,0,0
ttnn_device,0x4277,0xd890,0x8080,0x0000,finite_normal_output,0,0
ttnn_device,0x4277,0x5891,0x0081,0x0000,finite_normal_output,0,0
ttnn_device,0x4277,0xd891,0x8081,0x0000,finite_normal_output,0,0
ttnn_device,0x4278,0x3f80,0x0000,0x0000,outside_scope,,0
ttnn_device,0x4278,0x4080,0x0000,0x0000,outside_scope,,0
ttnn_device,0x4278,0x4380,0x0000,0x0000,outside_scope,,0
ttnn_device,0x4278,0x4f80,0x0000,0x0000,outside_scope,,0
ttnn_device,0x4278,0x7f7f,0x2709,0x0000,finite_normal_output,0,0
ttnn_device,0x4278,0xff7f,0xa709,0x0000,finite_normal_output,0,0
ttnn_device,0x4278,0x58ec,0x007f,0x0000,outside_scope,,0
ttnn_device,0x4278,0xd8ec,0x807f,0x0000,outside_scope,,0
ttnn_device,0x4278,0x58ed,0x0080,0x0000,finite_normal_output,0,0
ttnn_device,0x4278,0xd8ed,0x8080,0x0000,finite_normal_output,0,0
ttnn_device,0x4278,0x58ee,0x0080,0x0000,finite_normal_output,0,0
ttnn_device,0x4278,0xd8ee,0x8080,0x0000,finite_normal_output,0,0
ttnn_device,0x4279,0x3f80,0x0000,0x0000,outside_scope,,0
ttnn_device,0x4279,0x4080,0x0000,0x0000,outside_scope,,0
ttnn_device,0x4279,0x4380,0x0000,0x0000,outside_scope,,0
ttnn_device,0x4279,0x4f80,0x0000,0x0000,outside_scope,,0
ttnn_device,0x4279,0x7f7f,0x26a6,0x0000,finite_normal_output,0,0
ttnn_device,0x4279,0xff7f,0xa6a6,0x0000,finite_normal_output,0,0
ttnn_device,0x4279,0x5942,0x007f,0x0000,outside_scope,,0
ttnn_device,0x4279,0xd942,0x807f,0x0000,outside_scope,,0
ttnn_device,0x4279,0x5943,0x007f,0x0000,outside_scope,,0
ttnn_device,0x4279,0xd943,0x807f,0x0000,outside_scope,,0
ttnn_device,0x4279,0x5944,0x0080,0x0000,finite_normal_output,0,0
ttnn_device,0x4279,0xd944,0x8080,0x0000,finite_normal_output,0,0
ttnn_device,0x427a,0x3f80,0x0000,0x0000,outside_scope,,0
ttnn_device,0x427a,0x4080,0x0000,0x0000,outside_scope,,0
ttnn_device,0x427a,0x4380,0x0000,0x0000,outside_scope,,0
ttnn_device,0x427a,0x4f80,0x0000,0x0000,outside_scope,,0
ttnn_device,0x427a,0x7f7f,0x264a,0x0000,finite_normal_output,0,0
ttnn_device,0x427a,0xff7f,0xa64a,0x0000,finite_normal_output,0,0
ttnn_device,0x427a,0x59a0,0x007f,0x0000,outside_scope,,0
ttnn_device,0x427a,0xd9a0,0x807f,0x0000,outside_scope,,0
ttnn_device,0x427a,0x59a1,0x007f,0x0000,outside_scope,,0
ttnn_device,0x427a,0xd9a1,0x807f,0x0000,outside_scope,,0
ttnn_device,0x427a,0x59a2,0x0080,0x0000,finite_normal_output,0,0
ttnn_device,0x427a,0xd9a2,0x8080,0x0000,finite_normal_output,0,0
ttnn_device,0x427b,0x3f80,0x0000,0x0000,outside_scope,,0
ttnn_device,0x427b,0x4080,0x0000,0x0000,outside_scope,,0
ttnn_device,0x427b,0x4380,0x0000,0x0000,outside_scope,,0
ttnn_device,0x427b,0x4f80,0x0000,0x0000,outside_scope,,0
ttnn_device,0x427b,0x7f7f,0x25f5,0x0000,finite_normal_output,0,0
ttnn_device,0x427b,0xff7f,0xa5f5,0x0000,finite_normal_output,0,0
ttnn_device,0x427b,0x5a04,0x007f,0x0000,outside_scope,,0
ttnn_device,0x427b,0xda04,0x807f,0x0000,outside_scope,,0
ttnn_device,0x427b,0x5a05,0x0080,0x0000,finite_normal_output,0,0
ttnn_device,0x427b,0xda05,0x8080,0x0000,finite_normal_output,0,0
ttnn_device,0x427b,0x5a06,0x0081,0x0000,finite_normal_output,0,0
ttnn_device,0x427b,0xda06,0x8081,0x0000,finite_normal_output,0,0
ttnn_device,0x427c,0x3f80,0x0000,0x0000,outside_scope,,0
ttnn_device,0x427c,0x4080,0x0000,0x0000,outside_scope,,0
ttnn_device,0x427c,0x4380,0x0000,0x0000,outside_scope,,0
ttnn_device,0x427c,0x4f80,0x0000,0x0000,outside_scope,,0
ttnn_device,0x427c,0x7f7f,0x2595,0x0000,finite_normal_output,0,0
ttnn_device,0x427c,0xff7f,0xa595,0x0000,finite_normal_output,0,0
ttnn_device,0x427c,0x5a5a,0x007f,0x0000,outside_scope,,0
ttnn_device,0x427c,0xda5a,0x807f,0x0000,outside_scope,,0
ttnn_device,0x427c,0x5a5b,0x0080,0x0000,finite_normal_output,0,0
ttnn_device,0x427c,0xda5b,0x8080,0x0000,finite_normal_output,0,1
ttnn_device,0x427c,0x5a5c,0x0080,0x0000,finite_normal_output,0,0
ttnn_device,0x427c,0xda5c,0x8080,0x0000,finite_normal_output,0,0
ttnn_device,0x427d,0x3f80,0x0000,0x0000,outside_scope,,0
ttnn_device,0x427d,0x4080,0x0000,0x0000,outside_scope,,0
ttnn_device,0x427d,0x4380,0x0000,0x0000,outside_scope,,0
ttnn_device,0x427d,0x4f80,0x0000,0x0000,outside_scope,,0
ttnn_device,0x427d,0x7f7f,0x2534,0x0000,finite_normal_output,0,0
ttnn_device,0x427d,0xff7f,0xa534,0x0000,finite_normal_output,0,0
ttnn_device,0x427d,0x5ab3,0x007e,0x0000,outside_scope,,0
ttnn_device,0x427d,0xdab3,0x807e,0x0000,outside_scope,,0
ttnn_device,0x427d,0x5ab4,0x007f,0x0000,outside_scope,,0
ttnn_device,0x427d,0xdab4,0x807f,0x0000,outside_scope,,0
ttnn_device,0x427d,0x5ab5,0x0080,0x0000,finite_normal_output,0,0
ttnn_device,0x427d,0xdab5,0x8080,0x0000,finite_normal_output,0,0
ttnn_device,0x427e,0x3f80,0x0000,0x0000,outside_scope,,0
ttnn_device,0x427e,0x4080,0x0000,0x0000,outside_scope,,0
ttnn_device,0x427e,0x4380,0x0000,0x0000,outside_scope,,0
ttnn_device,0x427e,0x4f80,0x0000,0x0000,outside_scope,,0
ttnn_device,0x427e,0x7f7f,0x24db,0x0000,finite_normal_output,0,0
ttnn_device,0x427e,0xff7f,0xa4db,0x0000,finite_normal_output,0,0
ttnn_device,0x427e,0x5b14,0x007f,0x0000,outside_scope,,0
ttnn_device,0x427e,0xdb14,0x807f,0x0000,outside_scope,,0
ttnn_device,0x427e,0x5b15,0x0080,0x0000,finite_normal_output,0,0
ttnn_device,0x427e,0xdb15,0x8080,0x0000,finite_normal_output,0,0
ttnn_device,0x427e,0x5b16,0x0081,0x0000,finite_normal_output,0,0
ttnn_device,0x427e,0xdb16,0x8081,0x0000,finite_normal_output,0,0
ttnn_device,0x427f,0x3f80,0x0000,0x0000,outside_scope,,0
ttnn_device,0x427f,0x4080,0x0000,0x0000,outside_scope,,0
ttnn_device,0x427f,0x4380,0x0000,0x0000,outside_scope,,0
ttnn_device,0x427f,0x4f80,0x0000,0x0000,outside_scope,,0
ttnn_device,0x427f,0x7f7f,0x2485,0x0000,finite_normal_output,0,0
ttnn_device,0x427f,0xff7f,0xa485,0x0000,finite_normal_output,0,0
ttnn_device,0x427f,0x5b74,0x007f,0x0000,outside_scope,,0
ttnn_device,0x427f,0xdb74,0x807f,0x0000,outside_scope,,0
ttnn_device,0x427f,0x5b75,0x007f,0x0000,outside_scope,,0
ttnn_device,0x427f,0xdb75,0x807f,0x0000,outside_scope,,0
ttnn_device,0x427f,0x5b76,0x0080,0x0000,finite_normal_output,0,0
ttnn_device,0x427f,0xdb76,0x8080,0x0000,finite_normal_output,0,0
ttnn_device,0x4280,0x3f80,0x0000,0x0000,outside_scope,,0
ttnn_device,0x4280,0x4080,0x0000,0x0000,outside_scope,,0
ttnn_device,0x4280,0x4380,0x0000,0x0000,outside_scope,,0
ttnn_device,0x4280,0x4f80,0x0000,0x0000,outside_scope,,0
ttnn_device,0x4280,0x7f7f,0x2421,0x0000,finite_normal_output,0,0
ttnn_device,0x4280,0xff7f,0xa421,0x0000,finite_normal_output,0,0
ttnn_device,0x4280,0x5bc9,0x007f,0x0000,outside_scope,,0
ttnn_device,0x4280,0xdbc9,0x807f,0x0000,outside_scope,,0
ttnn_device,0x4280,0x5bca,0x007f,0x0000,outside_scope,,0
ttnn_device,0x4280,0xdbca,0x807f,0x0000,outside_scope,,0
ttnn_device,0x4280,0x5bcb,0x0080,0x0000,finite_normal_output,0,0
ttnn_device,0x4280,0xdbcb,0x8080,0x0000,finite_normal_output,0,0
ttnn_device,0x4281,0x3f80,0x0000,0x0000,outside_scope,,0
ttnn_device,0x4281,0x4080,0x0000,0x0000,outside_scope,,0
ttnn_device,0x4281,0x4380,0x0000,0x0000,outside_scope,,0
ttnn_device,0x4281,0x4f80,0x0000,0x0000,outside_scope,,0
ttnn_device,0x4281,0x7f7f,0x236d,0x0000,finite_normal_output,0,0
ttnn_device,0x4281,0xff7f,0xa36d,0x0000,finite_normal_output,0,0
ttnn_device,0x4281,0x5c88,0x007e,0x0000,outside_scope,,0
ttnn_device,0x4281,0xdc88,0x807e,0x0000,outside_scope,,0
ttnn_device,0x4281,0x5c89,0x007f,0x0000,outside_scope,,0
ttnn_device,0x4281,0xdc89,0x807f,0x0000,outside_scope,,0
ttnn_device,0x4281,0x5c8a,0x0080,0x0000,finite_normal_output,0,0
ttnn_device,0x4281,0xdc8a,0x8080,0x0000,finite_normal_output,0,0
ttnn_device,0x4282,0x3f80,0x0000,0x0000,outside_scope,,0
ttnn_device,0x4282,0x4080,0x0000,0x0000,outside_scope,,0
ttnn_device,0x4282,0x4380,0x0000,0x0000,outside_scope,,0
ttnn_device,0x4282,0x4f80,0x0000,0x0000,outside_scope,,0
ttnn_device,0x4282,0x7f7f,0x22ae,0x0000,finite_normal_output,0,0
ttnn_device,0x4282,0xff7f,0xa2ae,0x0000,finite_normal_output,0,0
ttnn_device,0x4282,0x5d3a,0x007f,0x0000,outside_scope,,0
ttnn_device,0x4282,0xdd3a,0x807f,0x0000,outside_scope,,0
ttnn_device,0x4282,0x5d3b,0x0080,0x0000,finite_normal_output,0,0
ttnn_device,0x4282,0xdd3b,0x8080,0x0000,finite_normal_output,0,0
ttnn_device,0x4282,0x5d3c,0x0080,0x0000,finite_normal_output,0,0
ttnn_device,0x4282,0xdd3c,0x8080,0x0000,finite_normal_output,0,0
ttnn_device,0x4283,0x3f80,0x0000,0x0000,outside_scope,,0
ttnn_device,0x4283,0x4080,0x0000,0x0000,outside_scope,,0
ttnn_device,0x4283,0x4380,0x0000,0x0000,outside_scope,,0
ttnn_device,0x4283,0x4f80,0x0000,0x0000,outside_scope,,0
ttnn_device,0x4283,0x7f7f,0x2200,0x0000,finite_normal_output,0,0
ttnn_device,0x4283,0xff7f,0xa200,0x0000,finite_normal_output,0,0
ttnn_device,0x4283,0x5dfd,0x007f,0x0000,outside_scope,,0
ttnn_device,0x4283,0xddfd,0x807f,0x0000,outside_scope,,0
ttnn_device,0x4283,0x5dfe,0x0080,0x0000,finite_normal_output,0,0
ttnn_device,0x4283,0xddfe,0x8080,0x0000,finite_normal_output,0,0
ttnn_device,0x4283,0x5dff,0x0080,0x0000,finite_normal_output,0,0
ttnn_device,0x4283,0xddff,0x8080,0x0000,finite_normal_output,0,1
ttnn_device,0x4284,0x3f80,0x0000,0x0000,outside_scope,,0
ttnn_device,0x4284,0x4080,0x0000,0x0000,outside_scope,,0
ttnn_device,0x4284,0x4380,0x0000,0x0000,outside_scope,,0
ttnn_device,0x4284,0x4f80,0x0000,0x0000,outside_scope,,0
ttnn_device,0x4284,0x7f7f,0x213d,0x0000,finite_normal_output,0,0
ttnn_device,0x4284,0xff7f,0xa13d,0x0000,finite_normal_output,0,0
ttnn_device,0x4284,0x5eab,0x007e,0x0000,outside_scope,,0
ttnn_device,0x4284,0xdeab,0x807e,0x0000,outside_scope,,0
ttnn_device,0x4284,0x5eac,0x007f,0x0000,outside_scope,,0
ttnn_device,0x4284,0xdeac,0x807f,0x0000,outside_scope,,0
ttnn_device,0x4284,0x5ead,0x0080,0x0000,finite_normal_output,0,0
ttnn_device,0x4284,0xdead,0x8080,0x0000,finite_normal_output,0,0
ttnn_device,0x4285,0x3f80,0x0000,0x0000,outside_scope,,0
ttnn_device,0x4285,0x4080,0x0000,0x0000,outside_scope,,0
ttnn_device,0x4285,0x4380,0x0000,0x0000,outside_scope,,0
ttnn_device,0x4285,0x4f80,0x0000,0x0000,outside_scope,,0
ttnn_device,0x4285,0x7f7f,0x208b,0x0000,finite_normal_output,0,0
ttnn_device,0x4285,0xff7f,0xa08b,0x0000,finite_normal_output,0,0
ttnn_device,0x4285,0x5f69,0x007f,0x0000,outside_scope,,0
ttnn_device,0x4285,0xdf69,0x807f,0x0000,outside_scope,,0
ttnn_device,0x4285,0x5f6a,0x007f,0x0000,outside_scope,,0
ttnn_device,0x4285,0xdf6a,0x807f,0x0000,outside_scope,,0
ttnn_device,0x4285,0x5f6b,0x0080,0x0000,finite_normal_output,0,0
ttnn_device,0x4285,0xdf6b,0x8080,0x0000,finite_normal_output,0,0
ttnn_device,0x4286,0x3f80,0x0000,0x0000,outside_scope,,0
ttnn_device,0x4286,0x4080,0x0000,0x0000,outside_scope,,0
ttnn_device,0x4286,0x4380,0x0000,0x0000,outside_scope,,0
ttnn_device,0x4286,0x4f80,0x0000,0x0000,outside_scope,,0
ttnn_device,0x4286,0x7f7f,0x1fcc,0x0000,finite_normal_output,0,0
ttnn_device,0x4286,0xff7f,0x9fcc,0x0000,finite_normal_output,0,0
ttnn_device,0x4286,0x601e,0x007e,0x0000,outside_scope,,0
ttnn_device,0x4286,0xe01e,0x807e,0x0000,outside_scope,,0
ttnn_device,0x4286,0x601f,0x007f,0x0000,outside_scope,,0
ttnn_device,0x4286,0xe01f,0x807f,0x0000,outside_scope,,0
ttnn_device,0x4286,0x6020,0x0080,0x0000,finite_normal_output,0,0
ttnn_device,0x4286,0xe020,0x8080,0x0000,finite_normal_output,0,0
ttnn_device,0x4287,0x3f80,0x0000,0x0000,outside_scope,,0
ttnn_device,0x4287,0x4080,0x0000,0x0000,outside_scope,,0
ttnn_device,0x4287,0x4380,0x0000,0x0000,outside_scope,,0
ttnn_device,0x4287,0x4f80,0x0000,0x0000,outside_scope,,0
ttnn_device,0x4287,0x7f7f,0x1f16,0x0000,finite_normal_output,0,0
ttnn_device,0x4287,0xff7f,0x9f16,0x0000,finite_normal_output,0,0
ttnn_device,0x4287,0x60d7,0x007f,0x0000,outside_scope,,0
ttnn_device,0x4287,0xe0d7,0x807f,0x0000,outside_scope,,0
ttnn_device,0x4287,0x60d8,0x007f,0x0000,outside_scope,,0
ttnn_device,0x4287,0xe0d8,0x807f,0x0000,outside_scope,,0
ttnn_device,0x4287,0x60d9,0x0080,0x0000,finite_normal_output,0,0
ttnn_device,0x4287,0xe0d9,0x8080,0x0000,finite_normal_output,0,0
ttnn_device,0x4288,0x3f80,0x0000,0x0000,outside_scope,,0
ttnn_device,0x4288,0x4080,0x0000,0x0000,outside_scope,,0
ttnn_device,0x4288,0x4380,0x0000,0x0000,outside_scope,,0
ttnn_device,0x4288,0x4f80,0x0000,0x0000,outside_scope,,0
ttnn_device,0x4288,0x7f7f,0x1e5d,0x0000,finite_normal_output,0,0
ttnn_device,0x4288,0xff7f,0x9e5d,0x0000,finite_normal_output,0,0
ttnn_device,0x4288,0x6192,0x007f,0x0000,outside_scope,,0
ttnn_device,0x4288,0xe192,0x807f,0x0000,outside_scope,,0
ttnn_device,0x4288,0x6193,0x007f,0x0000,outside_scope,,0
ttnn_device,0x4288,0xe193,0x807f,0x0000,outside_scope,,0
ttnn_device,0x4288,0x6194,0x0080,0x0000,finite_normal_output,0,0
ttnn_device,0x4288,0xe194,0x8080,0x0000,finite_normal_output,0,0
ttnn_device,0x4289,0x3f80,0x0000,0x0000,outside_scope,,0
ttnn_device,0x4289,0x4080,0x0000,0x0000,outside_scope,,0
ttnn_device,0x4289,0x4380,0x0000,0x0000,outside_scope,,0
ttnn_device,0x4289,0x4f80,0x0000,0x0000,outside_scope,,0
ttnn_device,0x4289,0x7f7f,0x1da3,0x0000,finite_normal_output,0,0
ttnn_device,0x4289,0xff7f,0x9da3,0x0000,finite_normal_output,0,0
ttnn_device,0x4289,0x6247,0x007f,0x0000,outside_scope,,0
ttnn_device,0x4289,0xe247,0x807f,0x0000,outside_scope,,0
ttnn_device,0x4289,0x6248,0x0080,0x0000,finite_normal_output,0,0
ttnn_device,0x4289,0xe248,0x8080,0x0000,finite_normal_output,0,0
ttnn_device,0x4289,0x6249,0x0080,0x0000,finite_normal_output,0,0
ttnn_device,0x4289,0xe249,0x8080,0x0000,finite_normal_output,0,0
ttnn_device,0x428a,0x3f80,0x0000,0x0000,outside_scope,,0
ttnn_device,0x428a,0x4080,0x0000,0x0000,outside_scope,,0
ttnn_device,0x428a,0x4380,0x0000,0x0000,outside_scope,,0
ttnn_device,0x428a,0x4f80,0x0000,0x0000,outside_scope,,0
ttnn_device,0x428a,0x7f7f,0x1cef,0x0000,finite_normal_output,0,0
ttnn_device,0x428a,0xff7f,0x9cef,0x0000,finite_normal_output,0,0
ttnn_device,0x428a,0x6307,0x007f,0x0000,outside_scope,,0
ttnn_device,0x428a,0xe307,0x807f,0x0000,outside_scope,,0
ttnn_device,0x428a,0x6308,0x0080,0x0000,finite_normal_output,0,0
ttnn_device,0x428a,0xe308,0x8080,0x0000,finite_normal_output,0,0
ttnn_device,0x428a,0x6309,0x0081,0x0000,finite_normal_output,0,0
ttnn_device,0x428a,0xe309,0x8081,0x0000,finite_normal_output,0,0
ttnn_device,0x428b,0x3f80,0x0000,0x0000,outside_scope,,0
ttnn_device,0x428b,0x4080,0x0000,0x0000,outside_scope,,0
ttnn_device,0x428b,0x4380,0x0000,0x0000,outside_scope,,0
ttnn_device,0x428b,0x4f80,0x0000,0x0000,outside_scope,,0
ttnn_device,0x428b,0x7f7f,0x1c30,0x0000,finite_normal_output,0,0
ttnn_device,0x428b,0xff7f,0x9c30,0x0000,finite_normal_output,0,0
ttnn_device,0x428b,0x63b8,0x007f,0x0000,outside_scope,,0
ttnn_device,0x428b,0xe3b8,0x807f,0x0000,outside_scope,,0
ttnn_device,0x428b,0x63b9,0x0080,0x0000,finite_normal_output,0,0
ttnn_device,0x428b,0xe3b9,0x8080,0x0000,finite_normal_output,0,0
ttnn_device,0x428b,0x63ba,0x0080,0x0000,finite_normal_output,0,1
ttnn_device,0x428b,0xe3ba,0x8080,0x0000,finite_normal_output,0,0
ttnn_device,0x428c,0x3f80,0x0000,0x0000,outside_scope,,0
ttnn_device,0x428c,0x4080,0x0000,0x0000,outside_scope,,0
ttnn_device,0x428c,0x4380,0x0000,0x0000,outside_scope,,0
ttnn_device,0x428c,0x4f80,0x0000,0x0000,outside_scope,,0
ttnn_device,0x428c,0x7f7f,0x1b82,0x0000,finite_normal_output,0,0
ttnn_device,0x428c,0xff7f,0x9b82,0x0000,finite_normal_output,0,0
ttnn_device,0x428c,0x647a,0x007f,0x0000,outside_scope,,0
ttnn_device,0x428c,0xe47a,0x807f,0x0000,outside_scope,,0
ttnn_device,0x428c,0x647b,0x007f,0x0000,outside_scope,,0
ttnn_device,0x428c,0xe47b,0x807f,0x0000,outside_scope,,0
ttnn_device,0x428c,0x647c,0x0080,0x0000,finite_normal_output,0,0
ttnn_device,0x428c,0xe47c,0x8080,0x0000,finite_normal_output,0,0
ttnn_device,0x428d,0x3f80,0x0000,0x0000,outside_scope,,0
ttnn_device,0x428d,0x4080,0x0000,0x0000,outside_scope,,0
ttnn_device,0x428d,0x4380,0x0000,0x0000,outside_scope,,0
ttnn_device,0x428d,0x4f80,0x0000,0x0000,outside_scope,,0
ttnn_device,0x428d,0x7f7f,0x1abf,0x0000,finite_normal_output,0,0
ttnn_device,0x428d,0xff7f,0x9abf,0x0000,finite_normal_output,0,0
ttnn_device,0x428d,0x652a,0x007f,0x0000,outside_scope,,0
ttnn_device,0x428d,0xe52a,0x807f,0x0000,outside_scope,,0
ttnn_device,0x428d,0x652b,0x0080,0x0000,finite_normal_output,0,0
ttnn_device,0x428d,0xe52b,0x8080,0x0000,finite_normal_output,0,0
ttnn_device,0x428d,0x652c,0x0081,0x0000,finite_normal_output,0,0
ttnn_device,0x428d,0xe52c,0x8081,0x0000,finite_normal_output,0,0
ttnn_device,0x428e,0x3f80,0x0000,0x0000,outside_scope,,0
ttnn_device,0x428e,0x4080,0x0000,0x0000,outside_scope,,0
ttnn_device,0x428e,0x4380,0x0000,0x0000,outside_scope,,0
ttnn_device,0x428e,0x4f80,0x0000,0x0000,outside_scope,,0
ttnn_device,0x428e,0x7f7f,0x1a0c,0x0000,finite_normal_output,0,0
ttnn_device,0x428e,0xff7f,0x9a0c,0x0000,finite_normal_output,0,0
ttnn_device,0x428e,0x65e7,0x007f,0x0000,outside_scope,,0
ttnn_device,0x428e,0xe5e7,0x807f,0x0000,outside_scope,,0
ttnn_device,0x428e,0x65e8,0x0080,0x0000,finite_normal_output,0,0
ttnn_device,0x428e,0xe5e8,0x8080,0x0000,finite_normal_output,0,0
ttnn_device,0x428e,0x65e9,0x0080,0x0000,finite_normal_output,0,0
ttnn_device,0x428e,0xe5e9,0x8080,0x0000,finite_normal_output,0,0
ttnn_device,0x428f,0x3f80,0x0000,0x0000,outside_scope,,0
ttnn_device,0x428f,0x4080,0x0000,0x0000,outside_scope,,0
ttnn_device,0x428f,0x4380,0x0000,0x0000,outside_scope,,0
ttnn_device,0x428f,0x4f80,0x0000,0x0000,outside_scope,,0
ttnn_device,0x428f,0x7f7f,0x194e,0x0000,finite_normal_output,0,0
ttnn_device,0x428f,0xff7f,0x994e,0x0000,finite_normal_output,0,0
ttnn_device,0x428f,0x669d,0x007f,0x0000,outside_scope,,0
ttnn_device,0x428f,0xe69d,0x807f,0x0000,outside_scope,,0
ttnn_device,0x428f,0x669e,0x0080,0x0000,finite_normal_output,0,0
ttnn_device,0x428f,0xe69e,0x8080,0x0000,finite_normal_output,0,0
ttnn_device,0x428f,0x669f,0x0081,0x0000,finite_normal_output,0,0
ttnn_device,0x428f,0xe69f,0x8081,0x0000,finite_normal_output,0,0
ttnn_device,0x4290,0x3f80,0x0000,0x0000,outside_scope,,0
ttnn_device,0x4290,0x4080,0x0000,0x0000,outside_scope,,0
ttnn_device,0x4290,0x4380,0x0000,0x0000,outside_scope,,0
ttnn_device,0x4290,0x4f80,0x0000,0x0000,outside_scope,,0
ttnn_device,0x4290,0x7f7f,0x1898,0x0000,finite_normal_output,0,0
ttnn_device,0x4290,0xff7f,0x9898,0x0000,finite_normal_output,0,0
ttnn_device,0x4290,0x6755,0x007f,0x0000,outside_scope,,0
ttnn_device,0x4290,0xe755,0x807f,0x0000,outside_scope,,0
ttnn_device,0x4290,0x6756,0x007f,0x0000,outside_scope,,0
ttnn_device,0x4290,0xe756,0x807f,0x0000,outside_scope,,0
ttnn_device,0x4290,0x6757,0x0080,0x0000,finite_normal_output,0,0
ttnn_device,0x4290,0xe757,0x8080,0x0000,finite_normal_output,0,0
ttnn_device,0x4291,0x3f80,0x0000,0x0000,outside_scope,,0
ttnn_device,0x4291,0x4080,0x0000,0x0000,outside_scope,,0
ttnn_device,0x4291,0x4380,0x0000,0x0000,outside_scope,,0
ttnn_device,0x4291,0x4f80,0x0000,0x0000,outside_scope,,0
ttnn_device,0x4291,0x7f7f,0x17df,0x0000,finite_normal_output,0,0
ttnn_device,0x4291,0xff7f,0x97df,0x0000,finite_normal_output,0,0
ttnn_device,0x4291,0x6811,0x007f,0x0000,outside_scope,,0
ttnn_device,0x4291,0xe811,0x807f,0x0000,outside_scope,,0
ttnn_device,0x4291,0x6812,0x0080,0x0000,finite_normal_output,0,0
ttnn_device,0x4291,0xe812,0x8080,0x0000,finite_normal_output,0,0
ttnn_device,0x4291,0x6813,0x0081,0x0000,finite_normal_output,0,0
ttnn_device,0x4291,0xe813,0x8081,0x0000,finite_normal_output,0,0
ttnn_device,0x4292,0x3f80,0x0000,0x0000,outside_scope,,0
ttnn_device,0x4292,0x4080,0x0000,0x0000,outside_scope,,0
ttnn_device,0x4292,0x4380,0x0000,0x0000,outside_scope,,0
ttnn_device,0x4292,0x4f80,0x0000,0x0000,outside_scope,,0
ttnn_device,0x4292,0x7f7f,0x1724,0x0000,finite_normal_output,0,0
ttnn_device,0x4292,0xff7f,0x9724,0x0000,finite_normal_output,0,0
ttnn_device,0x4292,0x68c5,0x007f,0x0000,outside_scope,,0
ttnn_device,0x4292,0xe8c5,0x807f,0x0000,outside_scope,,0
ttnn_device,0x4292,0x68c6,0x0080,0x0000,finite_normal_output,0,1
ttnn_device,0x4292,0xe8c6,0x8080,0x0000,finite_normal_output,0,0
ttnn_device,0x4292,0x68c7,0x0080,0x0000,finite_normal_output,0,0
ttnn_device,0x4292,0xe8c7,0x8080,0x0000,finite_normal_output,0,0
ttnn_device,0x4293,0x3f80,0x0000,0x0000,outside_scope,,0
ttnn_device,0x4293,0x4080,0x0000,0x0000,outside_scope,,0
ttnn_device,0x4293,0x4380,0x0000,0x0000,outside_scope,,0
ttnn_device,0x4293,0x4f80,0x0000,0x0000,outside_scope,,0
ttnn_device,0x4293,0x7f7f,0x1672,0x0000,finite_normal_output,0,0
ttnn_device,0x4293,0xff7f,0x9672,0x0000,finite_normal_output,0,0
ttnn_device,0x4293,0x6985,0x007e,0x0000,outside_scope,,0
ttnn_device,0x4293,0xe985,0x807e,0x0000,outside_scope,,0
ttnn_device,0x4293,0x6986,0x007f,0x0000,outside_scope,,0
ttnn_device,0x4293,0xe986,0x807f,0x0000,outside_scope,,0
ttnn_device,0x4293,0x6987,0x0080,0x0000,finite_normal_output,0,0
ttnn_device,0x4293,0xe987,0x8080,0x0000,finite_normal_output,0,0
ttnn_device,0x4294,0x3f80,0x0000,0x0000,outside_scope,,0
ttnn_device,0x4294,0x4080,0x0000,0x0000,outside_scope,,0
ttnn_device,0x4294,0x4380,0x0000,0x0000,outside_scope,,0
ttnn_device,0x4294,0x4f80,0x0000,0x0000,outside_scope,,0
ttnn_device,0x4294,0x7f7f,0x15b2,0x0000,finite_normal_output,0,0
ttnn_device,0x4294,0xff7f,0x95b2,0x0000,finite_normal_output,0,0
ttnn_device,0x4294,0x6a36,0x007f,0x0000,outside_scope,,0
ttnn_device,0x4294,0xea36,0x807f,0x0000,outside_scope,,0
ttnn_device,0x4294,0x6a37,0x0080,0x0000,finite_normal_output,0,0
ttnn_device,0x4294,0xea37,0x8080,0x0000,finite_normal_output,0,0
ttnn_device,0x4294,0x6a38,0x0080,0x0000,finite_normal_output,0,0
ttnn_device,0x4294,0xea38,0x8080,0x0000,finite_normal_output,0,0
ttnn_device,0x4295,0x3f80,0x0000,0x0000,outside_scope,,0
ttnn_device,0x4295,0x4080,0x0000,0x0000,outside_scope,,0
ttnn_device,0x4295,0x4380,0x0000,0x0000,outside_scope,,0
ttnn_device,0x4295,0x4f80,0x0000,0x0000,outside_scope,,0
ttnn_device,0x4295,0x7f7f,0x1503,0x0000,finite_normal_output,0,0
ttnn_device,0x4295,0xff7f,0x9503,0x0000,finite_normal_output,0,0
ttnn_device,0x4295,0x6af7,0x007f,0x0000,outside_scope,,0
ttnn_device,0x4295,0xeaf7,0x807f,0x0000,outside_scope,,0
ttnn_device,0x4295,0x6af8,0x007f,0x0000,outside_scope,,0
ttnn_device,0x4295,0xeaf8,0x807f,0x0000,outside_scope,,0
ttnn_device,0x4295,0x6af9,0x0080,0x0000,finite_normal_output,0,0
ttnn_device,0x4295,0xeaf9,0x8080,0x0000,finite_normal_output,0,0
ttnn_device,0x4296,0x3f80,0x0000,0x0000,outside_scope,,0
ttnn_device,0x4296,0x4080,0x0000,0x0000,outside_scope,,0
ttnn_device,0x4296,0x4380,0x0000,0x0000,outside_scope,,0
ttnn_device,0x4296,0x4f80,0x0000,0x0000,outside_scope,,0
ttnn_device,0x4296,0x7f7f,0x1441,0x0000,finite_normal_output,0,0
ttnn_device,0x4296,0xff7f,0x9441,0x0000,finite_normal_output,0,0
ttnn_device,0x4296,0x6ba8,0x007f,0x0000,outside_scope,,0
ttnn_device,0x4296,0xeba8,0x807f,0x0000,outside_scope,,0
ttnn_device,0x4296,0x6ba9,0x0080,0x0000,finite_normal_output,0,0
ttnn_device,0x4296,0xeba9,0x8080,0x0000,finite_normal_output,0,0
ttnn_device,0x4296,0x6baa,0x0080,0x0000,finite_normal_output,0,0
ttnn_device,0x4296,0xebaa,0x8080,0x0000,finite_normal_output,0,0
ttnn_device,0x4297,0x3f80,0x0000,0x0000,outside_scope,,0
ttnn_device,0x4297,0x4080,0x0000,0x0000,outside_scope,,0
ttnn_device,0x4297,0x4380,0x0000,0x0000,outside_scope,,0
ttnn_device,0x4297,0x4f80,0x0000,0x0000,outside_scope,,0
ttnn_device,0x4297,0x7f7f,0x138e,0x0000,finite_normal_output,0,0
ttnn_device,0x4297,0xff7f,0x938e,0x0000,finite_normal_output,0,0
ttnn_device,0x4297,0x6c64,0x007f,0x0000,outside_scope,,0
ttnn_device,0x4297,0xec64,0x807f,0x0000,outside_scope,,0
ttnn_device,0x4297,0x6c65,0x007f,0x0000,outside_scope,,0
ttnn_device,0x4297,0xec65,0x807f,0x0000,outside_scope,,0
ttnn_device,0x4297,0x6c66,0x0080,0x0000,finite_normal_output,0,0
ttnn_device,0x4297,0xec66,0x8080,0x0000,finite_normal_output,0,0
ttnn_device,0x4298,0x3f80,0x0000,0x0000,outside_scope,,0
ttnn_device,0x4298,0x4080,0x0000,0x0000,outside_scope,,0
ttnn_device,0x4298,0x4380,0x0000,0x0000,outside_scope,,0
ttnn_device,0x4298,0x4f80,0x0000,0x0000,outside_scope,,0
ttnn_device,0x4298,0x7f7f,0x12d1,0x0000,finite_normal_output,0,0
ttnn_device,0x4298,0xff7f,0x92d1,0x0000,finite_normal_output,0,0
ttnn_device,0x4298,0x6d1b,0x007f,0x0000,outside_scope,,0
ttnn_device,0x4298,0xed1b,0x807f,0x0000,outside_scope,,0
ttnn_device,0x4298,0x6d1c,0x0080,0x0000,finite_normal_output,0,0
ttnn_device,0x4298,0xed1c,0x8080,0x0000,finite_normal_output,0,0
ttnn_device,0x4298,0x6d1d,0x0080,0x0000,finite_normal_output,0,0
ttnn_device,0x4298,0xed1d,0x8080,0x0000,finite_normal_output,0,0
ttnn_device,0x4299,0x3f80,0x0000,0x0000,outside_scope,,0
ttnn_device,0x4299,0x4080,0x0000,0x0000,outside_scope,,0
ttnn_device,0x4299,0x4380,0x0000,0x0000,outside_scope,,0
ttnn_device,0x4299,0x4f80,0x0000,0x0000,outside_scope,,0
ttnn_device,0x4299,0x7f7f,0x1219,0x0000,finite_normal_output,0,0
ttnn_device,0x4299,0xff7f,0x9219,0x0000,finite_normal_output,0,0
ttnn_device,0x4299,0x6dd3,0x007f,0x0000,outside_scope,,0
ttnn_device,0x4299,0xedd3,0x807f,0x0000,outside_scope,,0
ttnn_device,0x4299,0x6dd4,0x0080,0x0000,finite_normal_output,0,0
ttnn_device,0x4299,0xedd4,0x8080,0x0000,finite_normal_output,0,1
ttnn_device,0x4299,0x6dd5,0x0080,0x0000,finite_normal_output,0,0
ttnn_device,0x4299,0xedd5,0x8080,0x0000,finite_normal_output,0,0
ttnn_device,0x429a,0x3f80,0x0000,0x0000,outside_scope,,0
ttnn_device,0x429a,0x4080,0x0000,0x0000,outside_scope,,0
ttnn_device,0x429a,0x4380,0x0000,0x0000,outside_scope,,0
ttnn_device,0x429a,0x4f80,0x0000,0x0000,outside_scope,,0
ttnn_device,0x429a,0x7f7f,0x1162,0x0000,finite_normal_output,0,0
ttnn_device,0x429a,0xff7f,0x9162,0x0000,finite_normal_output,0,0
ttnn_device,0x429a,0x6e8f,0x007f,0x0000,outside_scope,,0
ttnn_device,0x429a,0xee8f,0x807f,0x0000,outside_scope,,0
ttnn_device,0x429a,0x6e90,0x0080,0x0000,finite_normal_output,0,0
ttnn_device,0x429a,0xee90,0x8080,0x0000,finite_normal_output,0,0
ttnn_device,0x429a,0x6e91,0x0080,0x0000,finite_normal_output,0,0
ttnn_device,0x429a,0xee91,0x8080,0x0000,finite_normal_output,0,0
ttnn_device,0x429b,0x3f80,0x0000,0x0000,outside_scope,,0
ttnn_device,0x429b,0x4080,0x0000,0x0000,outside_scope,,0
ttnn_device,0x429b,0x4380,0x0000,0x0000,outside_scope,,0
ttnn_device,0x429b,0x4f80,0x0000,0x0000,outside_scope,,0
ttnn_device,0x429b,0x7f7f,0x10a6,0x0000,finite_normal_output,0,0
ttnn_device,0x429b,0xff7f,0x90a6,0x0000,finite_normal_output,0,0
ttnn_device,0x429b,0x6f43,0x007f,0x0000,outside_scope,,0
ttnn_device,0x429b,0xef43,0x807f,0x0000,outside_scope,,0
ttnn_device,0x429b,0x6f44,0x0080,0x0000,finite_normal_output,0,0
ttnn_device,0x429b,0xef44,0x8080,0x0000,finite_normal_output,0,0
ttnn_device,0x429b,0x6f45,0x0080,0x0000,finite_normal_output,0,0
ttnn_device,0x429b,0xef45,0x8080,0x0000,finite_normal_output,0,0
ttnn_device,0x429c,0x3f80,0x0000,0x0000,outside_scope,,0
ttnn_device,0x429c,0x4080,0x0000,0x0000,outside_scope,,0
ttnn_device,0x429c,0x4380,0x0000,0x0000,outside_scope,,0
ttnn_device,0x429c,0x4f80,0x0000,0x0000,outside_scope,,0
ttnn_device,0x429c,0x7f7f,0x0ff5,0x0000,finite_normal_output,0,0
ttnn_device,0x429c,0xff7f,0x8ff5,0x0000,finite_normal_output,0,0
ttnn_device,0x429c,0x7004,0x007f,0x0000,outside_scope,,0
ttnn_device,0x429c,0xf004,0x807f,0x0000,outside_scope,,0
ttnn_device,0x429c,0x7005,0x0080,0x0000,finite_normal_output,0,0
ttnn_device,0x429c,0xf005,0x8080,0x0000,finite_normal_output,0,0
ttnn_device,0x429c,0x7006,0x0081,0x0000,finite_normal_output,0,0
ttnn_device,0x429c,0xf006,0x8081,0x0000,finite_normal_output,0,0
ttnn_device,0x429d,0x3f80,0x0000,0x0000,outside_scope,,0
ttnn_device,0x429d,0x4080,0x0000,0x0000,outside_scope,,0
ttnn_device,0x429d,0x4380,0x0000,0x0000,outside_scope,,0
ttnn_device,0x429d,0x4f80,0x0000,0x0000,outside_scope,,0
ttnn_device,0x429d,0x7f7f,0x0f34,0x0000,finite_normal_output,0,0
ttnn_device,0x429d,0xff7f,0x8f34,0x0000,finite_normal_output,0,0
ttnn_device,0x429d,0x70b4,0x007f,0x0000,outside_scope,,0
ttnn_device,0x429d,0xf0b4,0x807f,0x0000,outside_scope,,0
ttnn_device,0x429d,0x70b5,0x0080,0x0000,finite_normal_output,0,0
ttnn_device,0x429d,0xf0b5,0x8080,0x0000,finite_normal_output,0,0
ttnn_device,0x429d,0x70b6,0x0080,0x0000,finite_normal_output,0,0
ttnn_device,0x429d,0xf0b6,0x8080,0x0000,finite_normal_output,0,0
ttnn_device,0x429e,0x3f80,0x0000,0x0000,outside_scope,,0
ttnn_device,0x429e,0x4080,0x0000,0x0000,outside_scope,,0
ttnn_device,0x429e,0x4380,0x0000,0x0000,outside_scope,,0
ttnn_device,0x429e,0x4f80,0x0000,0x0000,outside_scope,,0
ttnn_device,0x429e,0x7f7f,0x0e84,0x0000,finite_normal_output,0,0
ttnn_device,0x429e,0xff7f,0x8e84,0x0000,finite_normal_output,0,0
ttnn_device,0x429e,0x7175,0x007f,0x0000,outside_scope,,0
ttnn_device,0x429e,0xf175,0x807f,0x0000,outside_scope,,0
ttnn_device,0x429e,0x7176,0x0080,0x0000,finite_normal_output,0,0
ttnn_device,0x429e,0xf176,0x8080,0x0000,finite_normal_output,0,0
ttnn_device,0x429e,0x7177,0x0080,0x0000,finite_normal_output,0,0
ttnn_device,0x429e,0xf177,0x8080,0x0000,finite_normal_output,0,0
ttnn_device,0x429f,0x3f80,0x0000,0x0000,outside_scope,,0
ttnn_device,0x429f,0x4080,0x0000,0x0000,outside_scope,,0
ttnn_device,0x429f,0x4380,0x0000,0x0000,outside_scope,,0
ttnn_device,0x429f,0x4f80,0x0000,0x0000,outside_scope,,0
ttnn_device,0x429f,0x7f7f,0x0dc3,0x0000,finite_normal_output,0,0
ttnn_device,0x429f,0xff7f,0x8dc3,0x0000,finite_normal_output,0,0
ttnn_device,0x429f,0x7226,0x007f,0x0000,outside_scope,,0
ttnn_device,0x429f,0xf226,0x807f,0x0000,outside_scope,,0
ttnn_device,0x429f,0x7227,0x0080,0x0000,finite_normal_output,0,0
ttnn_device,0x429f,0xf227,0x8080,0x0000,finite_normal_output,0,1
ttnn_device,0x429f,0x7228,0x0080,0x0000,finite_normal_output,0,0
ttnn_device,0x429f,0xf228,0x8080,0x0000,finite_normal_output,0,0
ttnn_device,0x42a0,0x3f80,0x0000,0x0000,outside_scope,,0
ttnn_device,0x42a0,0x4080,0x0000,0x0000,outside_scope,,0
ttnn_device,0x42a0,0x4380,0x0000,0x0000,outside_scope,,0
ttnn_device,0x42a0,0x4f80,0x0000,0x0000,outside_scope,,0
ttnn_device,0x42a0,0x7f7f,0x0d0f,0x0000,finite_normal_output,0,0
ttnn_device,0x42a0,0xff7f,0x8d0f,0x0000,finite_normal_output,0,0
ttnn_device,0x42a0,0x72e2,0x007f,0x0000,outside_scope,,0
ttnn_device,0x42a0,0xf2e2,0x807f,0x0000,outside_scope,,0
ttnn_device,0x42a0,0x72e3,0x0080,0x0000,finite_normal_output,0,0
ttnn_device,0x42a0,0xf2e3,0x8080,0x0000,finite_normal_output,0,0
ttnn_device,0x42a0,0x72e4,0x0080,0x0000,finite_normal_output,0,0
ttnn_device,0x42a0,0xf2e4,0x8080,0x0000,finite_normal_output,0,0
ttnn_device,0x42a1,0x3f80,0x0000,0x0000,outside_scope,,0
ttnn_device,0x42a1,0x4080,0x0000,0x0000,outside_scope,,0
ttnn_device,0x42a1,0x4380,0x0000,0x0000,outside_scope,,0
ttnn_device,0x42a1,0x4f80,0x0000,0x0000,outside_scope,,0
ttnn_device,0x42a1,0x7f7f,0x0c53,0x0000,finite_normal_output,0,0
ttnn_device,0x42a1,0xff7f,0x8c53,0x0000,finite_normal_output,0,0
ttnn_device,0x42a1,0x7399,0x007f,0x0000,outside_scope,,0
ttnn_device,0x42a1,0xf399,0x807f,0x0000,outside_scope,,0
ttnn_device,0x42a1,0x739a,0x007f,0x0000,outside_scope,,0
ttnn_device,0x42a1,0xf39a,0x807f,0x0000,outside_scope,,0
ttnn_device,0x42a1,0x739b,0x0080,0x0000,finite_normal_output,0,0
ttnn_device,0x42a1,0xf39b,0x8080,0x0000,finite_normal_output,0,0
ttnn_device,0x42a2,0x3f80,0x0000,0x0000,outside_scope,,0
ttnn_device,0x42a2,0x4080,0x0000,0x0000,outside_scope,,0
ttnn_device,0x42a2,0x4380,0x0000,0x0000,outside_scope,,0
ttnn_device,0x42a2,0x4f80,0x0000,0x0000,outside_scope,,0
ttnn_device,0x42a2,0x7f7f,0x0b9b,0x0000,finite_normal_output,0,0
ttnn_device,0x42a2,0xff7f,0x8b9b,0x0000,finite_normal_output,0,0
ttnn_device,0x42a2,0x7451,0x007f,0x0000,outside_scope,,0
ttnn_device,0x42a2,0xf451,0x807f,0x0000,outside_scope,,0
ttnn_device,0x42a2,0x7452,0x0080,0x0000,finite_normal_output,0,0
ttnn_device,0x42a2,0xf452,0x8080,0x0000,finite_normal_output,0,0
ttnn_device,0x42a2,0x7453,0x0080,0x0000,finite_normal_output,0,0
ttnn_device,0x42a2,0xf453,0x8080,0x0000,finite_normal_output,0,0
ttnn_device,0x42a3,0x3f80,0x0000,0x0000,outside_scope,,0
ttnn_device,0x42a3,0x4080,0x0000,0x0000,outside_scope,,0
ttnn_device,0x42a3,0x4380,0x0000,0x0000,outside_scope,,0
ttnn_device,0x42a3,0x4f80,0x0000,0x0000,outside_scope,,0
ttnn_device,0x42a3,0x7f7f,0x0ae4,0x0000,finite_normal_output,0,0
ttnn_device,0x42a3,0xff7f,0x8ae4,0x0000,finite_normal_output,0,0
ttnn_device,0x42a3,0x750d,0x007e,0x0000,outside_scope,,0
ttnn_device,0x42a3,0xf50d,0x807e,0x0000,outside_scope,,0
ttnn_device,0x42a3,0x750e,0x007f,0x0000,outside_scope,,0
ttnn_device,0x42a3,0xf50e,0x807f,0x0000,outside_scope,,0
ttnn_device,0x42a3,0x750f,0x0080,0x0000,finite_normal_output,0,0
ttnn_device,0x42a3,0xf50f,0x8080,0x0000,finite_normal_output,0,0
ttnn_device,0x42a4,0x3f80,0x0000,0x0000,outside_scope,,0
ttnn_device,0x42a4,0x4080,0x0000,0x0000,outside_scope,,0
ttnn_device,0x42a4,0x4380,0x0000,0x0000,outside_scope,,0
ttnn_device,0x42a4,0x4f80,0x0000,0x0000,outside_scope,,0
ttnn_device,0x42a4,0x7f7f,0x0a28,0x0000,finite_normal_output,0,0
ttnn_device,0x42a4,0xff7f,0x8a28,0x0000,finite_normal_output,0,0
ttnn_device,0x42a4,0x75c1,0x007f,0x0000,outside_scope,,0
ttnn_device,0x42a4,0xf5c1,0x807f,0x0000,outside_scope,,0
ttnn_device,0x42a4,0x75c2,0x0080,0x0000,finite_normal_output,0,0
ttnn_device,0x42a4,0xf5c2,0x8080,0x0000,finite_normal_output,0,0
ttnn_device,0x42a4,0x75c3,0x0080,0x0000,finite_normal_output,0,0
ttnn_device,0x42a4,0xf5c3,0x8080,0x0000,finite_normal_output,0,0
ttnn_device,0x42a5,0x3f80,0x0000,0x0000,outside_scope,,0
ttnn_device,0x42a5,0x4080,0x0000,0x0000,outside_scope,,0
ttnn_device,0x42a5,0x4380,0x0000,0x0000,outside_scope,,0
ttnn_device,0x42a5,0x4f80,0x0000,0x0000,outside_scope,,0
ttnn_device,0x42a5,0x7f7f,0x0977,0x0000,finite_normal_output,0,0
ttnn_device,0x42a5,0xff7f,0x8977,0x0000,finite_normal_output,0,0
ttnn_device,0x42a5,0x7683,0x007f,0x0000,outside_scope,,0
ttnn_device,0x42a5,0xf683,0x807f,0x0000,outside_scope,,0
ttnn_device,0x42a5,0x7684,0x0080,0x0000,finite_normal_output,0,0
ttnn_device,0x42a5,0xf684,0x8080,0x0000,finite_normal_output,0,0
ttnn_device,0x42a5,0x7685,0x0081,0x0000,finite_normal_output,0,0
ttnn_device,0x42a5,0xf685,0x8081,0x0000,finite_normal_output,0,0
ttnn_device,0x42a6,0x3f80,0x0000,0x0000,outside_scope,,0
ttnn_device,0x42a6,0x4080,0x0000,0x0000,outside_scope,,0
ttnn_device,0x42a6,0x4380,0x0000,0x0000,outside_scope,,0
ttnn_device,0x42a6,0x4f80,0x0000,0x0000,outside_scope,,0
ttnn_device,0x42a6,0x7f7f,0x08b6,0x0000,finite_normal_output,0,0
ttnn_device,0x42a6,0xff7f,0x88b6,0x0000,finite_normal_output,0,0
ttnn_device,0x42a6,0x7732,0x007f,0x0000,outside_scope,,0
ttnn_device,0x42a6,0xf732,0x807f,0x0000,outside_scope,,0
ttnn_device,0x42a6,0x7733,0x0080,0x0000,finite_normal_output,0,1
ttnn_device,0x42a6,0xf733,0x8080,0x0000,finite_normal_output,0,0
ttnn_device,0x42a6,0x7734,0x0080,0x0000,finite_normal_output,0,0
ttnn_device,0x42a6,0xf734,0x8080,0x0000,finite_normal_output,0,0
ttnn_device,0x42a7,0x3f80,0x0000,0x0000,outside_scope,,0
ttnn_device,0x42a7,0x4080,0x0000,0x0000,outside_scope,,0
ttnn_device,0x42a7,0x4380,0x0000,0x0000,outside_scope,,0
ttnn_device,0x42a7,0x4f80,0x0000,0x0000,outside_scope,,0
ttnn_device,0x42a7,0x7f7f,0x0806,0x0000,finite_normal_output,0,0
ttnn_device,0x42a7,0xff7f,0x8806,0x0000,finite_normal_output,0,0
ttnn_device,0x42a7,0x77f2,0x007f,0x0000,outside_scope,,0
ttnn_device,0x42a7,0xf7f2,0x807f,0x0000,outside_scope,,0
ttnn_device,0x42a7,0x77f3,0x0080,0x0000,finite_normal_output,0,0
ttnn_device,0x42a7,0xf7f3,0x8080,0x0000,finite_normal_output,0,0
ttnn_device,0x42a7,0x77f4,0x0080,0x0000,finite_normal_output,0,0
ttnn_device,0x42a7,0xf7f4,0x8080,0x0000,finite_normal_output,0,0
ttnn_device,0x42a8,0x3f80,0x0000,0x0000,outside_scope,,0
ttnn_device,0x42a8,0x4080,0x0000,0x0000,outside_scope,,0
ttnn_device,0x42a8,0x4380,0x0000,0x0000,outside_scope,,0
ttnn_device,0x42a8,0x4f80,0x0000,0x0000,outside_scope,,0
ttnn_device,0x42a8,0x7f7f,0x0745,0x0000,finite_normal_output,0,0
ttnn_device,0x42a8,0xff7f,0x8745,0x0000,finite_normal_output,0,0
ttnn_device,0x42a8,0x78a4,0x007f,0x0000,outside_scope,,0
ttnn_device,0x42a8,0xf8a4,0x807f,0x0000,outside_scope,,0
ttnn_device,0x42a8,0x78a5,0x007f,0x0000,outside_scope,,0
ttnn_device,0x42a8,0xf8a5,0x807f,0x0000,outside_scope,,0
ttnn_device,0x42a8,0x78a6,0x0080,0x0000,finite_normal_output,0,0
ttnn_device,0x42a8,0xf8a6,0x8080,0x0000,finite_normal_output,0,0
ttnn_device,0x42a9,0x3f80,0x0000,0x0000,outside_scope,,0
ttnn_device,0x42a9,0x4080,0x0000,0x0000,outside_scope,,0
ttnn_device,0x42a9,0x4380,0x0000,0x0000,outside_scope,,0
ttnn_device,0x42a9,0x4f80,0x0000,0x0000,outside_scope,,0
ttnn_device,0x42a9,0x7f7f,0x0691,0x0000,finite_normal_output,0,0
ttnn_device,0x42a9,0xff7f,0x8691,0x0000,finite_normal_output,0,0
ttnn_device,0x42a9,0x795f,0x007f,0x0000,outside_scope,,0
ttnn_device,0x42a9,0xf95f,0x807f,0x0000,outside_scope,,0
ttnn_device,0x42a9,0x7960,0x007f,0x0000,outside_scope,,0
ttnn_device,0x42a9,0xf960,0x807f,0x0000,outside_scope,,0
ttnn_device,0x42a9,0x7961,0x0080,0x0000,finite_normal_output,0,0
ttnn_device,0x42a9,0xf961,0x8080,0x0000,finite_normal_output,0,0
ttnn_device,0x42aa,0x3f80,0x0000,0x0000,outside_scope,,0
ttnn_device,0x42aa,0x4080,0x0000,0x0000,outside_scope,,0
ttnn_device,0x42aa,0x4380,0x0000,0x0000,outside_scope,,0
ttnn_device,0x42aa,0x4f80,0x0000,0x0000,outside_scope,,0
ttnn_device,0x42aa,0x7f7f,0x05d5,0x0000,finite_normal_output,0,0
ttnn_device,0x42aa,0xff7f,0x85d5,0x0000,finite_normal_output,0,0
ttnn_device,0x42aa,0x7a17,0x007e,0x0000,outside_scope,,0
ttnn_device,0x42aa,0xfa17,0x807e,0x0000,outside_scope,,0
ttnn_device,0x42aa,0x7a18,0x007f,0x0000,outside_scope,,0
ttnn_device,0x42aa,0xfa18,0x807f,0x0000,outside_scope,,0
ttnn_device,0x42aa,0x7a19,0x0080,0x0000,finite_normal_output,0,0
ttnn_device,0x42aa,0xfa19,0x8080,0x0000,finite_normal_output,0,0
ttnn_device,0x42ab,0x3f80,0x0000,0x0000,outside_scope,,0
ttnn_device,0x42ab,0x4080,0x0000,0x0000,outside_scope,,0
ttnn_device,0x42ab,0x4380,0x0000,0x0000,outside_scope,,0
ttnn_device,0x42ab,0x4f80,0x0000,0x0000,outside_scope,,0
ttnn_device,0x42ab,0x7f7f,0x051d,0x0000,finite_normal_output,0,0
ttnn_device,0x42ab,0xff7f,0x851d,0x0000,finite_normal_output,0,0
ttnn_device,0x42ab,0x7ace,0x007f,0x0000,outside_scope,,0
ttnn_device,0x42ab,0xface,0x807f,0x0000,outside_scope,,0
ttnn_device,0x42ab,0x7acf,0x007f,0x0000,outside_scope,,0
ttnn_device,0x42ab,0xfacf,0x807f,0x0000,outside_scope,,0
ttnn_device,0x42ab,0x7ad0,0x0080,0x0000,finite_normal_output,0,0
ttnn_device,0x42ab,0xfad0,0x8080,0x0000,finite_normal_output,0,0
ttnn_device,0x42ac,0x3f80,0x0000,0x0000,outside_scope,,0
ttnn_device,0x42ac,0x4080,0x0000,0x0000,outside_scope,,0
ttnn_device,0x42ac,0x4380,0x0000,0x0000,outside_scope,,0
ttnn_device,0x42ac,0x4f80,0x0000,0x0000,outside_scope,,0
ttnn_device,0x42ac,0x7f7f,0x0467,0x0000,finite_normal_output,0,0
ttnn_device,0x42ac,0xff7f,0x8467,0x0000,finite_normal_output,0,0
ttnn_device,0x42ac,0x7b8c,0x007f,0x0000,outside_scope,,0
ttnn_device,0x42ac,0xfb8c,0x807f,0x0000,outside_scope,,0
ttnn_device,0x42ac,0x7b8d,0x0080,0x0000,finite_normal_output,0,0
ttnn_device,0x42ac,0xfb8d,0x8080,0x0000,finite_normal_output,0,0
ttnn_device,0x42ac,0x7b8e,0x0081,0x0000,finite_normal_output,0,0
ttnn_device,0x42ac,0xfb8e,0x8081,0x0000,finite_normal_output,0,0
ttnn_device,0x42ad,0x3f80,0x0000,0x0000,outside_scope,,0
ttnn_device,0x42ad,0x4080,0x0000,0x0000,outside_scope,,0
ttnn_device,0x42ad,0x4380,0x0000,0x0000,outside_scope,,0
ttnn_device,0x42ad,0x4f80,0x0000,0x0000,outside_scope,,0
ttnn_device,0x42ad,0x7f7f,0x03aa,0x0000,finite_normal_output,0,0
ttnn_device,0x42ad,0xff7f,0x83aa,0x0000,finite_normal_output,0,0
ttnn_device,0x42ad,0x7c3e,0x007f,0x0000,outside_scope,,0
ttnn_device,0x42ad,0xfc3e,0x807f,0x0000,outside_scope,,0
ttnn_device,0x42ad,0x7c3f,0x007f,0x0000,outside_scope,,0
ttnn_device,0x42ad,0xfc3f,0x807f,0x0000,outside_scope,,0
ttnn_device,0x42ad,0x7c40,0x0080,0x0000,finite_normal_output,0,0
ttnn_device,0x42ad,0xfc40,0x8080,0x0000,finite_normal_output,0,0
ttnn_device,0x42ae,0x3f80,0x0000,0x0000,outside_scope,,0
ttnn_device,0x42ae,0x4080,0x0000,0x0000,outside_scope,,0
ttnn_device,0x42ae,0x4380,0x0000,0x0000,outside_scope,,0
ttnn_device,0x42ae,0x4f80,0x0000,0x0000,outside_scope,,0
ttnn_device,0x42ae,0x7f7f,0x02fa,0x0000,finite_normal_output,0,1
ttnn_device,0x42ae,0xff7f,0x82fa,0x0000,finite_normal_output,0,0
ttnn_device,0x42ae,0x7d01,0x007e,0x0000,outside_scope,,0
ttnn_device,0x42ae,0xfd01,0x807e,0x0000,outside_scope,,0
ttnn_device,0x42ae,0x7d02,0x007f,0x0000,outside_scope,,0
ttnn_device,0x42ae,0xfd02,0x807f,0x0000,outside_scope,,0
ttnn_device,0x42ae,0x7d03,0x0080,0x0000,finite_normal_output,0,0
ttnn_device,0x42ae,0xfd03,0x8080,0x0000,finite_normal_output,0,0
ttnn_device,0x42af,0x3f80,0x0000,0x0000,outside_scope,,0
ttnn_device,0x42af,0x4080,0x0000,0x0000,outside_scope,,0
ttnn_device,0x42af,0x4380,0x0000,0x0000,outside_scope,,0
ttnn_device,0x42af,0x4f80,0x0000,0x0000,outside_scope,,0
ttnn_device,0x42af,0x7f7f,0x0238,0x0000,finite_normal_output,0,0
ttnn_device,0x42af,0xff7f,0x8238,0x0000,finite_normal_output,0,0
ttnn_device,0x42af,0x7db0,0x007f,0x0000,outside_scope,,0
ttnn_device,0x42af,0xfdb0,0x807f,0x0000,outside_scope,,0
ttnn_device,0x42af,0x7db1,0x0080,0x0000,finite_normal_output,0,0
ttnn_device,0x42af,0xfdb1,0x8080,0x0000,finite_normal_output,0,0
ttnn_device,0x42af,0x7db2,0x0080,0x0000,finite_normal_output,0,0
ttnn_device,0x42af,0xfdb2,0x8080,0x0000,finite_normal_output,0,0
ttnn_device,0x42b0,0x3f80,0x0000,0x0000,outside_scope,,0
ttnn_device,0x42b0,0x4080,0x0000,0x0000,outside_scope,,0
ttnn_device,0x42b0,0x4380,0x0000,0x0000,outside_scope,,0
ttnn_device,0x42b0,0x4f80,0x0000,0x0000,outside_scope,,0
ttnn_device,0x42b0,0x7f7f,0x0187,0x0000,finite_normal_output,0,0
ttnn_device,0x42b0,0xff7f,0x8187,0x0000,finite_normal_output,0,0
ttnn_device,0x42b0,0x7e6f,0x007f,0x0000,outside_scope,,0
ttnn_device,0x42b0,0xfe6f,0x807f,0x0000,outside_scope,,0
ttnn_device,0x42b0,0x7e70,0x007f,0x0000,outside_scope,,0
ttnn_device,0x42b0,0xfe70,0x807f,0x0000,outside_scope,,0
ttnn_device,0x42b0,0x7e71,0x0080,0x0000,finite_normal_output,0,0
ttnn_device,0x42b0,0xfe71,0x8080,0x0000,finite_normal_output,0,0
ttnn_device,0x42b1,0x3f80,0x0000,0x0000,outside_scope,,0
ttnn_device,0x42b1,0x4080,0x0000,0x0000,outside_scope,,0
ttnn_device,0x42b1,0x4380,0x0000,0x0000,outside_scope,,0
ttnn_device,0x42b1,0x4f80,0x0000,0x0000,outside_scope,,0
ttnn_device,0x42b1,0x7f7f,0x00c7,0x0000,finite_normal_output,0,0
ttnn_device,0x42b1,0xff7f,0x80c7,0x0000,finite_normal_output,0,0
ttnn_device,0x42b1,0x7f22,0x007e,0x0000,outside_scope,,0
ttnn_device,0x42b1,0xff22,0x807e,0x0000,outside_scope,,0
ttnn_device,0x42b1,0x7f23,0x007f,0x0000,outside_scope,,0
ttnn_device,0x42b1,0xff23,0x807f,0x0000,outside_scope,,0
ttnn_device,0x42b1,0x7f24,0x0080,0x0000,finite_normal_output,0,0
ttnn_device,0x42b1,0xff24,0x8080,0x0000,finite_normal_output,0,0
ttnn_device,0x4234,0x3f80,0x0024,0x0000,outside_scope,,0
ttnn_device,0x4234,0x4080,0x008f,0x0000,finite_normal_output,0,0
ttnn_device,0x4234,0x4380,0x038f,0x0000,finite_normal_output,0,0
ttnn_device,0x4234,0x4f80,0x0f8f,0x0000,finite_normal_output,0,0
ttnn_device,0x4234,0x7f7f,0x3f8e,0x0000,finite_normal_output,0,0
ttnn_device,0x4234,0xff7f,0xbf8e,0x0000,finite_normal_output,0,0
ttnn_device,0x42b1,0x3f80,0x0000,0x0000,outside_scope,,0
ttnn_device,0x42b1,0x4080,0x0000,0x0000,outside_scope,,0
ttnn_device,0x42b1,0x4380,0x0000,0x0000,outside_scope,,0
ttnn_device,0x42b1,0x4f80,0x0000,0x0000,outside_scope,,0
ttnn_device,0x42b1,0x7f7f,0x00c7,0x0000,finite_normal_output,0,0
ttnn_device,0x42b1,0xff7f,0x80c7,0x0000,finite_normal_output,0,0
ttnn_device,0xc080,0x3f80,0x3ab0,0x3ab0,finite_normal_output,1,0
ttnn_device,0xc080,0x4080,0x3bb0,0x3bb0,finite_normal_output,1,0
ttnn_device,0xc080,0x4380,0x3eb0,0x3eb0,finite_normal_output,1,0
ttnn_device,0xc080,0x4f80,0x4ab0,0x4ab0,finite_normal_output,1,0
ttnn_device,0xc080,0x7f7f,0x7aaf,0x7aaf,finite_normal_output,1,0
ttnn_device,0xc080,0xff7f,0xfaaf,0xfaaf,finite_normal_output,1,0
ttnn_device,0xc234,0x3f80,0x0024,0x0000,outside_scope,,0
ttnn_device,0xc234,0x4080,0x008f,0x0000,finite_normal_output,0,0
ttnn_device,0xc234,0x4380,0x038f,0x0000,finite_normal_output,0,0
ttnn_device,0xc234,0x4f80,0x0f8f,0x0000,finite_normal_output,0,0
ttnn_device,0xc234,0x7f7f,0x3f8e,0x0000,finite_normal_output,0,0
ttnn_device,0xc234,0xff7f,0xbf8e,0x0000,finite_normal_output,0,0
ttnn_device,0xc2b1,0x3f80,0x0000,0x0000,outside_scope,,0
ttnn_device,0xc2b1,0x4080,0x0000,0x0000,outside_scope,,0
ttnn_device,0xc2b1,0x4380,0x0000,0x0000,outside_scope,,0
ttnn_device,0xc2b1,0x4f80,0x0000,0x0000,outside_scope,,0
ttnn_device,0xc2b1,0x7f7f,0x00c7,0x0000,finite_normal_output,0,0
ttnn_device,0xc2b1,0xff7f,0x80c7,0x0000,finite_normal_output,0,1
