ARCH: wormhole_b0, CHIP_FREQ[MHz]: 1000, Max Compute Cores: 80
PCIe slot, core_x, core_y, RISC processor type, timer_id, time[cycles since reset], data, run host ID, trace id, trace id counter, zone name, type, source line, source file, meta data
0,1,1,BRISC,50411,13702031241144,0,0,,,BRISC-FW,ZONE_START,438,/home/ijankowski/tt-metal-work/tt-metal/tt_metal/hw/firmware/src/tt-1xx/brisc.cc,
0,1,1,BRISC,8814,13702031241977,0,0,,,BRISC-KERNEL,ZONE_START,77,/home/ijankowski/tt-metal-work/tt-metal/tt_metal/hw/firmware/src/tt-1xx/brisck.cc,
0,1,1,BRISC,8814,13702031274851,0,0,,,BRISC-KERNEL,ZONE_END,77,/home/ijankowski/tt-metal-work/tt-metal/tt_metal/hw/firmware/src/tt-1xx/brisck.cc,
0,1,1,BRISC,50411,13702031282141,0,0,,,BRISC-FW,ZONE_END,438,/home/ijankowski/tt-metal-work/tt-metal/tt_metal/hw/firmware/src/tt-1xx/brisc.cc,
0,1,1,BRISC,50411,13702064047776,0,0,,,BRISC-FW,ZONE_START,438,/home/ijankowski/tt-metal-work/tt-metal/tt_metal/hw/firmware/src/tt-1xx/brisc.cc,
0,1,1,BRISC,8814,13702064048625,0,0,,,BRISC-KERNEL,ZONE_START,77,/home/ijankowski/tt-metal-work/tt-metal/tt_metal/hw/firmware/src/tt-1xx/brisck.cc,
0,1,1,BRISC,8814,13702064086644,0,0,,,BRISC-KERNEL,ZONE_END,77,/home/ijankowski/tt-metal-work/tt-metal/tt_metal/hw/firmware/src/tt-1xx/brisck.cc,
0,1,1,BRISC,50411,13702064091371,0,0,,,BRISC-FW,ZONE_END,438,/home/ijankowski/tt-metal-work/tt-metal/tt_metal/hw/firmware/src/tt-1xx/brisc.cc,
0,1,1,BRISC,50411,13702082063189,0,0,,,BRISC-FW,ZONE_START,438,/home/ijankowski/tt-metal-work/tt-metal/tt_metal/hw/firmware/src/tt-1xx/brisc.cc,
0,1,1,BRISC,8814,13702082064045,0,0,,,BRISC-KERNEL,ZONE_START,77,/home/ijankowski/tt-metal-work/tt-metal/tt_metal/hw/firmware/src/tt-1xx/brisck.cc,
0,1,1,BRISC,8814,13702082096932,0,0,,,BRISC-KERNEL,ZONE_END,77,/home/ijankowski/tt-metal-work/tt-metal/tt_metal/hw/firmware/src/tt-1xx/brisck.cc,
0,1,1,BRISC,50411,13702082104212,0,0,,,BRISC-FW,ZONE_END,438,/home/ijankowski/tt-metal-work/tt-metal/tt_metal/hw/firmware/src/tt-1xx/brisc.cc,
0,1,1,BRISC,50411,13702099721691,0,0,,,BRISC-FW,ZONE_START,438,/home/ijankowski/tt-metal-work/tt-metal/tt_metal/hw/firmware/src/tt-1xx/brisc.cc,
0,1,1,BRISC,8814,13702099722536,0,0,,,BRISC-KERNEL,ZONE_START,77,/home/ijankowski/tt-metal-work/tt-metal/tt_metal/hw/firmware/src/tt-1xx/brisck.cc,
0,1,1,BRISC,8814,13702099760537,0,0,,,BRISC-KERNEL,ZONE_END,77,/home/ijankowski/tt-metal-work/tt-metal/tt_metal/hw/firmware/src/tt-1xx/brisck.cc,
0,1,1,BRISC,50411,13702099765081,0,0,,,BRISC-FW,ZONE_END,438,/home/ijankowski/tt-metal-work/tt-metal/tt_metal/hw/firmware/src/tt-1xx/brisc.cc,
0,1,1,BRISC,50411,13702117691798,0,0,,,BRISC-FW,ZONE_START,438,/home/ijankowski/tt-metal-work/tt-metal/tt_metal/hw/firmware/src/tt-1xx/brisc.cc,
0,1,1,BRISC,8814,13702117692639,0,0,,,BRISC-KERNEL,ZONE_START,77,/home/ijankowski/tt-metal-work/tt-metal/tt_metal/hw/firmware/src/tt-1xx/brisck.cc,
0,1,1,BRISC,8814,13702117725512,0,0,,,BRISC-KERNEL,ZONE_END,77,/home/ijankowski/tt-metal-work/tt-metal/tt_metal/hw/firmware/src/tt-1xx/brisck.cc,
0,1,1,BRISC,50411,13702117732795,0,0,,,BRISC-FW,ZONE_END,438,/home/ijankowski/tt-metal-work/tt-metal/tt_metal/hw/firmware/src/tt-1xx/brisc.cc,
0,1,1,BRISC,50411,13702135391546,0,0,,,BRISC-FW,ZONE_START,438,/home/ijankowski/tt-metal-work/tt-metal/tt_metal/hw/firmware/src/tt-1xx/brisc.cc,
0,1,1,BRISC,8814,13702135392388,0,0,,,BRISC-KERNEL,ZONE_START,77,/home/ijankowski/tt-metal-work/tt-metal/tt_metal/hw/firmware/src/tt-1xx/brisck.cc,
0,1,1,BRISC,8814,13702135430404,0,0,,,BRISC-KERNEL,ZONE_END,77,/home/ijankowski/tt-metal-work/tt-metal/tt_metal/hw/firmware/src/tt-1xx/brisck.cc,
0,1,1,BRISC,50411,13702135434981,0,0,,,BRISC-FW,ZONE_END,438,/home/ijankowski/tt-metal-work/tt-metal/tt_metal/hw/firmware/src/tt-1xx/brisc.cc,
0,1,1,BRISC,50411,13702153586472,0,0,,,BRISC-FW,ZONE_START,438,/home/ijankowski/tt-metal-work/tt-metal/tt_metal/hw/firmware/src/tt-1xx/brisc.cc,
0,1,1,BRISC,8814,13702153587309,0,0,,,BRISC-KERNEL,ZONE_START,77,/home/ijankowski/tt-metal-work/tt-metal/tt_metal/hw/firmware/src/tt-1xx/brisck.cc,
0,1,1,BRISC,8814,13702153620254,0,0,,,BRISC-KERNEL,ZONE_END,77,/home/ijankowski/tt-metal-work/tt-metal/tt_metal/hw/firmware/src/tt-1xx/brisck.cc,
0,1,1,BRISC,50411,13702153627544,0,0,,,BRISC-FW,ZONE_END,438,/home/ijankowski/tt-metal-work/tt-metal/tt_metal/hw/firmware/src/tt-1xx/brisc.cc,
0,1,1,BRISC,50411,13702171485023,0,0,,,BRISC-FW,ZONE_START,438,/home/ijankowski/tt-metal-work/tt-metal/tt_metal/hw/firmware/src/tt-1xx/brisc.cc,
0,1,1,BRISC,8814,13702171485870,0,0,,,BRISC-KERNEL,ZONE_START,77,/home/ijankowski/tt-metal-work/tt-metal/tt_metal/hw/firmware/src/tt-1xx/brisck.cc,
0,1,1,BRISC,8814,13702171523873,0,0,,,BRISC-KERNEL,ZONE_END,77,/home/ijankowski/tt-metal-work/tt-metal/tt_metal/hw/firmware/src/tt-1xx/brisck.cc,
0,1,1,BRISC,50411,13702171528447,0,0,,,BRISC-FW,ZONE_END,438,/home/ijankowski/tt-metal-work/tt-metal/tt_metal/hw/firmware/src/tt-1xx/brisc.cc,
0,1,1,BRISC,50411,13702189365204,0,0,,,BRISC-FW,ZONE_START,438,/home/ijankowski/tt-metal-work/tt-metal/tt_metal/hw/firmware/src/tt-1xx/brisc.cc,
0,1,1,BRISC,8814,13702189366032,0,0,,,BRISC-KERNEL,ZONE_START,77,/home/ijankowski/tt-metal-work/tt-metal/tt_metal/hw/firmware/src/tt-1xx/brisck.cc,
0,1,1,BRISC,8814,13702189398903,0,0,,,BRISC-KERNEL,ZONE_END,77,/home/ijankowski/tt-metal-work/tt-metal/tt_metal/hw/firmware/src/tt-1xx/brisck.cc,
0,1,1,BRISC,50411,13702189406184,0,0,,,BRISC-FW,ZONE_END,438,/home/ijankowski/tt-metal-work/tt-metal/tt_metal/hw/firmware/src/tt-1xx/brisc.cc,
0,1,1,BRISC,50411,13702207256492,0,0,,,BRISC-FW,ZONE_START,438,/home/ijankowski/tt-metal-work/tt-metal/tt_metal/hw/firmware/src/tt-1xx/brisc.cc,
0,1,1,BRISC,8814,13702207257336,0,0,,,BRISC-KERNEL,ZONE_START,77,/home/ijankowski/tt-metal-work/tt-metal/tt_metal/hw/firmware/src/tt-1xx/brisck.cc,
0,1,1,BRISC,8814,13702207295362,0,0,,,BRISC-KERNEL,ZONE_END,77,/home/ijankowski/tt-metal-work/tt-metal/tt_metal/hw/firmware/src/tt-1xx/brisck.cc,
0,1,1,BRISC,50411,13702207299922,0,0,,,BRISC-FW,ZONE_END,438,/home/ijankowski/tt-metal-work/tt-metal/tt_metal/hw/firmware/src/tt-1xx/brisc.cc,
0,1,1,BRISC,50411,13702224832435,0,0,,,BRISC-FW,ZONE_START,438,/home/ijankowski/tt-metal-work/tt-metal/tt_metal/hw/firmware/src/tt-1xx/brisc.cc,
0,1,1,BRISC,8814,13702224833291,0,0,,,BRISC-KERNEL,ZONE_START,77,/home/ijankowski/tt-metal-work/tt-metal/tt_metal/hw/firmware/src/tt-1xx/brisck.cc,
0,1,1,BRISC,8814,13702224866157,0,0,,,BRISC-KERNEL,ZONE_END,77,/home/ijankowski/tt-metal-work/tt-metal/tt_metal/hw/firmware/src/tt-1xx/brisck.cc,
0,1,1,BRISC,50411,13702224873438,0,0,,,BRISC-FW,ZONE_END,438,/home/ijankowski/tt-metal-work/tt-metal/tt_metal/hw/firmware/src/tt-1xx/brisc.cc,
0,1,1,BRISC,50411,13702242694892,0,0,,,BRISC-FW,ZONE_START,438,/home/ijankowski/tt-metal-work/tt-metal/tt_metal/hw/firmware/src/tt-1xx/brisc.cc,
0,1,1,BRISC,8814,13702242695719,0,0,,,BRISC-KERNEL,ZONE_START,77,/home/ijankowski/tt-metal-work/tt-metal/tt_metal/hw/firmware/src/tt-1xx/brisck.cc,
0,1,1,BRISC,8814,13702242733732,0,0,,,BRISC-KERNEL,ZONE_END,77,/home/ijankowski/tt-metal-work/tt-metal/tt_metal/hw/firmware/src/tt-1xx/brisck.cc,
0,1,1,BRISC,50411,13702242738467,0,0,,,BRISC-FW,ZONE_END,438,/home/ijankowski/tt-metal-work/tt-metal/tt_metal/hw/firmware/src/tt-1xx/brisc.cc,
0,1,1,BRISC,50411,13702260251721,0,0,,,BRISC-FW,ZONE_START,438,/home/ijankowski/tt-metal-work/tt-metal/tt_metal/hw/firmware/src/tt-1xx/brisc.cc,
0,1,1,BRISC,8814,13702260252556,0,0,,,BRISC-KERNEL,ZONE_START,77,/home/ijankowski/tt-metal-work/tt-metal/tt_metal/hw/firmware/src/tt-1xx/brisck.cc,
0,1,1,BRISC,8814,13702260285585,0,0,,,BRISC-KERNEL,ZONE_END,77,/home/ijankowski/tt-metal-work/tt-metal/tt_metal/hw/firmware/src/tt-1xx/brisck.cc,
0,1,1,BRISC,50411,13702260292865,0,0,,,BRISC-FW,ZONE_END,438,/home/ijankowski/tt-metal-work/tt-metal/tt_metal/hw/firmware/src/tt-1xx/brisc.cc,
0,1,1,BRISC,50411,13702278164842,0,0,,,BRISC-FW,ZONE_START,438,/home/ijankowski/tt-metal-work/tt-metal/tt_metal/hw/firmware/src/tt-1xx/brisc.cc,
0,1,1,BRISC,8814,13702278165671,0,0,,,BRISC-KERNEL,ZONE_START,77,/home/ijankowski/tt-metal-work/tt-metal/tt_metal/hw/firmware/src/tt-1xx/brisck.cc,
0,1,1,BRISC,8814,13702278203653,0,0,,,BRISC-KERNEL,ZONE_END,77,/home/ijankowski/tt-metal-work/tt-metal/tt_metal/hw/firmware/src/tt-1xx/brisck.cc,
0,1,1,BRISC,50411,13702278208205,0,0,,,BRISC-FW,ZONE_END,438,/home/ijankowski/tt-metal-work/tt-metal/tt_metal/hw/firmware/src/tt-1xx/brisc.cc,
0,1,1,BRISC,50411,13702295840217,0,0,,,BRISC-FW,ZONE_START,438,/home/ijankowski/tt-metal-work/tt-metal/tt_metal/hw/firmware/src/tt-1xx/brisc.cc,
0,1,1,BRISC,8814,13702295841033,0,0,,,BRISC-KERNEL,ZONE_START,77,/home/ijankowski/tt-metal-work/tt-metal/tt_metal/hw/firmware/src/tt-1xx/brisck.cc,
0,1,1,BRISC,8814,13702295873988,0,0,,,BRISC-KERNEL,ZONE_END,77,/home/ijankowski/tt-metal-work/tt-metal/tt_metal/hw/firmware/src/tt-1xx/brisck.cc,
0,1,1,BRISC,50411,13702295881230,0,0,,,BRISC-FW,ZONE_END,438,/home/ijankowski/tt-metal-work/tt-metal/tt_metal/hw/firmware/src/tt-1xx/brisc.cc,
0,1,1,BRISC,50411,13702313445031,0,0,,,BRISC-FW,ZONE_START,438,/home/ijankowski/tt-metal-work/tt-metal/tt_metal/hw/firmware/src/tt-1xx/brisc.cc,
0,1,1,BRISC,8814,13702313445856,0,0,,,BRISC-KERNEL,ZONE_START,77,/home/ijankowski/tt-metal-work/tt-metal/tt_metal/hw/firmware/src/tt-1xx/brisck.cc,
0,1,1,BRISC,8814,13702313483871,0,0,,,BRISC-KERNEL,ZONE_END,77,/home/ijankowski/tt-metal-work/tt-metal/tt_metal/hw/firmware/src/tt-1xx/brisck.cc,
0,1,1,BRISC,50411,13702313488442,0,0,,,BRISC-FW,ZONE_END,438,/home/ijankowski/tt-metal-work/tt-metal/tt_metal/hw/firmware/src/tt-1xx/brisc.cc,
0,1,1,BRISC,50411,13702331538176,0,0,,,BRISC-FW,ZONE_START,438,/home/ijankowski/tt-metal-work/tt-metal/tt_metal/hw/firmware/src/tt-1xx/brisc.cc,
0,1,1,BRISC,8814,13702331539010,0,0,,,BRISC-KERNEL,ZONE_START,77,/home/ijankowski/tt-metal-work/tt-metal/tt_metal/hw/firmware/src/tt-1xx/brisck.cc,
0,1,1,BRISC,8814,13702331571883,0,0,,,BRISC-KERNEL,ZONE_END,77,/home/ijankowski/tt-metal-work/tt-metal/tt_metal/hw/firmware/src/tt-1xx/brisck.cc,
0,1,1,BRISC,50411,13702331579165,0,0,,,BRISC-FW,ZONE_END,438,/home/ijankowski/tt-metal-work/tt-metal/tt_metal/hw/firmware/src/tt-1xx/brisc.cc,
0,1,1,BRISC,50411,13702349157467,0,0,,,BRISC-FW,ZONE_START,438,/home/ijankowski/tt-metal-work/tt-metal/tt_metal/hw/firmware/src/tt-1xx/brisc.cc,
0,1,1,BRISC,8814,13702349158297,0,0,,,BRISC-KERNEL,ZONE_START,77,/home/ijankowski/tt-metal-work/tt-metal/tt_metal/hw/firmware/src/tt-1xx/brisck.cc,
0,1,1,BRISC,8814,13702349196279,0,0,,,BRISC-KERNEL,ZONE_END,77,/home/ijankowski/tt-metal-work/tt-metal/tt_metal/hw/firmware/src/tt-1xx/brisck.cc,
0,1,1,BRISC,50411,13702349200850,0,0,,,BRISC-FW,ZONE_END,438,/home/ijankowski/tt-metal-work/tt-metal/tt_metal/hw/firmware/src/tt-1xx/brisc.cc,
0,1,1,BRISC,50411,13702366916808,0,0,,,BRISC-FW,ZONE_START,438,/home/ijankowski/tt-metal-work/tt-metal/tt_metal/hw/firmware/src/tt-1xx/brisc.cc,
0,1,1,BRISC,8814,13702366917638,0,0,,,BRISC-KERNEL,ZONE_START,77,/home/ijankowski/tt-metal-work/tt-metal/tt_metal/hw/firmware/src/tt-1xx/brisck.cc,
0,1,1,BRISC,8814,13702366950502,0,0,,,BRISC-KERNEL,ZONE_END,77,/home/ijankowski/tt-metal-work/tt-metal/tt_metal/hw/firmware/src/tt-1xx/brisck.cc,
0,1,1,BRISC,50411,13702366957782,0,0,,,BRISC-FW,ZONE_END,438,/home/ijankowski/tt-metal-work/tt-metal/tt_metal/hw/firmware/src/tt-1xx/brisc.cc,
0,1,1,BRISC,50411,13702384905519,0,0,,,BRISC-FW,ZONE_START,438,/home/ijankowski/tt-metal-work/tt-metal/tt_metal/hw/firmware/src/tt-1xx/brisc.cc,
0,1,1,BRISC,8814,13702384906347,0,0,,,BRISC-KERNEL,ZONE_START,77,/home/ijankowski/tt-metal-work/tt-metal/tt_metal/hw/firmware/src/tt-1xx/brisck.cc,
0,1,1,BRISC,8814,13702384944510,0,0,,,BRISC-KERNEL,ZONE_END,77,/home/ijankowski/tt-metal-work/tt-metal/tt_metal/hw/firmware/src/tt-1xx/brisck.cc,
0,1,1,BRISC,50411,13702384949072,0,0,,,BRISC-FW,ZONE_END,438,/home/ijankowski/tt-metal-work/tt-metal/tt_metal/hw/firmware/src/tt-1xx/brisc.cc,
0,1,1,BRISC,50411,13702402787740,0,0,,,BRISC-FW,ZONE_START,438,/home/ijankowski/tt-metal-work/tt-metal/tt_metal/hw/firmware/src/tt-1xx/brisc.cc,
0,1,1,BRISC,8814,13702402788576,0,0,,,BRISC-KERNEL,ZONE_START,77,/home/ijankowski/tt-metal-work/tt-metal/tt_metal/hw/firmware/src/tt-1xx/brisck.cc,
0,1,1,BRISC,8814,13702402821429,0,0,,,BRISC-KERNEL,ZONE_END,77,/home/ijankowski/tt-metal-work/tt-metal/tt_metal/hw/firmware/src/tt-1xx/brisck.cc,
0,1,1,BRISC,50411,13702402828717,0,0,,,BRISC-FW,ZONE_END,438,/home/ijankowski/tt-metal-work/tt-metal/tt_metal/hw/firmware/src/tt-1xx/brisc.cc,
0,1,1,BRISC,50411,13702420740087,0,0,,,BRISC-FW,ZONE_START,438,/home/ijankowski/tt-metal-work/tt-metal/tt_metal/hw/firmware/src/tt-1xx/brisc.cc,
0,1,1,BRISC,8814,13702420740930,0,0,,,BRISC-KERNEL,ZONE_START,77,/home/ijankowski/tt-metal-work/tt-metal/tt_metal/hw/firmware/src/tt-1xx/brisck.cc,
0,1,1,BRISC,8814,13702420778946,0,0,,,BRISC-KERNEL,ZONE_END,77,/home/ijankowski/tt-metal-work/tt-metal/tt_metal/hw/firmware/src/tt-1xx/brisck.cc,
0,1,1,BRISC,50411,13702420783500,0,0,,,BRISC-FW,ZONE_END,438,/home/ijankowski/tt-metal-work/tt-metal/tt_metal/hw/firmware/src/tt-1xx/brisc.cc,
0,1,1,BRISC,50411,13702438672681,0,0,,,BRISC-FW,ZONE_START,438,/home/ijankowski/tt-metal-work/tt-metal/tt_metal/hw/firmware/src/tt-1xx/brisc.cc,
0,1,1,BRISC,8814,13702438673517,0,0,,,BRISC-KERNEL,ZONE_START,77,/home/ijankowski/tt-metal-work/tt-metal/tt_metal/hw/firmware/src/tt-1xx/brisck.cc,
0,1,1,BRISC,8814,13702438706388,0,0,,,BRISC-KERNEL,ZONE_END,77,/home/ijankowski/tt-metal-work/tt-metal/tt_metal/hw/firmware/src/tt-1xx/brisck.cc,
0,1,1,BRISC,50411,13702438713666,0,0,,,BRISC-FW,ZONE_END,438,/home/ijankowski/tt-metal-work/tt-metal/tt_metal/hw/firmware/src/tt-1xx/brisc.cc,
0,1,1,BRISC,50411,13702456558331,0,0,,,BRISC-FW,ZONE_START,438,/home/ijankowski/tt-metal-work/tt-metal/tt_metal/hw/firmware/src/tt-1xx/brisc.cc,
0,1,1,BRISC,8814,13702456559175,0,0,,,BRISC-KERNEL,ZONE_START,77,/home/ijankowski/tt-metal-work/tt-metal/tt_metal/hw/firmware/src/tt-1xx/brisck.cc,
0,1,1,BRISC,8814,13702456597172,0,0,,,BRISC-KERNEL,ZONE_END,77,/home/ijankowski/tt-metal-work/tt-metal/tt_metal/hw/firmware/src/tt-1xx/brisck.cc,
0,1,1,BRISC,50411,13702456601753,0,0,,,BRISC-FW,ZONE_END,438,/home/ijankowski/tt-metal-work/tt-metal/tt_metal/hw/firmware/src/tt-1xx/brisc.cc,
0,1,1,BRISC,50411,13702474714634,0,0,,,BRISC-FW,ZONE_START,438,/home/ijankowski/tt-metal-work/tt-metal/tt_metal/hw/firmware/src/tt-1xx/brisc.cc,
0,1,1,BRISC,8814,13702474715462,0,0,,,BRISC-KERNEL,ZONE_START,77,/home/ijankowski/tt-metal-work/tt-metal/tt_metal/hw/firmware/src/tt-1xx/brisck.cc,
0,1,1,BRISC,8814,13702474748329,0,0,,,BRISC-KERNEL,ZONE_END,77,/home/ijankowski/tt-metal-work/tt-metal/tt_metal/hw/firmware/src/tt-1xx/brisck.cc,
0,1,1,BRISC,50411,13702474755622,0,0,,,BRISC-FW,ZONE_END,438,/home/ijankowski/tt-metal-work/tt-metal/tt_metal/hw/firmware/src/tt-1xx/brisc.cc,
0,1,1,BRISC,50411,13702492264830,0,0,,,BRISC-FW,ZONE_START,438,/home/ijankowski/tt-metal-work/tt-metal/tt_metal/hw/firmware/src/tt-1xx/brisc.cc,
0,1,1,BRISC,8814,13702492265654,0,0,,,BRISC-KERNEL,ZONE_START,77,/home/ijankowski/tt-metal-work/tt-metal/tt_metal/hw/firmware/src/tt-1xx/brisck.cc,
0,1,1,BRISC,8814,13702492303629,0,0,,,BRISC-KERNEL,ZONE_END,77,/home/ijankowski/tt-metal-work/tt-metal/tt_metal/hw/firmware/src/tt-1xx/brisck.cc,
0,1,1,BRISC,50411,13702492308201,0,0,,,BRISC-FW,ZONE_END,438,/home/ijankowski/tt-metal-work/tt-metal/tt_metal/hw/firmware/src/tt-1xx/brisc.cc,
0,1,1,BRISC,50411,13702510192862,0,0,,,BRISC-FW,ZONE_START,438,/home/ijankowski/tt-metal-work/tt-metal/tt_metal/hw/firmware/src/tt-1xx/brisc.cc,
0,1,1,BRISC,8814,13702510193702,0,0,,,BRISC-KERNEL,ZONE_START,77,/home/ijankowski/tt-metal-work/tt-metal/tt_metal/hw/firmware/src/tt-1xx/brisck.cc,
0,1,1,BRISC,8814,13702510226583,0,0,,,BRISC-KERNEL,ZONE_END,77,/home/ijankowski/tt-metal-work/tt-metal/tt_metal/hw/firmware/src/tt-1xx/brisck.cc,
0,1,1,BRISC,50411,13702510233871,0,0,,,BRISC-FW,ZONE_END,438,/home/ijankowski/tt-metal-work/tt-metal/tt_metal/hw/firmware/src/tt-1xx/brisc.cc,
0,1,1,BRISC,50411,13702529789374,0,0,,,BRISC-FW,ZONE_START,438,/home/ijankowski/tt-metal-work/tt-metal/tt_metal/hw/firmware/src/tt-1xx/brisc.cc,
0,1,1,BRISC,8814,13702529790213,0,0,,,BRISC-KERNEL,ZONE_START,77,/home/ijankowski/tt-metal-work/tt-metal/tt_metal/hw/firmware/src/tt-1xx/brisck.cc,
0,1,1,BRISC,8814,13702529828272,0,0,,,BRISC-KERNEL,ZONE_END,77,/home/ijankowski/tt-metal-work/tt-metal/tt_metal/hw/firmware/src/tt-1xx/brisck.cc,
0,1,1,BRISC,50411,13702529832847,0,0,,,BRISC-FW,ZONE_END,438,/home/ijankowski/tt-metal-work/tt-metal/tt_metal/hw/firmware/src/tt-1xx/brisc.cc,
0,1,1,BRISC,50411,13702547400933,0,0,,,BRISC-FW,ZONE_START,438,/home/ijankowski/tt-metal-work/tt-metal/tt_metal/hw/firmware/src/tt-1xx/brisc.cc,
0,1,1,BRISC,8814,13702547401766,0,0,,,BRISC-KERNEL,ZONE_START,77,/home/ijankowski/tt-metal-work/tt-metal/tt_metal/hw/firmware/src/tt-1xx/brisck.cc,
0,1,1,BRISC,8814,13702547434692,0,0,,,BRISC-KERNEL,ZONE_END,77,/home/ijankowski/tt-metal-work/tt-metal/tt_metal/hw/firmware/src/tt-1xx/brisck.cc,
0,1,1,BRISC,50411,13702547441963,0,0,,,BRISC-FW,ZONE_END,438,/home/ijankowski/tt-metal-work/tt-metal/tt_metal/hw/firmware/src/tt-1xx/brisc.cc,
0,1,1,BRISC,50411,13702564976701,0,0,,,BRISC-FW,ZONE_START,438,/home/ijankowski/tt-metal-work/tt-metal/tt_metal/hw/firmware/src/tt-1xx/brisc.cc,
0,1,1,BRISC,8814,13702564977532,0,0,,,BRISC-KERNEL,ZONE_START,77,/home/ijankowski/tt-metal-work/tt-metal/tt_metal/hw/firmware/src/tt-1xx/brisck.cc,
0,1,1,BRISC,8814,13702565015537,0,0,,,BRISC-KERNEL,ZONE_END,77,/home/ijankowski/tt-metal-work/tt-metal/tt_metal/hw/firmware/src/tt-1xx/brisck.cc,
0,1,1,BRISC,50411,13702565020099,0,0,,,BRISC-FW,ZONE_END,438,/home/ijankowski/tt-metal-work/tt-metal/tt_metal/hw/firmware/src/tt-1xx/brisc.cc,
0,1,1,BRISC,50411,13702582537567,0,0,,,BRISC-FW,ZONE_START,438,/home/ijankowski/tt-metal-work/tt-metal/tt_metal/hw/firmware/src/tt-1xx/brisc.cc,
0,1,1,BRISC,8814,13702582538417,0,0,,,BRISC-KERNEL,ZONE_START,77,/home/ijankowski/tt-metal-work/tt-metal/tt_metal/hw/firmware/src/tt-1xx/brisck.cc,
0,1,1,BRISC,8814,13702582571294,0,0,,,BRISC-KERNEL,ZONE_END,77,/home/ijankowski/tt-metal-work/tt-metal/tt_metal/hw/firmware/src/tt-1xx/brisck.cc,
0,1,1,BRISC,50411,13702582578567,0,0,,,BRISC-FW,ZONE_END,438,/home/ijankowski/tt-metal-work/tt-metal/tt_metal/hw/firmware/src/tt-1xx/brisc.cc,
0,1,1,BRISC,50411,13702600067028,0,0,,,BRISC-FW,ZONE_START,438,/home/ijankowski/tt-metal-work/tt-metal/tt_metal/hw/firmware/src/tt-1xx/brisc.cc,
0,1,1,BRISC,8814,13702600067853,0,0,,,BRISC-KERNEL,ZONE_START,77,/home/ijankowski/tt-metal-work/tt-metal/tt_metal/hw/firmware/src/tt-1xx/brisck.cc,
0,1,1,BRISC,8814,13702600105858,0,0,,,BRISC-KERNEL,ZONE_END,77,/home/ijankowski/tt-metal-work/tt-metal/tt_metal/hw/firmware/src/tt-1xx/brisck.cc,
0,1,1,BRISC,50411,13702600110415,0,0,,,BRISC-FW,ZONE_END,438,/home/ijankowski/tt-metal-work/tt-metal/tt_metal/hw/firmware/src/tt-1xx/brisc.cc,
0,1,1,BRISC,50411,13702618657144,0,0,,,BRISC-FW,ZONE_START,438,/home/ijankowski/tt-metal-work/tt-metal/tt_metal/hw/firmware/src/tt-1xx/brisc.cc,
0,1,1,BRISC,8814,13702618657986,0,0,,,BRISC-KERNEL,ZONE_START,77,/home/ijankowski/tt-metal-work/tt-metal/tt_metal/hw/firmware/src/tt-1xx/brisck.cc,
0,1,1,BRISC,8814,13702618690853,0,0,,,BRISC-KERNEL,ZONE_END,77,/home/ijankowski/tt-metal-work/tt-metal/tt_metal/hw/firmware/src/tt-1xx/brisck.cc,
0,1,1,BRISC,50411,13702618698155,0,0,,,BRISC-FW,ZONE_END,438,/home/ijankowski/tt-metal-work/tt-metal/tt_metal/hw/firmware/src/tt-1xx/brisc.cc,
0,1,1,BRISC,50411,13702636350388,0,0,,,BRISC-FW,ZONE_START,438,/home/ijankowski/tt-metal-work/tt-metal/tt_metal/hw/firmware/src/tt-1xx/brisc.cc,
0,1,1,BRISC,8814,13702636351239,0,0,,,BRISC-KERNEL,ZONE_START,77,/home/ijankowski/tt-metal-work/tt-metal/tt_metal/hw/firmware/src/tt-1xx/brisck.cc,
0,1,1,BRISC,8814,13702636389430,0,0,,,BRISC-KERNEL,ZONE_END,77,/home/ijankowski/tt-metal-work/tt-metal/tt_metal/hw/firmware/src/tt-1xx/brisck.cc,
0,1,1,BRISC,50411,13702636393986,0,0,,,BRISC-FW,ZONE_END,438,/home/ijankowski/tt-metal-work/tt-metal/tt_metal/hw/firmware/src/tt-1xx/brisc.cc,
0,1,1,BRISC,50411,13702654153664,0,0,,,BRISC-FW,ZONE_START,438,/home/ijankowski/tt-metal-work/tt-metal/tt_metal/hw/firmware/src/tt-1xx/brisc.cc,
0,1,1,BRISC,8814,13702654154500,0,0,,,BRISC-KERNEL,ZONE_START,77,/home/ijankowski/tt-metal-work/tt-metal/tt_metal/hw/firmware/src/tt-1xx/brisck.cc,
0,1,1,BRISC,8814,13702654187365,0,0,,,BRISC-KERNEL,ZONE_END,77,/home/ijankowski/tt-metal-work/tt-metal/tt_metal/hw/firmware/src/tt-1xx/brisck.cc,
0,1,1,BRISC,50411,13702654194650,0,0,,,BRISC-FW,ZONE_END,438,/home/ijankowski/tt-metal-work/tt-metal/tt_metal/hw/firmware/src/tt-1xx/brisc.cc,
0,1,1,BRISC,50411,13702672011282,0,0,,,BRISC-FW,ZONE_START,438,/home/ijankowski/tt-metal-work/tt-metal/tt_metal/hw/firmware/src/tt-1xx/brisc.cc,
0,1,1,BRISC,8814,13702672012112,0,0,,,BRISC-KERNEL,ZONE_START,77,/home/ijankowski/tt-metal-work/tt-metal/tt_metal/hw/firmware/src/tt-1xx/brisck.cc,
0,1,1,BRISC,8814,13702672050234,0,0,,,BRISC-KERNEL,ZONE_END,77,/home/ijankowski/tt-metal-work/tt-metal/tt_metal/hw/firmware/src/tt-1xx/brisck.cc,
0,1,1,BRISC,50411,13702672054705,0,0,,,BRISC-FW,ZONE_END,438,/home/ijankowski/tt-metal-work/tt-metal/tt_metal/hw/firmware/src/tt-1xx/brisc.cc,
0,1,1,BRISC,50411,13702690014238,0,0,,,BRISC-FW,ZONE_START,438,/home/ijankowski/tt-metal-work/tt-metal/tt_metal/hw/firmware/src/tt-1xx/brisc.cc,
0,1,1,BRISC,8814,13702690015094,0,0,,,BRISC-KERNEL,ZONE_START,77,/home/ijankowski/tt-metal-work/tt-metal/tt_metal/hw/firmware/src/tt-1xx/brisck.cc,
0,1,1,BRISC,8814,13702690047989,0,0,,,BRISC-KERNEL,ZONE_END,77,/home/ijankowski/tt-metal-work/tt-metal/tt_metal/hw/firmware/src/tt-1xx/brisck.cc,
0,1,1,BRISC,50411,13702690055268,0,0,,,BRISC-FW,ZONE_END,438,/home/ijankowski/tt-metal-work/tt-metal/tt_metal/hw/firmware/src/tt-1xx/brisc.cc,
0,1,1,BRISC,50411,13702708055618,0,0,,,BRISC-FW,ZONE_START,438,/home/ijankowski/tt-metal-work/tt-metal/tt_metal/hw/firmware/src/tt-1xx/brisc.cc,
0,1,1,BRISC,8814,13702708056463,0,0,,,BRISC-KERNEL,ZONE_START,77,/home/ijankowski/tt-metal-work/tt-metal/tt_metal/hw/firmware/src/tt-1xx/brisck.cc,
0,1,1,BRISC,8814,13702708094535,0,0,,,BRISC-KERNEL,ZONE_END,77,/home/ijankowski/tt-metal-work/tt-metal/tt_metal/hw/firmware/src/tt-1xx/brisck.cc,
0,1,1,BRISC,50411,13702708099099,0,0,,,BRISC-FW,ZONE_END,438,/home/ijankowski/tt-metal-work/tt-metal/tt_metal/hw/firmware/src/tt-1xx/brisc.cc,
0,1,1,BRISC,50411,13702726148458,0,0,,,BRISC-FW,ZONE_START,438,/home/ijankowski/tt-metal-work/tt-metal/tt_metal/hw/firmware/src/tt-1xx/brisc.cc,
0,1,1,BRISC,8814,13702726149294,0,0,,,BRISC-KERNEL,ZONE_START,77,/home/ijankowski/tt-metal-work/tt-metal/tt_metal/hw/firmware/src/tt-1xx/brisck.cc,
0,1,1,BRISC,8814,13702726182292,0,0,,,BRISC-KERNEL,ZONE_END,77,/home/ijankowski/tt-metal-work/tt-metal/tt_metal/hw/firmware/src/tt-1xx/brisck.cc,
0,1,1,BRISC,50411,13702726189550,0,0,,,BRISC-FW,ZONE_END,438,/home/ijankowski/tt-metal-work/tt-metal/tt_metal/hw/firmware/src/tt-1xx/brisc.cc,
0,1,1,BRISC,50411,13702744085493,0,0,,,BRISC-FW,ZONE_START,438,/home/ijankowski/tt-metal-work/tt-metal/tt_metal/hw/firmware/src/tt-1xx/brisc.cc,
0,1,1,BRISC,8814,13702744086313,0,0,,,BRISC-KERNEL,ZONE_START,77,/home/ijankowski/tt-metal-work/tt-metal/tt_metal/hw/firmware/src/tt-1xx/brisck.cc,
0,1,1,BRISC,8814,13702744124313,0,0,,,BRISC-KERNEL,ZONE_END,77,/home/ijankowski/tt-metal-work/tt-metal/tt_metal/hw/firmware/src/tt-1xx/brisck.cc,
0,1,1,BRISC,50411,13702744129050,0,0,,,BRISC-FW,ZONE_END,438,/home/ijankowski/tt-metal-work/tt-metal/tt_metal/hw/firmware/src/tt-1xx/brisc.cc,
0,1,1,BRISC,50411,13702761996193,0,0,,,BRISC-FW,ZONE_START,438,/home/ijankowski/tt-metal-work/tt-metal/tt_metal/hw/firmware/src/tt-1xx/brisc.cc,
0,1,1,BRISC,8814,13702761997009,0,0,,,BRISC-KERNEL,ZONE_START,77,/home/ijankowski/tt-metal-work/tt-metal/tt_metal/hw/firmware/src/tt-1xx/brisck.cc,
0,1,1,BRISC,8814,13702762029868,0,0,,,BRISC-KERNEL,ZONE_END,77,/home/ijankowski/tt-metal-work/tt-metal/tt_metal/hw/firmware/src/tt-1xx/brisck.cc,
0,1,1,BRISC,50411,13702762037151,0,0,,,BRISC-FW,ZONE_END,438,/home/ijankowski/tt-metal-work/tt-metal/tt_metal/hw/firmware/src/tt-1xx/brisc.cc,
0,1,1,BRISC,50411,13702779582670,0,0,,,BRISC-FW,ZONE_START,438,/home/ijankowski/tt-metal-work/tt-metal/tt_metal/hw/firmware/src/tt-1xx/brisc.cc,
0,1,1,BRISC,8814,13702779583496,0,0,,,BRISC-KERNEL,ZONE_START,77,/home/ijankowski/tt-metal-work/tt-metal/tt_metal/hw/firmware/src/tt-1xx/brisck.cc,
0,1,1,BRISC,8814,13702779621523,0,0,,,BRISC-KERNEL,ZONE_END,77,/home/ijankowski/tt-metal-work/tt-metal/tt_metal/hw/firmware/src/tt-1xx/brisck.cc,
0,1,1,BRISC,50411,13702779626076,0,0,,,BRISC-FW,ZONE_END,438,/home/ijankowski/tt-metal-work/tt-metal/tt_metal/hw/firmware/src/tt-1xx/brisc.cc,
0,1,1,BRISC,50411,13702797041081,0,0,,,BRISC-FW,ZONE_START,438,/home/ijankowski/tt-metal-work/tt-metal/tt_metal/hw/firmware/src/tt-1xx/brisc.cc,
0,1,1,BRISC,8814,13702797041928,0,0,,,BRISC-KERNEL,ZONE_START,77,/home/ijankowski/tt-metal-work/tt-metal/tt_metal/hw/firmware/src/tt-1xx/brisck.cc,
0,1,1,BRISC,8814,13702797074795,0,0,,,BRISC-KERNEL,ZONE_END,77,/home/ijankowski/tt-metal-work/tt-metal/tt_metal/hw/firmware/src/tt-1xx/brisck.cc,
0,1,1,BRISC,50411,13702797082082,0,0,,,BRISC-FW,ZONE_END,438,/home/ijankowski/tt-metal-work/tt-metal/tt_metal/hw/firmware/src/tt-1xx/brisc.cc,
0,1,1,BRISC,50411,13702814846289,0,0,,,BRISC-FW,ZONE_START,438,/home/ijankowski/tt-metal-work/tt-metal/tt_metal/hw/firmware/src/tt-1xx/brisc.cc,
0,1,1,BRISC,8814,13702814847127,0,0,,,BRISC-KERNEL,ZONE_START,77,/home/ijankowski/tt-metal-work/tt-metal/tt_metal/hw/firmware/src/tt-1xx/brisck.cc,
0,1,1,BRISC,8814,13702814885212,0,0,,,BRISC-KERNEL,ZONE_END,77,/home/ijankowski/tt-metal-work/tt-metal/tt_metal/hw/firmware/src/tt-1xx/brisck.cc,
0,1,1,BRISC,50411,13702814889765,0,0,,,BRISC-FW,ZONE_END,438,/home/ijankowski/tt-metal-work/tt-metal/tt_metal/hw/firmware/src/tt-1xx/brisc.cc,
0,1,1,BRISC,50411,13702832696094,0,0,,,BRISC-FW,ZONE_START,438,/home/ijankowski/tt-metal-work/tt-metal/tt_metal/hw/firmware/src/tt-1xx/brisc.cc,
0,1,1,BRISC,8814,13702832696914,0,0,,,BRISC-KERNEL,ZONE_START,77,/home/ijankowski/tt-metal-work/tt-metal/tt_metal/hw/firmware/src/tt-1xx/brisck.cc,
0,1,1,BRISC,8814,13702832729788,0,0,,,BRISC-KERNEL,ZONE_END,77,/home/ijankowski/tt-metal-work/tt-metal/tt_metal/hw/firmware/src/tt-1xx/brisck.cc,
0,1,1,BRISC,50411,13702832737070,0,0,,,BRISC-FW,ZONE_END,438,/home/ijankowski/tt-metal-work/tt-metal/tt_metal/hw/firmware/src/tt-1xx/brisc.cc,
0,1,1,BRISC,50411,13702850265777,0,0,,,BRISC-FW,ZONE_START,438,/home/ijankowski/tt-metal-work/tt-metal/tt_metal/hw/firmware/src/tt-1xx/brisc.cc,
0,1,1,BRISC,8814,13702850266624,0,0,,,BRISC-KERNEL,ZONE_START,77,/home/ijankowski/tt-metal-work/tt-metal/tt_metal/hw/firmware/src/tt-1xx/brisck.cc,
0,1,1,BRISC,8814,13702850304706,0,0,,,BRISC-KERNEL,ZONE_END,77,/home/ijankowski/tt-metal-work/tt-metal/tt_metal/hw/firmware/src/tt-1xx/brisck.cc,
0,1,1,BRISC,50411,13702850309263,0,0,,,BRISC-FW,ZONE_END,438,/home/ijankowski/tt-metal-work/tt-metal/tt_metal/hw/firmware/src/tt-1xx/brisc.cc,
0,1,1,BRISC,50411,13702867864160,0,0,,,BRISC-FW,ZONE_START,438,/home/ijankowski/tt-metal-work/tt-metal/tt_metal/hw/firmware/src/tt-1xx/brisc.cc,
0,1,1,BRISC,8814,13702867864985,0,0,,,BRISC-KERNEL,ZONE_START,77,/home/ijankowski/tt-metal-work/tt-metal/tt_metal/hw/firmware/src/tt-1xx/brisck.cc,
0,1,1,BRISC,8814,13702867898032,0,0,,,BRISC-KERNEL,ZONE_END,77,/home/ijankowski/tt-metal-work/tt-metal/tt_metal/hw/firmware/src/tt-1xx/brisck.cc,
0,1,1,BRISC,50411,13702867905279,0,0,,,BRISC-FW,ZONE_END,438,/home/ijankowski/tt-metal-work/tt-metal/tt_metal/hw/firmware/src/tt-1xx/brisc.cc,
0,1,1,BRISC,50411,13702885464368,0,0,,,BRISC-FW,ZONE_START,438,/home/ijankowski/tt-metal-work/tt-metal/tt_metal/hw/firmware/src/tt-1xx/brisc.cc,
0,1,1,BRISC,8814,13702885465198,0,0,,,BRISC-KERNEL,ZONE_START,77,/home/ijankowski/tt-metal-work/tt-metal/tt_metal/hw/firmware/src/tt-1xx/brisck.cc,
0,1,1,BRISC,8814,13702885503226,0,0,,,BRISC-KERNEL,ZONE_END,77,/home/ijankowski/tt-metal-work/tt-metal/tt_metal/hw/firmware/src/tt-1xx/brisck.cc,
0,1,1,BRISC,50411,13702885507778,0,0,,,BRISC-FW,ZONE_END,438,/home/ijankowski/tt-metal-work/tt-metal/tt_metal/hw/firmware/src/tt-1xx/brisc.cc,
0,1,1,BRISC,50411,13702902959632,0,0,,,BRISC-FW,ZONE_START,438,/home/ijankowski/tt-metal-work/tt-metal/tt_metal/hw/firmware/src/tt-1xx/brisc.cc,
0,1,1,BRISC,8814,13702902960452,0,0,,,BRISC-KERNEL,ZONE_START,77,/home/ijankowski/tt-metal-work/tt-metal/tt_metal/hw/firmware/src/tt-1xx/brisck.cc,
0,1,1,BRISC,8814,13702902993299,0,0,,,BRISC-KERNEL,ZONE_END,77,/home/ijankowski/tt-metal-work/tt-metal/tt_metal/hw/firmware/src/tt-1xx/brisck.cc,
0,1,1,BRISC,50411,13702903000591,0,0,,,BRISC-FW,ZONE_END,438,/home/ijankowski/tt-metal-work/tt-metal/tt_metal/hw/firmware/src/tt-1xx/brisc.cc,
0,1,1,BRISC,50411,13702920464968,0,0,,,BRISC-FW,ZONE_START,438,/home/ijankowski/tt-metal-work/tt-metal/tt_metal/hw/firmware/src/tt-1xx/brisc.cc,
0,1,1,BRISC,8814,13702920465805,0,0,,,BRISC-KERNEL,ZONE_START,77,/home/ijankowski/tt-metal-work/tt-metal/tt_metal/hw/firmware/src/tt-1xx/brisck.cc,
0,1,1,BRISC,8814,13702920503889,0,0,,,BRISC-KERNEL,ZONE_END,77,/home/ijankowski/tt-metal-work/tt-metal/tt_metal/hw/firmware/src/tt-1xx/brisck.cc,
0,1,1,BRISC,50411,13702920508467,0,0,,,BRISC-FW,ZONE_END,438,/home/ijankowski/tt-metal-work/tt-metal/tt_metal/hw/firmware/src/tt-1xx/brisc.cc,
0,1,1,BRISC,50411,13702937849563,0,0,,,BRISC-FW,ZONE_START,438,/home/ijankowski/tt-metal-work/tt-metal/tt_metal/hw/firmware/src/tt-1xx/brisc.cc,
0,1,1,BRISC,8814,13702937850384,0,0,,,BRISC-KERNEL,ZONE_START,77,/home/ijankowski/tt-metal-work/tt-metal/tt_metal/hw/firmware/src/tt-1xx/brisck.cc,
0,1,1,BRISC,8814,13702937883258,0,0,,,BRISC-KERNEL,ZONE_END,77,/home/ijankowski/tt-metal-work/tt-metal/tt_metal/hw/firmware/src/tt-1xx/brisck.cc,
0,1,1,BRISC,50411,13702937890540,0,0,,,BRISC-FW,ZONE_END,438,/home/ijankowski/tt-metal-work/tt-metal/tt_metal/hw/firmware/src/tt-1xx/brisc.cc,
0,1,1,BRISC,50411,13702955622704,0,0,,,BRISC-FW,ZONE_START,438,/home/ijankowski/tt-metal-work/tt-metal/tt_metal/hw/firmware/src/tt-1xx/brisc.cc,
0,1,1,BRISC,8814,13702955623534,0,0,,,BRISC-KERNEL,ZONE_START,77,/home/ijankowski/tt-metal-work/tt-metal/tt_metal/hw/firmware/src/tt-1xx/brisck.cc,
0,1,1,BRISC,8814,13702955661523,0,0,,,BRISC-KERNEL,ZONE_END,77,/home/ijankowski/tt-metal-work/tt-metal/tt_metal/hw/firmware/src/tt-1xx/brisck.cc,
0,1,1,BRISC,50411,13702955666074,0,0,,,BRISC-FW,ZONE_END,438,/home/ijankowski/tt-metal-work/tt-metal/tt_metal/hw/firmware/src/tt-1xx/brisc.cc,
0,1,1,NCRISC,3353,13702031241299,0,0,,,NCRISC-FW,ZONE_START,129,/home/ijankowski/tt-metal-work/tt-metal/tt_metal/hw/firmware/src/tt-1xx/ncrisc.cc,
0,1,1,NCRISC,51325,13702031241963,0,0,,,NCRISC-KERNEL,ZONE_START,70,/home/ijankowski/tt-metal-work/tt-metal/tt_metal/hw/firmware/src/tt-1xx/ncrisck.cc,
0,1,1,NCRISC,51325,13702031282019,0,0,,,NCRISC-KERNEL,ZONE_END,70,/home/ijankowski/tt-metal-work/tt-metal/tt_metal/hw/firmware/src/tt-1xx/ncrisck.cc,
0,1,1,NCRISC,3353,13702031282135,0,0,,,NCRISC-FW,ZONE_END,129,/home/ijankowski/tt-metal-work/tt-metal/tt_metal/hw/firmware/src/tt-1xx/ncrisc.cc,
0,1,1,NCRISC,3353,13702064047934,0,0,,,NCRISC-FW,ZONE_START,129,/home/ijankowski/tt-metal-work/tt-metal/tt_metal/hw/firmware/src/tt-1xx/ncrisc.cc,
0,1,1,NCRISC,51325,13702064048602,0,0,,,NCRISC-KERNEL,ZONE_START,70,/home/ijankowski/tt-metal-work/tt-metal/tt_metal/hw/firmware/src/tt-1xx/ncrisck.cc,
0,1,1,NCRISC,51325,13702064091251,0,0,,,NCRISC-KERNEL,ZONE_END,70,/home/ijankowski/tt-metal-work/tt-metal/tt_metal/hw/firmware/src/tt-1xx/ncrisck.cc,
0,1,1,NCRISC,3353,13702064091372,0,0,,,NCRISC-FW,ZONE_END,129,/home/ijankowski/tt-metal-work/tt-metal/tt_metal/hw/firmware/src/tt-1xx/ncrisc.cc,
0,1,1,NCRISC,3353,13702082063347,0,0,,,NCRISC-FW,ZONE_START,129,/home/ijankowski/tt-metal-work/tt-metal/tt_metal/hw/firmware/src/tt-1xx/ncrisc.cc,
0,1,1,NCRISC,51325,13702082064026,0,0,,,NCRISC-KERNEL,ZONE_START,70,/home/ijankowski/tt-metal-work/tt-metal/tt_metal/hw/firmware/src/tt-1xx/ncrisck.cc,
0,1,1,NCRISC,51325,13702082104087,0,0,,,NCRISC-KERNEL,ZONE_END,70,/home/ijankowski/tt-metal-work/tt-metal/tt_metal/hw/firmware/src/tt-1xx/ncrisck.cc,
0,1,1,NCRISC,3353,13702082104206,0,0,,,NCRISC-FW,ZONE_END,129,/home/ijankowski/tt-metal-work/tt-metal/tt_metal/hw/firmware/src/tt-1xx/ncrisc.cc,
0,1,1,NCRISC,3353,13702099721836,0,0,,,NCRISC-FW,ZONE_START,129,/home/ijankowski/tt-metal-work/tt-metal/tt_metal/hw/firmware/src/tt-1xx/ncrisc.cc,
0,1,1,NCRISC,51325,13702099722505,0,0,,,NCRISC-KERNEL,ZONE_START,70,/home/ijankowski/tt-metal-work/tt-metal/tt_metal/hw/firmware/src/tt-1xx/ncrisck.cc,
0,1,1,NCRISC,51325,13702099764962,0,0,,,NCRISC-KERNEL,ZONE_END,70,/home/ijankowski/tt-metal-work/tt-metal/tt_metal/hw/firmware/src/tt-1xx/ncrisck.cc,
0,1,1,NCRISC,3353,13702099765082,0,0,,,NCRISC-FW,ZONE_END,129,/home/ijankowski/tt-metal-work/tt-metal/tt_metal/hw/firmware/src/tt-1xx/ncrisc.cc,
0,1,1,NCRISC,3353,13702117691949,0,0,,,NCRISC-FW,ZONE_START,129,/home/ijankowski/tt-metal-work/tt-metal/tt_metal/hw/firmware/src/tt-1xx/ncrisc.cc,
0,1,1,NCRISC,51325,13702117692617,0,0,,,NCRISC-KERNEL,ZONE_START,70,/home/ijankowski/tt-metal-work/tt-metal/tt_metal/hw/firmware/src/tt-1xx/ncrisck.cc,
0,1,1,NCRISC,51325,13702117732673,0,0,,,NCRISC-KERNEL,ZONE_END,70,/home/ijankowski/tt-metal-work/tt-metal/tt_metal/hw/firmware/src/tt-1xx/ncrisck.cc,
0,1,1,NCRISC,3353,13702117732796,0,0,,,NCRISC-FW,ZONE_END,129,/home/ijankowski/tt-metal-work/tt-metal/tt_metal/hw/firmware/src/tt-1xx/ncrisc.cc,
0,1,1,NCRISC,3353,13702135391706,0,0,,,NCRISC-FW,ZONE_START,129,/home/ijankowski/tt-metal-work/tt-metal/tt_metal/hw/firmware/src/tt-1xx/ncrisc.cc,
0,1,1,NCRISC,51325,13702135392375,0,0,,,NCRISC-KERNEL,ZONE_START,70,/home/ijankowski/tt-metal-work/tt-metal/tt_metal/hw/firmware/src/tt-1xx/ncrisck.cc,
0,1,1,NCRISC,51325,13702135434855,0,0,,,NCRISC-KERNEL,ZONE_END,70,/home/ijankowski/tt-metal-work/tt-metal/tt_metal/hw/firmware/src/tt-1xx/ncrisck.cc,
0,1,1,NCRISC,3353,13702135434975,0,0,,,NCRISC-FW,ZONE_END,129,/home/ijankowski/tt-metal-work/tt-metal/tt_metal/hw/firmware/src/tt-1xx/ncrisc.cc,
0,1,1,NCRISC,3353,13702153586623,0,0,,,NCRISC-FW,ZONE_START,129,/home/ijankowski/tt-metal-work/tt-metal/tt_metal/hw/firmware/src/tt-1xx/ncrisc.cc,
0,1,1,NCRISC,51325,13702153587289,0,0,,,NCRISC-KERNEL,ZONE_START,70,/home/ijankowski/tt-metal-work/tt-metal/tt_metal/hw/firmware/src/tt-1xx/ncrisck.cc,
0,1,1,NCRISC,51325,13702153627419,0,0,,,NCRISC-KERNEL,ZONE_END,70,/home/ijankowski/tt-metal-work/tt-metal/tt_metal/hw/firmware/src/tt-1xx/ncrisck.cc,
0,1,1,NCRISC,3353,13702153627538,0,0,,,NCRISC-FW,ZONE_END,129,/home/ijankowski/tt-metal-work/tt-metal/tt_metal/hw/firmware/src/tt-1xx/ncrisc.cc,
0,1,1,NCRISC,3353,13702171485181,0,0,,,NCRISC-FW,ZONE_START,129,/home/ijankowski/tt-metal-work/tt-metal/tt_metal/hw/firmware/src/tt-1xx/ncrisc.cc,
0,1,1,NCRISC,51325,13702171485850,0,0,,,NCRISC-KERNEL,ZONE_START,70,/home/ijankowski/tt-metal-work/tt-metal/tt_metal/hw/firmware/src/tt-1xx/ncrisck.cc,
0,1,1,NCRISC,51325,13702171528320,0,0,,,NCRISC-KERNEL,ZONE_END,70,/home/ijankowski/tt-metal-work/tt-metal/tt_metal/hw/firmware/src/tt-1xx/ncrisck.cc,
0,1,1,NCRISC,3353,13702171528441,0,0,,,NCRISC-FW,ZONE_END,129,/home/ijankowski/tt-metal-work/tt-metal/tt_metal/hw/firmware/src/tt-1xx/ncrisc.cc,
0,1,1,NCRISC,3353,13702189365354,0,0,,,NCRISC-FW,ZONE_START,129,/home/ijankowski/tt-metal-work/tt-metal/tt_metal/hw/firmware/src/tt-1xx/ncrisc.cc,
0,1,1,NCRISC,51325,13702189366011,0,0,,,NCRISC-KERNEL,ZONE_START,70,/home/ijankowski/tt-metal-work/tt-metal/tt_metal/hw/firmware/src/tt-1xx/ncrisck.cc,
0,1,1,NCRISC,51325,13702189406059,0,0,,,NCRISC-KERNEL,ZONE_END,70,/home/ijankowski/tt-metal-work/tt-metal/tt_metal/hw/firmware/src/tt-1xx/ncrisck.cc,
0,1,1,NCRISC,3353,13702189406178,0,0,,,NCRISC-FW,ZONE_END,129,/home/ijankowski/tt-metal-work/tt-metal/tt_metal/hw/firmware/src/tt-1xx/ncrisc.cc,
0,1,1,NCRISC,3353,13702207256643,0,0,,,NCRISC-FW,ZONE_START,129,/home/ijankowski/tt-metal-work/tt-metal/tt_metal/hw/firmware/src/tt-1xx/ncrisc.cc,
0,1,1,NCRISC,51325,13702207257307,0,0,,,NCRISC-KERNEL,ZONE_START,70,/home/ijankowski/tt-metal-work/tt-metal/tt_metal/hw/firmware/src/tt-1xx/ncrisck.cc,
0,1,1,NCRISC,51325,13702207299795,0,0,,,NCRISC-KERNEL,ZONE_END,70,/home/ijankowski/tt-metal-work/tt-metal/tt_metal/hw/firmware/src/tt-1xx/ncrisck.cc,
0,1,1,NCRISC,3353,13702207299916,0,0,,,NCRISC-FW,ZONE_END,129,/home/ijankowski/tt-metal-work/tt-metal/tt_metal/hw/firmware/src/tt-1xx/ncrisc.cc,
0,1,1,NCRISC,3353,13702224832593,0,0,,,NCRISC-FW,ZONE_START,129,/home/ijankowski/tt-metal-work/tt-metal/tt_metal/hw/firmware/src/tt-1xx/ncrisc.cc,
0,1,1,NCRISC,51325,13702224833272,0,0,,,NCRISC-KERNEL,ZONE_START,70,/home/ijankowski/tt-metal-work/tt-metal/tt_metal/hw/firmware/src/tt-1xx/ncrisck.cc,
0,1,1,NCRISC,51325,13702224873311,0,0,,,NCRISC-KERNEL,ZONE_END,70,/home/ijankowski/tt-metal-work/tt-metal/tt_metal/hw/firmware/src/tt-1xx/ncrisck.cc,
0,1,1,NCRISC,3353,13702224873432,0,0,,,NCRISC-FW,ZONE_END,129,/home/ijankowski/tt-metal-work/tt-metal/tt_metal/hw/firmware/src/tt-1xx/ncrisc.cc,
0,1,1,NCRISC,3353,13702242695042,0,0,,,NCRISC-FW,ZONE_START,129,/home/ijankowski/tt-metal-work/tt-metal/tt_metal/hw/firmware/src/tt-1xx/ncrisc.cc,
0,1,1,NCRISC,51325,13702242695706,0,0,,,NCRISC-KERNEL,ZONE_START,70,/home/ijankowski/tt-metal-work/tt-metal/tt_metal/hw/firmware/src/tt-1xx/ncrisck.cc,
0,1,1,NCRISC,51325,13702242738341,0,0,,,NCRISC-KERNEL,ZONE_END,70,/home/ijankowski/tt-metal-work/tt-metal/tt_metal/hw/firmware/src/tt-1xx/ncrisck.cc,
0,1,1,NCRISC,3353,13702242738461,0,0,,,NCRISC-FW,ZONE_END,129,/home/ijankowski/tt-metal-work/tt-metal/tt_metal/hw/firmware/src/tt-1xx/ncrisc.cc,
0,1,1,NCRISC,3353,13702260251872,0,0,,,NCRISC-FW,ZONE_START,129,/home/ijankowski/tt-metal-work/tt-metal/tt_metal/hw/firmware/src/tt-1xx/ncrisc.cc,
0,1,1,NCRISC,51325,13702260252542,0,0,,,NCRISC-KERNEL,ZONE_START,70,/home/ijankowski/tt-metal-work/tt-metal/tt_metal/hw/firmware/src/tt-1xx/ncrisck.cc,
0,1,1,NCRISC,51325,13702260292741,0,0,,,NCRISC-KERNEL,ZONE_END,70,/home/ijankowski/tt-metal-work/tt-metal/tt_metal/hw/firmware/src/tt-1xx/ncrisck.cc,
0,1,1,NCRISC,3353,13702260292859,0,0,,,NCRISC-FW,ZONE_END,129,/home/ijankowski/tt-metal-work/tt-metal/tt_metal/hw/firmware/src/tt-1xx/ncrisc.cc,
0,1,1,NCRISC,3353,13702278164993,0,0,,,NCRISC-FW,ZONE_START,129,/home/ijankowski/tt-metal-work/tt-metal/tt_metal/hw/firmware/src/tt-1xx/ncrisc.cc,
0,1,1,NCRISC,51325,13702278165650,0,0,,,NCRISC-KERNEL,ZONE_START,70,/home/ijankowski/tt-metal-work/tt-metal/tt_metal/hw/firmware/src/tt-1xx/ncrisck.cc,
0,1,1,NCRISC,51325,13702278208078,0,0,,,NCRISC-KERNEL,ZONE_END,70,/home/ijankowski/tt-metal-work/tt-metal/tt_metal/hw/firmware/src/tt-1xx/ncrisck.cc,
0,1,1,NCRISC,3353,13702278208199,0,0,,,NCRISC-FW,ZONE_END,129,/home/ijankowski/tt-metal-work/tt-metal/tt_metal/hw/firmware/src/tt-1xx/ncrisc.cc,
0,1,1,NCRISC,3353,13702295840367,0,0,,,NCRISC-FW,ZONE_START,129,/home/ijankowski/tt-metal-work/tt-metal/tt_metal/hw/firmware/src/tt-1xx/ncrisc.cc,
0,1,1,NCRISC,51325,13702295841017,0,0,,,NCRISC-KERNEL,ZONE_START,70,/home/ijankowski/tt-metal-work/tt-metal/tt_metal/hw/firmware/src/tt-1xx/ncrisck.cc,
0,1,1,NCRISC,51325,13702295881105,0,0,,,NCRISC-KERNEL,ZONE_END,70,/home/ijankowski/tt-metal-work/tt-metal/tt_metal/hw/firmware/src/tt-1xx/ncrisck.cc,
0,1,1,NCRISC,3353,13702295881224,0,0,,,NCRISC-FW,ZONE_END,129,/home/ijankowski/tt-metal-work/tt-metal/tt_metal/hw/firmware/src/tt-1xx/ncrisc.cc,
0,1,1,NCRISC,3353,13702313445189,0,0,,,NCRISC-FW,ZONE_START,129,/home/ijankowski/tt-metal-work/tt-metal/tt_metal/hw/firmware/src/tt-1xx/ncrisc.cc,
0,1,1,NCRISC,51325,13702313445840,0,0,,,NCRISC-KERNEL,ZONE_START,70,/home/ijankowski/tt-metal-work/tt-metal/tt_metal/hw/firmware/src/tt-1xx/ncrisck.cc,
0,1,1,NCRISC,51325,13702313488315,0,0,,,NCRISC-KERNEL,ZONE_END,70,/home/ijankowski/tt-metal-work/tt-metal/tt_metal/hw/firmware/src/tt-1xx/ncrisck.cc,
0,1,1,NCRISC,3353,13702313488436,0,0,,,NCRISC-FW,ZONE_END,129,/home/ijankowski/tt-metal-work/tt-metal/tt_metal/hw/firmware/src/tt-1xx/ncrisc.cc,
0,1,1,NCRISC,3353,13702331538326,0,0,,,NCRISC-FW,ZONE_START,129,/home/ijankowski/tt-metal-work/tt-metal/tt_metal/hw/firmware/src/tt-1xx/ncrisc.cc,
0,1,1,NCRISC,51325,13702331538997,0,0,,,NCRISC-KERNEL,ZONE_START,70,/home/ijankowski/tt-metal-work/tt-metal/tt_metal/hw/firmware/src/tt-1xx/ncrisck.cc,
0,1,1,NCRISC,51325,13702331579038,0,0,,,NCRISC-KERNEL,ZONE_END,70,/home/ijankowski/tt-metal-work/tt-metal/tt_metal/hw/firmware/src/tt-1xx/ncrisck.cc,
0,1,1,NCRISC,3353,13702331579159,0,0,,,NCRISC-FW,ZONE_END,129,/home/ijankowski/tt-metal-work/tt-metal/tt_metal/hw/firmware/src/tt-1xx/ncrisc.cc,
0,1,1,NCRISC,3353,13702349157617,0,0,,,NCRISC-FW,ZONE_START,129,/home/ijankowski/tt-metal-work/tt-metal/tt_metal/hw/firmware/src/tt-1xx/ncrisc.cc,
0,1,1,NCRISC,51325,13702349158275,0,0,,,NCRISC-KERNEL,ZONE_START,70,/home/ijankowski/tt-metal-work/tt-metal/tt_metal/hw/firmware/src/tt-1xx/ncrisck.cc,
0,1,1,NCRISC,51325,13702349200723,0,0,,,NCRISC-KERNEL,ZONE_END,70,/home/ijankowski/tt-metal-work/tt-metal/tt_metal/hw/firmware/src/tt-1xx/ncrisck.cc,
0,1,1,NCRISC,3353,13702349200844,0,0,,,NCRISC-FW,ZONE_END,129,/home/ijankowski/tt-metal-work/tt-metal/tt_metal/hw/firmware/src/tt-1xx/ncrisc.cc,
0,1,1,NCRISC,3353,13702366916966,0,0,,,NCRISC-FW,ZONE_START,129,/home/ijankowski/tt-metal-work/tt-metal/tt_metal/hw/firmware/src/tt-1xx/ncrisc.cc,
0,1,1,NCRISC,51325,13702366917622,0,0,,,NCRISC-KERNEL,ZONE_START,70,/home/ijankowski/tt-metal-work/tt-metal/tt_metal/hw/firmware/src/tt-1xx/ncrisck.cc,
0,1,1,NCRISC,51325,13702366957658,0,0,,,NCRISC-KERNEL,ZONE_END,70,/home/ijankowski/tt-metal-work/tt-metal/tt_metal/hw/firmware/src/tt-1xx/ncrisck.cc,
0,1,1,NCRISC,3353,13702366957783,0,0,,,NCRISC-FW,ZONE_END,129,/home/ijankowski/tt-metal-work/tt-metal/tt_metal/hw/firmware/src/tt-1xx/ncrisc.cc,
0,1,1,NCRISC,3353,13702384905673,0,0,,,NCRISC-FW,ZONE_START,129,/home/ijankowski/tt-metal-work/tt-metal/tt_metal/hw/firmware/src/tt-1xx/ncrisc.cc,
0,1,1,NCRISC,51325,13702384906327,0,0,,,NCRISC-KERNEL,ZONE_START,70,/home/ijankowski/tt-metal-work/tt-metal/tt_metal/hw/firmware/src/tt-1xx/ncrisck.cc,
0,1,1,NCRISC,51325,13702384948948,0,0,,,NCRISC-KERNEL,ZONE_END,70,/home/ijankowski/tt-metal-work/tt-metal/tt_metal/hw/firmware/src/tt-1xx/ncrisck.cc,
0,1,1,NCRISC,3353,13702384949066,0,0,,,NCRISC-FW,ZONE_END,129,/home/ijankowski/tt-metal-work/tt-metal/tt_metal/hw/firmware/src/tt-1xx/ncrisc.cc,
0,1,1,NCRISC,3353,13702402787898,0,0,,,NCRISC-FW,ZONE_START,129,/home/ijankowski/tt-metal-work/tt-metal/tt_metal/hw/firmware/src/tt-1xx/ncrisc.cc,
0,1,1,NCRISC,51325,13702402788553,0,0,,,NCRISC-KERNEL,ZONE_START,70,/home/ijankowski/tt-metal-work/tt-metal/tt_metal/hw/firmware/src/tt-1xx/ncrisck.cc,
0,1,1,NCRISC,51325,13702402828592,0,0,,,NCRISC-KERNEL,ZONE_END,70,/home/ijankowski/tt-metal-work/tt-metal/tt_metal/hw/firmware/src/tt-1xx/ncrisck.cc,
0,1,1,NCRISC,3353,13702402828711,0,0,,,NCRISC-FW,ZONE_END,129,/home/ijankowski/tt-metal-work/tt-metal/tt_metal/hw/firmware/src/tt-1xx/ncrisc.cc,
0,1,1,NCRISC,3353,13702420740236,0,0,,,NCRISC-FW,ZONE_START,129,/home/ijankowski/tt-metal-work/tt-metal/tt_metal/hw/firmware/src/tt-1xx/ncrisc.cc,
0,1,1,NCRISC,51325,13702420740908,0,0,,,NCRISC-KERNEL,ZONE_START,70,/home/ijankowski/tt-metal-work/tt-metal/tt_metal/hw/firmware/src/tt-1xx/ncrisck.cc,
0,1,1,NCRISC,51325,13702420783376,0,0,,,NCRISC-KERNEL,ZONE_END,70,/home/ijankowski/tt-metal-work/tt-metal/tt_metal/hw/firmware/src/tt-1xx/ncrisck.cc,
0,1,1,NCRISC,3353,13702420783501,0,0,,,NCRISC-FW,ZONE_END,129,/home/ijankowski/tt-metal-work/tt-metal/tt_metal/hw/firmware/src/tt-1xx/ncrisc.cc,
0,1,1,NCRISC,3353,13702438672839,0,0,,,NCRISC-FW,ZONE_START,129,/home/ijankowski/tt-metal-work/tt-metal/tt_metal/hw/firmware/src/tt-1xx/ncrisc.cc,
0,1,1,NCRISC,51325,13702438673494,0,0,,,NCRISC-KERNEL,ZONE_START,70,/home/ijankowski/tt-metal-work/tt-metal/tt_metal/hw/firmware/src/tt-1xx/ncrisck.cc,
0,1,1,NCRISC,51325,13702438713539,0,0,,,NCRISC-KERNEL,ZONE_END,70,/home/ijankowski/tt-metal-work/tt-metal/tt_metal/hw/firmware/src/tt-1xx/ncrisck.cc,
0,1,1,NCRISC,3353,13702438713660,0,0,,,NCRISC-FW,ZONE_END,129,/home/ijankowski/tt-metal-work/tt-metal/tt_metal/hw/firmware/src/tt-1xx/ncrisc.cc,
0,1,1,NCRISC,3353,13702456558481,0,0,,,NCRISC-FW,ZONE_START,129,/home/ijankowski/tt-metal-work/tt-metal/tt_metal/hw/firmware/src/tt-1xx/ncrisc.cc,
0,1,1,NCRISC,51325,13702456559153,0,0,,,NCRISC-KERNEL,ZONE_START,70,/home/ijankowski/tt-metal-work/tt-metal/tt_metal/hw/firmware/src/tt-1xx/ncrisck.cc,
0,1,1,NCRISC,51325,13702456601625,0,0,,,NCRISC-KERNEL,ZONE_END,70,/home/ijankowski/tt-metal-work/tt-metal/tt_metal/hw/firmware/src/tt-1xx/ncrisck.cc,
0,1,1,NCRISC,3353,13702456601747,0,0,,,NCRISC-FW,ZONE_END,129,/home/ijankowski/tt-metal-work/tt-metal/tt_metal/hw/firmware/src/tt-1xx/ncrisc.cc,
0,1,1,NCRISC,3353,13702474714784,0,0,,,NCRISC-FW,ZONE_START,129,/home/ijankowski/tt-metal-work/tt-metal/tt_metal/hw/firmware/src/tt-1xx/ncrisc.cc,
0,1,1,NCRISC,51325,13702474715449,0,0,,,NCRISC-KERNEL,ZONE_START,70,/home/ijankowski/tt-metal-work/tt-metal/tt_metal/hw/firmware/src/tt-1xx/ncrisck.cc,
0,1,1,NCRISC,51325,13702474755500,0,0,,,NCRISC-KERNEL,ZONE_END,70,/home/ijankowski/tt-metal-work/tt-metal/tt_metal/hw/firmware/src/tt-1xx/ncrisck.cc,
0,1,1,NCRISC,3353,13702474755623,0,0,,,NCRISC-FW,ZONE_END,129,/home/ijankowski/tt-metal-work/tt-metal/tt_metal/hw/firmware/src/tt-1xx/ncrisc.cc,
0,1,1,NCRISC,3353,13702492264980,0,0,,,NCRISC-FW,ZONE_START,129,/home/ijankowski/tt-metal-work/tt-metal/tt_metal/hw/firmware/src/tt-1xx/ncrisc.cc,
0,1,1,NCRISC,51325,13702492265640,0,0,,,NCRISC-KERNEL,ZONE_START,70,/home/ijankowski/tt-metal-work/tt-metal/tt_metal/hw/firmware/src/tt-1xx/ncrisck.cc,
0,1,1,NCRISC,51325,13702492308074,0,0,,,NCRISC-KERNEL,ZONE_END,70,/home/ijankowski/tt-metal-work/tt-metal/tt_metal/hw/firmware/src/tt-1xx/ncrisck.cc,
0,1,1,NCRISC,3353,13702492308195,0,0,,,NCRISC-FW,ZONE_END,129,/home/ijankowski/tt-metal-work/tt-metal/tt_metal/hw/firmware/src/tt-1xx/ncrisc.cc,
0,1,1,NCRISC,3353,13702510193012,0,0,,,NCRISC-FW,ZONE_START,129,/home/ijankowski/tt-metal-work/tt-metal/tt_metal/hw/firmware/src/tt-1xx/ncrisc.cc,
0,1,1,NCRISC,51325,13702510193679,0,0,,,NCRISC-KERNEL,ZONE_START,70,/home/ijankowski/tt-metal-work/tt-metal/tt_metal/hw/firmware/src/tt-1xx/ncrisck.cc,
0,1,1,NCRISC,51325,13702510233745,0,0,,,NCRISC-KERNEL,ZONE_END,70,/home/ijankowski/tt-metal-work/tt-metal/tt_metal/hw/firmware/src/tt-1xx/ncrisck.cc,
0,1,1,NCRISC,3353,13702510233865,0,0,,,NCRISC-FW,ZONE_END,129,/home/ijankowski/tt-metal-work/tt-metal/tt_metal/hw/firmware/src/tt-1xx/ncrisc.cc,
0,1,1,NCRISC,3353,13702529789524,0,0,,,NCRISC-FW,ZONE_START,129,/home/ijankowski/tt-metal-work/tt-metal/tt_metal/hw/firmware/src/tt-1xx/ncrisc.cc,
0,1,1,NCRISC,51325,13702529790192,0,0,,,NCRISC-KERNEL,ZONE_START,70,/home/ijankowski/tt-metal-work/tt-metal/tt_metal/hw/firmware/src/tt-1xx/ncrisck.cc,
0,1,1,NCRISC,51325,13702529832720,0,0,,,NCRISC-KERNEL,ZONE_END,70,/home/ijankowski/tt-metal-work/tt-metal/tt_metal/hw/firmware/src/tt-1xx/ncrisck.cc,
0,1,1,NCRISC,3353,13702529832841,0,0,,,NCRISC-FW,ZONE_END,129,/home/ijankowski/tt-metal-work/tt-metal/tt_metal/hw/firmware/src/tt-1xx/ncrisc.cc,
0,1,1,NCRISC,3353,13702547401078,0,0,,,NCRISC-FW,ZONE_START,129,/home/ijankowski/tt-metal-work/tt-metal/tt_metal/hw/firmware/src/tt-1xx/ncrisc.cc,
0,1,1,NCRISC,51325,13702547401745,0,0,,,NCRISC-KERNEL,ZONE_START,70,/home/ijankowski/tt-metal-work/tt-metal/tt_metal/hw/firmware/src/tt-1xx/ncrisck.cc,
0,1,1,NCRISC,51325,13702547441838,0,0,,,NCRISC-KERNEL,ZONE_END,70,/home/ijankowski/tt-metal-work/tt-metal/tt_metal/hw/firmware/src/tt-1xx/ncrisck.cc,
0,1,1,NCRISC,3353,13702547441957,0,0,,,NCRISC-FW,ZONE_END,129,/home/ijankowski/tt-metal-work/tt-metal/tt_metal/hw/firmware/src/tt-1xx/ncrisc.cc,
0,1,1,NCRISC,3353,13702564976851,0,0,,,NCRISC-FW,ZONE_START,129,/home/ijankowski/tt-metal-work/tt-metal/tt_metal/hw/firmware/src/tt-1xx/ncrisc.cc,
0,1,1,NCRISC,51325,13702564977511,0,0,,,NCRISC-KERNEL,ZONE_START,70,/home/ijankowski/tt-metal-work/tt-metal/tt_metal/hw/firmware/src/tt-1xx/ncrisck.cc,
0,1,1,NCRISC,51325,13702565019975,0,0,,,NCRISC-KERNEL,ZONE_END,70,/home/ijankowski/tt-metal-work/tt-metal/tt_metal/hw/firmware/src/tt-1xx/ncrisck.cc,
0,1,1,NCRISC,3353,13702565020093,0,0,,,NCRISC-FW,ZONE_END,129,/home/ijankowski/tt-metal-work/tt-metal/tt_metal/hw/firmware/src/tt-1xx/ncrisc.cc,
0,1,1,NCRISC,3353,13702582537716,0,0,,,NCRISC-FW,ZONE_START,129,/home/ijankowski/tt-metal-work/tt-metal/tt_metal/hw/firmware/src/tt-1xx/ncrisc.cc,
0,1,1,NCRISC,51325,13702582538388,0,0,,,NCRISC-KERNEL,ZONE_START,70,/home/ijankowski/tt-metal-work/tt-metal/tt_metal/hw/firmware/src/tt-1xx/ncrisck.cc,
0,1,1,NCRISC,51325,13702582578440,0,0,,,NCRISC-KERNEL,ZONE_END,70,/home/ijankowski/tt-metal-work/tt-metal/tt_metal/hw/firmware/src/tt-1xx/ncrisck.cc,
0,1,1,NCRISC,3353,13702582578561,0,0,,,NCRISC-FW,ZONE_END,129,/home/ijankowski/tt-metal-work/tt-metal/tt_metal/hw/firmware/src/tt-1xx/ncrisc.cc,
0,1,1,NCRISC,3353,13702600067178,0,0,,,NCRISC-FW,ZONE_START,129,/home/ijankowski/tt-metal-work/tt-metal/tt_metal/hw/firmware/src/tt-1xx/ncrisc.cc,
0,1,1,NCRISC,51325,13702600067833,0,0,,,NCRISC-KERNEL,ZONE_START,70,/home/ijankowski/tt-metal-work/tt-metal/tt_metal/hw/firmware/src/tt-1xx/ncrisck.cc,
0,1,1,NCRISC,51325,13702600110291,0,0,,,NCRISC-KERNEL,ZONE_END,70,/home/ijankowski/tt-metal-work/tt-metal/tt_metal/hw/firmware/src/tt-1xx/ncrisck.cc,
0,1,1,NCRISC,3353,13702600110416,0,0,,,NCRISC-FW,ZONE_END,129,/home/ijankowski/tt-metal-work/tt-metal/tt_metal/hw/firmware/src/tt-1xx/ncrisc.cc,
0,1,1,NCRISC,3353,13702618657295,0,0,,,NCRISC-FW,ZONE_START,129,/home/ijankowski/tt-metal-work/tt-metal/tt_metal/hw/firmware/src/tt-1xx/ncrisc.cc,
0,1,1,NCRISC,51325,13702618657963,0,0,,,NCRISC-KERNEL,ZONE_START,70,/home/ijankowski/tt-metal-work/tt-metal/tt_metal/hw/firmware/src/tt-1xx/ncrisck.cc,
0,1,1,NCRISC,51325,13702618698024,0,0,,,NCRISC-KERNEL,ZONE_END,70,/home/ijankowski/tt-metal-work/tt-metal/tt_metal/hw/firmware/src/tt-1xx/ncrisck.cc,
0,1,1,NCRISC,3353,13702618698145,0,0,,,NCRISC-FW,ZONE_END,129,/home/ijankowski/tt-metal-work/tt-metal/tt_metal/hw/firmware/src/tt-1xx/ncrisc.cc,
0,1,1,NCRISC,3353,13702636350546,0,0,,,NCRISC-FW,ZONE_START,129,/home/ijankowski/tt-metal-work/tt-metal/tt_metal/hw/firmware/src/tt-1xx/ncrisc.cc,
0,1,1,NCRISC,51325,13702636351219,0,0,,,NCRISC-KERNEL,ZONE_START,70,/home/ijankowski/tt-metal-work/tt-metal/tt_metal/hw/firmware/src/tt-1xx/ncrisck.cc,
0,1,1,NCRISC,51325,13702636393867,0,0,,,NCRISC-KERNEL,ZONE_END,70,/home/ijankowski/tt-metal-work/tt-metal/tt_metal/hw/firmware/src/tt-1xx/ncrisck.cc,
0,1,1,NCRISC,3353,13702636393987,0,0,,,NCRISC-FW,ZONE_END,129,/home/ijankowski/tt-metal-work/tt-metal/tt_metal/hw/firmware/src/tt-1xx/ncrisc.cc,
0,1,1,NCRISC,3353,13702654153822,0,0,,,NCRISC-FW,ZONE_START,129,/home/ijankowski/tt-metal-work/tt-metal/tt_metal/hw/firmware/src/tt-1xx/ncrisc.cc,
0,1,1,NCRISC,51325,13702654154477,0,0,,,NCRISC-KERNEL,ZONE_START,70,/home/ijankowski/tt-metal-work/tt-metal/tt_metal/hw/firmware/src/tt-1xx/ncrisck.cc,
0,1,1,NCRISC,51325,13702654194525,0,0,,,NCRISC-KERNEL,ZONE_END,70,/home/ijankowski/tt-metal-work/tt-metal/tt_metal/hw/firmware/src/tt-1xx/ncrisck.cc,
0,1,1,NCRISC,3353,13702654194644,0,0,,,NCRISC-FW,ZONE_END,129,/home/ijankowski/tt-metal-work/tt-metal/tt_metal/hw/firmware/src/tt-1xx/ncrisc.cc,
0,1,1,NCRISC,3353,13702672011432,0,0,,,NCRISC-FW,ZONE_START,129,/home/ijankowski/tt-metal-work/tt-metal/tt_metal/hw/firmware/src/tt-1xx/ncrisc.cc,
0,1,1,NCRISC,51325,13702672012090,0,0,,,NCRISC-KERNEL,ZONE_START,70,/home/ijankowski/tt-metal-work/tt-metal/tt_metal/hw/firmware/src/tt-1xx/ncrisck.cc,
0,1,1,NCRISC,51325,13702672054582,0,0,,,NCRISC-KERNEL,ZONE_END,70,/home/ijankowski/tt-metal-work/tt-metal/tt_metal/hw/firmware/src/tt-1xx/ncrisck.cc,
0,1,1,NCRISC,3353,13702672054706,0,0,,,NCRISC-FW,ZONE_END,129,/home/ijankowski/tt-metal-work/tt-metal/tt_metal/hw/firmware/src/tt-1xx/ncrisc.cc,
0,1,1,NCRISC,3353,13702690014396,0,0,,,NCRISC-FW,ZONE_START,129,/home/ijankowski/tt-metal-work/tt-metal/tt_metal/hw/firmware/src/tt-1xx/ncrisc.cc,
0,1,1,NCRISC,51325,13702690015075,0,0,,,NCRISC-KERNEL,ZONE_START,70,/home/ijankowski/tt-metal-work/tt-metal/tt_metal/hw/firmware/src/tt-1xx/ncrisck.cc,
0,1,1,NCRISC,51325,13702690055143,0,0,,,NCRISC-KERNEL,ZONE_END,70,/home/ijankowski/tt-metal-work/tt-metal/tt_metal/hw/firmware/src/tt-1xx/ncrisck.cc,
0,1,1,NCRISC,3353,13702690055269,0,0,,,NCRISC-FW,ZONE_END,129,/home/ijankowski/tt-metal-work/tt-metal/tt_metal/hw/firmware/src/tt-1xx/ncrisc.cc,
0,1,1,NCRISC,3353,13702708055769,0,0,,,NCRISC-FW,ZONE_START,129,/home/ijankowski/tt-metal-work/tt-metal/tt_metal/hw/firmware/src/tt-1xx/ncrisc.cc,
0,1,1,NCRISC,51325,13702708056441,0,0,,,NCRISC-KERNEL,ZONE_START,70,/home/ijankowski/tt-metal-work/tt-metal/tt_metal/hw/firmware/src/tt-1xx/ncrisck.cc,
0,1,1,NCRISC,51325,13702708098974,0,0,,,NCRISC-KERNEL,ZONE_END,70,/home/ijankowski/tt-metal-work/tt-metal/tt_metal/hw/firmware/src/tt-1xx/ncrisck.cc,
0,1,1,NCRISC,3353,13702708099093,0,0,,,NCRISC-FW,ZONE_END,129,/home/ijankowski/tt-metal-work/tt-metal/tt_metal/hw/firmware/src/tt-1xx/ncrisc.cc,
0,1,1,NCRISC,3353,13702726148608,0,0,,,NCRISC-FW,ZONE_START,129,/home/ijankowski/tt-metal-work/tt-metal/tt_metal/hw/firmware/src/tt-1xx/ncrisc.cc,
0,1,1,NCRISC,51325,13702726149275,0,0,,,NCRISC-KERNEL,ZONE_START,70,/home/ijankowski/tt-metal-work/tt-metal/tt_metal/hw/firmware/src/tt-1xx/ncrisck.cc,
0,1,1,NCRISC,51325,13702726189418,0,0,,,NCRISC-KERNEL,ZONE_END,70,/home/ijankowski/tt-metal-work/tt-metal/tt_metal/hw/firmware/src/tt-1xx/ncrisck.cc,
0,1,1,NCRISC,3353,13702726189540,0,0,,,NCRISC-FW,ZONE_END,129,/home/ijankowski/tt-metal-work/tt-metal/tt_metal/hw/firmware/src/tt-1xx/ncrisc.cc,
0,1,1,NCRISC,3353,13702744085643,0,0,,,NCRISC-FW,ZONE_START,129,/home/ijankowski/tt-metal-work/tt-metal/tt_metal/hw/firmware/src/tt-1xx/ncrisc.cc,
0,1,1,NCRISC,51325,13702744086300,0,0,,,NCRISC-KERNEL,ZONE_START,70,/home/ijankowski/tt-metal-work/tt-metal/tt_metal/hw/firmware/src/tt-1xx/ncrisck.cc,
0,1,1,NCRISC,51325,13702744128926,0,0,,,NCRISC-KERNEL,ZONE_END,70,/home/ijankowski/tt-metal-work/tt-metal/tt_metal/hw/firmware/src/tt-1xx/ncrisck.cc,
0,1,1,NCRISC,3353,13702744129051,0,0,,,NCRISC-FW,ZONE_END,129,/home/ijankowski/tt-metal-work/tt-metal/tt_metal/hw/firmware/src/tt-1xx/ncrisc.cc,
0,1,1,NCRISC,3353,13702761996343,0,0,,,NCRISC-FW,ZONE_START,129,/home/ijankowski/tt-metal-work/tt-metal/tt_metal/hw/firmware/src/tt-1xx/ncrisc.cc,
0,1,1,NCRISC,51325,13702761996993,0,0,,,NCRISC-KERNEL,ZONE_START,70,/home/ijankowski/tt-metal-work/tt-metal/tt_metal/hw/firmware/src/tt-1xx/ncrisck.cc,
0,1,1,NCRISC,51325,13702762037031,0,0,,,NCRISC-KERNEL,ZONE_END,70,/home/ijankowski/tt-metal-work/tt-metal/tt_metal/hw/firmware/src/tt-1xx/ncrisck.cc,
0,1,1,NCRISC,3353,13702762037152,0,0,,,NCRISC-FW,ZONE_END,129,/home/ijankowski/tt-metal-work/tt-metal/tt_metal/hw/firmware/src/tt-1xx/ncrisc.cc,
0,1,1,NCRISC,3353,13702779582820,0,0,,,NCRISC-FW,ZONE_START,129,/home/ijankowski/tt-metal-work/tt-metal/tt_metal/hw/firmware/src/tt-1xx/ncrisc.cc,
0,1,1,NCRISC,51325,13702779583475,0,0,,,NCRISC-KERNEL,ZONE_START,70,/home/ijankowski/tt-metal-work/tt-metal/tt_metal/hw/firmware/src/tt-1xx/ncrisck.cc,
0,1,1,NCRISC,51325,13702779625949,0,0,,,NCRISC-KERNEL,ZONE_END,70,/home/ijankowski/tt-metal-work/tt-metal/tt_metal/hw/firmware/src/tt-1xx/ncrisck.cc,
0,1,1,NCRISC,3353,13702779626070,0,0,,,NCRISC-FW,ZONE_END,129,/home/ijankowski/tt-metal-work/tt-metal/tt_metal/hw/firmware/src/tt-1xx/ncrisc.cc,
0,1,1,NCRISC,3353,13702797041230,0,0,,,NCRISC-FW,ZONE_START,129,/home/ijankowski/tt-metal-work/tt-metal/tt_metal/hw/firmware/src/tt-1xx/ncrisc.cc,
0,1,1,NCRISC,51325,13702797041906,0,0,,,NCRISC-KERNEL,ZONE_START,70,/home/ijankowski/tt-metal-work/tt-metal/tt_metal/hw/firmware/src/tt-1xx/ncrisck.cc,
0,1,1,NCRISC,51325,13702797081959,0,0,,,NCRISC-KERNEL,ZONE_END,70,/home/ijankowski/tt-metal-work/tt-metal/tt_metal/hw/firmware/src/tt-1xx/ncrisck.cc,
0,1,1,NCRISC,3353,13702797082083,0,0,,,NCRISC-FW,ZONE_END,129,/home/ijankowski/tt-metal-work/tt-metal/tt_metal/hw/firmware/src/tt-1xx/ncrisc.cc,
0,1,1,NCRISC,3353,13702814846440,0,0,,,NCRISC-FW,ZONE_START,129,/home/ijankowski/tt-metal-work/tt-metal/tt_metal/hw/firmware/src/tt-1xx/ncrisc.cc,
0,1,1,NCRISC,51325,13702814847098,0,0,,,NCRISC-KERNEL,ZONE_START,70,/home/ijankowski/tt-metal-work/tt-metal/tt_metal/hw/firmware/src/tt-1xx/ncrisck.cc,
0,1,1,NCRISC,51325,13702814889640,0,0,,,NCRISC-KERNEL,ZONE_END,70,/home/ijankowski/tt-metal-work/tt-metal/tt_metal/hw/firmware/src/tt-1xx/ncrisck.cc,
0,1,1,NCRISC,3353,13702814889766,0,0,,,NCRISC-FW,ZONE_END,129,/home/ijankowski/tt-metal-work/tt-metal/tt_metal/hw/firmware/src/tt-1xx/ncrisc.cc,
0,1,1,NCRISC,3353,13702832696254,0,0,,,NCRISC-FW,ZONE_START,129,/home/ijankowski/tt-metal-work/tt-metal/tt_metal/hw/firmware/src/tt-1xx/ncrisc.cc,
0,1,1,NCRISC,51325,13702832696900,0,0,,,NCRISC-KERNEL,ZONE_START,70,/home/ijankowski/tt-metal-work/tt-metal/tt_metal/hw/firmware/src/tt-1xx/ncrisck.cc,
0,1,1,NCRISC,51325,13702832736949,0,0,,,NCRISC-KERNEL,ZONE_END,70,/home/ijankowski/tt-metal-work/tt-metal/tt_metal/hw/firmware/src/tt-1xx/ncrisck.cc,
0,1,1,NCRISC,3353,13702832737071,0,0,,,NCRISC-FW,ZONE_END,129,/home/ijankowski/tt-metal-work/tt-metal/tt_metal/hw/firmware/src/tt-1xx/ncrisc.cc,
0,1,1,NCRISC,3353,13702850265935,0,0,,,NCRISC-FW,ZONE_START,129,/home/ijankowski/tt-metal-work/tt-metal/tt_metal/hw/firmware/src/tt-1xx/ncrisc.cc,
0,1,1,NCRISC,51325,13702850266604,0,0,,,NCRISC-KERNEL,ZONE_START,70,/home/ijankowski/tt-metal-work/tt-metal/tt_metal/hw/firmware/src/tt-1xx/ncrisck.cc,
0,1,1,NCRISC,51325,13702850309143,0,0,,,NCRISC-KERNEL,ZONE_END,70,/home/ijankowski/tt-metal-work/tt-metal/tt_metal/hw/firmware/src/tt-1xx/ncrisck.cc,
0,1,1,NCRISC,3353,13702850309264,0,0,,,NCRISC-FW,ZONE_END,129,/home/ijankowski/tt-metal-work/tt-metal/tt_metal/hw/firmware/src/tt-1xx/ncrisc.cc,
0,1,1,NCRISC,3353,13702867864312,0,0,,,NCRISC-FW,ZONE_START,129,/home/ijankowski/tt-metal-work/tt-metal/tt_metal/hw/firmware/src/tt-1xx/ncrisc.cc,
0,1,1,NCRISC,51325,13702867864969,0,0,,,NCRISC-KERNEL,ZONE_START,70,/home/ijankowski/tt-metal-work/tt-metal/tt_metal/hw/firmware/src/tt-1xx/ncrisck.cc,
0,1,1,NCRISC,51325,13702867905154,0,0,,,NCRISC-KERNEL,ZONE_END,70,/home/ijankowski/tt-metal-work/tt-metal/tt_metal/hw/firmware/src/tt-1xx/ncrisck.cc,
0,1,1,NCRISC,3353,13702867905273,0,0,,,NCRISC-FW,ZONE_END,129,/home/ijankowski/tt-metal-work/tt-metal/tt_metal/hw/firmware/src/tt-1xx/ncrisc.cc,
0,1,1,NCRISC,3353,13702885464513,0,0,,,NCRISC-FW,ZONE_START,129,/home/ijankowski/tt-metal-work/tt-metal/tt_metal/hw/firmware/src/tt-1xx/ncrisc.cc,
0,1,1,NCRISC,51325,13702885465175,0,0,,,NCRISC-KERNEL,ZONE_START,70,/home/ijankowski/tt-metal-work/tt-metal/tt_metal/hw/firmware/src/tt-1xx/ncrisck.cc,
0,1,1,NCRISC,51325,13702885507650,0,0,,,NCRISC-KERNEL,ZONE_END,70,/home/ijankowski/tt-metal-work/tt-metal/tt_metal/hw/firmware/src/tt-1xx/ncrisck.cc,
0,1,1,NCRISC,3353,13702885507772,0,0,,,NCRISC-FW,ZONE_END,129,/home/ijankowski/tt-metal-work/tt-metal/tt_metal/hw/firmware/src/tt-1xx/ncrisc.cc,
0,1,1,NCRISC,3353,13702902959776,0,0,,,NCRISC-FW,ZONE_START,129,/home/ijankowski/tt-metal-work/tt-metal/tt_metal/hw/firmware/src/tt-1xx/ncrisc.cc,
0,1,1,NCRISC,51325,13702902960432,0,0,,,NCRISC-KERNEL,ZONE_START,70,/home/ijankowski/tt-metal-work/tt-metal/tt_metal/hw/firmware/src/tt-1xx/ncrisck.cc,
0,1,1,NCRISC,51325,13702903000469,0,0,,,NCRISC-KERNEL,ZONE_END,70,/home/ijankowski/tt-metal-work/tt-metal/tt_metal/hw/firmware/src/tt-1xx/ncrisck.cc,
0,1,1,NCRISC,3353,13702903000585,0,0,,,NCRISC-FW,ZONE_END,129,/home/ijankowski/tt-metal-work/tt-metal/tt_metal/hw/firmware/src/tt-1xx/ncrisc.cc,
0,1,1,NCRISC,3353,13702920465126,0,0,,,NCRISC-FW,ZONE_START,129,/home/ijankowski/tt-metal-work/tt-metal/tt_metal/hw/firmware/src/tt-1xx/ncrisc.cc,
0,1,1,NCRISC,51325,13702920465785,0,0,,,NCRISC-KERNEL,ZONE_START,70,/home/ijankowski/tt-metal-work/tt-metal/tt_metal/hw/firmware/src/tt-1xx/ncrisck.cc,
0,1,1,NCRISC,51325,13702920508341,0,0,,,NCRISC-KERNEL,ZONE_END,70,/home/ijankowski/tt-metal-work/tt-metal/tt_metal/hw/firmware/src/tt-1xx/ncrisck.cc,
0,1,1,NCRISC,3353,13702920508461,0,0,,,NCRISC-FW,ZONE_END,129,/home/ijankowski/tt-metal-work/tt-metal/tt_metal/hw/firmware/src/tt-1xx/ncrisc.cc,
0,1,1,NCRISC,3353,13702937849713,0,0,,,NCRISC-FW,ZONE_START,129,/home/ijankowski/tt-metal-work/tt-metal/tt_metal/hw/firmware/src/tt-1xx/ncrisc.cc,
0,1,1,NCRISC,51325,13702937850370,0,0,,,NCRISC-KERNEL,ZONE_START,70,/home/ijankowski/tt-metal-work/tt-metal/tt_metal/hw/firmware/src/tt-1xx/ncrisck.cc,
0,1,1,NCRISC,51325,13702937890414,0,0,,,NCRISC-KERNEL,ZONE_END,70,/home/ijankowski/tt-metal-work/tt-metal/tt_metal/hw/firmware/src/tt-1xx/ncrisck.cc,
0,1,1,NCRISC,3353,13702937890534,0,0,,,NCRISC-FW,ZONE_END,129,/home/ijankowski/tt-metal-work/tt-metal/tt_metal/hw/firmware/src/tt-1xx/ncrisc.cc,
0,1,1,NCRISC,3353,13702955622849,0,0,,,NCRISC-FW,ZONE_START,129,/home/ijankowski/tt-metal-work/tt-metal/tt_metal/hw/firmware/src/tt-1xx/ncrisc.cc,
0,1,1,NCRISC,51325,13702955623511,0,0,,,NCRISC-KERNEL,ZONE_START,70,/home/ijankowski/tt-metal-work/tt-metal/tt_metal/hw/firmware/src/tt-1xx/ncrisck.cc,
0,1,1,NCRISC,51325,13702955665949,0,0,,,NCRISC-KERNEL,ZONE_END,70,/home/ijankowski/tt-metal-work/tt-metal/tt_metal/hw/firmware/src/tt-1xx/ncrisck.cc,
0,1,1,NCRISC,3353,13702955666068,0,0,,,NCRISC-FW,ZONE_END,129,/home/ijankowski/tt-metal-work/tt-metal/tt_metal/hw/firmware/src/tt-1xx/ncrisc.cc,
0,1,1,TRISC_0,32810,13702031241391,0,0,,,TRISC-FW,ZONE_START,150,/home/ijankowski/tt-metal-work/tt-metal/tt_metal/hw/firmware/src/tt-1xx/trisc.cc,
0,1,1,TRISC_0,4162,13702031241830,0,0,,,TRISC-KERNEL,ZONE_START,89,/home/ijankowski/tt-metal-work/tt-metal/tt_metal/hw/firmware/src/tt-1xx/trisck.cc,
0,1,1,TRISC_0,25968,13702031241988,0,0,,,BW_SYN_TANH_FACTORED,ZONE_START,17,/home/ijankowski/tmp/numerical-backward-synthesis/tt/kernels/compute/tanh_bw_scale_separated.cpp,
0,1,1,TRISC_0,25968,13702031275141,0,0,,,BW_SYN_TANH_FACTORED,ZONE_END,17,/home/ijankowski/tmp/numerical-backward-synthesis/tt/kernels/compute/tanh_bw_scale_separated.cpp,
0,1,1,TRISC_0,4162,13702031275167,0,0,,,TRISC-KERNEL,ZONE_END,89,/home/ijankowski/tt-metal-work/tt-metal/tt_metal/hw/firmware/src/tt-1xx/trisck.cc,
0,1,1,TRISC_0,32810,13702031277745,0,0,,,TRISC-FW,ZONE_END,150,/home/ijankowski/tt-metal-work/tt-metal/tt_metal/hw/firmware/src/tt-1xx/trisc.cc,
0,1,1,TRISC_0,32810,13702064048047,0,0,,,TRISC-FW,ZONE_START,150,/home/ijankowski/tt-metal-work/tt-metal/tt_metal/hw/firmware/src/tt-1xx/trisc.cc,
0,1,1,TRISC_0,4162,13702064048503,0,0,,,TRISC-KERNEL,ZONE_START,89,/home/ijankowski/tt-metal-work/tt-metal/tt_metal/hw/firmware/src/tt-1xx/trisck.cc,
0,1,1,TRISC_0,53833,13702064048672,0,0,,,BW_SYN_TANH_MATERIALIZED,ZONE_START,16,/home/ijankowski/tmp/numerical-backward-synthesis/tt/kernels/compute/tanh_bw_baseline.cpp,
0,1,1,TRISC_0,53833,13702064090312,0,0,,,BW_SYN_TANH_MATERIALIZED,ZONE_END,16,/home/ijankowski/tmp/numerical-backward-synthesis/tt/kernels/compute/tanh_bw_baseline.cpp,
0,1,1,TRISC_0,4162,13702064090334,0,0,,,TRISC-KERNEL,ZONE_END,89,/home/ijankowski/tt-metal-work/tt-metal/tt_metal/hw/firmware/src/tt-1xx/trisck.cc,
0,1,1,TRISC_0,32810,13702064090379,0,0,,,TRISC-FW,ZONE_END,150,/home/ijankowski/tt-metal-work/tt-metal/tt_metal/hw/firmware/src/tt-1xx/trisc.cc,
0,1,1,TRISC_0,32810,13702082063460,0,0,,,TRISC-FW,ZONE_START,150,/home/ijankowski/tt-metal-work/tt-metal/tt_metal/hw/firmware/src/tt-1xx/trisc.cc,
0,1,1,TRISC_0,4162,13702082063912,0,0,,,TRISC-KERNEL,ZONE_START,89,/home/ijankowski/tt-metal-work/tt-metal/tt_metal/hw/firmware/src/tt-1xx/trisck.cc,
0,1,1,TRISC_0,25968,13702082064078,0,0,,,BW_SYN_TANH_FACTORED,ZONE_START,17,/home/ijankowski/tmp/numerical-backward-synthesis/tt/kernels/compute/tanh_bw_scale_separated.cpp,
0,1,1,TRISC_0,25968,13702082097224,0,0,,,BW_SYN_TANH_FACTORED,ZONE_END,17,/home/ijankowski/tmp/numerical-backward-synthesis/tt/kernels/compute/tanh_bw_scale_separated.cpp,
0,1,1,TRISC_0,4162,13702082097249,0,0,,,TRISC-KERNEL,ZONE_END,89,/home/ijankowski/tt-metal-work/tt-metal/tt_metal/hw/firmware/src/tt-1xx/trisck.cc,
0,1,1,TRISC_0,32810,13702082099818,0,0,,,TRISC-FW,ZONE_END,150,/home/ijankowski/tt-metal-work/tt-metal/tt_metal/hw/firmware/src/tt-1xx/trisc.cc,
0,1,1,TRISC_0,32810,13702099721945,0,0,,,TRISC-FW,ZONE_START,150,/home/ijankowski/tt-metal-work/tt-metal/tt_metal/hw/firmware/src/tt-1xx/trisc.cc,
0,1,1,TRISC_0,4162,13702099722398,0,0,,,TRISC-KERNEL,ZONE_START,89,/home/ijankowski/tt-metal-work/tt-metal/tt_metal/hw/firmware/src/tt-1xx/trisck.cc,
0,1,1,TRISC_0,53833,13702099722571,0,0,,,BW_SYN_TANH_MATERIALIZED,ZONE_START,16,/home/ijankowski/tmp/numerical-backward-synthesis/tt/kernels/compute/tanh_bw_baseline.cpp,
0,1,1,TRISC_0,53833,13702099764185,0,0,,,BW_SYN_TANH_MATERIALIZED,ZONE_END,16,/home/ijankowski/tmp/numerical-backward-synthesis/tt/kernels/compute/tanh_bw_baseline.cpp,
0,1,1,TRISC_0,4162,13702099764207,0,0,,,TRISC-KERNEL,ZONE_END,89,/home/ijankowski/tt-metal-work/tt-metal/tt_metal/hw/firmware/src/tt-1xx/trisck.cc,
0,1,1,TRISC_0,32810,13702099764251,0,0,,,TRISC-FW,ZONE_END,150,/home/ijankowski/tt-metal-work/tt-metal/tt_metal/hw/firmware/src/tt-1xx/trisc.cc,
0,1,1,TRISC_0,32810,13702117692060,0,0,,,TRISC-FW,ZONE_START,150,/home/ijankowski/tt-metal-work/tt-metal/tt_metal/hw/firmware/src/tt-1xx/trisc.cc,
0,1,1,TRISC_0,4162,13702117692498,0,0,,,TRISC-KERNEL,ZONE_START,89,/home/ijankowski/tt-metal-work/tt-metal/tt_metal/hw/firmware/src/tt-1xx/trisck.cc,
0,1,1,TRISC_0,25968,13702117692661,0,0,,,BW_SYN_TANH_FACTORED,ZONE_START,17,/home/ijankowski/tmp/numerical-backward-synthesis/tt/kernels/compute/tanh_bw_scale_separated.cpp,
0,1,1,TRISC_0,25968,13702117725808,0,0,,,BW_SYN_TANH_FACTORED,ZONE_END,17,/home/ijankowski/tmp/numerical-backward-synthesis/tt/kernels/compute/tanh_bw_scale_separated.cpp,
0,1,1,TRISC_0,4162,13702117725833,0,0,,,TRISC-KERNEL,ZONE_END,89,/home/ijankowski/tt-metal-work/tt-metal/tt_metal/hw/firmware/src/tt-1xx/trisck.cc,
0,1,1,TRISC_0,32810,13702117728399,0,0,,,TRISC-FW,ZONE_END,150,/home/ijankowski/tt-metal-work/tt-metal/tt_metal/hw/firmware/src/tt-1xx/trisc.cc,
0,1,1,TRISC_0,32810,13702135391804,0,0,,,TRISC-FW,ZONE_START,150,/home/ijankowski/tt-metal-work/tt-metal/tt_metal/hw/firmware/src/tt-1xx/trisc.cc,
0,1,1,TRISC_0,4162,13702135392241,0,0,,,TRISC-KERNEL,ZONE_START,89,/home/ijankowski/tt-metal-work/tt-metal/tt_metal/hw/firmware/src/tt-1xx/trisck.cc,
0,1,1,TRISC_0,53833,13702135392405,0,0,,,BW_SYN_TANH_MATERIALIZED,ZONE_START,16,/home/ijankowski/tmp/numerical-backward-synthesis/tt/kernels/compute/tanh_bw_baseline.cpp,
0,1,1,TRISC_0,53833,13702135434081,0,0,,,BW_SYN_TANH_MATERIALIZED,ZONE_END,16,/home/ijankowski/tmp/numerical-backward-synthesis/tt/kernels/compute/tanh_bw_baseline.cpp,
0,1,1,TRISC_0,4162,13702135434104,0,0,,,TRISC-KERNEL,ZONE_END,89,/home/ijankowski/tt-metal-work/tt-metal/tt_metal/hw/firmware/src/tt-1xx/trisck.cc,
0,1,1,TRISC_0,32810,13702135434148,0,0,,,TRISC-FW,ZONE_END,150,/home/ijankowski/tt-metal-work/tt-metal/tt_metal/hw/firmware/src/tt-1xx/trisc.cc,
0,1,1,TRISC_0,32810,13702153586734,0,0,,,TRISC-FW,ZONE_START,150,/home/ijankowski/tt-metal-work/tt-metal/tt_metal/hw/firmware/src/tt-1xx/trisc.cc,
0,1,1,TRISC_0,4162,13702153587172,0,0,,,TRISC-KERNEL,ZONE_START,89,/home/ijankowski/tt-metal-work/tt-metal/tt_metal/hw/firmware/src/tt-1xx/trisck.cc,
0,1,1,TRISC_0,25968,13702153587341,0,0,,,BW_SYN_TANH_FACTORED,ZONE_START,17,/home/ijankowski/tmp/numerical-backward-synthesis/tt/kernels/compute/tanh_bw_scale_separated.cpp,
0,1,1,TRISC_0,25968,13702153620551,0,0,,,BW_SYN_TANH_FACTORED,ZONE_END,17,/home/ijankowski/tmp/numerical-backward-synthesis/tt/kernels/compute/tanh_bw_scale_separated.cpp,
0,1,1,TRISC_0,4162,13702153620576,0,0,,,TRISC-KERNEL,ZONE_END,89,/home/ijankowski/tt-metal-work/tt-metal/tt_metal/hw/firmware/src/tt-1xx/trisck.cc,
0,1,1,TRISC_0,32810,13702153623150,0,0,,,TRISC-FW,ZONE_END,150,/home/ijankowski/tt-metal-work/tt-metal/tt_metal/hw/firmware/src/tt-1xx/trisc.cc,
0,1,1,TRISC_0,32810,13702171485294,0,0,,,TRISC-FW,ZONE_START,150,/home/ijankowski/tt-metal-work/tt-metal/tt_metal/hw/firmware/src/tt-1xx/trisc.cc,
0,1,1,TRISC_0,4162,13702171485750,0,0,,,TRISC-KERNEL,ZONE_START,89,/home/ijankowski/tt-metal-work/tt-metal/tt_metal/hw/firmware/src/tt-1xx/trisck.cc,
0,1,1,TRISC_0,53833,13702171485917,0,0,,,BW_SYN_TANH_MATERIALIZED,ZONE_START,16,/home/ijankowski/tmp/numerical-backward-synthesis/tt/kernels/compute/tanh_bw_baseline.cpp,
0,1,1,TRISC_0,53833,13702171527536,0,0,,,BW_SYN_TANH_MATERIALIZED,ZONE_END,16,/home/ijankowski/tmp/numerical-backward-synthesis/tt/kernels/compute/tanh_bw_baseline.cpp,
0,1,1,TRISC_0,4162,13702171527559,0,0,,,TRISC-KERNEL,ZONE_END,89,/home/ijankowski/tt-metal-work/tt-metal/tt_metal/hw/firmware/src/tt-1xx/trisck.cc,
0,1,1,TRISC_0,32810,13702171527603,0,0,,,TRISC-FW,ZONE_END,150,/home/ijankowski/tt-metal-work/tt-metal/tt_metal/hw/firmware/src/tt-1xx/trisc.cc,
0,1,1,TRISC_0,32810,13702189365466,0,0,,,TRISC-FW,ZONE_START,150,/home/ijankowski/tt-metal-work/tt-metal/tt_metal/hw/firmware/src/tt-1xx/trisc.cc,
0,1,1,TRISC_0,4162,13702189365910,0,0,,,TRISC-KERNEL,ZONE_START,89,/home/ijankowski/tt-metal-work/tt-metal/tt_metal/hw/firmware/src/tt-1xx/trisck.cc,
0,1,1,TRISC_0,25968,13702189366077,0,0,,,BW_SYN_TANH_FACTORED,ZONE_START,17,/home/ijankowski/tmp/numerical-backward-synthesis/tt/kernels/compute/tanh_bw_scale_separated.cpp,
0,1,1,TRISC_0,25968,13702189399197,0,0,,,BW_SYN_TANH_FACTORED,ZONE_END,17,/home/ijankowski/tmp/numerical-backward-synthesis/tt/kernels/compute/tanh_bw_scale_separated.cpp,
0,1,1,TRISC_0,4162,13702189399222,0,0,,,TRISC-KERNEL,ZONE_END,89,/home/ijankowski/tt-metal-work/tt-metal/tt_metal/hw/firmware/src/tt-1xx/trisck.cc,
0,1,1,TRISC_0,32810,13702189401791,0,0,,,TRISC-FW,ZONE_END,150,/home/ijankowski/tt-metal-work/tt-metal/tt_metal/hw/firmware/src/tt-1xx/trisc.cc,
0,1,1,TRISC_0,32810,13702207256754,0,0,,,TRISC-FW,ZONE_START,150,/home/ijankowski/tt-metal-work/tt-metal/tt_metal/hw/firmware/src/tt-1xx/trisc.cc,
0,1,1,TRISC_0,4162,13702207257199,0,0,,,TRISC-KERNEL,ZONE_START,89,/home/ijankowski/tt-metal-work/tt-metal/tt_metal/hw/firmware/src/tt-1xx/trisck.cc,
0,1,1,TRISC_0,53833,13702207257371,0,0,,,BW_SYN_TANH_MATERIALIZED,ZONE_START,16,/home/ijankowski/tmp/numerical-backward-synthesis/tt/kernels/compute/tanh_bw_baseline.cpp,
0,1,1,TRISC_0,53833,13702207299015,0,0,,,BW_SYN_TANH_MATERIALIZED,ZONE_END,16,/home/ijankowski/tmp/numerical-backward-synthesis/tt/kernels/compute/tanh_bw_baseline.cpp,
0,1,1,TRISC_0,4162,13702207299037,0,0,,,TRISC-KERNEL,ZONE_END,89,/home/ijankowski/tt-metal-work/tt-metal/tt_metal/hw/firmware/src/tt-1xx/trisck.cc,
0,1,1,TRISC_0,32810,13702207299082,0,0,,,TRISC-FW,ZONE_END,150,/home/ijankowski/tt-metal-work/tt-metal/tt_metal/hw/firmware/src/tt-1xx/trisc.cc,
0,1,1,TRISC_0,32810,13702224832706,0,0,,,TRISC-FW,ZONE_START,150,/home/ijankowski/tt-metal-work/tt-metal/tt_metal/hw/firmware/src/tt-1xx/trisc.cc,
0,1,1,TRISC_0,4162,13702224833158,0,0,,,TRISC-KERNEL,ZONE_START,89,/home/ijankowski/tt-metal-work/tt-metal/tt_metal/hw/firmware/src/tt-1xx/trisck.cc,
0,1,1,TRISC_0,25968,13702224833324,0,0,,,BW_SYN_TANH_FACTORED,ZONE_START,17,/home/ijankowski/tmp/numerical-backward-synthesis/tt/kernels/compute/tanh_bw_scale_separated.cpp,
0,1,1,TRISC_0,25968,13702224866459,0,0,,,BW_SYN_TANH_FACTORED,ZONE_END,17,/home/ijankowski/tmp/numerical-backward-synthesis/tt/kernels/compute/tanh_bw_scale_separated.cpp,
0,1,1,TRISC_0,4162,13702224866486,0,0,,,TRISC-KERNEL,ZONE_END,89,/home/ijankowski/tt-metal-work/tt-metal/tt_metal/hw/firmware/src/tt-1xx/trisck.cc,
0,1,1,TRISC_0,32810,13702224869045,0,0,,,TRISC-FW,ZONE_END,150,/home/ijankowski/tt-metal-work/tt-metal/tt_metal/hw/firmware/src/tt-1xx/trisc.cc,
0,1,1,TRISC_0,32810,13702242695144,0,0,,,TRISC-FW,ZONE_START,150,/home/ijankowski/tt-metal-work/tt-metal/tt_metal/hw/firmware/src/tt-1xx/trisc.cc,
0,1,1,TRISC_0,4162,13702242695581,0,0,,,TRISC-KERNEL,ZONE_START,89,/home/ijankowski/tt-metal-work/tt-metal/tt_metal/hw/firmware/src/tt-1xx/trisck.cc,
0,1,1,TRISC_0,53833,13702242695759,0,0,,,BW_SYN_TANH_MATERIALIZED,ZONE_START,16,/home/ijankowski/tmp/numerical-backward-synthesis/tt/kernels/compute/tanh_bw_baseline.cpp,
0,1,1,TRISC_0,53833,13702242737393,0,0,,,BW_SYN_TANH_MATERIALIZED,ZONE_END,16,/home/ijankowski/tmp/numerical-backward-synthesis/tt/kernels/compute/tanh_bw_baseline.cpp,
0,1,1,TRISC_0,4162,13702242737415,0,0,,,TRISC-KERNEL,ZONE_END,89,/home/ijankowski/tt-metal-work/tt-metal/tt_metal/hw/firmware/src/tt-1xx/trisck.cc,
0,1,1,TRISC_0,32810,13702242737460,0,0,,,TRISC-FW,ZONE_END,150,/home/ijankowski/tt-metal-work/tt-metal/tt_metal/hw/firmware/src/tt-1xx/trisc.cc,
0,1,1,TRISC_0,32810,13702260251983,0,0,,,TRISC-FW,ZONE_START,150,/home/ijankowski/tt-metal-work/tt-metal/tt_metal/hw/firmware/src/tt-1xx/trisc.cc,
0,1,1,TRISC_0,4162,13702260252423,0,0,,,TRISC-KERNEL,ZONE_START,89,/home/ijankowski/tt-metal-work/tt-metal/tt_metal/hw/firmware/src/tt-1xx/trisck.cc,
0,1,1,TRISC_0,25968,13702260252593,0,0,,,BW_SYN_TANH_FACTORED,ZONE_START,17,/home/ijankowski/tmp/numerical-backward-synthesis/tt/kernels/compute/tanh_bw_scale_separated.cpp,
0,1,1,TRISC_0,25968,13702260285876,0,0,,,BW_SYN_TANH_FACTORED,ZONE_END,17,/home/ijankowski/tmp/numerical-backward-synthesis/tt/kernels/compute/tanh_bw_scale_separated.cpp,
0,1,1,TRISC_0,4162,13702260285901,0,0,,,TRISC-KERNEL,ZONE_END,89,/home/ijankowski/tt-metal-work/tt-metal/tt_metal/hw/firmware/src/tt-1xx/trisck.cc,
0,1,1,TRISC_0,32810,13702260288479,0,0,,,TRISC-FW,ZONE_END,150,/home/ijankowski/tt-metal-work/tt-metal/tt_metal/hw/firmware/src/tt-1xx/trisc.cc,
0,1,1,TRISC_0,32810,13702278165108,0,0,,,TRISC-FW,ZONE_START,150,/home/ijankowski/tt-metal-work/tt-metal/tt_metal/hw/firmware/src/tt-1xx/trisc.cc,
0,1,1,TRISC_0,4162,13702278165548,0,0,,,TRISC-KERNEL,ZONE_START,89,/home/ijankowski/tt-metal-work/tt-metal/tt_metal/hw/firmware/src/tt-1xx/trisck.cc,
0,1,1,TRISC_0,53833,13702278165718,0,0,,,BW_SYN_TANH_MATERIALIZED,ZONE_START,16,/home/ijankowski/tmp/numerical-backward-synthesis/tt/kernels/compute/tanh_bw_baseline.cpp,
0,1,1,TRISC_0,53833,13702278207305,0,0,,,BW_SYN_TANH_MATERIALIZED,ZONE_END,16,/home/ijankowski/tmp/numerical-backward-synthesis/tt/kernels/compute/tanh_bw_baseline.cpp,
0,1,1,TRISC_0,4162,13702278207328,0,0,,,TRISC-KERNEL,ZONE_END,89,/home/ijankowski/tt-metal-work/tt-metal/tt_metal/hw/firmware/src/tt-1xx/trisck.cc,
0,1,1,TRISC_0,32810,13702278207373,0,0,,,TRISC-FW,ZONE_END,150,/home/ijankowski/tt-metal-work/tt-metal/tt_metal/hw/firmware/src/tt-1xx/trisc.cc,
0,1,1,TRISC_0,32810,13702295840482,0,0,,,TRISC-FW,ZONE_START,150,/home/ijankowski/tt-metal-work/tt-metal/tt_metal/hw/firmware/src/tt-1xx/trisc.cc,
0,1,1,TRISC_0,4162,13702295840923,0,0,,,TRISC-KERNEL,ZONE_START,89,/home/ijankowski/tt-metal-work/tt-metal/tt_metal/hw/firmware/src/tt-1xx/trisck.cc,
0,1,1,TRISC_0,25968,13702295841094,0,0,,,BW_SYN_TANH_FACTORED,ZONE_START,17,/home/ijankowski/tmp/numerical-backward-synthesis/tt/kernels/compute/tanh_bw_scale_separated.cpp,
0,1,1,TRISC_0,25968,13702295874281,0,0,,,BW_SYN_TANH_FACTORED,ZONE_END,17,/home/ijankowski/tmp/numerical-backward-synthesis/tt/kernels/compute/tanh_bw_scale_separated.cpp,
0,1,1,TRISC_0,4162,13702295874307,0,0,,,TRISC-KERNEL,ZONE_END,89,/home/ijankowski/tt-metal-work/tt-metal/tt_metal/hw/firmware/src/tt-1xx/trisck.cc,
0,1,1,TRISC_0,32810,13702295876838,0,0,,,TRISC-FW,ZONE_END,150,/home/ijankowski/tt-metal-work/tt-metal/tt_metal/hw/firmware/src/tt-1xx/trisc.cc,
0,1,1,TRISC_0,32810,13702313445305,0,0,,,TRISC-FW,ZONE_START,150,/home/ijankowski/tt-metal-work/tt-metal/tt_metal/hw/firmware/src/tt-1xx/trisc.cc,
0,1,1,TRISC_0,4162,13702313445747,0,0,,,TRISC-KERNEL,ZONE_START,89,/home/ijankowski/tt-metal-work/tt-metal/tt_metal/hw/firmware/src/tt-1xx/trisck.cc,
0,1,1,TRISC_0,53833,13702313445919,0,0,,,BW_SYN_TANH_MATERIALIZED,ZONE_START,16,/home/ijankowski/tmp/numerical-backward-synthesis/tt/kernels/compute/tanh_bw_baseline.cpp,
0,1,1,TRISC_0,53833,13702313487543,0,0,,,BW_SYN_TANH_MATERIALIZED,ZONE_END,16,/home/ijankowski/tmp/numerical-backward-synthesis/tt/kernels/compute/tanh_bw_baseline.cpp,
0,1,1,TRISC_0,4162,13702313487565,0,0,,,TRISC-KERNEL,ZONE_END,89,/home/ijankowski/tt-metal-work/tt-metal/tt_metal/hw/firmware/src/tt-1xx/trisck.cc,
0,1,1,TRISC_0,32810,13702313487610,0,0,,,TRISC-FW,ZONE_END,150,/home/ijankowski/tt-metal-work/tt-metal/tt_metal/hw/firmware/src/tt-1xx/trisc.cc,
0,1,1,TRISC_0,32810,13702331538428,0,0,,,TRISC-FW,ZONE_START,150,/home/ijankowski/tt-metal-work/tt-metal/tt_metal/hw/firmware/src/tt-1xx/trisc.cc,
0,1,1,TRISC_0,4162,13702331538864,0,0,,,TRISC-KERNEL,ZONE_START,89,/home/ijankowski/tt-metal-work/tt-metal/tt_metal/hw/firmware/src/tt-1xx/trisck.cc,
0,1,1,TRISC_0,25968,13702331539021,0,0,,,BW_SYN_TANH_FACTORED,ZONE_START,17,/home/ijankowski/tmp/numerical-backward-synthesis/tt/kernels/compute/tanh_bw_scale_separated.cpp,
0,1,1,TRISC_0,25968,13702331572179,0,0,,,BW_SYN_TANH_FACTORED,ZONE_END,17,/home/ijankowski/tmp/numerical-backward-synthesis/tt/kernels/compute/tanh_bw_scale_separated.cpp,
0,1,1,TRISC_0,4162,13702331572205,0,0,,,TRISC-KERNEL,ZONE_END,89,/home/ijankowski/tt-metal-work/tt-metal/tt_metal/hw/firmware/src/tt-1xx/trisck.cc,
0,1,1,TRISC_0,32810,13702331574776,0,0,,,TRISC-FW,ZONE_END,150,/home/ijankowski/tt-metal-work/tt-metal/tt_metal/hw/firmware/src/tt-1xx/trisc.cc,
0,1,1,TRISC_0,32810,13702349157732,0,0,,,TRISC-FW,ZONE_START,150,/home/ijankowski/tt-metal-work/tt-metal/tt_metal/hw/firmware/src/tt-1xx/trisc.cc,
0,1,1,TRISC_0,4162,13702349158174,0,0,,,TRISC-KERNEL,ZONE_START,89,/home/ijankowski/tt-metal-work/tt-metal/tt_metal/hw/firmware/src/tt-1xx/trisck.cc,
0,1,1,TRISC_0,53833,13702349158343,0,0,,,BW_SYN_TANH_MATERIALIZED,ZONE_START,16,/home/ijankowski/tmp/numerical-backward-synthesis/tt/kernels/compute/tanh_bw_baseline.cpp,
0,1,1,TRISC_0,53833,13702349199950,0,0,,,BW_SYN_TANH_MATERIALIZED,ZONE_END,16,/home/ijankowski/tmp/numerical-backward-synthesis/tt/kernels/compute/tanh_bw_baseline.cpp,
0,1,1,TRISC_0,4162,13702349199973,0,0,,,TRISC-KERNEL,ZONE_END,89,/home/ijankowski/tt-metal-work/tt-metal/tt_metal/hw/firmware/src/tt-1xx/trisck.cc,
0,1,1,TRISC_0,32810,13702349200018,0,0,,,TRISC-FW,ZONE_END,150,/home/ijankowski/tt-metal-work/tt-metal/tt_metal/hw/firmware/src/tt-1xx/trisc.cc,
0,1,1,TRISC_0,32810,13702366917082,0,0,,,TRISC-FW,ZONE_START,150,/home/ijankowski/tt-metal-work/tt-metal/tt_metal/hw/firmware/src/tt-1xx/trisc.cc,
0,1,1,TRISC_0,4162,13702366917528,0,0,,,TRISC-KERNEL,ZONE_START,89,/home/ijankowski/tt-metal-work/tt-metal/tt_metal/hw/firmware/src/tt-1xx/trisck.cc,
0,1,1,TRISC_0,25968,13702366917699,0,0,,,BW_SYN_TANH_FACTORED,ZONE_START,17,/home/ijankowski/tmp/numerical-backward-synthesis/tt/kernels/compute/tanh_bw_scale_separated.cpp,
0,1,1,TRISC_0,25968,13702366950803,0,0,,,BW_SYN_TANH_FACTORED,ZONE_END,17,/home/ijankowski/tmp/numerical-backward-synthesis/tt/kernels/compute/tanh_bw_scale_separated.cpp,
0,1,1,TRISC_0,4162,13702366950829,0,0,,,TRISC-KERNEL,ZONE_END,89,/home/ijankowski/tt-metal-work/tt-metal/tt_metal/hw/firmware/src/tt-1xx/trisck.cc,
0,1,1,TRISC_0,32810,13702366953390,0,0,,,TRISC-FW,ZONE_END,150,/home/ijankowski/tt-metal-work/tt-metal/tt_metal/hw/firmware/src/tt-1xx/trisc.cc,
0,1,1,TRISC_0,32810,13702384905770,0,0,,,TRISC-FW,ZONE_START,150,/home/ijankowski/tt-metal-work/tt-metal/tt_metal/hw/firmware/src/tt-1xx/trisc.cc,
0,1,1,TRISC_0,4162,13702384906207,0,0,,,TRISC-KERNEL,ZONE_START,89,/home/ijankowski/tt-metal-work/tt-metal/tt_metal/hw/firmware/src/tt-1xx/trisck.cc,
0,1,1,TRISC_0,53833,13702384906379,0,0,,,BW_SYN_TANH_MATERIALIZED,ZONE_START,16,/home/ijankowski/tmp/numerical-backward-synthesis/tt/kernels/compute/tanh_bw_baseline.cpp,
0,1,1,TRISC_0,53833,13702384948165,0,0,,,BW_SYN_TANH_MATERIALIZED,ZONE_END,16,/home/ijankowski/tmp/numerical-backward-synthesis/tt/kernels/compute/tanh_bw_baseline.cpp,
0,1,1,TRISC_0,4162,13702384948187,0,0,,,TRISC-KERNEL,ZONE_END,89,/home/ijankowski/tt-metal-work/tt-metal/tt_metal/hw/firmware/src/tt-1xx/trisck.cc,
0,1,1,TRISC_0,32810,13702384948232,0,0,,,TRISC-FW,ZONE_END,150,/home/ijankowski/tt-metal-work/tt-metal/tt_metal/hw/firmware/src/tt-1xx/trisc.cc,
0,1,1,TRISC_0,32810,13702402788014,0,0,,,TRISC-FW,ZONE_START,150,/home/ijankowski/tt-metal-work/tt-metal/tt_metal/hw/firmware/src/tt-1xx/trisc.cc,
0,1,1,TRISC_0,4162,13702402788456,0,0,,,TRISC-KERNEL,ZONE_START,89,/home/ijankowski/tt-metal-work/tt-metal/tt_metal/hw/firmware/src/tt-1xx/trisck.cc,
0,1,1,TRISC_0,25968,13702402788621,0,0,,,BW_SYN_TANH_FACTORED,ZONE_START,17,/home/ijankowski/tmp/numerical-backward-synthesis/tt/kernels/compute/tanh_bw_scale_separated.cpp,
0,1,1,TRISC_0,25968,13702402821724,0,0,,,BW_SYN_TANH_FACTORED,ZONE_END,17,/home/ijankowski/tmp/numerical-backward-synthesis/tt/kernels/compute/tanh_bw_scale_separated.cpp,
0,1,1,TRISC_0,4162,13702402821749,0,0,,,TRISC-KERNEL,ZONE_END,89,/home/ijankowski/tt-metal-work/tt-metal/tt_metal/hw/firmware/src/tt-1xx/trisck.cc,
0,1,1,TRISC_0,32810,13702402824318,0,0,,,TRISC-FW,ZONE_END,150,/home/ijankowski/tt-metal-work/tt-metal/tt_metal/hw/firmware/src/tt-1xx/trisc.cc,
0,1,1,TRISC_0,32810,13702420740349,0,0,,,TRISC-FW,ZONE_START,150,/home/ijankowski/tt-metal-work/tt-metal/tt_metal/hw/firmware/src/tt-1xx/trisc.cc,
0,1,1,TRISC_0,4162,13702420740789,0,0,,,TRISC-KERNEL,ZONE_START,89,/home/ijankowski/tt-metal-work/tt-metal/tt_metal/hw/firmware/src/tt-1xx/trisck.cc,
0,1,1,TRISC_0,53833,13702420740962,0,0,,,BW_SYN_TANH_MATERIALIZED,ZONE_START,16,/home/ijankowski/tmp/numerical-backward-synthesis/tt/kernels/compute/tanh_bw_baseline.cpp,
0,1,1,TRISC_0,53833,13702420782603,0,0,,,BW_SYN_TANH_MATERIALIZED,ZONE_END,16,/home/ijankowski/tmp/numerical-backward-synthesis/tt/kernels/compute/tanh_bw_baseline.cpp,
0,1,1,TRISC_0,4162,13702420782625,0,0,,,TRISC-KERNEL,ZONE_END,89,/home/ijankowski/tt-metal-work/tt-metal/tt_metal/hw/firmware/src/tt-1xx/trisck.cc,
0,1,1,TRISC_0,32810,13702420782670,0,0,,,TRISC-FW,ZONE_END,150,/home/ijankowski/tt-metal-work/tt-metal/tt_metal/hw/firmware/src/tt-1xx/trisc.cc,
0,1,1,TRISC_0,32810,13702438672955,0,0,,,TRISC-FW,ZONE_START,150,/home/ijankowski/tt-metal-work/tt-metal/tt_metal/hw/firmware/src/tt-1xx/trisc.cc,
0,1,1,TRISC_0,4162,13702438673397,0,0,,,TRISC-KERNEL,ZONE_START,89,/home/ijankowski/tt-metal-work/tt-metal/tt_metal/hw/firmware/src/tt-1xx/trisck.cc,
0,1,1,TRISC_0,25968,13702438673562,0,0,,,BW_SYN_TANH_FACTORED,ZONE_START,17,/home/ijankowski/tmp/numerical-backward-synthesis/tt/kernels/compute/tanh_bw_scale_separated.cpp,
0,1,1,TRISC_0,25968,13702438706679,0,0,,,BW_SYN_TANH_FACTORED,ZONE_END,17,/home/ijankowski/tmp/numerical-backward-synthesis/tt/kernels/compute/tanh_bw_scale_separated.cpp,
0,1,1,TRISC_0,4162,13702438706704,0,0,,,TRISC-KERNEL,ZONE_END,89,/home/ijankowski/tt-metal-work/tt-metal/tt_metal/hw/firmware/src/tt-1xx/trisck.cc,
0,1,1,TRISC_0,32810,13702438709276,0,0,,,TRISC-FW,ZONE_END,150,/home/ijankowski/tt-metal-work/tt-metal/tt_metal/hw/firmware/src/tt-1xx/trisc.cc,
0,1,1,TRISC_0,32810,13702456558594,0,0,,,TRISC-FW,ZONE_START,150,/home/ijankowski/tt-metal-work/tt-metal/tt_metal/hw/firmware/src/tt-1xx/trisc.cc,
0,1,1,TRISC_0,4162,13702456559034,0,0,,,TRISC-KERNEL,ZONE_START,89,/home/ijankowski/tt-metal-work/tt-metal/tt_metal/hw/firmware/src/tt-1xx/trisck.cc,
0,1,1,TRISC_0,53833,13702456559207,0,0,,,BW_SYN_TANH_MATERIALIZED,ZONE_START,16,/home/ijankowski/tmp/numerical-backward-synthesis/tt/kernels/compute/tanh_bw_baseline.cpp,
0,1,1,TRISC_0,53833,13702456600844,0,0,,,BW_SYN_TANH_MATERIALIZED,ZONE_END,16,/home/ijankowski/tmp/numerical-backward-synthesis/tt/kernels/compute/tanh_bw_baseline.cpp,
0,1,1,TRISC_0,4162,13702456600867,0,0,,,TRISC-KERNEL,ZONE_END,89,/home/ijankowski/tt-metal-work/tt-metal/tt_metal/hw/firmware/src/tt-1xx/trisck.cc,
0,1,1,TRISC_0,32810,13702456600912,0,0,,,TRISC-FW,ZONE_END,150,/home/ijankowski/tt-metal-work/tt-metal/tt_metal/hw/firmware/src/tt-1xx/trisc.cc,
0,1,1,TRISC_0,32810,13702474714886,0,0,,,TRISC-FW,ZONE_START,150,/home/ijankowski/tt-metal-work/tt-metal/tt_metal/hw/firmware/src/tt-1xx/trisc.cc,
0,1,1,TRISC_0,4162,13702474715324,0,0,,,TRISC-KERNEL,ZONE_START,89,/home/ijankowski/tt-metal-work/tt-metal/tt_metal/hw/firmware/src/tt-1xx/trisck.cc,
0,1,1,TRISC_0,25968,13702474715494,0,0,,,BW_SYN_TANH_FACTORED,ZONE_START,17,/home/ijankowski/tmp/numerical-backward-synthesis/tt/kernels/compute/tanh_bw_scale_separated.cpp,
0,1,1,TRISC_0,25968,13702474748620,0,0,,,BW_SYN_TANH_FACTORED,ZONE_END,17,/home/ijankowski/tmp/numerical-backward-synthesis/tt/kernels/compute/tanh_bw_scale_separated.cpp,
0,1,1,TRISC_0,4162,13702474748645,0,0,,,TRISC-KERNEL,ZONE_END,89,/home/ijankowski/tt-metal-work/tt-metal/tt_metal/hw/firmware/src/tt-1xx/trisck.cc,
0,1,1,TRISC_0,32810,13702474751226,0,0,,,TRISC-FW,ZONE_END,150,/home/ijankowski/tt-metal-work/tt-metal/tt_metal/hw/firmware/src/tt-1xx/trisc.cc,
0,1,1,TRISC_0,32810,13702492265095,0,0,,,TRISC-FW,ZONE_START,150,/home/ijankowski/tt-metal-work/tt-metal/tt_metal/hw/firmware/src/tt-1xx/trisc.cc,
0,1,1,TRISC_0,4162,13702492265533,0,0,,,TRISC-KERNEL,ZONE_START,89,/home/ijankowski/tt-metal-work/tt-metal/tt_metal/hw/firmware/src/tt-1xx/trisck.cc,
0,1,1,TRISC_0,53833,13702492265705,0,0,,,BW_SYN_TANH_MATERIALIZED,ZONE_START,16,/home/ijankowski/tmp/numerical-backward-synthesis/tt/kernels/compute/tanh_bw_baseline.cpp,
0,1,1,TRISC_0,53833,13702492307298,0,0,,,BW_SYN_TANH_MATERIALIZED,ZONE_END,16,/home/ijankowski/tmp/numerical-backward-synthesis/tt/kernels/compute/tanh_bw_baseline.cpp,
0,1,1,TRISC_0,4162,13702492307320,0,0,,,TRISC-KERNEL,ZONE_END,89,/home/ijankowski/tt-metal-work/tt-metal/tt_metal/hw/firmware/src/tt-1xx/trisck.cc,
0,1,1,TRISC_0,32810,13702492307365,0,0,,,TRISC-FW,ZONE_END,150,/home/ijankowski/tt-metal-work/tt-metal/tt_metal/hw/firmware/src/tt-1xx/trisc.cc,
0,1,1,TRISC_0,32810,13702510193125,0,0,,,TRISC-FW,ZONE_START,150,/home/ijankowski/tt-metal-work/tt-metal/tt_metal/hw/firmware/src/tt-1xx/trisc.cc,
0,1,1,TRISC_0,4162,13702510193560,0,0,,,TRISC-KERNEL,ZONE_START,89,/home/ijankowski/tt-metal-work/tt-metal/tt_metal/hw/firmware/src/tt-1xx/trisck.cc,
0,1,1,TRISC_0,25968,13702510193724,0,0,,,BW_SYN_TANH_FACTORED,ZONE_START,17,/home/ijankowski/tmp/numerical-backward-synthesis/tt/kernels/compute/tanh_bw_scale_separated.cpp,
0,1,1,TRISC_0,25968,13702510226877,0,0,,,BW_SYN_TANH_FACTORED,ZONE_END,17,/home/ijankowski/tmp/numerical-backward-synthesis/tt/kernels/compute/tanh_bw_scale_separated.cpp,
0,1,1,TRISC_0,4162,13702510226903,0,0,,,TRISC-KERNEL,ZONE_END,89,/home/ijankowski/tt-metal-work/tt-metal/tt_metal/hw/firmware/src/tt-1xx/trisck.cc,
0,1,1,TRISC_0,32810,13702510229474,0,0,,,TRISC-FW,ZONE_END,150,/home/ijankowski/tt-metal-work/tt-metal/tt_metal/hw/firmware/src/tt-1xx/trisc.cc,
0,1,1,TRISC_0,32810,13702529789626,0,0,,,TRISC-FW,ZONE_START,150,/home/ijankowski/tt-metal-work/tt-metal/tt_metal/hw/firmware/src/tt-1xx/trisc.cc,
0,1,1,TRISC_0,4162,13702529790066,0,0,,,TRISC-KERNEL,ZONE_START,89,/home/ijankowski/tt-metal-work/tt-metal/tt_metal/hw/firmware/src/tt-1xx/trisck.cc,
0,1,1,TRISC_0,53833,13702529790237,0,0,,,BW_SYN_TANH_MATERIALIZED,ZONE_START,16,/home/ijankowski/tmp/numerical-backward-synthesis/tt/kernels/compute/tanh_bw_baseline.cpp,
0,1,1,TRISC_0,53833,13702529831940,0,0,,,BW_SYN_TANH_MATERIALIZED,ZONE_END,16,/home/ijankowski/tmp/numerical-backward-synthesis/tt/kernels/compute/tanh_bw_baseline.cpp,
0,1,1,TRISC_0,4162,13702529831962,0,0,,,TRISC-KERNEL,ZONE_END,89,/home/ijankowski/tt-metal-work/tt-metal/tt_metal/hw/firmware/src/tt-1xx/trisck.cc,
0,1,1,TRISC_0,32810,13702529832007,0,0,,,TRISC-FW,ZONE_END,150,/home/ijankowski/tt-metal-work/tt-metal/tt_metal/hw/firmware/src/tt-1xx/trisc.cc,
0,1,1,TRISC_0,32810,13702547401187,0,0,,,TRISC-FW,ZONE_START,150,/home/ijankowski/tt-metal-work/tt-metal/tt_metal/hw/firmware/src/tt-1xx/trisc.cc,
0,1,1,TRISC_0,4162,13702547401630,0,0,,,TRISC-KERNEL,ZONE_START,89,/home/ijankowski/tt-metal-work/tt-metal/tt_metal/hw/firmware/src/tt-1xx/trisck.cc,
0,1,1,TRISC_0,25968,13702547401798,0,0,,,BW_SYN_TANH_FACTORED,ZONE_START,17,/home/ijankowski/tmp/numerical-backward-synthesis/tt/kernels/compute/tanh_bw_scale_separated.cpp,
0,1,1,TRISC_0,25968,13702547434998,0,0,,,BW_SYN_TANH_FACTORED,ZONE_END,17,/home/ijankowski/tmp/numerical-backward-synthesis/tt/kernels/compute/tanh_bw_scale_separated.cpp,
0,1,1,TRISC_0,4162,13702547435023,0,0,,,TRISC-KERNEL,ZONE_END,89,/home/ijankowski/tt-metal-work/tt-metal/tt_metal/hw/firmware/src/tt-1xx/trisck.cc,
0,1,1,TRISC_0,32810,13702547437564,0,0,,,TRISC-FW,ZONE_END,150,/home/ijankowski/tt-metal-work/tt-metal/tt_metal/hw/firmware/src/tt-1xx/trisc.cc,
0,1,1,TRISC_0,32810,13702564976966,0,0,,,TRISC-FW,ZONE_START,150,/home/ijankowski/tt-metal-work/tt-metal/tt_metal/hw/firmware/src/tt-1xx/trisc.cc,
0,1,1,TRISC_0,4162,13702564977403,0,0,,,TRISC-KERNEL,ZONE_START,89,/home/ijankowski/tt-metal-work/tt-metal/tt_metal/hw/firmware/src/tt-1xx/trisck.cc,
0,1,1,TRISC_0,53833,13702564977565,0,0,,,BW_SYN_TANH_MATERIALIZED,ZONE_START,16,/home/ijankowski/tmp/numerical-backward-synthesis/tt/kernels/compute/tanh_bw_baseline.cpp,
0,1,1,TRISC_0,53833,13702565019192,0,0,,,BW_SYN_TANH_MATERIALIZED,ZONE_END,16,/home/ijankowski/tmp/numerical-backward-synthesis/tt/kernels/compute/tanh_bw_baseline.cpp,
0,1,1,TRISC_0,4162,13702565019214,0,0,,,TRISC-KERNEL,ZONE_END,89,/home/ijankowski/tt-metal-work/tt-metal/tt_metal/hw/firmware/src/tt-1xx/trisck.cc,
0,1,1,TRISC_0,32810,13702565019259,0,0,,,TRISC-FW,ZONE_END,150,/home/ijankowski/tt-metal-work/tt-metal/tt_metal/hw/firmware/src/tt-1xx/trisc.cc,
0,1,1,TRISC_0,32810,13702582537829,0,0,,,TRISC-FW,ZONE_START,150,/home/ijankowski/tt-metal-work/tt-metal/tt_metal/hw/firmware/src/tt-1xx/trisc.cc,
0,1,1,TRISC_0,4162,13702582538268,0,0,,,TRISC-KERNEL,ZONE_START,89,/home/ijankowski/tt-metal-work/tt-metal/tt_metal/hw/firmware/src/tt-1xx/trisck.cc,
0,1,1,TRISC_0,25968,13702582538436,0,0,,,BW_SYN_TANH_FACTORED,ZONE_START,17,/home/ijankowski/tmp/numerical-backward-synthesis/tt/kernels/compute/tanh_bw_scale_separated.cpp,
0,1,1,TRISC_0,25968,13702582571583,0,0,,,BW_SYN_TANH_FACTORED,ZONE_END,17,/home/ijankowski/tmp/numerical-backward-synthesis/tt/kernels/compute/tanh_bw_scale_separated.cpp,
0,1,1,TRISC_0,4162,13702582571609,0,0,,,TRISC-KERNEL,ZONE_END,89,/home/ijankowski/tt-metal-work/tt-metal/tt_metal/hw/firmware/src/tt-1xx/trisck.cc,
0,1,1,TRISC_0,32810,13702582574181,0,0,,,TRISC-FW,ZONE_END,150,/home/ijankowski/tt-metal-work/tt-metal/tt_metal/hw/firmware/src/tt-1xx/trisc.cc,
0,1,1,TRISC_0,32810,13702600067280,0,0,,,TRISC-FW,ZONE_START,150,/home/ijankowski/tt-metal-work/tt-metal/tt_metal/hw/firmware/src/tt-1xx/trisc.cc,
0,1,1,TRISC_0,4162,13702600067723,0,0,,,TRISC-KERNEL,ZONE_START,89,/home/ijankowski/tt-metal-work/tt-metal/tt_metal/hw/firmware/src/tt-1xx/trisck.cc,
0,1,1,TRISC_0,53833,13702600067898,0,0,,,BW_SYN_TANH_MATERIALIZED,ZONE_START,16,/home/ijankowski/tmp/numerical-backward-synthesis/tt/kernels/compute/tanh_bw_baseline.cpp,
0,1,1,TRISC_0,53833,13702600109505,0,0,,,BW_SYN_TANH_MATERIALIZED,ZONE_END,16,/home/ijankowski/tmp/numerical-backward-synthesis/tt/kernels/compute/tanh_bw_baseline.cpp,
0,1,1,TRISC_0,4162,13702600109527,0,0,,,TRISC-KERNEL,ZONE_END,89,/home/ijankowski/tt-metal-work/tt-metal/tt_metal/hw/firmware/src/tt-1xx/trisck.cc,
0,1,1,TRISC_0,32810,13702600109571,0,0,,,TRISC-FW,ZONE_END,150,/home/ijankowski/tt-metal-work/tt-metal/tt_metal/hw/firmware/src/tt-1xx/trisc.cc,
0,1,1,TRISC_0,32810,13702618657406,0,0,,,TRISC-FW,ZONE_START,150,/home/ijankowski/tt-metal-work/tt-metal/tt_metal/hw/firmware/src/tt-1xx/trisc.cc,
0,1,1,TRISC_0,4162,13702618657844,0,0,,,TRISC-KERNEL,ZONE_START,89,/home/ijankowski/tt-metal-work/tt-metal/tt_metal/hw/firmware/src/tt-1xx/trisck.cc,
0,1,1,TRISC_0,25968,13702618658008,0,0,,,BW_SYN_TANH_FACTORED,ZONE_START,17,/home/ijankowski/tmp/numerical-backward-synthesis/tt/kernels/compute/tanh_bw_scale_separated.cpp,
0,1,1,TRISC_0,25968,13702618691155,0,0,,,BW_SYN_TANH_FACTORED,ZONE_END,17,/home/ijankowski/tmp/numerical-backward-synthesis/tt/kernels/compute/tanh_bw_scale_separated.cpp,
0,1,1,TRISC_0,4162,13702618691183,0,0,,,TRISC-KERNEL,ZONE_END,89,/home/ijankowski/tt-metal-work/tt-metal/tt_metal/hw/firmware/src/tt-1xx/trisck.cc,
0,1,1,TRISC_0,32810,13702618693747,0,0,,,TRISC-FW,ZONE_END,150,/home/ijankowski/tt-metal-work/tt-metal/tt_metal/hw/firmware/src/tt-1xx/trisc.cc,
0,1,1,TRISC_0,32810,13702636350662,0,0,,,TRISC-FW,ZONE_START,150,/home/ijankowski/tt-metal-work/tt-metal/tt_metal/hw/firmware/src/tt-1xx/trisc.cc,
0,1,1,TRISC_0,4162,13702636351117,0,0,,,TRISC-KERNEL,ZONE_START,89,/home/ijankowski/tt-metal-work/tt-metal/tt_metal/hw/firmware/src/tt-1xx/trisck.cc,
0,1,1,TRISC_0,53833,13702636351286,0,0,,,BW_SYN_TANH_MATERIALIZED,ZONE_START,16,/home/ijankowski/tmp/numerical-backward-synthesis/tt/kernels/compute/tanh_bw_baseline.cpp,
0,1,1,TRISC_0,53833,13702636393087,0,0,,,BW_SYN_TANH_MATERIALIZED,ZONE_END,16,/home/ijankowski/tmp/numerical-backward-synthesis/tt/kernels/compute/tanh_bw_baseline.cpp,
0,1,1,TRISC_0,4162,13702636393109,0,0,,,TRISC-KERNEL,ZONE_END,89,/home/ijankowski/tt-metal-work/tt-metal/tt_metal/hw/firmware/src/tt-1xx/trisck.cc,
0,1,1,TRISC_0,32810,13702636393154,0,0,,,TRISC-FW,ZONE_END,150,/home/ijankowski/tt-metal-work/tt-metal/tt_metal/hw/firmware/src/tt-1xx/trisc.cc,
0,1,1,TRISC_0,32810,13702654153938,0,0,,,TRISC-FW,ZONE_START,150,/home/ijankowski/tt-metal-work/tt-metal/tt_metal/hw/firmware/src/tt-1xx/trisc.cc,
0,1,1,TRISC_0,4162,13702654154380,0,0,,,TRISC-KERNEL,ZONE_START,89,/home/ijankowski/tt-metal-work/tt-metal/tt_metal/hw/firmware/src/tt-1xx/trisck.cc,
0,1,1,TRISC_0,25968,13702654154545,0,0,,,BW_SYN_TANH_FACTORED,ZONE_START,17,/home/ijankowski/tmp/numerical-backward-synthesis/tt/kernels/compute/tanh_bw_scale_separated.cpp,
0,1,1,TRISC_0,25968,13702654187657,0,0,,,BW_SYN_TANH_FACTORED,ZONE_END,17,/home/ijankowski/tmp/numerical-backward-synthesis/tt/kernels/compute/tanh_bw_scale_separated.cpp,
0,1,1,TRISC_0,4162,13702654187683,0,0,,,TRISC-KERNEL,ZONE_END,89,/home/ijankowski/tt-metal-work/tt-metal/tt_metal/hw/firmware/src/tt-1xx/trisck.cc,
0,1,1,TRISC_0,32810,13702654190258,0,0,,,TRISC-FW,ZONE_END,150,/home/ijankowski/tt-metal-work/tt-metal/tt_metal/hw/firmware/src/tt-1xx/trisc.cc,
0,1,1,TRISC_0,32810,13702672011547,0,0,,,TRISC-FW,ZONE_START,150,/home/ijankowski/tt-metal-work/tt-metal/tt_metal/hw/firmware/src/tt-1xx/trisc.cc,
0,1,1,TRISC_0,4162,13702672011989,0,0,,,TRISC-KERNEL,ZONE_START,89,/home/ijankowski/tt-metal-work/tt-metal/tt_metal/hw/firmware/src/tt-1xx/trisck.cc,
0,1,1,TRISC_0,53833,13702672012158,0,0,,,BW_SYN_TANH_MATERIALIZED,ZONE_START,16,/home/ijankowski/tmp/numerical-backward-synthesis/tt/kernels/compute/tanh_bw_baseline.cpp,
0,1,1,TRISC_0,53833,13702672053803,0,0,,,BW_SYN_TANH_MATERIALIZED,ZONE_END,16,/home/ijankowski/tmp/numerical-backward-synthesis/tt/kernels/compute/tanh_bw_baseline.cpp,
0,1,1,TRISC_0,4162,13702672053825,0,0,,,TRISC-KERNEL,ZONE_END,89,/home/ijankowski/tt-metal-work/tt-metal/tt_metal/hw/firmware/src/tt-1xx/trisck.cc,
0,1,1,TRISC_0,32810,13702672053870,0,0,,,TRISC-FW,ZONE_END,150,/home/ijankowski/tt-metal-work/tt-metal/tt_metal/hw/firmware/src/tt-1xx/trisc.cc,
0,1,1,TRISC_0,32810,13702690014509,0,0,,,TRISC-FW,ZONE_START,150,/home/ijankowski/tt-metal-work/tt-metal/tt_metal/hw/firmware/src/tt-1xx/trisc.cc,
0,1,1,TRISC_0,4162,13702690014961,0,0,,,TRISC-KERNEL,ZONE_START,89,/home/ijankowski/tt-metal-work/tt-metal/tt_metal/hw/firmware/src/tt-1xx/trisck.cc,
0,1,1,TRISC_0,25968,13702690015127,0,0,,,BW_SYN_TANH_FACTORED,ZONE_START,17,/home/ijankowski/tmp/numerical-backward-synthesis/tt/kernels/compute/tanh_bw_scale_separated.cpp,
0,1,1,TRISC_0,25968,13702690048281,0,0,,,BW_SYN_TANH_FACTORED,ZONE_END,17,/home/ijankowski/tmp/numerical-backward-synthesis/tt/kernels/compute/tanh_bw_scale_separated.cpp,
0,1,1,TRISC_0,4162,13702690048306,0,0,,,TRISC-KERNEL,ZONE_END,89,/home/ijankowski/tt-metal-work/tt-metal/tt_metal/hw/firmware/src/tt-1xx/trisck.cc,
0,1,1,TRISC_0,32810,13702690050875,0,0,,,TRISC-FW,ZONE_END,150,/home/ijankowski/tt-metal-work/tt-metal/tt_metal/hw/firmware/src/tt-1xx/trisc.cc,
0,1,1,TRISC_0,32810,13702708055882,0,0,,,TRISC-FW,ZONE_START,150,/home/ijankowski/tt-metal-work/tt-metal/tt_metal/hw/firmware/src/tt-1xx/trisc.cc,
0,1,1,TRISC_0,4162,13702708056322,0,0,,,TRISC-KERNEL,ZONE_START,89,/home/ijankowski/tt-metal-work/tt-metal/tt_metal/hw/firmware/src/tt-1xx/trisck.cc,
0,1,1,TRISC_0,53833,13702708056495,0,0,,,BW_SYN_TANH_MATERIALIZED,ZONE_START,16,/home/ijankowski/tmp/numerical-backward-synthesis/tt/kernels/compute/tanh_bw_baseline.cpp,
0,1,1,TRISC_0,53833,13702708098188,0,0,,,BW_SYN_TANH_MATERIALIZED,ZONE_END,16,/home/ijankowski/tmp/numerical-backward-synthesis/tt/kernels/compute/tanh_bw_baseline.cpp,
0,1,1,TRISC_0,4162,13702708098210,0,0,,,TRISC-KERNEL,ZONE_END,89,/home/ijankowski/tt-metal-work/tt-metal/tt_metal/hw/firmware/src/tt-1xx/trisck.cc,
0,1,1,TRISC_0,32810,13702708098255,0,0,,,TRISC-FW,ZONE_END,150,/home/ijankowski/tt-metal-work/tt-metal/tt_metal/hw/firmware/src/tt-1xx/trisc.cc,
0,1,1,TRISC_0,32810,13702726148723,0,0,,,TRISC-FW,ZONE_START,150,/home/ijankowski/tt-metal-work/tt-metal/tt_metal/hw/firmware/src/tt-1xx/trisc.cc,
0,1,1,TRISC_0,4162,13702726149165,0,0,,,TRISC-KERNEL,ZONE_START,89,/home/ijankowski/tt-metal-work/tt-metal/tt_metal/hw/firmware/src/tt-1xx/trisck.cc,
0,1,1,TRISC_0,25968,13702726149340,0,0,,,BW_SYN_TANH_FACTORED,ZONE_START,17,/home/ijankowski/tmp/numerical-backward-synthesis/tt/kernels/compute/tanh_bw_scale_separated.cpp,
0,1,1,TRISC_0,25968,13702726182592,0,0,,,BW_SYN_TANH_FACTORED,ZONE_END,17,/home/ijankowski/tmp/numerical-backward-synthesis/tt/kernels/compute/tanh_bw_scale_separated.cpp,
0,1,1,TRISC_0,4162,13702726182617,0,0,,,TRISC-KERNEL,ZONE_END,89,/home/ijankowski/tt-metal-work/tt-metal/tt_metal/hw/firmware/src/tt-1xx/trisck.cc,
0,1,1,TRISC_0,32810,13702726185144,0,0,,,TRISC-FW,ZONE_END,150,/home/ijankowski/tt-metal-work/tt-metal/tt_metal/hw/firmware/src/tt-1xx/trisc.cc,
0,1,1,TRISC_0,32810,13702744085755,0,0,,,TRISC-FW,ZONE_START,150,/home/ijankowski/tt-metal-work/tt-metal/tt_metal/hw/firmware/src/tt-1xx/trisc.cc,
0,1,1,TRISC_0,4162,13702744086212,0,0,,,TRISC-KERNEL,ZONE_START,89,/home/ijankowski/tt-metal-work/tt-metal/tt_metal/hw/firmware/src/tt-1xx/trisck.cc,
0,1,1,TRISC_0,53833,13702744086378,0,0,,,BW_SYN_TANH_MATERIALIZED,ZONE_START,16,/home/ijankowski/tmp/numerical-backward-synthesis/tt/kernels/compute/tanh_bw_baseline.cpp,
0,1,1,TRISC_0,53833,13702744127982,0,0,,,BW_SYN_TANH_MATERIALIZED,ZONE_END,16,/home/ijankowski/tmp/numerical-backward-synthesis/tt/kernels/compute/tanh_bw_baseline.cpp,
0,1,1,TRISC_0,4162,13702744128005,0,0,,,TRISC-KERNEL,ZONE_END,89,/home/ijankowski/tt-metal-work/tt-metal/tt_metal/hw/firmware/src/tt-1xx/trisck.cc,
0,1,1,TRISC_0,32810,13702744128050,0,0,,,TRISC-FW,ZONE_END,150,/home/ijankowski/tt-metal-work/tt-metal/tt_metal/hw/firmware/src/tt-1xx/trisc.cc,
0,1,1,TRISC_0,32810,13702761996458,0,0,,,TRISC-FW,ZONE_START,150,/home/ijankowski/tt-metal-work/tt-metal/tt_metal/hw/firmware/src/tt-1xx/trisc.cc,
0,1,1,TRISC_0,4162,13702761996899,0,0,,,TRISC-KERNEL,ZONE_START,89,/home/ijankowski/tt-metal-work/tt-metal/tt_metal/hw/firmware/src/tt-1xx/trisck.cc,
0,1,1,TRISC_0,25968,13702761997070,0,0,,,BW_SYN_TANH_FACTORED,ZONE_START,17,/home/ijankowski/tmp/numerical-backward-synthesis/tt/kernels/compute/tanh_bw_scale_separated.cpp,
0,1,1,TRISC_0,25968,13702762030163,0,0,,,BW_SYN_TANH_FACTORED,ZONE_END,17,/home/ijankowski/tmp/numerical-backward-synthesis/tt/kernels/compute/tanh_bw_scale_separated.cpp,
0,1,1,TRISC_0,4162,13702762030188,0,0,,,TRISC-KERNEL,ZONE_END,89,/home/ijankowski/tt-metal-work/tt-metal/tt_metal/hw/firmware/src/tt-1xx/trisck.cc,
0,1,1,TRISC_0,32810,13702762032761,0,0,,,TRISC-FW,ZONE_END,150,/home/ijankowski/tt-metal-work/tt-metal/tt_metal/hw/firmware/src/tt-1xx/trisc.cc,
0,1,1,TRISC_0,32810,13702779582935,0,0,,,TRISC-FW,ZONE_START,150,/home/ijankowski/tt-metal-work/tt-metal/tt_metal/hw/firmware/src/tt-1xx/trisc.cc,
0,1,1,TRISC_0,4162,13702779583377,0,0,,,TRISC-KERNEL,ZONE_START,89,/home/ijankowski/tt-metal-work/tt-metal/tt_metal/hw/firmware/src/tt-1xx/trisck.cc,
0,1,1,TRISC_0,53833,13702779583540,0,0,,,BW_SYN_TANH_MATERIALIZED,ZONE_START,16,/home/ijankowski/tmp/numerical-backward-synthesis/tt/kernels/compute/tanh_bw_baseline.cpp,
0,1,1,TRISC_0,53833,13702779625172,0,0,,,BW_SYN_TANH_MATERIALIZED,ZONE_END,16,/home/ijankowski/tmp/numerical-backward-synthesis/tt/kernels/compute/tanh_bw_baseline.cpp,
0,1,1,TRISC_0,4162,13702779625194,0,0,,,TRISC-KERNEL,ZONE_END,89,/home/ijankowski/tt-metal-work/tt-metal/tt_metal/hw/firmware/src/tt-1xx/trisck.cc,
0,1,1,TRISC_0,32810,13702779625238,0,0,,,TRISC-FW,ZONE_END,150,/home/ijankowski/tt-metal-work/tt-metal/tt_metal/hw/firmware/src/tt-1xx/trisc.cc,
0,1,1,TRISC_0,32810,13702797041343,0,0,,,TRISC-FW,ZONE_START,150,/home/ijankowski/tt-metal-work/tt-metal/tt_metal/hw/firmware/src/tt-1xx/trisc.cc,
0,1,1,TRISC_0,4162,13702797041782,0,0,,,TRISC-KERNEL,ZONE_START,89,/home/ijankowski/tt-metal-work/tt-metal/tt_metal/hw/firmware/src/tt-1xx/trisck.cc,
0,1,1,TRISC_0,25968,13702797041943,0,0,,,BW_SYN_TANH_FACTORED,ZONE_START,17,/home/ijankowski/tmp/numerical-backward-synthesis/tt/kernels/compute/tanh_bw_scale_separated.cpp,
0,1,1,TRISC_0,25968,13702797075093,0,0,,,BW_SYN_TANH_FACTORED,ZONE_END,17,/home/ijankowski/tmp/numerical-backward-synthesis/tt/kernels/compute/tanh_bw_scale_separated.cpp,
0,1,1,TRISC_0,4162,13702797075119,0,0,,,TRISC-KERNEL,ZONE_END,89,/home/ijankowski/tt-metal-work/tt-metal/tt_metal/hw/firmware/src/tt-1xx/trisck.cc,
0,1,1,TRISC_0,32810,13702797077690,0,0,,,TRISC-FW,ZONE_END,150,/home/ijankowski/tt-metal-work/tt-metal/tt_metal/hw/firmware/src/tt-1xx/trisc.cc,
0,1,1,TRISC_0,32810,13702814846551,0,0,,,TRISC-FW,ZONE_START,150,/home/ijankowski/tt-metal-work/tt-metal/tt_metal/hw/firmware/src/tt-1xx/trisc.cc,
0,1,1,TRISC_0,4162,13702814846999,0,0,,,TRISC-KERNEL,ZONE_START,89,/home/ijankowski/tt-metal-work/tt-metal/tt_metal/hw/firmware/src/tt-1xx/trisck.cc,
0,1,1,TRISC_0,53833,13702814847169,0,0,,,BW_SYN_TANH_MATERIALIZED,ZONE_START,16,/home/ijankowski/tmp/numerical-backward-synthesis/tt/kernels/compute/tanh_bw_baseline.cpp,
0,1,1,TRISC_0,53833,13702814888863,0,0,,,BW_SYN_TANH_MATERIALIZED,ZONE_END,16,/home/ijankowski/tmp/numerical-backward-synthesis/tt/kernels/compute/tanh_bw_baseline.cpp,
0,1,1,TRISC_0,4162,13702814888885,0,0,,,TRISC-KERNEL,ZONE_END,89,/home/ijankowski/tt-metal-work/tt-metal/tt_metal/hw/firmware/src/tt-1xx/trisck.cc,
0,1,1,TRISC_0,32810,13702814888930,0,0,,,TRISC-FW,ZONE_END,150,/home/ijankowski/tt-metal-work/tt-metal/tt_metal/hw/firmware/src/tt-1xx/trisc.cc,
0,1,1,TRISC_0,32810,13702832696347,0,0,,,TRISC-FW,ZONE_START,150,/home/ijankowski/tt-metal-work/tt-metal/tt_metal/hw/firmware/src/tt-1xx/trisc.cc,
0,1,1,TRISC_0,4162,13702832696781,0,0,,,TRISC-KERNEL,ZONE_START,89,/home/ijankowski/tt-metal-work/tt-metal/tt_metal/hw/firmware/src/tt-1xx/trisck.cc,
0,1,1,TRISC_0,25968,13702832696950,0,0,,,BW_SYN_TANH_FACTORED,ZONE_START,17,/home/ijankowski/tmp/numerical-backward-synthesis/tt/kernels/compute/tanh_bw_scale_separated.cpp,
0,1,1,TRISC_0,25968,13702832730088,0,0,,,BW_SYN_TANH_FACTORED,ZONE_END,17,/home/ijankowski/tmp/numerical-backward-synthesis/tt/kernels/compute/tanh_bw_scale_separated.cpp,
0,1,1,TRISC_0,4162,13702832730113,0,0,,,TRISC-KERNEL,ZONE_END,89,/home/ijankowski/tt-metal-work/tt-metal/tt_metal/hw/firmware/src/tt-1xx/trisck.cc,
0,1,1,TRISC_0,32810,13702832732682,0,0,,,TRISC-FW,ZONE_END,150,/home/ijankowski/tt-metal-work/tt-metal/tt_metal/hw/firmware/src/tt-1xx/trisc.cc,
0,1,1,TRISC_0,32810,13702850266048,0,0,,,TRISC-FW,ZONE_START,150,/home/ijankowski/tt-metal-work/tt-metal/tt_metal/hw/firmware/src/tt-1xx/trisc.cc,
0,1,1,TRISC_0,4162,13702850266504,0,0,,,TRISC-KERNEL,ZONE_START,89,/home/ijankowski/tt-metal-work/tt-metal/tt_metal/hw/firmware/src/tt-1xx/trisck.cc,
0,1,1,TRISC_0,53833,13702850266671,0,0,,,BW_SYN_TANH_MATERIALIZED,ZONE_START,16,/home/ijankowski/tmp/numerical-backward-synthesis/tt/kernels/compute/tanh_bw_baseline.cpp,
0,1,1,TRISC_0,53833,13702850308363,0,0,,,BW_SYN_TANH_MATERIALIZED,ZONE_END,16,/home/ijankowski/tmp/numerical-backward-synthesis/tt/kernels/compute/tanh_bw_baseline.cpp,
0,1,1,TRISC_0,4162,13702850308385,0,0,,,TRISC-KERNEL,ZONE_END,89,/home/ijankowski/tt-metal-work/tt-metal/tt_metal/hw/firmware/src/tt-1xx/trisck.cc,
0,1,1,TRISC_0,32810,13702850308430,0,0,,,TRISC-FW,ZONE_END,150,/home/ijankowski/tt-metal-work/tt-metal/tt_metal/hw/firmware/src/tt-1xx/trisc.cc,
0,1,1,TRISC_0,32810,13702867864426,0,0,,,TRISC-FW,ZONE_START,150,/home/ijankowski/tt-metal-work/tt-metal/tt_metal/hw/firmware/src/tt-1xx/trisc.cc,
0,1,1,TRISC_0,4162,13702867864875,0,0,,,TRISC-KERNEL,ZONE_START,89,/home/ijankowski/tt-metal-work/tt-metal/tt_metal/hw/firmware/src/tt-1xx/trisck.cc,
0,1,1,TRISC_0,25968,13702867865046,0,0,,,BW_SYN_TANH_FACTORED,ZONE_START,17,/home/ijankowski/tmp/numerical-backward-synthesis/tt/kernels/compute/tanh_bw_scale_separated.cpp,
0,1,1,TRISC_0,25968,13702867898333,0,0,,,BW_SYN_TANH_FACTORED,ZONE_END,17,/home/ijankowski/tmp/numerical-backward-synthesis/tt/kernels/compute/tanh_bw_scale_separated.cpp,
0,1,1,TRISC_0,4162,13702867898359,0,0,,,TRISC-KERNEL,ZONE_END,89,/home/ijankowski/tt-metal-work/tt-metal/tt_metal/hw/firmware/src/tt-1xx/trisck.cc,
0,1,1,TRISC_0,32810,13702867900887,0,0,,,TRISC-FW,ZONE_END,150,/home/ijankowski/tt-metal-work/tt-metal/tt_metal/hw/firmware/src/tt-1xx/trisc.cc,
0,1,1,TRISC_0,32810,13702885464622,0,0,,,TRISC-FW,ZONE_START,150,/home/ijankowski/tt-metal-work/tt-metal/tt_metal/hw/firmware/src/tt-1xx/trisc.cc,
0,1,1,TRISC_0,4162,13702885465078,0,0,,,TRISC-KERNEL,ZONE_START,89,/home/ijankowski/tt-metal-work/tt-metal/tt_metal/hw/firmware/src/tt-1xx/trisck.cc,
0,1,1,TRISC_0,53833,13702885465245,0,0,,,BW_SYN_TANH_MATERIALIZED,ZONE_START,16,/home/ijankowski/tmp/numerical-backward-synthesis/tt/kernels/compute/tanh_bw_baseline.cpp,
0,1,1,TRISC_0,53833,13702885506874,0,0,,,BW_SYN_TANH_MATERIALIZED,ZONE_END,16,/home/ijankowski/tmp/numerical-backward-synthesis/tt/kernels/compute/tanh_bw_baseline.cpp,
0,1,1,TRISC_0,4162,13702885506896,0,0,,,TRISC-KERNEL,ZONE_END,89,/home/ijankowski/tt-metal-work/tt-metal/tt_metal/hw/firmware/src/tt-1xx/trisck.cc,
0,1,1,TRISC_0,32810,13702885506940,0,0,,,TRISC-FW,ZONE_END,150,/home/ijankowski/tt-metal-work/tt-metal/tt_metal/hw/firmware/src/tt-1xx/trisc.cc,
0,1,1,TRISC_0,32810,13702902959901,0,0,,,TRISC-FW,ZONE_START,150,/home/ijankowski/tt-metal-work/tt-metal/tt_metal/hw/firmware/src/tt-1xx/trisc.cc,
0,1,1,TRISC_0,4162,13702902960347,0,0,,,TRISC-KERNEL,ZONE_START,89,/home/ijankowski/tt-metal-work/tt-metal/tt_metal/hw/firmware/src/tt-1xx/trisck.cc,
0,1,1,TRISC_0,25968,13702902960516,0,0,,,BW_SYN_TANH_FACTORED,ZONE_START,17,/home/ijankowski/tmp/numerical-backward-synthesis/tt/kernels/compute/tanh_bw_scale_separated.cpp,
0,1,1,TRISC_0,25968,13702902993588,0,0,,,BW_SYN_TANH_FACTORED,ZONE_END,17,/home/ijankowski/tmp/numerical-backward-synthesis/tt/kernels/compute/tanh_bw_scale_separated.cpp,
0,1,1,TRISC_0,4162,13702902993614,0,0,,,TRISC-KERNEL,ZONE_END,89,/home/ijankowski/tt-metal-work/tt-metal/tt_metal/hw/firmware/src/tt-1xx/trisck.cc,
0,1,1,TRISC_0,32810,13702902996195,0,0,,,TRISC-FW,ZONE_END,150,/home/ijankowski/tt-metal-work/tt-metal/tt_metal/hw/firmware/src/tt-1xx/trisc.cc,
0,1,1,TRISC_0,32810,13702920465242,0,0,,,TRISC-FW,ZONE_START,150,/home/ijankowski/tt-metal-work/tt-metal/tt_metal/hw/firmware/src/tt-1xx/trisc.cc,
0,1,1,TRISC_0,4162,13702920465686,0,0,,,TRISC-KERNEL,ZONE_START,89,/home/ijankowski/tt-metal-work/tt-metal/tt_metal/hw/firmware/src/tt-1xx/trisck.cc,
0,1,1,TRISC_0,53833,13702920465852,0,0,,,BW_SYN_TANH_MATERIALIZED,ZONE_START,16,/home/ijankowski/tmp/numerical-backward-synthesis/tt/kernels/compute/tanh_bw_baseline.cpp,
0,1,1,TRISC_0,53833,13702920507563,0,0,,,BW_SYN_TANH_MATERIALIZED,ZONE_END,16,/home/ijankowski/tmp/numerical-backward-synthesis/tt/kernels/compute/tanh_bw_baseline.cpp,
0,1,1,TRISC_0,4162,13702920507585,0,0,,,TRISC-KERNEL,ZONE_END,89,/home/ijankowski/tt-metal-work/tt-metal/tt_metal/hw/firmware/src/tt-1xx/trisck.cc,
0,1,1,TRISC_0,32810,13702920507630,0,0,,,TRISC-FW,ZONE_END,150,/home/ijankowski/tt-metal-work/tt-metal/tt_metal/hw/firmware/src/tt-1xx/trisc.cc,
0,1,1,TRISC_0,32810,13702937849825,0,0,,,TRISC-FW,ZONE_START,150,/home/ijankowski/tt-metal-work/tt-metal/tt_metal/hw/firmware/src/tt-1xx/trisc.cc,
0,1,1,TRISC_0,4162,13702937850275,0,0,,,TRISC-KERNEL,ZONE_START,89,/home/ijankowski/tt-metal-work/tt-metal/tt_metal/hw/firmware/src/tt-1xx/trisck.cc,
0,1,1,TRISC_0,25968,13702937850442,0,0,,,BW_SYN_TANH_FACTORED,ZONE_START,17,/home/ijankowski/tmp/numerical-backward-synthesis/tt/kernels/compute/tanh_bw_scale_separated.cpp,
0,1,1,TRISC_0,25968,13702937883549,0,0,,,BW_SYN_TANH_FACTORED,ZONE_END,17,/home/ijankowski/tmp/numerical-backward-synthesis/tt/kernels/compute/tanh_bw_scale_separated.cpp,
0,1,1,TRISC_0,4162,13702937883574,0,0,,,TRISC-KERNEL,ZONE_END,89,/home/ijankowski/tt-metal-work/tt-metal/tt_metal/hw/firmware/src/tt-1xx/trisck.cc,
0,1,1,TRISC_0,32810,13702937886147,0,0,,,TRISC-FW,ZONE_END,150,/home/ijankowski/tt-metal-work/tt-metal/tt_metal/hw/firmware/src/tt-1xx/trisc.cc,
0,1,1,TRISC_0,32810,13702955622958,0,0,,,TRISC-FW,ZONE_START,150,/home/ijankowski/tt-metal-work/tt-metal/tt_metal/hw/firmware/src/tt-1xx/trisc.cc,
0,1,1,TRISC_0,4162,13702955623414,0,0,,,TRISC-KERNEL,ZONE_START,89,/home/ijankowski/tt-metal-work/tt-metal/tt_metal/hw/firmware/src/tt-1xx/trisck.cc,
0,1,1,TRISC_0,53833,13702955623581,0,0,,,BW_SYN_TANH_MATERIALIZED,ZONE_START,16,/home/ijankowski/tmp/numerical-backward-synthesis/tt/kernels/compute/tanh_bw_baseline.cpp,
0,1,1,TRISC_0,53833,13702955665172,0,0,,,BW_SYN_TANH_MATERIALIZED,ZONE_END,16,/home/ijankowski/tmp/numerical-backward-synthesis/tt/kernels/compute/tanh_bw_baseline.cpp,
0,1,1,TRISC_0,4162,13702955665194,0,0,,,TRISC-KERNEL,ZONE_END,89,/home/ijankowski/tt-metal-work/tt-metal/tt_metal/hw/firmware/src/tt-1xx/trisck.cc,
0,1,1,TRISC_0,32810,13702955665238,0,0,,,TRISC-FW,ZONE_END,150,/home/ijankowski/tt-metal-work/tt-metal/tt_metal/hw/firmware/src/tt-1xx/trisc.cc,
0,1,1,TRISC_1,32810,13702031241397,0,0,,,TRISC-FW,ZONE_START,150,/home/ijankowski/tt-metal-work/tt-metal/tt_metal/hw/firmware/src/tt-1xx/trisc.cc,
0,1,1,TRISC_1,4162,13702031241587,0,0,,,TRISC-KERNEL,ZONE_START,89,/home/ijankowski/tt-metal-work/tt-metal/tt_metal/hw/firmware/src/tt-1xx/trisck.cc,
0,1,1,TRISC_1,25968,13702031241728,0,0,,,BW_SYN_TANH_FACTORED,ZONE_START,17,/home/ijankowski/tmp/numerical-backward-synthesis/tt/kernels/compute/tanh_bw_scale_separated.cpp,
0,1,1,TRISC_1,25968,13702031281391,0,0,,,BW_SYN_TANH_FACTORED,ZONE_END,17,/home/ijankowski/tmp/numerical-backward-synthesis/tt/kernels/compute/tanh_bw_scale_separated.cpp,
0,1,1,TRISC_1,4162,13702031281416,0,0,,,TRISC-KERNEL,ZONE_END,89,/home/ijankowski/tt-metal-work/tt-metal/tt_metal/hw/firmware/src/tt-1xx/trisck.cc,
0,1,1,TRISC_1,32810,13702031281457,0,0,,,TRISC-FW,ZONE_END,150,/home/ijankowski/tt-metal-work/tt-metal/tt_metal/hw/firmware/src/tt-1xx/trisc.cc,
0,1,1,TRISC_1,32810,13702064048033,0,0,,,TRISC-FW,ZONE_START,150,/home/ijankowski/tt-metal-work/tt-metal/tt_metal/hw/firmware/src/tt-1xx/trisc.cc,
0,1,1,TRISC_1,4162,13702064048229,0,0,,,TRISC-KERNEL,ZONE_START,89,/home/ijankowski/tt-metal-work/tt-metal/tt_metal/hw/firmware/src/tt-1xx/trisck.cc,
0,1,1,TRISC_1,53833,13702064048362,0,0,,,BW_SYN_TANH_MATERIALIZED,ZONE_START,16,/home/ijankowski/tmp/numerical-backward-synthesis/tt/kernels/compute/tanh_bw_baseline.cpp,
0,1,1,TRISC_1,53833,13702064090469,0,0,,,BW_SYN_TANH_MATERIALIZED,ZONE_END,16,/home/ijankowski/tmp/numerical-backward-synthesis/tt/kernels/compute/tanh_bw_baseline.cpp,
0,1,1,TRISC_1,4162,13702064090493,0,0,,,TRISC-KERNEL,ZONE_END,89,/home/ijankowski/tt-metal-work/tt-metal/tt_metal/hw/firmware/src/tt-1xx/trisck.cc,
0,1,1,TRISC_1,32810,13702064090533,0,0,,,TRISC-FW,ZONE_END,150,/home/ijankowski/tt-metal-work/tt-metal/tt_metal/hw/firmware/src/tt-1xx/trisc.cc,
0,1,1,TRISC_1,32810,13702082063446,0,0,,,TRISC-FW,ZONE_START,150,/home/ijankowski/tt-metal-work/tt-metal/tt_metal/hw/firmware/src/tt-1xx/trisc.cc,
0,1,1,TRISC_1,4162,13702082063641,0,0,,,TRISC-KERNEL,ZONE_START,89,/home/ijankowski/tt-metal-work/tt-metal/tt_metal/hw/firmware/src/tt-1xx/trisck.cc,
0,1,1,TRISC_1,25968,13702082063776,0,0,,,BW_SYN_TANH_FACTORED,ZONE_START,17,/home/ijankowski/tmp/numerical-backward-synthesis/tt/kernels/compute/tanh_bw_scale_separated.cpp,
0,1,1,TRISC_1,25968,13702082103464,0,0,,,BW_SYN_TANH_FACTORED,ZONE_END,17,/home/ijankowski/tmp/numerical-backward-synthesis/tt/kernels/compute/tanh_bw_scale_separated.cpp,
0,1,1,TRISC_1,4162,13702082103489,0,0,,,TRISC-KERNEL,ZONE_END,89,/home/ijankowski/tt-metal-work/tt-metal/tt_metal/hw/firmware/src/tt-1xx/trisck.cc,
0,1,1,TRISC_1,32810,13702082103530,0,0,,,TRISC-FW,ZONE_END,150,/home/ijankowski/tt-metal-work/tt-metal/tt_metal/hw/firmware/src/tt-1xx/trisc.cc,
0,1,1,TRISC_1,32810,13702099721951,0,0,,,TRISC-FW,ZONE_START,150,/home/ijankowski/tt-metal-work/tt-metal/tt_metal/hw/firmware/src/tt-1xx/trisc.cc,
0,1,1,TRISC_1,4162,13702099722140,0,0,,,TRISC-KERNEL,ZONE_START,89,/home/ijankowski/tt-metal-work/tt-metal/tt_metal/hw/firmware/src/tt-1xx/trisck.cc,
0,1,1,TRISC_1,53833,13702099722274,0,0,,,BW_SYN_TANH_MATERIALIZED,ZONE_START,16,/home/ijankowski/tmp/numerical-backward-synthesis/tt/kernels/compute/tanh_bw_baseline.cpp,
0,1,1,TRISC_1,53833,13702099764341,0,0,,,BW_SYN_TANH_MATERIALIZED,ZONE_END,16,/home/ijankowski/tmp/numerical-backward-synthesis/tt/kernels/compute/tanh_bw_baseline.cpp,
0,1,1,TRISC_1,4162,13702099764365,0,0,,,TRISC-KERNEL,ZONE_END,89,/home/ijankowski/tt-metal-work/tt-metal/tt_metal/hw/firmware/src/tt-1xx/trisck.cc,
0,1,1,TRISC_1,32810,13702099764405,0,0,,,TRISC-FW,ZONE_END,150,/home/ijankowski/tt-metal-work/tt-metal/tt_metal/hw/firmware/src/tt-1xx/trisc.cc,
0,1,1,TRISC_1,32810,13702117692056,0,0,,,TRISC-FW,ZONE_START,150,/home/ijankowski/tt-metal-work/tt-metal/tt_metal/hw/firmware/src/tt-1xx/trisc.cc,
0,1,1,TRISC_1,4162,13702117692245,0,0,,,TRISC-KERNEL,ZONE_START,89,/home/ijankowski/tt-metal-work/tt-metal/tt_metal/hw/firmware/src/tt-1xx/trisck.cc,
0,1,1,TRISC_1,25968,13702117692382,0,0,,,BW_SYN_TANH_FACTORED,ZONE_START,17,/home/ijankowski/tmp/numerical-backward-synthesis/tt/kernels/compute/tanh_bw_scale_separated.cpp,
0,1,1,TRISC_1,25968,13702117732045,0,0,,,BW_SYN_TANH_FACTORED,ZONE_END,17,/home/ijankowski/tmp/numerical-backward-synthesis/tt/kernels/compute/tanh_bw_scale_separated.cpp,
0,1,1,TRISC_1,4162,13702117732070,0,0,,,TRISC-KERNEL,ZONE_END,89,/home/ijankowski/tt-metal-work/tt-metal/tt_metal/hw/firmware/src/tt-1xx/trisck.cc,
0,1,1,TRISC_1,32810,13702117732111,0,0,,,TRISC-FW,ZONE_END,150,/home/ijankowski/tt-metal-work/tt-metal/tt_metal/hw/firmware/src/tt-1xx/trisc.cc,
0,1,1,TRISC_1,32810,13702135391808,0,0,,,TRISC-FW,ZONE_START,150,/home/ijankowski/tt-metal-work/tt-metal/tt_metal/hw/firmware/src/tt-1xx/trisc.cc,
0,1,1,TRISC_1,4162,13702135392005,0,0,,,TRISC-KERNEL,ZONE_START,89,/home/ijankowski/tt-metal-work/tt-metal/tt_metal/hw/firmware/src/tt-1xx/trisck.cc,
0,1,1,TRISC_1,53833,13702135392138,0,0,,,BW_SYN_TANH_MATERIALIZED,ZONE_START,16,/home/ijankowski/tmp/numerical-backward-synthesis/tt/kernels/compute/tanh_bw_baseline.cpp,
0,1,1,TRISC_1,53833,13702135434238,0,0,,,BW_SYN_TANH_MATERIALIZED,ZONE_END,16,/home/ijankowski/tmp/numerical-backward-synthesis/tt/kernels/compute/tanh_bw_baseline.cpp,
0,1,1,TRISC_1,4162,13702135434262,0,0,,,TRISC-KERNEL,ZONE_END,89,/home/ijankowski/tt-metal-work/tt-metal/tt_metal/hw/firmware/src/tt-1xx/trisck.cc,
0,1,1,TRISC_1,32810,13702135434302,0,0,,,TRISC-FW,ZONE_END,150,/home/ijankowski/tt-metal-work/tt-metal/tt_metal/hw/firmware/src/tt-1xx/trisc.cc,
0,1,1,TRISC_1,32810,13702153586730,0,0,,,TRISC-FW,ZONE_START,150,/home/ijankowski/tt-metal-work/tt-metal/tt_metal/hw/firmware/src/tt-1xx/trisc.cc,
0,1,1,TRISC_1,4162,13702153586919,0,0,,,TRISC-KERNEL,ZONE_START,89,/home/ijankowski/tt-metal-work/tt-metal/tt_metal/hw/firmware/src/tt-1xx/trisck.cc,
0,1,1,TRISC_1,25968,13702153587055,0,0,,,BW_SYN_TANH_FACTORED,ZONE_START,17,/home/ijankowski/tmp/numerical-backward-synthesis/tt/kernels/compute/tanh_bw_scale_separated.cpp,
0,1,1,TRISC_1,25968,13702153626796,0,0,,,BW_SYN_TANH_FACTORED,ZONE_END,17,/home/ijankowski/tmp/numerical-backward-synthesis/tt/kernels/compute/tanh_bw_scale_separated.cpp,
0,1,1,TRISC_1,4162,13702153626821,0,0,,,TRISC-KERNEL,ZONE_END,89,/home/ijankowski/tt-metal-work/tt-metal/tt_metal/hw/firmware/src/tt-1xx/trisck.cc,
0,1,1,TRISC_1,32810,13702153626862,0,0,,,TRISC-FW,ZONE_END,150,/home/ijankowski/tt-metal-work/tt-metal/tt_metal/hw/firmware/src/tt-1xx/trisc.cc,
0,1,1,TRISC_1,32810,13702171485280,0,0,,,TRISC-FW,ZONE_START,150,/home/ijankowski/tt-metal-work/tt-metal/tt_metal/hw/firmware/src/tt-1xx/trisc.cc,
0,1,1,TRISC_1,4162,13702171485476,0,0,,,TRISC-KERNEL,ZONE_START,89,/home/ijankowski/tt-metal-work/tt-metal/tt_metal/hw/firmware/src/tt-1xx/trisck.cc,
0,1,1,TRISC_1,53833,13702171485609,0,0,,,BW_SYN_TANH_MATERIALIZED,ZONE_START,16,/home/ijankowski/tmp/numerical-backward-synthesis/tt/kernels/compute/tanh_bw_baseline.cpp,
0,1,1,TRISC_1,53833,13702171527694,0,0,,,BW_SYN_TANH_MATERIALIZED,ZONE_END,16,/home/ijankowski/tmp/numerical-backward-synthesis/tt/kernels/compute/tanh_bw_baseline.cpp,
0,1,1,TRISC_1,4162,13702171527718,0,0,,,TRISC-KERNEL,ZONE_END,89,/home/ijankowski/tt-metal-work/tt-metal/tt_metal/hw/firmware/src/tt-1xx/trisck.cc,
0,1,1,TRISC_1,32810,13702171527758,0,0,,,TRISC-FW,ZONE_END,150,/home/ijankowski/tt-metal-work/tt-metal/tt_metal/hw/firmware/src/tt-1xx/trisc.cc,
0,1,1,TRISC_1,32810,13702189365462,0,0,,,TRISC-FW,ZONE_START,150,/home/ijankowski/tt-metal-work/tt-metal/tt_metal/hw/firmware/src/tt-1xx/trisc.cc,
0,1,1,TRISC_1,4162,13702189365658,0,0,,,TRISC-KERNEL,ZONE_START,89,/home/ijankowski/tt-metal-work/tt-metal/tt_metal/hw/firmware/src/tt-1xx/trisck.cc,
0,1,1,TRISC_1,25968,13702189365792,0,0,,,BW_SYN_TANH_FACTORED,ZONE_START,17,/home/ijankowski/tmp/numerical-backward-synthesis/tt/kernels/compute/tanh_bw_scale_separated.cpp,
0,1,1,TRISC_1,25968,13702189405437,0,0,,,BW_SYN_TANH_FACTORED,ZONE_END,17,/home/ijankowski/tmp/numerical-backward-synthesis/tt/kernels/compute/tanh_bw_scale_separated.cpp,
0,1,1,TRISC_1,4162,13702189405462,0,0,,,TRISC-KERNEL,ZONE_END,89,/home/ijankowski/tt-metal-work/tt-metal/tt_metal/hw/firmware/src/tt-1xx/trisck.cc,
0,1,1,TRISC_1,32810,13702189405503,0,0,,,TRISC-FW,ZONE_END,150,/home/ijankowski/tt-metal-work/tt-metal/tt_metal/hw/firmware/src/tt-1xx/trisc.cc,
0,1,1,TRISC_1,32810,13702207256750,0,0,,,TRISC-FW,ZONE_START,150,/home/ijankowski/tt-metal-work/tt-metal/tt_metal/hw/firmware/src/tt-1xx/trisc.cc,
0,1,1,TRISC_1,4162,13702207256939,0,0,,,TRISC-KERNEL,ZONE_START,89,/home/ijankowski/tt-metal-work/tt-metal/tt_metal/hw/firmware/src/tt-1xx/trisck.cc,
0,1,1,TRISC_1,53833,13702207257071,0,0,,,BW_SYN_TANH_MATERIALIZED,ZONE_START,16,/home/ijankowski/tmp/numerical-backward-synthesis/tt/kernels/compute/tanh_bw_baseline.cpp,
0,1,1,TRISC_1,53833,13702207299172,0,0,,,BW_SYN_TANH_MATERIALIZED,ZONE_END,16,/home/ijankowski/tmp/numerical-backward-synthesis/tt/kernels/compute/tanh_bw_baseline.cpp,
0,1,1,TRISC_1,4162,13702207299197,0,0,,,TRISC-KERNEL,ZONE_END,89,/home/ijankowski/tt-metal-work/tt-metal/tt_metal/hw/firmware/src/tt-1xx/trisck.cc,
0,1,1,TRISC_1,32810,13702207299237,0,0,,,TRISC-FW,ZONE_END,150,/home/ijankowski/tt-metal-work/tt-metal/tt_metal/hw/firmware/src/tt-1xx/trisc.cc,
0,1,1,TRISC_1,32810,13702224832692,0,0,,,TRISC-FW,ZONE_START,150,/home/ijankowski/tt-metal-work/tt-metal/tt_metal/hw/firmware/src/tt-1xx/trisc.cc,
0,1,1,TRISC_1,4162,13702224832887,0,0,,,TRISC-KERNEL,ZONE_START,89,/home/ijankowski/tt-metal-work/tt-metal/tt_metal/hw/firmware/src/tt-1xx/trisck.cc,
0,1,1,TRISC_1,25968,13702224833022,0,0,,,BW_SYN_TANH_FACTORED,ZONE_START,17,/home/ijankowski/tmp/numerical-backward-synthesis/tt/kernels/compute/tanh_bw_scale_separated.cpp,
0,1,1,TRISC_1,25968,13702224872686,0,0,,,BW_SYN_TANH_FACTORED,ZONE_END,17,/home/ijankowski/tmp/numerical-backward-synthesis/tt/kernels/compute/tanh_bw_scale_separated.cpp,
0,1,1,TRISC_1,4162,13702224872711,0,0,,,TRISC-KERNEL,ZONE_END,89,/home/ijankowski/tt-metal-work/tt-metal/tt_metal/hw/firmware/src/tt-1xx/trisck.cc,
0,1,1,TRISC_1,32810,13702224872752,0,0,,,TRISC-FW,ZONE_END,150,/home/ijankowski/tt-metal-work/tt-metal/tt_metal/hw/firmware/src/tt-1xx/trisc.cc,
0,1,1,TRISC_1,32810,13702242695145,0,0,,,TRISC-FW,ZONE_START,150,/home/ijankowski/tt-metal-work/tt-metal/tt_metal/hw/firmware/src/tt-1xx/trisc.cc,
0,1,1,TRISC_1,4162,13702242695349,0,0,,,TRISC-KERNEL,ZONE_START,89,/home/ijankowski/tt-metal-work/tt-metal/tt_metal/hw/firmware/src/tt-1xx/trisck.cc,
0,1,1,TRISC_1,53833,13702242695481,0,0,,,BW_SYN_TANH_MATERIALIZED,ZONE_START,16,/home/ijankowski/tmp/numerical-backward-synthesis/tt/kernels/compute/tanh_bw_baseline.cpp,
0,1,1,TRISC_1,53833,13702242737546,0,0,,,BW_SYN_TANH_MATERIALIZED,ZONE_END,16,/home/ijankowski/tmp/numerical-backward-synthesis/tt/kernels/compute/tanh_bw_baseline.cpp,
0,1,1,TRISC_1,4162,13702242737570,0,0,,,TRISC-KERNEL,ZONE_END,89,/home/ijankowski/tt-metal-work/tt-metal/tt_metal/hw/firmware/src/tt-1xx/trisck.cc,
0,1,1,TRISC_1,32810,13702242737610,0,0,,,TRISC-FW,ZONE_END,150,/home/ijankowski/tt-metal-work/tt-metal/tt_metal/hw/firmware/src/tt-1xx/trisc.cc,
0,1,1,TRISC_1,32810,13702260251979,0,0,,,TRISC-FW,ZONE_START,150,/home/ijankowski/tt-metal-work/tt-metal/tt_metal/hw/firmware/src/tt-1xx/trisc.cc,
0,1,1,TRISC_1,4162,13702260252168,0,0,,,TRISC-KERNEL,ZONE_START,89,/home/ijankowski/tt-metal-work/tt-metal/tt_metal/hw/firmware/src/tt-1xx/trisck.cc,
0,1,1,TRISC_1,25968,13702260252305,0,0,,,BW_SYN_TANH_FACTORED,ZONE_START,17,/home/ijankowski/tmp/numerical-backward-synthesis/tt/kernels/compute/tanh_bw_scale_separated.cpp,
0,1,1,TRISC_1,25968,13702260292123,0,0,,,BW_SYN_TANH_FACTORED,ZONE_END,17,/home/ijankowski/tmp/numerical-backward-synthesis/tt/kernels/compute/tanh_bw_scale_separated.cpp,
0,1,1,TRISC_1,4162,13702260292148,0,0,,,TRISC-KERNEL,ZONE_END,89,/home/ijankowski/tt-metal-work/tt-metal/tt_metal/hw/firmware/src/tt-1xx/trisck.cc,
0,1,1,TRISC_1,32810,13702260292189,0,0,,,TRISC-FW,ZONE_END,150,/home/ijankowski/tt-metal-work/tt-metal/tt_metal/hw/firmware/src/tt-1xx/trisc.cc,
0,1,1,TRISC_1,32810,13702278165096,0,0,,,TRISC-FW,ZONE_START,150,/home/ijankowski/tt-metal-work/tt-metal/tt_metal/hw/firmware/src/tt-1xx/trisc.cc,
0,1,1,TRISC_1,4162,13702278165292,0,0,,,TRISC-KERNEL,ZONE_START,89,/home/ijankowski/tt-metal-work/tt-metal/tt_metal/hw/firmware/src/tt-1xx/trisck.cc,
0,1,1,TRISC_1,53833,13702278165424,0,0,,,BW_SYN_TANH_MATERIALIZED,ZONE_START,16,/home/ijankowski/tmp/numerical-backward-synthesis/tt/kernels/compute/tanh_bw_baseline.cpp,
0,1,1,TRISC_1,53833,13702278207462,0,0,,,BW_SYN_TANH_MATERIALIZED,ZONE_END,16,/home/ijankowski/tmp/numerical-backward-synthesis/tt/kernels/compute/tanh_bw_baseline.cpp,
0,1,1,TRISC_1,4162,13702278207486,0,0,,,TRISC-KERNEL,ZONE_END,89,/home/ijankowski/tt-metal-work/tt-metal/tt_metal/hw/firmware/src/tt-1xx/trisck.cc,
0,1,1,TRISC_1,32810,13702278207526,0,0,,,TRISC-FW,ZONE_END,150,/home/ijankowski/tt-metal-work/tt-metal/tt_metal/hw/firmware/src/tt-1xx/trisc.cc,
0,1,1,TRISC_1,32810,13702295840470,0,0,,,TRISC-FW,ZONE_START,150,/home/ijankowski/tt-metal-work/tt-metal/tt_metal/hw/firmware/src/tt-1xx/trisc.cc,
0,1,1,TRISC_1,4162,13702295840665,0,0,,,TRISC-KERNEL,ZONE_START,89,/home/ijankowski/tt-metal-work/tt-metal/tt_metal/hw/firmware/src/tt-1xx/trisck.cc,
0,1,1,TRISC_1,25968,13702295840805,0,0,,,BW_SYN_TANH_FACTORED,ZONE_START,17,/home/ijankowski/tmp/numerical-backward-synthesis/tt/kernels/compute/tanh_bw_scale_separated.cpp,
0,1,1,TRISC_1,25968,13702295880484,0,0,,,BW_SYN_TANH_FACTORED,ZONE_END,17,/home/ijankowski/tmp/numerical-backward-synthesis/tt/kernels/compute/tanh_bw_scale_separated.cpp,
0,1,1,TRISC_1,4162,13702295880509,0,0,,,TRISC-KERNEL,ZONE_END,89,/home/ijankowski/tt-metal-work/tt-metal/tt_metal/hw/firmware/src/tt-1xx/trisck.cc,
0,1,1,TRISC_1,32810,13702295880550,0,0,,,TRISC-FW,ZONE_END,150,/home/ijankowski/tt-metal-work/tt-metal/tt_metal/hw/firmware/src/tt-1xx/trisc.cc,
0,1,1,TRISC_1,32810,13702313445298,0,0,,,TRISC-FW,ZONE_START,150,/home/ijankowski/tt-metal-work/tt-metal/tt_metal/hw/firmware/src/tt-1xx/trisc.cc,
0,1,1,TRISC_1,4162,13702313445497,0,0,,,TRISC-KERNEL,ZONE_START,89,/home/ijankowski/tt-metal-work/tt-metal/tt_metal/hw/firmware/src/tt-1xx/trisck.cc,
0,1,1,TRISC_1,53833,13702313445629,0,0,,,BW_SYN_TANH_MATERIALIZED,ZONE_START,16,/home/ijankowski/tmp/numerical-backward-synthesis/tt/kernels/compute/tanh_bw_baseline.cpp,
0,1,1,TRISC_1,53833,13702313487699,0,0,,,BW_SYN_TANH_MATERIALIZED,ZONE_END,16,/home/ijankowski/tmp/numerical-backward-synthesis/tt/kernels/compute/tanh_bw_baseline.cpp,
0,1,1,TRISC_1,4162,13702313487723,0,0,,,TRISC-KERNEL,ZONE_END,89,/home/ijankowski/tt-metal-work/tt-metal/tt_metal/hw/firmware/src/tt-1xx/trisck.cc,
0,1,1,TRISC_1,32810,13702313487763,0,0,,,TRISC-FW,ZONE_END,150,/home/ijankowski/tt-metal-work/tt-metal/tt_metal/hw/firmware/src/tt-1xx/trisc.cc,
0,1,1,TRISC_1,32810,13702331538429,0,0,,,TRISC-FW,ZONE_START,150,/home/ijankowski/tt-metal-work/tt-metal/tt_metal/hw/firmware/src/tt-1xx/trisc.cc,
0,1,1,TRISC_1,4162,13702331538633,0,0,,,TRISC-KERNEL,ZONE_START,89,/home/ijankowski/tt-metal-work/tt-metal/tt_metal/hw/firmware/src/tt-1xx/trisck.cc,
0,1,1,TRISC_1,25968,13702331538769,0,0,,,BW_SYN_TANH_FACTORED,ZONE_START,17,/home/ijankowski/tmp/numerical-backward-synthesis/tt/kernels/compute/tanh_bw_scale_separated.cpp,
0,1,1,TRISC_1,25968,13702331578417,0,0,,,BW_SYN_TANH_FACTORED,ZONE_END,17,/home/ijankowski/tmp/numerical-backward-synthesis/tt/kernels/compute/tanh_bw_scale_separated.cpp,
0,1,1,TRISC_1,4162,13702331578442,0,0,,,TRISC-KERNEL,ZONE_END,89,/home/ijankowski/tt-metal-work/tt-metal/tt_metal/hw/firmware/src/tt-1xx/trisck.cc,
0,1,1,TRISC_1,32810,13702331578483,0,0,,,TRISC-FW,ZONE_END,150,/home/ijankowski/tt-metal-work/tt-metal/tt_metal/hw/firmware/src/tt-1xx/trisc.cc,
0,1,1,TRISC_1,32810,13702349157720,0,0,,,TRISC-FW,ZONE_START,150,/home/ijankowski/tt-metal-work/tt-metal/tt_metal/hw/firmware/src/tt-1xx/trisc.cc,
0,1,1,TRISC_1,4162,13702349157916,0,0,,,TRISC-KERNEL,ZONE_START,89,/home/ijankowski/tt-metal-work/tt-metal/tt_metal/hw/firmware/src/tt-1xx/trisck.cc,
0,1,1,TRISC_1,53833,13702349158049,0,0,,,BW_SYN_TANH_MATERIALIZED,ZONE_START,16,/home/ijankowski/tmp/numerical-backward-synthesis/tt/kernels/compute/tanh_bw_baseline.cpp,
0,1,1,TRISC_1,53833,13702349200103,0,0,,,BW_SYN_TANH_MATERIALIZED,ZONE_END,16,/home/ijankowski/tmp/numerical-backward-synthesis/tt/kernels/compute/tanh_bw_baseline.cpp,
0,1,1,TRISC_1,4162,13702349200127,0,0,,,TRISC-KERNEL,ZONE_END,89,/home/ijankowski/tt-metal-work/tt-metal/tt_metal/hw/firmware/src/tt-1xx/trisck.cc,
0,1,1,TRISC_1,32810,13702349200167,0,0,,,TRISC-FW,ZONE_END,150,/home/ijankowski/tt-metal-work/tt-metal/tt_metal/hw/firmware/src/tt-1xx/trisc.cc,
0,1,1,TRISC_1,32810,13702366917075,0,0,,,TRISC-FW,ZONE_START,150,/home/ijankowski/tt-metal-work/tt-metal/tt_metal/hw/firmware/src/tt-1xx/trisc.cc,
0,1,1,TRISC_1,4162,13702366917272,0,0,,,TRISC-KERNEL,ZONE_START,89,/home/ijankowski/tt-metal-work/tt-metal/tt_metal/hw/firmware/src/tt-1xx/trisck.cc,
0,1,1,TRISC_1,25968,13702366917412,0,0,,,BW_SYN_TANH_FACTORED,ZONE_START,17,/home/ijankowski/tmp/numerical-backward-synthesis/tt/kernels/compute/tanh_bw_scale_separated.cpp,
0,1,1,TRISC_1,25968,13702366957036,0,0,,,BW_SYN_TANH_FACTORED,ZONE_END,17,/home/ijankowski/tmp/numerical-backward-synthesis/tt/kernels/compute/tanh_bw_scale_separated.cpp,
0,1,1,TRISC_1,4162,13702366957061,0,0,,,TRISC-KERNEL,ZONE_END,89,/home/ijankowski/tt-metal-work/tt-metal/tt_metal/hw/firmware/src/tt-1xx/trisck.cc,
0,1,1,TRISC_1,32810,13702366957102,0,0,,,TRISC-FW,ZONE_END,150,/home/ijankowski/tt-metal-work/tt-metal/tt_metal/hw/firmware/src/tt-1xx/trisc.cc,
0,1,1,TRISC_1,32810,13702384905777,0,0,,,TRISC-FW,ZONE_START,150,/home/ijankowski/tt-metal-work/tt-metal/tt_metal/hw/firmware/src/tt-1xx/trisc.cc,
0,1,1,TRISC_1,4162,13702384905975,0,0,,,TRISC-KERNEL,ZONE_START,89,/home/ijankowski/tt-metal-work/tt-metal/tt_metal/hw/firmware/src/tt-1xx/trisck.cc,
0,1,1,TRISC_1,53833,13702384906107,0,0,,,BW_SYN_TANH_MATERIALIZED,ZONE_START,16,/home/ijankowski/tmp/numerical-backward-synthesis/tt/kernels/compute/tanh_bw_baseline.cpp,
0,1,1,TRISC_1,53833,13702384948323,0,0,,,BW_SYN_TANH_MATERIALIZED,ZONE_END,16,/home/ijankowski/tmp/numerical-backward-synthesis/tt/kernels/compute/tanh_bw_baseline.cpp,
0,1,1,TRISC_1,4162,13702384948347,0,0,,,TRISC-KERNEL,ZONE_END,89,/home/ijankowski/tt-metal-work/tt-metal/tt_metal/hw/firmware/src/tt-1xx/trisck.cc,
0,1,1,TRISC_1,32810,13702384948387,0,0,,,TRISC-FW,ZONE_END,150,/home/ijankowski/tt-metal-work/tt-metal/tt_metal/hw/firmware/src/tt-1xx/trisc.cc,
0,1,1,TRISC_1,32810,13702402788007,0,0,,,TRISC-FW,ZONE_START,150,/home/ijankowski/tt-metal-work/tt-metal/tt_metal/hw/firmware/src/tt-1xx/trisc.cc,
0,1,1,TRISC_1,4162,13702402788204,0,0,,,TRISC-KERNEL,ZONE_START,89,/home/ijankowski/tt-metal-work/tt-metal/tt_metal/hw/firmware/src/tt-1xx/trisck.cc,
0,1,1,TRISC_1,25968,13702402788344,0,0,,,BW_SYN_TANH_FACTORED,ZONE_START,17,/home/ijankowski/tmp/numerical-backward-synthesis/tt/kernels/compute/tanh_bw_scale_separated.cpp,
0,1,1,TRISC_1,25968,13702402827964,0,0,,,BW_SYN_TANH_FACTORED,ZONE_END,17,/home/ijankowski/tmp/numerical-backward-synthesis/tt/kernels/compute/tanh_bw_scale_separated.cpp,
0,1,1,TRISC_1,4162,13702402827989,0,0,,,TRISC-KERNEL,ZONE_END,89,/home/ijankowski/tt-metal-work/tt-metal/tt_metal/hw/firmware/src/tt-1xx/trisck.cc,
0,1,1,TRISC_1,32810,13702402828030,0,0,,,TRISC-FW,ZONE_END,150,/home/ijankowski/tt-metal-work/tt-metal/tt_metal/hw/firmware/src/tt-1xx/trisc.cc,
0,1,1,TRISC_1,32810,13702420740346,0,0,,,TRISC-FW,ZONE_START,150,/home/ijankowski/tt-metal-work/tt-metal/tt_metal/hw/firmware/src/tt-1xx/trisc.cc,
0,1,1,TRISC_1,4162,13702420740544,0,0,,,TRISC-KERNEL,ZONE_START,89,/home/ijankowski/tt-metal-work/tt-metal/tt_metal/hw/firmware/src/tt-1xx/trisck.cc,
0,1,1,TRISC_1,53833,13702420740676,0,0,,,BW_SYN_TANH_MATERIALIZED,ZONE_START,16,/home/ijankowski/tmp/numerical-backward-synthesis/tt/kernels/compute/tanh_bw_baseline.cpp,
0,1,1,TRISC_1,53833,13702420782760,0,0,,,BW_SYN_TANH_MATERIALIZED,ZONE_END,16,/home/ijankowski/tmp/numerical-backward-synthesis/tt/kernels/compute/tanh_bw_baseline.cpp,
0,1,1,TRISC_1,4162,13702420782784,0,0,,,TRISC-KERNEL,ZONE_END,89,/home/ijankowski/tt-metal-work/tt-metal/tt_metal/hw/firmware/src/tt-1xx/trisck.cc,
0,1,1,TRISC_1,32810,13702420782824,0,0,,,TRISC-FW,ZONE_END,150,/home/ijankowski/tt-metal-work/tt-metal/tt_metal/hw/firmware/src/tt-1xx/trisc.cc,
0,1,1,TRISC_1,32810,13702438672948,0,0,,,TRISC-FW,ZONE_START,150,/home/ijankowski/tt-metal-work/tt-metal/tt_metal/hw/firmware/src/tt-1xx/trisc.cc,
0,1,1,TRISC_1,4162,13702438673145,0,0,,,TRISC-KERNEL,ZONE_START,89,/home/ijankowski/tt-metal-work/tt-metal/tt_metal/hw/firmware/src/tt-1xx/trisck.cc,
0,1,1,TRISC_1,25968,13702438673285,0,0,,,BW_SYN_TANH_FACTORED,ZONE_START,17,/home/ijankowski/tmp/numerical-backward-synthesis/tt/kernels/compute/tanh_bw_scale_separated.cpp,
0,1,1,TRISC_1,25968,13702438712916,0,0,,,BW_SYN_TANH_FACTORED,ZONE_END,17,/home/ijankowski/tmp/numerical-backward-synthesis/tt/kernels/compute/tanh_bw_scale_separated.cpp,
0,1,1,TRISC_1,4162,13702438712941,0,0,,,TRISC-KERNEL,ZONE_END,89,/home/ijankowski/tt-metal-work/tt-metal/tt_metal/hw/firmware/src/tt-1xx/trisck.cc,
0,1,1,TRISC_1,32810,13702438712982,0,0,,,TRISC-FW,ZONE_END,150,/home/ijankowski/tt-metal-work/tt-metal/tt_metal/hw/firmware/src/tt-1xx/trisc.cc,
0,1,1,TRISC_1,32810,13702456558591,0,0,,,TRISC-FW,ZONE_START,150,/home/ijankowski/tt-metal-work/tt-metal/tt_metal/hw/firmware/src/tt-1xx/trisc.cc,
0,1,1,TRISC_1,4162,13702456558789,0,0,,,TRISC-KERNEL,ZONE_START,89,/home/ijankowski/tt-metal-work/tt-metal/tt_metal/hw/firmware/src/tt-1xx/trisck.cc,
0,1,1,TRISC_1,53833,13702456558921,0,0,,,BW_SYN_TANH_MATERIALIZED,ZONE_START,16,/home/ijankowski/tmp/numerical-backward-synthesis/tt/kernels/compute/tanh_bw_baseline.cpp,
0,1,1,TRISC_1,53833,13702456600995,0,0,,,BW_SYN_TANH_MATERIALIZED,ZONE_END,16,/home/ijankowski/tmp/numerical-backward-synthesis/tt/kernels/compute/tanh_bw_baseline.cpp,
0,1,1,TRISC_1,4162,13702456601019,0,0,,,TRISC-KERNEL,ZONE_END,89,/home/ijankowski/tt-metal-work/tt-metal/tt_metal/hw/firmware/src/tt-1xx/trisck.cc,
0,1,1,TRISC_1,32810,13702456601059,0,0,,,TRISC-FW,ZONE_END,150,/home/ijankowski/tt-metal-work/tt-metal/tt_metal/hw/firmware/src/tt-1xx/trisc.cc,
0,1,1,TRISC_1,32810,13702474714887,0,0,,,TRISC-FW,ZONE_START,150,/home/ijankowski/tt-metal-work/tt-metal/tt_metal/hw/firmware/src/tt-1xx/trisc.cc,
0,1,1,TRISC_1,4162,13702474715091,0,0,,,TRISC-KERNEL,ZONE_START,89,/home/ijankowski/tt-metal-work/tt-metal/tt_metal/hw/firmware/src/tt-1xx/trisck.cc,
0,1,1,TRISC_1,25968,13702474715227,0,0,,,BW_SYN_TANH_FACTORED,ZONE_START,17,/home/ijankowski/tmp/numerical-backward-synthesis/tt/kernels/compute/tanh_bw_scale_separated.cpp,
0,1,1,TRISC_1,25968,13702474754872,0,0,,,BW_SYN_TANH_FACTORED,ZONE_END,17,/home/ijankowski/tmp/numerical-backward-synthesis/tt/kernels/compute/tanh_bw_scale_separated.cpp,
0,1,1,TRISC_1,4162,13702474754897,0,0,,,TRISC-KERNEL,ZONE_END,89,/home/ijankowski/tt-metal-work/tt-metal/tt_metal/hw/firmware/src/tt-1xx/trisck.cc,
0,1,1,TRISC_1,32810,13702474754938,0,0,,,TRISC-FW,ZONE_END,150,/home/ijankowski/tt-metal-work/tt-metal/tt_metal/hw/firmware/src/tt-1xx/trisc.cc,
0,1,1,TRISC_1,32810,13702492265083,0,0,,,TRISC-FW,ZONE_START,150,/home/ijankowski/tt-metal-work/tt-metal/tt_metal/hw/firmware/src/tt-1xx/trisc.cc,
0,1,1,TRISC_1,4162,13702492265280,0,0,,,TRISC-KERNEL,ZONE_START,89,/home/ijankowski/tt-metal-work/tt-metal/tt_metal/hw/firmware/src/tt-1xx/trisck.cc,
0,1,1,TRISC_1,53833,13702492265413,0,0,,,BW_SYN_TANH_MATERIALIZED,ZONE_START,16,/home/ijankowski/tmp/numerical-backward-synthesis/tt/kernels/compute/tanh_bw_baseline.cpp,
0,1,1,TRISC_1,53833,13702492307455,0,0,,,BW_SYN_TANH_MATERIALIZED,ZONE_END,16,/home/ijankowski/tmp/numerical-backward-synthesis/tt/kernels/compute/tanh_bw_baseline.cpp,
0,1,1,TRISC_1,4162,13702492307479,0,0,,,TRISC-KERNEL,ZONE_END,89,/home/ijankowski/tt-metal-work/tt-metal/tt_metal/hw/firmware/src/tt-1xx/trisck.cc,
0,1,1,TRISC_1,32810,13702492307519,0,0,,,TRISC-FW,ZONE_END,150,/home/ijankowski/tt-metal-work/tt-metal/tt_metal/hw/firmware/src/tt-1xx/trisc.cc,
0,1,1,TRISC_1,32810,13702510193122,0,0,,,TRISC-FW,ZONE_START,150,/home/ijankowski/tt-metal-work/tt-metal/tt_metal/hw/firmware/src/tt-1xx/trisc.cc,
0,1,1,TRISC_1,4162,13702510193323,0,0,,,TRISC-KERNEL,ZONE_START,89,/home/ijankowski/tt-metal-work/tt-metal/tt_metal/hw/firmware/src/tt-1xx/trisck.cc,
0,1,1,TRISC_1,25968,13702510193459,0,0,,,BW_SYN_TANH_FACTORED,ZONE_START,17,/home/ijankowski/tmp/numerical-backward-synthesis/tt/kernels/compute/tanh_bw_scale_separated.cpp,
0,1,1,TRISC_1,25968,13702510233120,0,0,,,BW_SYN_TANH_FACTORED,ZONE_END,17,/home/ijankowski/tmp/numerical-backward-synthesis/tt/kernels/compute/tanh_bw_scale_separated.cpp,
0,1,1,TRISC_1,4162,13702510233145,0,0,,,TRISC-KERNEL,ZONE_END,89,/home/ijankowski/tt-metal-work/tt-metal/tt_metal/hw/firmware/src/tt-1xx/trisck.cc,
0,1,1,TRISC_1,32810,13702510233186,0,0,,,TRISC-FW,ZONE_END,150,/home/ijankowski/tt-metal-work/tt-metal/tt_metal/hw/firmware/src/tt-1xx/trisc.cc,
0,1,1,TRISC_1,32810,13702529789627,0,0,,,TRISC-FW,ZONE_START,150,/home/ijankowski/tt-metal-work/tt-metal/tt_metal/hw/firmware/src/tt-1xx/trisc.cc,
0,1,1,TRISC_1,4162,13702529789831,0,0,,,TRISC-KERNEL,ZONE_START,89,/home/ijankowski/tt-metal-work/tt-metal/tt_metal/hw/firmware/src/tt-1xx/trisck.cc,
0,1,1,TRISC_1,53833,13702529789968,0,0,,,BW_SYN_TANH_MATERIALIZED,ZONE_START,16,/home/ijankowski/tmp/numerical-backward-synthesis/tt/kernels/compute/tanh_bw_baseline.cpp,
0,1,1,TRISC_1,53833,13702529832098,0,0,,,BW_SYN_TANH_MATERIALIZED,ZONE_END,16,/home/ijankowski/tmp/numerical-backward-synthesis/tt/kernels/compute/tanh_bw_baseline.cpp,
0,1,1,TRISC_1,4162,13702529832122,0,0,,,TRISC-KERNEL,ZONE_END,89,/home/ijankowski/tt-metal-work/tt-metal/tt_metal/hw/firmware/src/tt-1xx/trisck.cc,
0,1,1,TRISC_1,32810,13702529832162,0,0,,,TRISC-FW,ZONE_END,150,/home/ijankowski/tt-metal-work/tt-metal/tt_metal/hw/firmware/src/tt-1xx/trisc.cc,
0,1,1,TRISC_1,32810,13702547401193,0,0,,,TRISC-FW,ZONE_START,150,/home/ijankowski/tt-metal-work/tt-metal/tt_metal/hw/firmware/src/tt-1xx/trisc.cc,
0,1,1,TRISC_1,4162,13702547401383,0,0,,,TRISC-KERNEL,ZONE_START,89,/home/ijankowski/tt-metal-work/tt-metal/tt_metal/hw/firmware/src/tt-1xx/trisck.cc,
0,1,1,TRISC_1,25968,13702547401517,0,0,,,BW_SYN_TANH_FACTORED,ZONE_START,17,/home/ijankowski/tmp/numerical-backward-synthesis/tt/kernels/compute/tanh_bw_scale_separated.cpp,
0,1,1,TRISC_1,25968,13702547441210,0,0,,,BW_SYN_TANH_FACTORED,ZONE_END,17,/home/ijankowski/tmp/numerical-backward-synthesis/tt/kernels/compute/tanh_bw_scale_separated.cpp,
0,1,1,TRISC_1,4162,13702547441235,0,0,,,TRISC-KERNEL,ZONE_END,89,/home/ijankowski/tt-metal-work/tt-metal/tt_metal/hw/firmware/src/tt-1xx/trisck.cc,
0,1,1,TRISC_1,32810,13702547441276,0,0,,,TRISC-FW,ZONE_END,150,/home/ijankowski/tt-metal-work/tt-metal/tt_metal/hw/firmware/src/tt-1xx/trisc.cc,
0,1,1,TRISC_1,32810,13702564976954,0,0,,,TRISC-FW,ZONE_START,150,/home/ijankowski/tt-metal-work/tt-metal/tt_metal/hw/firmware/src/tt-1xx/trisc.cc,
0,1,1,TRISC_1,4162,13702564977150,0,0,,,TRISC-KERNEL,ZONE_START,89,/home/ijankowski/tt-metal-work/tt-metal/tt_metal/hw/firmware/src/tt-1xx/trisck.cc,
0,1,1,TRISC_1,53833,13702564977283,0,0,,,BW_SYN_TANH_MATERIALIZED,ZONE_START,16,/home/ijankowski/tmp/numerical-backward-synthesis/tt/kernels/compute/tanh_bw_baseline.cpp,
0,1,1,TRISC_1,53833,13702565019350,0,0,,,BW_SYN_TANH_MATERIALIZED,ZONE_END,16,/home/ijankowski/tmp/numerical-backward-synthesis/tt/kernels/compute/tanh_bw_baseline.cpp,
0,1,1,TRISC_1,4162,13702565019374,0,0,,,TRISC-KERNEL,ZONE_END,89,/home/ijankowski/tt-metal-work/tt-metal/tt_metal/hw/firmware/src/tt-1xx/trisck.cc,
0,1,1,TRISC_1,32810,13702565019414,0,0,,,TRISC-FW,ZONE_END,150,/home/ijankowski/tt-metal-work/tt-metal/tt_metal/hw/firmware/src/tt-1xx/trisc.cc,
0,1,1,TRISC_1,32810,13702582537826,0,0,,,TRISC-FW,ZONE_START,150,/home/ijankowski/tt-metal-work/tt-metal/tt_metal/hw/firmware/src/tt-1xx/trisc.cc,
0,1,1,TRISC_1,4162,13702582538027,0,0,,,TRISC-KERNEL,ZONE_START,89,/home/ijankowski/tt-metal-work/tt-metal/tt_metal/hw/firmware/src/tt-1xx/trisck.cc,
0,1,1,TRISC_1,25968,13702582538165,0,0,,,BW_SYN_TANH_FACTORED,ZONE_START,17,/home/ijankowski/tmp/numerical-backward-synthesis/tt/kernels/compute/tanh_bw_scale_separated.cpp,
0,1,1,TRISC_1,25968,13702582577822,0,0,,,BW_SYN_TANH_FACTORED,ZONE_END,17,/home/ijankowski/tmp/numerical-backward-synthesis/tt/kernels/compute/tanh_bw_scale_separated.cpp,
0,1,1,TRISC_1,4162,13702582577847,0,0,,,TRISC-KERNEL,ZONE_END,89,/home/ijankowski/tt-metal-work/tt-metal/tt_metal/hw/firmware/src/tt-1xx/trisck.cc,
0,1,1,TRISC_1,32810,13702582577888,0,0,,,TRISC-FW,ZONE_END,150,/home/ijankowski/tt-metal-work/tt-metal/tt_metal/hw/firmware/src/tt-1xx/trisc.cc,
0,1,1,TRISC_1,32810,13702600067281,0,0,,,TRISC-FW,ZONE_START,150,/home/ijankowski/tt-metal-work/tt-metal/tt_metal/hw/firmware/src/tt-1xx/trisc.cc,
0,1,1,TRISC_1,4162,13702600067485,0,0,,,TRISC-KERNEL,ZONE_START,89,/home/ijankowski/tt-metal-work/tt-metal/tt_metal/hw/firmware/src/tt-1xx/trisck.cc,
0,1,1,TRISC_1,53833,13702600067618,0,0,,,BW_SYN_TANH_MATERIALIZED,ZONE_START,16,/home/ijankowski/tmp/numerical-backward-synthesis/tt/kernels/compute/tanh_bw_baseline.cpp,
0,1,1,TRISC_1,53833,13702600109657,0,0,,,BW_SYN_TANH_MATERIALIZED,ZONE_END,16,/home/ijankowski/tmp/numerical-backward-synthesis/tt/kernels/compute/tanh_bw_baseline.cpp,
0,1,1,TRISC_1,4162,13702600109681,0,0,,,TRISC-KERNEL,ZONE_END,89,/home/ijankowski/tt-metal-work/tt-metal/tt_metal/hw/firmware/src/tt-1xx/trisck.cc,
0,1,1,TRISC_1,32810,13702600109721,0,0,,,TRISC-FW,ZONE_END,150,/home/ijankowski/tt-metal-work/tt-metal/tt_metal/hw/firmware/src/tt-1xx/trisc.cc,
0,1,1,TRISC_1,32810,13702618657402,0,0,,,TRISC-FW,ZONE_START,150,/home/ijankowski/tt-metal-work/tt-metal/tt_metal/hw/firmware/src/tt-1xx/trisc.cc,
0,1,1,TRISC_1,4162,13702618657591,0,0,,,TRISC-KERNEL,ZONE_START,89,/home/ijankowski/tt-metal-work/tt-metal/tt_metal/hw/firmware/src/tt-1xx/trisck.cc,
0,1,1,TRISC_1,25968,13702618657728,0,0,,,BW_SYN_TANH_FACTORED,ZONE_START,17,/home/ijankowski/tmp/numerical-backward-synthesis/tt/kernels/compute/tanh_bw_scale_separated.cpp,
0,1,1,TRISC_1,25968,13702618697393,0,0,,,BW_SYN_TANH_FACTORED,ZONE_END,17,/home/ijankowski/tmp/numerical-backward-synthesis/tt/kernels/compute/tanh_bw_scale_separated.cpp,
0,1,1,TRISC_1,4162,13702618697418,0,0,,,TRISC-KERNEL,ZONE_END,89,/home/ijankowski/tt-metal-work/tt-metal/tt_metal/hw/firmware/src/tt-1xx/trisck.cc,
0,1,1,TRISC_1,32810,13702618697459,0,0,,,TRISC-FW,ZONE_END,150,/home/ijankowski/tt-metal-work/tt-metal/tt_metal/hw/firmware/src/tt-1xx/trisc.cc,
0,1,1,TRISC_1,32810,13702636350655,0,0,,,TRISC-FW,ZONE_START,150,/home/ijankowski/tt-metal-work/tt-metal/tt_metal/hw/firmware/src/tt-1xx/trisc.cc,
0,1,1,TRISC_1,4162,13702636350850,0,0,,,TRISC-KERNEL,ZONE_START,89,/home/ijankowski/tt-metal-work/tt-metal/tt_metal/hw/firmware/src/tt-1xx/trisck.cc,
0,1,1,TRISC_1,53833,13702636350982,0,0,,,BW_SYN_TANH_MATERIALIZED,ZONE_START,16,/home/ijankowski/tmp/numerical-backward-synthesis/tt/kernels/compute/tanh_bw_baseline.cpp,
0,1,1,TRISC_1,53833,13702636393243,0,0,,,BW_SYN_TANH_MATERIALIZED,ZONE_END,16,/home/ijankowski/tmp/numerical-backward-synthesis/tt/kernels/compute/tanh_bw_baseline.cpp,
0,1,1,TRISC_1,4162,13702636393267,0,0,,,TRISC-KERNEL,ZONE_END,89,/home/ijankowski/tt-metal-work/tt-metal/tt_metal/hw/firmware/src/tt-1xx/trisck.cc,
0,1,1,TRISC_1,32810,13702636393307,0,0,,,TRISC-FW,ZONE_END,150,/home/ijankowski/tt-metal-work/tt-metal/tt_metal/hw/firmware/src/tt-1xx/trisc.cc,
0,1,1,TRISC_1,32810,13702654153931,0,0,,,TRISC-FW,ZONE_START,150,/home/ijankowski/tt-metal-work/tt-metal/tt_metal/hw/firmware/src/tt-1xx/trisc.cc,
0,1,1,TRISC_1,4162,13702654154128,0,0,,,TRISC-KERNEL,ZONE_START,89,/home/ijankowski/tt-metal-work/tt-metal/tt_metal/hw/firmware/src/tt-1xx/trisck.cc,
0,1,1,TRISC_1,25968,13702654154268,0,0,,,BW_SYN_TANH_FACTORED,ZONE_START,17,/home/ijankowski/tmp/numerical-backward-synthesis/tt/kernels/compute/tanh_bw_scale_separated.cpp,
0,1,1,TRISC_1,25968,13702654193904,0,0,,,BW_SYN_TANH_FACTORED,ZONE_END,17,/home/ijankowski/tmp/numerical-backward-synthesis/tt/kernels/compute/tanh_bw_scale_separated.cpp,
0,1,1,TRISC_1,4162,13702654193929,0,0,,,TRISC-KERNEL,ZONE_END,89,/home/ijankowski/tt-metal-work/tt-metal/tt_metal/hw/firmware/src/tt-1xx/trisck.cc,
0,1,1,TRISC_1,32810,13702654193970,0,0,,,TRISC-FW,ZONE_END,150,/home/ijankowski/tt-metal-work/tt-metal/tt_metal/hw/firmware/src/tt-1xx/trisc.cc,
0,1,1,TRISC_1,32810,13702672011535,0,0,,,TRISC-FW,ZONE_START,150,/home/ijankowski/tt-metal-work/tt-metal/tt_metal/hw/firmware/src/tt-1xx/trisc.cc,
0,1,1,TRISC_1,4162,13702672011731,0,0,,,TRISC-KERNEL,ZONE_START,89,/home/ijankowski/tt-metal-work/tt-metal/tt_metal/hw/firmware/src/tt-1xx/trisck.cc,
0,1,1,TRISC_1,53833,13702672011864,0,0,,,BW_SYN_TANH_MATERIALIZED,ZONE_START,16,/home/ijankowski/tmp/numerical-backward-synthesis/tt/kernels/compute/tanh_bw_baseline.cpp,
0,1,1,TRISC_1,53833,13702672053957,0,0,,,BW_SYN_TANH_MATERIALIZED,ZONE_END,16,/home/ijankowski/tmp/numerical-backward-synthesis/tt/kernels/compute/tanh_bw_baseline.cpp,
0,1,1,TRISC_1,4162,13702672053981,0,0,,,TRISC-KERNEL,ZONE_END,89,/home/ijankowski/tt-metal-work/tt-metal/tt_metal/hw/firmware/src/tt-1xx/trisck.cc,
0,1,1,TRISC_1,32810,13702672054021,0,0,,,TRISC-FW,ZONE_END,150,/home/ijankowski/tt-metal-work/tt-metal/tt_metal/hw/firmware/src/tt-1xx/trisc.cc,
0,1,1,TRISC_1,32810,13702690014495,0,0,,,TRISC-FW,ZONE_START,150,/home/ijankowski/tt-metal-work/tt-metal/tt_metal/hw/firmware/src/tt-1xx/trisc.cc,
0,1,1,TRISC_1,4162,13702690014690,0,0,,,TRISC-KERNEL,ZONE_START,89,/home/ijankowski/tt-metal-work/tt-metal/tt_metal/hw/firmware/src/tt-1xx/trisck.cc,
0,1,1,TRISC_1,25968,13702690014825,0,0,,,BW_SYN_TANH_FACTORED,ZONE_START,17,/home/ijankowski/tmp/numerical-backward-synthesis/tt/kernels/compute/tanh_bw_scale_separated.cpp,
0,1,1,TRISC_1,25968,13702690054521,0,0,,,BW_SYN_TANH_FACTORED,ZONE_END,17,/home/ijankowski/tmp/numerical-backward-synthesis/tt/kernels/compute/tanh_bw_scale_separated.cpp,
0,1,1,TRISC_1,4162,13702690054546,0,0,,,TRISC-KERNEL,ZONE_END,89,/home/ijankowski/tt-metal-work/tt-metal/tt_metal/hw/firmware/src/tt-1xx/trisck.cc,
0,1,1,TRISC_1,32810,13702690054587,0,0,,,TRISC-FW,ZONE_END,150,/home/ijankowski/tt-metal-work/tt-metal/tt_metal/hw/firmware/src/tt-1xx/trisc.cc,
0,1,1,TRISC_1,32810,13702708055879,0,0,,,TRISC-FW,ZONE_START,150,/home/ijankowski/tt-metal-work/tt-metal/tt_metal/hw/firmware/src/tt-1xx/trisc.cc,
0,1,1,TRISC_1,4162,13702708056077,0,0,,,TRISC-KERNEL,ZONE_START,89,/home/ijankowski/tt-metal-work/tt-metal/tt_metal/hw/firmware/src/tt-1xx/trisck.cc,
0,1,1,TRISC_1,53833,13702708056209,0,0,,,BW_SYN_TANH_MATERIALIZED,ZONE_START,16,/home/ijankowski/tmp/numerical-backward-synthesis/tt/kernels/compute/tanh_bw_baseline.cpp,
0,1,1,TRISC_1,53833,13702708098346,0,0,,,BW_SYN_TANH_MATERIALIZED,ZONE_END,16,/home/ijankowski/tmp/numerical-backward-synthesis/tt/kernels/compute/tanh_bw_baseline.cpp,
0,1,1,TRISC_1,4162,13702708098370,0,0,,,TRISC-KERNEL,ZONE_END,89,/home/ijankowski/tt-metal-work/tt-metal/tt_metal/hw/firmware/src/tt-1xx/trisck.cc,
0,1,1,TRISC_1,32810,13702708098410,0,0,,,TRISC-FW,ZONE_END,150,/home/ijankowski/tt-metal-work/tt-metal/tt_metal/hw/firmware/src/tt-1xx/trisc.cc,
0,1,1,TRISC_1,32810,13702726148711,0,0,,,TRISC-FW,ZONE_START,150,/home/ijankowski/tt-metal-work/tt-metal/tt_metal/hw/firmware/src/tt-1xx/trisc.cc,
0,1,1,TRISC_1,4162,13702726148907,0,0,,,TRISC-KERNEL,ZONE_START,89,/home/ijankowski/tt-metal-work/tt-metal/tt_metal/hw/firmware/src/tt-1xx/trisck.cc,
0,1,1,TRISC_1,25968,13702726149048,0,0,,,BW_SYN_TANH_FACTORED,ZONE_START,17,/home/ijankowski/tmp/numerical-backward-synthesis/tt/kernels/compute/tanh_bw_scale_separated.cpp,
0,1,1,TRISC_1,25968,13702726188790,0,0,,,BW_SYN_TANH_FACTORED,ZONE_END,17,/home/ijankowski/tmp/numerical-backward-synthesis/tt/kernels/compute/tanh_bw_scale_separated.cpp,
0,1,1,TRISC_1,4162,13702726188815,0,0,,,TRISC-KERNEL,ZONE_END,89,/home/ijankowski/tt-metal-work/tt-metal/tt_metal/hw/firmware/src/tt-1xx/trisck.cc,
0,1,1,TRISC_1,32810,13702726188856,0,0,,,TRISC-FW,ZONE_END,150,/home/ijankowski/tt-metal-work/tt-metal/tt_metal/hw/firmware/src/tt-1xx/trisc.cc,
0,1,1,TRISC_1,32810,13702744085751,0,0,,,TRISC-FW,ZONE_START,150,/home/ijankowski/tt-metal-work/tt-metal/tt_metal/hw/firmware/src/tt-1xx/trisc.cc,
0,1,1,TRISC_1,4162,13702744085947,0,0,,,TRISC-KERNEL,ZONE_START,89,/home/ijankowski/tt-metal-work/tt-metal/tt_metal/hw/firmware/src/tt-1xx/trisck.cc,
0,1,1,TRISC_1,53833,13702744086080,0,0,,,BW_SYN_TANH_MATERIALIZED,ZONE_START,16,/home/ijankowski/tmp/numerical-backward-synthesis/tt/kernels/compute/tanh_bw_baseline.cpp,
0,1,1,TRISC_1,53833,13702744128141,0,0,,,BW_SYN_TANH_MATERIALIZED,ZONE_END,16,/home/ijankowski/tmp/numerical-backward-synthesis/tt/kernels/compute/tanh_bw_baseline.cpp,
0,1,1,TRISC_1,4162,13702744128165,0,0,,,TRISC-KERNEL,ZONE_END,89,/home/ijankowski/tt-metal-work/tt-metal/tt_metal/hw/firmware/src/tt-1xx/trisck.cc,
0,1,1,TRISC_1,32810,13702744128205,0,0,,,TRISC-FW,ZONE_END,150,/home/ijankowski/tt-metal-work/tt-metal/tt_metal/hw/firmware/src/tt-1xx/trisc.cc,
0,1,1,TRISC_1,32810,13702761996446,0,0,,,TRISC-FW,ZONE_START,150,/home/ijankowski/tt-metal-work/tt-metal/tt_metal/hw/firmware/src/tt-1xx/trisc.cc,
0,1,1,TRISC_1,4162,13702761996641,0,0,,,TRISC-KERNEL,ZONE_START,89,/home/ijankowski/tt-metal-work/tt-metal/tt_metal/hw/firmware/src/tt-1xx/trisck.cc,
0,1,1,TRISC_1,25968,13702761996781,0,0,,,BW_SYN_TANH_FACTORED,ZONE_START,17,/home/ijankowski/tmp/numerical-backward-synthesis/tt/kernels/compute/tanh_bw_scale_separated.cpp,
0,1,1,TRISC_1,25968,13702762036407,0,0,,,BW_SYN_TANH_FACTORED,ZONE_END,17,/home/ijankowski/tmp/numerical-backward-synthesis/tt/kernels/compute/tanh_bw_scale_separated.cpp,
0,1,1,TRISC_1,4162,13702762036432,0,0,,,TRISC-KERNEL,ZONE_END,89,/home/ijankowski/tt-metal-work/tt-metal/tt_metal/hw/firmware/src/tt-1xx/trisck.cc,
0,1,1,TRISC_1,32810,13702762036473,0,0,,,TRISC-FW,ZONE_END,150,/home/ijankowski/tt-metal-work/tt-metal/tt_metal/hw/firmware/src/tt-1xx/trisc.cc,
0,1,1,TRISC_1,32810,13702779582923,0,0,,,TRISC-FW,ZONE_START,150,/home/ijankowski/tt-metal-work/tt-metal/tt_metal/hw/firmware/src/tt-1xx/trisc.cc,
0,1,1,TRISC_1,4162,13702779583119,0,0,,,TRISC-KERNEL,ZONE_START,89,/home/ijankowski/tt-metal-work/tt-metal/tt_metal/hw/firmware/src/tt-1xx/trisck.cc,
0,1,1,TRISC_1,53833,13702779583252,0,0,,,BW_SYN_TANH_MATERIALIZED,ZONE_START,16,/home/ijankowski/tmp/numerical-backward-synthesis/tt/kernels/compute/tanh_bw_baseline.cpp,
0,1,1,TRISC_1,53833,13702779625330,0,0,,,BW_SYN_TANH_MATERIALIZED,ZONE_END,16,/home/ijankowski/tmp/numerical-backward-synthesis/tt/kernels/compute/tanh_bw_baseline.cpp,
0,1,1,TRISC_1,4162,13702779625354,0,0,,,TRISC-KERNEL,ZONE_END,89,/home/ijankowski/tt-metal-work/tt-metal/tt_metal/hw/firmware/src/tt-1xx/trisck.cc,
0,1,1,TRISC_1,32810,13702779625394,0,0,,,TRISC-FW,ZONE_END,150,/home/ijankowski/tt-metal-work/tt-metal/tt_metal/hw/firmware/src/tt-1xx/trisc.cc,
0,1,1,TRISC_1,32810,13702797041340,0,0,,,TRISC-FW,ZONE_START,150,/home/ijankowski/tt-metal-work/tt-metal/tt_metal/hw/firmware/src/tt-1xx/trisc.cc,
0,1,1,TRISC_1,4162,13702797041541,0,0,,,TRISC-KERNEL,ZONE_START,89,/home/ijankowski/tt-metal-work/tt-metal/tt_metal/hw/firmware/src/tt-1xx/trisck.cc,
0,1,1,TRISC_1,25968,13702797041678,0,0,,,BW_SYN_TANH_FACTORED,ZONE_START,17,/home/ijankowski/tmp/numerical-backward-synthesis/tt/kernels/compute/tanh_bw_scale_separated.cpp,
0,1,1,TRISC_1,25968,13702797081334,0,0,,,BW_SYN_TANH_FACTORED,ZONE_END,17,/home/ijankowski/tmp/numerical-backward-synthesis/tt/kernels/compute/tanh_bw_scale_separated.cpp,
0,1,1,TRISC_1,4162,13702797081359,0,0,,,TRISC-KERNEL,ZONE_END,89,/home/ijankowski/tt-metal-work/tt-metal/tt_metal/hw/firmware/src/tt-1xx/trisck.cc,
0,1,1,TRISC_1,32810,13702797081400,0,0,,,TRISC-FW,ZONE_END,150,/home/ijankowski/tt-metal-work/tt-metal/tt_metal/hw/firmware/src/tt-1xx/trisc.cc,
0,1,1,TRISC_1,32810,13702814846547,0,0,,,TRISC-FW,ZONE_START,150,/home/ijankowski/tt-metal-work/tt-metal/tt_metal/hw/firmware/src/tt-1xx/trisc.cc,
0,1,1,TRISC_1,4162,13702814846741,0,0,,,TRISC-KERNEL,ZONE_START,89,/home/ijankowski/tt-metal-work/tt-metal/tt_metal/hw/firmware/src/tt-1xx/trisck.cc,
0,1,1,TRISC_1,53833,13702814846873,0,0,,,BW_SYN_TANH_MATERIALIZED,ZONE_START,16,/home/ijankowski/tmp/numerical-backward-synthesis/tt/kernels/compute/tanh_bw_baseline.cpp,
0,1,1,TRISC_1,53833,13702814889020,0,0,,,BW_SYN_TANH_MATERIALIZED,ZONE_END,16,/home/ijankowski/tmp/numerical-backward-synthesis/tt/kernels/compute/tanh_bw_baseline.cpp,
0,1,1,TRISC_1,4162,13702814889044,0,0,,,TRISC-KERNEL,ZONE_END,89,/home/ijankowski/tt-metal-work/tt-metal/tt_metal/hw/firmware/src/tt-1xx/trisck.cc,
0,1,1,TRISC_1,32810,13702814889084,0,0,,,TRISC-FW,ZONE_END,150,/home/ijankowski/tt-metal-work/tt-metal/tt_metal/hw/firmware/src/tt-1xx/trisc.cc,
0,1,1,TRISC_1,32810,13702832696344,0,0,,,TRISC-FW,ZONE_START,150,/home/ijankowski/tt-metal-work/tt-metal/tt_metal/hw/firmware/src/tt-1xx/trisc.cc,
0,1,1,TRISC_1,4162,13702832696541,0,0,,,TRISC-KERNEL,ZONE_START,89,/home/ijankowski/tt-metal-work/tt-metal/tt_metal/hw/firmware/src/tt-1xx/trisck.cc,
0,1,1,TRISC_1,25968,13702832696677,0,0,,,BW_SYN_TANH_FACTORED,ZONE_START,17,/home/ijankowski/tmp/numerical-backward-synthesis/tt/kernels/compute/tanh_bw_scale_separated.cpp,
0,1,1,TRISC_1,25968,13702832736323,0,0,,,BW_SYN_TANH_FACTORED,ZONE_END,17,/home/ijankowski/tmp/numerical-backward-synthesis/tt/kernels/compute/tanh_bw_scale_separated.cpp,
0,1,1,TRISC_1,4162,13702832736348,0,0,,,TRISC-KERNEL,ZONE_END,89,/home/ijankowski/tt-metal-work/tt-metal/tt_metal/hw/firmware/src/tt-1xx/trisck.cc,
0,1,1,TRISC_1,32810,13702832736389,0,0,,,TRISC-FW,ZONE_END,150,/home/ijankowski/tt-metal-work/tt-metal/tt_metal/hw/firmware/src/tt-1xx/trisc.cc,
0,1,1,TRISC_1,32810,13702850266034,0,0,,,TRISC-FW,ZONE_START,150,/home/ijankowski/tt-metal-work/tt-metal/tt_metal/hw/firmware/src/tt-1xx/trisc.cc,
0,1,1,TRISC_1,4162,13702850266230,0,0,,,TRISC-KERNEL,ZONE_START,89,/home/ijankowski/tt-metal-work/tt-metal/tt_metal/hw/firmware/src/tt-1xx/trisck.cc,
0,1,1,TRISC_1,53833,13702850266363,0,0,,,BW_SYN_TANH_MATERIALIZED,ZONE_START,16,/home/ijankowski/tmp/numerical-backward-synthesis/tt/kernels/compute/tanh_bw_baseline.cpp,
0,1,1,TRISC_1,53833,13702850308520,0,0,,,BW_SYN_TANH_MATERIALIZED,ZONE_END,16,/home/ijankowski/tmp/numerical-backward-synthesis/tt/kernels/compute/tanh_bw_baseline.cpp,
0,1,1,TRISC_1,4162,13702850308545,0,0,,,TRISC-KERNEL,ZONE_END,89,/home/ijankowski/tt-metal-work/tt-metal/tt_metal/hw/firmware/src/tt-1xx/trisck.cc,
0,1,1,TRISC_1,32810,13702850308585,0,0,,,TRISC-FW,ZONE_END,150,/home/ijankowski/tt-metal-work/tt-metal/tt_metal/hw/firmware/src/tt-1xx/trisc.cc,
0,1,1,TRISC_1,32810,13702867864422,0,0,,,TRISC-FW,ZONE_START,150,/home/ijankowski/tt-metal-work/tt-metal/tt_metal/hw/firmware/src/tt-1xx/trisc.cc,
0,1,1,TRISC_1,4162,13702867864618,0,0,,,TRISC-KERNEL,ZONE_START,89,/home/ijankowski/tt-metal-work/tt-metal/tt_metal/hw/firmware/src/tt-1xx/trisck.cc,
0,1,1,TRISC_1,25968,13702867864754,0,0,,,BW_SYN_TANH_FACTORED,ZONE_START,17,/home/ijankowski/tmp/numerical-backward-synthesis/tt/kernels/compute/tanh_bw_scale_separated.cpp,
0,1,1,TRISC_1,25968,13702867904533,0,0,,,BW_SYN_TANH_FACTORED,ZONE_END,17,/home/ijankowski/tmp/numerical-backward-synthesis/tt/kernels/compute/tanh_bw_scale_separated.cpp,
0,1,1,TRISC_1,4162,13702867904558,0,0,,,TRISC-KERNEL,ZONE_END,89,/home/ijankowski/tt-metal-work/tt-metal/tt_metal/hw/firmware/src/tt-1xx/trisck.cc,
0,1,1,TRISC_1,32810,13702867904599,0,0,,,TRISC-FW,ZONE_END,150,/home/ijankowski/tt-metal-work/tt-metal/tt_metal/hw/firmware/src/tt-1xx/trisc.cc,
0,1,1,TRISC_1,32810,13702885464628,0,0,,,TRISC-FW,ZONE_START,150,/home/ijankowski/tt-metal-work/tt-metal/tt_metal/hw/firmware/src/tt-1xx/trisc.cc,
0,1,1,TRISC_1,4162,13702885464817,0,0,,,TRISC-KERNEL,ZONE_START,89,/home/ijankowski/tt-metal-work/tt-metal/tt_metal/hw/firmware/src/tt-1xx/trisck.cc,
0,1,1,TRISC_1,53833,13702885464951,0,0,,,BW_SYN_TANH_MATERIALIZED,ZONE_START,16,/home/ijankowski/tmp/numerical-backward-synthesis/tt/kernels/compute/tanh_bw_baseline.cpp,
0,1,1,TRISC_1,53833,13702885507031,0,0,,,BW_SYN_TANH_MATERIALIZED,ZONE_END,16,/home/ijankowski/tmp/numerical-backward-synthesis/tt/kernels/compute/tanh_bw_baseline.cpp,
0,1,1,TRISC_1,4162,13702885507055,0,0,,,TRISC-KERNEL,ZONE_END,89,/home/ijankowski/tt-metal-work/tt-metal/tt_metal/hw/firmware/src/tt-1xx/trisck.cc,
0,1,1,TRISC_1,32810,13702885507095,0,0,,,TRISC-FW,ZONE_END,150,/home/ijankowski/tt-metal-work/tt-metal/tt_metal/hw/firmware/src/tt-1xx/trisc.cc,
0,1,1,TRISC_1,32810,13702902959893,0,0,,,TRISC-FW,ZONE_START,150,/home/ijankowski/tt-metal-work/tt-metal/tt_metal/hw/firmware/src/tt-1xx/trisc.cc,
0,1,1,TRISC_1,4162,13702902960094,0,0,,,TRISC-KERNEL,ZONE_START,89,/home/ijankowski/tt-metal-work/tt-metal/tt_metal/hw/firmware/src/tt-1xx/trisck.cc,
0,1,1,TRISC_1,25968,13702902960231,0,0,,,BW_SYN_TANH_FACTORED,ZONE_START,17,/home/ijankowski/tmp/numerical-backward-synthesis/tt/kernels/compute/tanh_bw_scale_separated.cpp,
0,1,1,TRISC_1,25968,13702902999841,0,0,,,BW_SYN_TANH_FACTORED,ZONE_END,17,/home/ijankowski/tmp/numerical-backward-synthesis/tt/kernels/compute/tanh_bw_scale_separated.cpp,
0,1,1,TRISC_1,4162,13702902999866,0,0,,,TRISC-KERNEL,ZONE_END,89,/home/ijankowski/tt-metal-work/tt-metal/tt_metal/hw/firmware/src/tt-1xx/trisck.cc,
0,1,1,TRISC_1,32810,13702902999907,0,0,,,TRISC-FW,ZONE_END,150,/home/ijankowski/tt-metal-work/tt-metal/tt_metal/hw/firmware/src/tt-1xx/trisc.cc,
0,1,1,TRISC_1,32810,13702920465235,0,0,,,TRISC-FW,ZONE_START,150,/home/ijankowski/tt-metal-work/tt-metal/tt_metal/hw/firmware/src/tt-1xx/trisc.cc,
0,1,1,TRISC_1,4162,13702920465434,0,0,,,TRISC-KERNEL,ZONE_START,89,/home/ijankowski/tt-metal-work/tt-metal/tt_metal/hw/firmware/src/tt-1xx/trisck.cc,
0,1,1,TRISC_1,53833,13702920465567,0,0,,,BW_SYN_TANH_MATERIALIZED,ZONE_START,16,/home/ijankowski/tmp/numerical-backward-synthesis/tt/kernels/compute/tanh_bw_baseline.cpp,
0,1,1,TRISC_1,53833,13702920507720,0,0,,,BW_SYN_TANH_MATERIALIZED,ZONE_END,16,/home/ijankowski/tmp/numerical-backward-synthesis/tt/kernels/compute/tanh_bw_baseline.cpp,
0,1,1,TRISC_1,4162,13702920507744,0,0,,,TRISC-KERNEL,ZONE_END,89,/home/ijankowski/tt-metal-work/tt-metal/tt_metal/hw/firmware/src/tt-1xx/trisck.cc,
0,1,1,TRISC_1,32810,13702920507784,0,0,,,TRISC-FW,ZONE_END,150,/home/ijankowski/tt-metal-work/tt-metal/tt_metal/hw/firmware/src/tt-1xx/trisc.cc,
0,1,1,TRISC_1,32810,13702937849821,0,0,,,TRISC-FW,ZONE_START,150,/home/ijankowski/tt-metal-work/tt-metal/tt_metal/hw/firmware/src/tt-1xx/trisc.cc,
0,1,1,TRISC_1,4162,13702937850017,0,0,,,TRISC-KERNEL,ZONE_START,89,/home/ijankowski/tt-metal-work/tt-metal/tt_metal/hw/firmware/src/tt-1xx/trisck.cc,
0,1,1,TRISC_1,25968,13702937850153,0,0,,,BW_SYN_TANH_FACTORED,ZONE_START,17,/home/ijankowski/tmp/numerical-backward-synthesis/tt/kernels/compute/tanh_bw_scale_separated.cpp,
0,1,1,TRISC_1,25968,13702937889793,0,0,,,BW_SYN_TANH_FACTORED,ZONE_END,17,/home/ijankowski/tmp/numerical-backward-synthesis/tt/kernels/compute/tanh_bw_scale_separated.cpp,
0,1,1,TRISC_1,4162,13702937889818,0,0,,,TRISC-KERNEL,ZONE_END,89,/home/ijankowski/tt-metal-work/tt-metal/tt_metal/hw/firmware/src/tt-1xx/trisck.cc,
0,1,1,TRISC_1,32810,13702937889859,0,0,,,TRISC-FW,ZONE_END,150,/home/ijankowski/tt-metal-work/tt-metal/tt_metal/hw/firmware/src/tt-1xx/trisc.cc,
0,1,1,TRISC_1,32810,13702955622964,0,0,,,TRISC-FW,ZONE_START,150,/home/ijankowski/tt-metal-work/tt-metal/tt_metal/hw/firmware/src/tt-1xx/trisc.cc,
0,1,1,TRISC_1,4162,13702955623153,0,0,,,TRISC-KERNEL,ZONE_START,89,/home/ijankowski/tt-metal-work/tt-metal/tt_metal/hw/firmware/src/tt-1xx/trisck.cc,
0,1,1,TRISC_1,53833,13702955623287,0,0,,,BW_SYN_TANH_MATERIALIZED,ZONE_START,16,/home/ijankowski/tmp/numerical-backward-synthesis/tt/kernels/compute/tanh_bw_baseline.cpp,
0,1,1,TRISC_1,53833,13702955665329,0,0,,,BW_SYN_TANH_MATERIALIZED,ZONE_END,16,/home/ijankowski/tmp/numerical-backward-synthesis/tt/kernels/compute/tanh_bw_baseline.cpp,
0,1,1,TRISC_1,4162,13702955665353,0,0,,,TRISC-KERNEL,ZONE_END,89,/home/ijankowski/tt-metal-work/tt-metal/tt_metal/hw/firmware/src/tt-1xx/trisck.cc,
0,1,1,TRISC_1,32810,13702955665393,0,0,,,TRISC-FW,ZONE_END,150,/home/ijankowski/tt-metal-work/tt-metal/tt_metal/hw/firmware/src/tt-1xx/trisc.cc,
0,1,1,TRISC_2,32810,13702031241400,0,0,,,TRISC-FW,ZONE_START,150,/home/ijankowski/tt-metal-work/tt-metal/tt_metal/hw/firmware/src/tt-1xx/trisc.cc,
0,1,1,TRISC_2,4162,13702031241842,0,0,,,TRISC-KERNEL,ZONE_START,89,/home/ijankowski/tt-metal-work/tt-metal/tt_metal/hw/firmware/src/tt-1xx/trisck.cc,
0,1,1,TRISC_2,25968,13702031242096,0,0,,,BW_SYN_TANH_FACTORED,ZONE_START,17,/home/ijankowski/tmp/numerical-backward-synthesis/tt/kernels/compute/tanh_bw_scale_separated.cpp,
0,1,1,TRISC_2,25968,13702031278263,0,0,,,BW_SYN_TANH_FACTORED,ZONE_END,17,/home/ijankowski/tmp/numerical-backward-synthesis/tt/kernels/compute/tanh_bw_scale_separated.cpp,
0,1,1,TRISC_2,4162,13702031278285,0,0,,,TRISC-KERNEL,ZONE_END,89,/home/ijankowski/tt-metal-work/tt-metal/tt_metal/hw/firmware/src/tt-1xx/trisck.cc,
0,1,1,TRISC_2,32810,13702031281537,0,0,,,TRISC-FW,ZONE_END,150,/home/ijankowski/tt-metal-work/tt-metal/tt_metal/hw/firmware/src/tt-1xx/trisc.cc,
0,1,1,TRISC_2,32810,13702064048048,0,0,,,TRISC-FW,ZONE_START,150,/home/ijankowski/tt-metal-work/tt-metal/tt_metal/hw/firmware/src/tt-1xx/trisc.cc,
0,1,1,TRISC_2,4162,13702064048497,0,0,,,TRISC-KERNEL,ZONE_START,89,/home/ijankowski/tt-metal-work/tt-metal/tt_metal/hw/firmware/src/tt-1xx/trisck.cc,
0,1,1,TRISC_2,53833,13702064048752,0,0,,,BW_SYN_TANH_MATERIALIZED,ZONE_START,16,/home/ijankowski/tmp/numerical-backward-synthesis/tt/kernels/compute/tanh_bw_baseline.cpp,
0,1,1,TRISC_2,53833,13702064089965,0,0,,,BW_SYN_TANH_MATERIALIZED,ZONE_END,16,/home/ijankowski/tmp/numerical-backward-synthesis/tt/kernels/compute/tanh_bw_baseline.cpp,
0,1,1,TRISC_2,4162,13702064089988,0,0,,,TRISC-KERNEL,ZONE_END,89,/home/ijankowski/tt-metal-work/tt-metal/tt_metal/hw/firmware/src/tt-1xx/trisck.cc,
0,1,1,TRISC_2,32810,13702064090613,0,0,,,TRISC-FW,ZONE_END,150,/home/ijankowski/tt-metal-work/tt-metal/tt_metal/hw/firmware/src/tt-1xx/trisc.cc,
0,1,1,TRISC_2,32810,13702082063461,0,0,,,TRISC-FW,ZONE_START,150,/home/ijankowski/tt-metal-work/tt-metal/tt_metal/hw/firmware/src/tt-1xx/trisc.cc,
0,1,1,TRISC_2,4162,13702082063902,0,0,,,TRISC-KERNEL,ZONE_START,89,/home/ijankowski/tt-metal-work/tt-metal/tt_metal/hw/firmware/src/tt-1xx/trisck.cc,
0,1,1,TRISC_2,25968,13702082064150,0,0,,,BW_SYN_TANH_FACTORED,ZONE_START,17,/home/ijankowski/tmp/numerical-backward-synthesis/tt/kernels/compute/tanh_bw_scale_separated.cpp,
0,1,1,TRISC_2,25968,13702082100331,0,0,,,BW_SYN_TANH_FACTORED,ZONE_END,17,/home/ijankowski/tmp/numerical-backward-synthesis/tt/kernels/compute/tanh_bw_scale_separated.cpp,
0,1,1,TRISC_2,4162,13702082100353,0,0,,,TRISC-KERNEL,ZONE_END,89,/home/ijankowski/tt-metal-work/tt-metal/tt_metal/hw/firmware/src/tt-1xx/trisck.cc,
0,1,1,TRISC_2,32810,13702082103609,0,0,,,TRISC-FW,ZONE_END,150,/home/ijankowski/tt-metal-work/tt-metal/tt_metal/hw/firmware/src/tt-1xx/trisc.cc,
0,1,1,TRISC_2,32810,13702099721946,0,0,,,TRISC-FW,ZONE_START,150,/home/ijankowski/tt-metal-work/tt-metal/tt_metal/hw/firmware/src/tt-1xx/trisc.cc,
0,1,1,TRISC_2,4162,13702099722396,0,0,,,TRISC-KERNEL,ZONE_START,89,/home/ijankowski/tt-metal-work/tt-metal/tt_metal/hw/firmware/src/tt-1xx/trisck.cc,
0,1,1,TRISC_2,53833,13702099722648,0,0,,,BW_SYN_TANH_MATERIALIZED,ZONE_START,16,/home/ijankowski/tmp/numerical-backward-synthesis/tt/kernels/compute/tanh_bw_baseline.cpp,
0,1,1,TRISC_2,53833,13702099763849,0,0,,,BW_SYN_TANH_MATERIALIZED,ZONE_END,16,/home/ijankowski/tmp/numerical-backward-synthesis/tt/kernels/compute/tanh_bw_baseline.cpp,
0,1,1,TRISC_2,4162,13702099763871,0,0,,,TRISC-KERNEL,ZONE_END,89,/home/ijankowski/tt-metal-work/tt-metal/tt_metal/hw/firmware/src/tt-1xx/trisck.cc,
0,1,1,TRISC_2,32810,13702099764481,0,0,,,TRISC-FW,ZONE_END,150,/home/ijankowski/tt-metal-work/tt-metal/tt_metal/hw/firmware/src/tt-1xx/trisc.cc,
0,1,1,TRISC_2,32810,13702117692055,0,0,,,TRISC-FW,ZONE_START,150,/home/ijankowski/tt-metal-work/tt-metal/tt_metal/hw/firmware/src/tt-1xx/trisc.cc,
0,1,1,TRISC_2,4162,13702117692505,0,0,,,TRISC-KERNEL,ZONE_START,89,/home/ijankowski/tt-metal-work/tt-metal/tt_metal/hw/firmware/src/tt-1xx/trisck.cc,
0,1,1,TRISC_2,25968,13702117692762,0,0,,,BW_SYN_TANH_FACTORED,ZONE_START,17,/home/ijankowski/tmp/numerical-backward-synthesis/tt/kernels/compute/tanh_bw_scale_separated.cpp,
0,1,1,TRISC_2,25968,13702117728925,0,0,,,BW_SYN_TANH_FACTORED,ZONE_END,17,/home/ijankowski/tmp/numerical-backward-synthesis/tt/kernels/compute/tanh_bw_scale_separated.cpp,
0,1,1,TRISC_2,4162,13702117728947,0,0,,,TRISC-KERNEL,ZONE_END,89,/home/ijankowski/tt-metal-work/tt-metal/tt_metal/hw/firmware/src/tt-1xx/trisck.cc,
0,1,1,TRISC_2,32810,13702117732191,0,0,,,TRISC-FW,ZONE_END,150,/home/ijankowski/tt-metal-work/tt-metal/tt_metal/hw/firmware/src/tt-1xx/trisc.cc,
0,1,1,TRISC_2,32810,13702135391811,0,0,,,TRISC-FW,ZONE_START,150,/home/ijankowski/tt-metal-work/tt-metal/tt_metal/hw/firmware/src/tt-1xx/trisc.cc,
0,1,1,TRISC_2,4162,13702135392257,0,0,,,TRISC-KERNEL,ZONE_START,89,/home/ijankowski/tt-metal-work/tt-metal/tt_metal/hw/firmware/src/tt-1xx/trisck.cc,
0,1,1,TRISC_2,53833,13702135392515,0,0,,,BW_SYN_TANH_MATERIALIZED,ZONE_START,16,/home/ijankowski/tmp/numerical-backward-synthesis/tt/kernels/compute/tanh_bw_baseline.cpp,
0,1,1,TRISC_2,53833,13702135433727,0,0,,,BW_SYN_TANH_MATERIALIZED,ZONE_END,16,/home/ijankowski/tmp/numerical-backward-synthesis/tt/kernels/compute/tanh_bw_baseline.cpp,
0,1,1,TRISC_2,4162,13702135433751,0,0,,,TRISC-KERNEL,ZONE_END,89,/home/ijankowski/tt-metal-work/tt-metal/tt_metal/hw/firmware/src/tt-1xx/trisck.cc,
0,1,1,TRISC_2,32810,13702135434379,0,0,,,TRISC-FW,ZONE_END,150,/home/ijankowski/tt-metal-work/tt-metal/tt_metal/hw/firmware/src/tt-1xx/trisc.cc,
0,1,1,TRISC_2,32810,13702153586729,0,0,,,TRISC-FW,ZONE_START,150,/home/ijankowski/tt-metal-work/tt-metal/tt_metal/hw/firmware/src/tt-1xx/trisc.cc,
0,1,1,TRISC_2,4162,13702153587182,0,0,,,TRISC-KERNEL,ZONE_START,89,/home/ijankowski/tt-metal-work/tt-metal/tt_metal/hw/firmware/src/tt-1xx/trisck.cc,
0,1,1,TRISC_2,25968,13702153587439,0,0,,,BW_SYN_TANH_FACTORED,ZONE_START,17,/home/ijankowski/tmp/numerical-backward-synthesis/tt/kernels/compute/tanh_bw_scale_separated.cpp,
0,1,1,TRISC_2,25968,13702153623664,0,0,,,BW_SYN_TANH_FACTORED,ZONE_END,17,/home/ijankowski/tmp/numerical-backward-synthesis/tt/kernels/compute/tanh_bw_scale_separated.cpp,
0,1,1,TRISC_2,4162,13702153623686,0,0,,,TRISC-KERNEL,ZONE_END,89,/home/ijankowski/tt-metal-work/tt-metal/tt_metal/hw/firmware/src/tt-1xx/trisck.cc,
0,1,1,TRISC_2,32810,13702153626938,0,0,,,TRISC-FW,ZONE_END,150,/home/ijankowski/tt-metal-work/tt-metal/tt_metal/hw/firmware/src/tt-1xx/trisc.cc,
0,1,1,TRISC_2,32810,13702171485295,0,0,,,TRISC-FW,ZONE_START,150,/home/ijankowski/tt-metal-work/tt-metal/tt_metal/hw/firmware/src/tt-1xx/trisc.cc,
0,1,1,TRISC_2,4162,13702171485736,0,0,,,TRISC-KERNEL,ZONE_START,89,/home/ijankowski/tt-metal-work/tt-metal/tt_metal/hw/firmware/src/tt-1xx/trisck.cc,
0,1,1,TRISC_2,53833,13702171485995,0,0,,,BW_SYN_TANH_MATERIALIZED,ZONE_START,16,/home/ijankowski/tmp/numerical-backward-synthesis/tt/kernels/compute/tanh_bw_baseline.cpp,
0,1,1,TRISC_2,53833,13702171527194,0,0,,,BW_SYN_TANH_MATERIALIZED,ZONE_END,16,/home/ijankowski/tmp/numerical-backward-synthesis/tt/kernels/compute/tanh_bw_baseline.cpp,
0,1,1,TRISC_2,4162,13702171527217,0,0,,,TRISC-KERNEL,ZONE_END,89,/home/ijankowski/tt-metal-work/tt-metal/tt_metal/hw/firmware/src/tt-1xx/trisck.cc,
0,1,1,TRISC_2,32810,13702171527838,0,0,,,TRISC-FW,ZONE_END,150,/home/ijankowski/tt-metal-work/tt-metal/tt_metal/hw/firmware/src/tt-1xx/trisc.cc,
0,1,1,TRISC_2,32810,13702189365456,0,0,,,TRISC-FW,ZONE_START,150,/home/ijankowski/tt-metal-work/tt-metal/tt_metal/hw/firmware/src/tt-1xx/trisc.cc,
0,1,1,TRISC_2,4162,13702189365902,0,0,,,TRISC-KERNEL,ZONE_START,89,/home/ijankowski/tt-metal-work/tt-metal/tt_metal/hw/firmware/src/tt-1xx/trisck.cc,
0,1,1,TRISC_2,25968,13702189366163,0,0,,,BW_SYN_TANH_FACTORED,ZONE_START,17,/home/ijankowski/tmp/numerical-backward-synthesis/tt/kernels/compute/tanh_bw_scale_separated.cpp,
0,1,1,TRISC_2,25968,13702189402488,0,0,,,BW_SYN_TANH_FACTORED,ZONE_END,17,/home/ijankowski/tmp/numerical-backward-synthesis/tt/kernels/compute/tanh_bw_scale_separated.cpp,
0,1,1,TRISC_2,4162,13702189402510,0,0,,,TRISC-KERNEL,ZONE_END,89,/home/ijankowski/tt-metal-work/tt-metal/tt_metal/hw/firmware/src/tt-1xx/trisck.cc,
0,1,1,TRISC_2,32810,13702189405582,0,0,,,TRISC-FW,ZONE_END,150,/home/ijankowski/tt-metal-work/tt-metal/tt_metal/hw/firmware/src/tt-1xx/trisc.cc,
0,1,1,TRISC_2,32810,13702207256749,0,0,,,TRISC-FW,ZONE_START,150,/home/ijankowski/tt-metal-work/tt-metal/tt_metal/hw/firmware/src/tt-1xx/trisc.cc,
0,1,1,TRISC_2,4162,13702207257198,0,0,,,TRISC-KERNEL,ZONE_START,89,/home/ijankowski/tt-metal-work/tt-metal/tt_metal/hw/firmware/src/tt-1xx/trisck.cc,
0,1,1,TRISC_2,53833,13702207257448,0,0,,,BW_SYN_TANH_MATERIALIZED,ZONE_START,16,/home/ijankowski/tmp/numerical-backward-synthesis/tt/kernels/compute/tanh_bw_baseline.cpp,
0,1,1,TRISC_2,53833,13702207298681,0,0,,,BW_SYN_TANH_MATERIALIZED,ZONE_END,16,/home/ijankowski/tmp/numerical-backward-synthesis/tt/kernels/compute/tanh_bw_baseline.cpp,
0,1,1,TRISC_2,4162,13702207298703,0,0,,,TRISC-KERNEL,ZONE_END,89,/home/ijankowski/tt-metal-work/tt-metal/tt_metal/hw/firmware/src/tt-1xx/trisck.cc,
0,1,1,TRISC_2,32810,13702207299315,0,0,,,TRISC-FW,ZONE_END,150,/home/ijankowski/tt-metal-work/tt-metal/tt_metal/hw/firmware/src/tt-1xx/trisc.cc,
0,1,1,TRISC_2,32810,13702224832707,0,0,,,TRISC-FW,ZONE_START,150,/home/ijankowski/tt-metal-work/tt-metal/tt_metal/hw/firmware/src/tt-1xx/trisc.cc,
0,1,1,TRISC_2,4162,13702224833148,0,0,,,TRISC-KERNEL,ZONE_START,89,/home/ijankowski/tt-metal-work/tt-metal/tt_metal/hw/firmware/src/tt-1xx/trisck.cc,
0,1,1,TRISC_2,25968,13702224833397,0,0,,,BW_SYN_TANH_FACTORED,ZONE_START,17,/home/ijankowski/tmp/numerical-backward-synthesis/tt/kernels/compute/tanh_bw_scale_separated.cpp,
0,1,1,TRISC_2,25968,13702224869570,0,0,,,BW_SYN_TANH_FACTORED,ZONE_END,17,/home/ijankowski/tmp/numerical-backward-synthesis/tt/kernels/compute/tanh_bw_scale_separated.cpp,
0,1,1,TRISC_2,4162,13702224869592,0,0,,,TRISC-KERNEL,ZONE_END,89,/home/ijankowski/tt-metal-work/tt-metal/tt_metal/hw/firmware/src/tt-1xx/trisck.cc,
0,1,1,TRISC_2,32810,13702224872827,0,0,,,TRISC-FW,ZONE_END,150,/home/ijankowski/tt-metal-work/tt-metal/tt_metal/hw/firmware/src/tt-1xx/trisc.cc,
0,1,1,TRISC_2,32810,13702242695149,0,0,,,TRISC-FW,ZONE_START,150,/home/ijankowski/tt-metal-work/tt-metal/tt_metal/hw/firmware/src/tt-1xx/trisc.cc,
0,1,1,TRISC_2,4162,13702242695597,0,0,,,TRISC-KERNEL,ZONE_START,89,/home/ijankowski/tt-metal-work/tt-metal/tt_metal/hw/firmware/src/tt-1xx/trisck.cc,
0,1,1,TRISC_2,53833,13702242695856,0,0,,,BW_SYN_TANH_MATERIALIZED,ZONE_START,16,/home/ijankowski/tmp/numerical-backward-synthesis/tt/kernels/compute/tanh_bw_baseline.cpp,
0,1,1,TRISC_2,53833,13702242737046,0,0,,,BW_SYN_TANH_MATERIALIZED,ZONE_END,16,/home/ijankowski/tmp/numerical-backward-synthesis/tt/kernels/compute/tanh_bw_baseline.cpp,
0,1,1,TRISC_2,4162,13702242737070,0,0,,,TRISC-KERNEL,ZONE_END,89,/home/ijankowski/tt-metal-work/tt-metal/tt_metal/hw/firmware/src/tt-1xx/trisck.cc,
0,1,1,TRISC_2,32810,13702242737688,0,0,,,TRISC-FW,ZONE_END,150,/home/ijankowski/tt-metal-work/tt-metal/tt_metal/hw/firmware/src/tt-1xx/trisc.cc,
0,1,1,TRISC_2,32810,13702260251978,0,0,,,TRISC-FW,ZONE_START,150,/home/ijankowski/tt-metal-work/tt-metal/tt_metal/hw/firmware/src/tt-1xx/trisc.cc,
0,1,1,TRISC_2,4162,13702260252429,0,0,,,TRISC-KERNEL,ZONE_START,89,/home/ijankowski/tt-metal-work/tt-metal/tt_metal/hw/firmware/src/tt-1xx/trisck.cc,
0,1,1,TRISC_2,25968,13702260252686,0,0,,,BW_SYN_TANH_FACTORED,ZONE_START,17,/home/ijankowski/tmp/numerical-backward-synthesis/tt/kernels/compute/tanh_bw_scale_separated.cpp,
0,1,1,TRISC_2,25968,13702260289004,0,0,,,BW_SYN_TANH_FACTORED,ZONE_END,17,/home/ijankowski/tmp/numerical-backward-synthesis/tt/kernels/compute/tanh_bw_scale_separated.cpp,
0,1,1,TRISC_2,4162,13702260289026,0,0,,,TRISC-KERNEL,ZONE_END,89,/home/ijankowski/tt-metal-work/tt-metal/tt_metal/hw/firmware/src/tt-1xx/trisck.cc,
0,1,1,TRISC_2,32810,13702260292265,0,0,,,TRISC-FW,ZONE_END,150,/home/ijankowski/tt-metal-work/tt-metal/tt_metal/hw/firmware/src/tt-1xx/trisc.cc,
0,1,1,TRISC_2,32810,13702278165099,0,0,,,TRISC-FW,ZONE_START,150,/home/ijankowski/tt-metal-work/tt-metal/tt_metal/hw/firmware/src/tt-1xx/trisc.cc,
0,1,1,TRISC_2,4162,13702278165546,0,0,,,TRISC-KERNEL,ZONE_START,89,/home/ijankowski/tt-metal-work/tt-metal/tt_metal/hw/firmware/src/tt-1xx/trisck.cc,
0,1,1,TRISC_2,53833,13702278165811,0,0,,,BW_SYN_TANH_MATERIALIZED,ZONE_START,16,/home/ijankowski/tmp/numerical-backward-synthesis/tt/kernels/compute/tanh_bw_baseline.cpp,
0,1,1,TRISC_2,53833,13702278206970,0,0,,,BW_SYN_TANH_MATERIALIZED,ZONE_END,16,/home/ijankowski/tmp/numerical-backward-synthesis/tt/kernels/compute/tanh_bw_baseline.cpp,
0,1,1,TRISC_2,4162,13702278206992,0,0,,,TRISC-KERNEL,ZONE_END,89,/home/ijankowski/tt-metal-work/tt-metal/tt_metal/hw/firmware/src/tt-1xx/trisck.cc,
0,1,1,TRISC_2,32810,13702278207603,0,0,,,TRISC-FW,ZONE_END,150,/home/ijankowski/tt-metal-work/tt-metal/tt_metal/hw/firmware/src/tt-1xx/trisc.cc,
0,1,1,TRISC_2,32810,13702295840473,0,0,,,TRISC-FW,ZONE_START,150,/home/ijankowski/tt-metal-work/tt-metal/tt_metal/hw/firmware/src/tt-1xx/trisc.cc,
0,1,1,TRISC_2,4162,13702295840919,0,0,,,TRISC-KERNEL,ZONE_START,89,/home/ijankowski/tt-metal-work/tt-metal/tt_metal/hw/firmware/src/tt-1xx/trisck.cc,
0,1,1,TRISC_2,25968,13702295841178,0,0,,,BW_SYN_TANH_FACTORED,ZONE_START,17,/home/ijankowski/tmp/numerical-backward-synthesis/tt/kernels/compute/tanh_bw_scale_separated.cpp,
0,1,1,TRISC_2,25968,13702295877361,0,0,,,BW_SYN_TANH_FACTORED,ZONE_END,17,/home/ijankowski/tmp/numerical-backward-synthesis/tt/kernels/compute/tanh_bw_scale_separated.cpp,
0,1,1,TRISC_2,4162,13702295877383,0,0,,,TRISC-KERNEL,ZONE_END,89,/home/ijankowski/tt-metal-work/tt-metal/tt_metal/hw/firmware/src/tt-1xx/trisck.cc,
0,1,1,TRISC_2,32810,13702295880626,0,0,,,TRISC-FW,ZONE_END,150,/home/ijankowski/tt-metal-work/tt-metal/tt_metal/hw/firmware/src/tt-1xx/trisc.cc,
0,1,1,TRISC_2,32810,13702313445303,0,0,,,TRISC-FW,ZONE_START,150,/home/ijankowski/tt-metal-work/tt-metal/tt_metal/hw/firmware/src/tt-1xx/trisc.cc,
0,1,1,TRISC_2,4162,13702313445753,0,0,,,TRISC-KERNEL,ZONE_START,89,/home/ijankowski/tt-metal-work/tt-metal/tt_metal/hw/firmware/src/tt-1xx/trisck.cc,
0,1,1,TRISC_2,53833,13702313446016,0,0,,,BW_SYN_TANH_MATERIALIZED,ZONE_START,16,/home/ijankowski/tmp/numerical-backward-synthesis/tt/kernels/compute/tanh_bw_baseline.cpp,
0,1,1,TRISC_2,53833,13702313487193,0,0,,,BW_SYN_TANH_MATERIALIZED,ZONE_END,16,/home/ijankowski/tmp/numerical-backward-synthesis/tt/kernels/compute/tanh_bw_baseline.cpp,
0,1,1,TRISC_2,4162,13702313487216,0,0,,,TRISC-KERNEL,ZONE_END,89,/home/ijankowski/tt-metal-work/tt-metal/tt_metal/hw/firmware/src/tt-1xx/trisck.cc,
0,1,1,TRISC_2,32810,13702313487840,0,0,,,TRISC-FW,ZONE_END,150,/home/ijankowski/tt-metal-work/tt-metal/tt_metal/hw/firmware/src/tt-1xx/trisc.cc,
0,1,1,TRISC_2,32810,13702331538433,0,0,,,TRISC-FW,ZONE_START,150,/home/ijankowski/tt-metal-work/tt-metal/tt_metal/hw/firmware/src/tt-1xx/trisc.cc,
0,1,1,TRISC_2,4162,13702331538886,0,0,,,TRISC-KERNEL,ZONE_START,89,/home/ijankowski/tt-metal-work/tt-metal/tt_metal/hw/firmware/src/tt-1xx/trisck.cc,
0,1,1,TRISC_2,25968,13702331539135,0,0,,,BW_SYN_TANH_FACTORED,ZONE_START,17,/home/ijankowski/tmp/numerical-backward-synthesis/tt/kernels/compute/tanh_bw_scale_separated.cpp,
0,1,1,TRISC_2,25968,13702331575301,0,0,,,BW_SYN_TANH_FACTORED,ZONE_END,17,/home/ijankowski/tmp/numerical-backward-synthesis/tt/kernels/compute/tanh_bw_scale_separated.cpp,
0,1,1,TRISC_2,4162,13702331575323,0,0,,,TRISC-KERNEL,ZONE_END,89,/home/ijankowski/tt-metal-work/tt-metal/tt_metal/hw/firmware/src/tt-1xx/trisck.cc,
0,1,1,TRISC_2,32810,13702331578562,0,0,,,TRISC-FW,ZONE_END,150,/home/ijankowski/tt-metal-work/tt-metal/tt_metal/hw/firmware/src/tt-1xx/trisc.cc,
0,1,1,TRISC_2,32810,13702349157723,0,0,,,TRISC-FW,ZONE_START,150,/home/ijankowski/tt-metal-work/tt-metal/tt_metal/hw/firmware/src/tt-1xx/trisc.cc,
0,1,1,TRISC_2,4162,13702349158166,0,0,,,TRISC-KERNEL,ZONE_START,89,/home/ijankowski/tt-metal-work/tt-metal/tt_metal/hw/firmware/src/tt-1xx/trisck.cc,
0,1,1,TRISC_2,53833,13702349158416,0,0,,,BW_SYN_TANH_MATERIALIZED,ZONE_START,16,/home/ijankowski/tmp/numerical-backward-synthesis/tt/kernels/compute/tanh_bw_baseline.cpp,
0,1,1,TRISC_2,53833,13702349199608,0,0,,,BW_SYN_TANH_MATERIALIZED,ZONE_END,16,/home/ijankowski/tmp/numerical-backward-synthesis/tt/kernels/compute/tanh_bw_baseline.cpp,
0,1,1,TRISC_2,4162,13702349199630,0,0,,,TRISC-KERNEL,ZONE_END,89,/home/ijankowski/tt-metal-work/tt-metal/tt_metal/hw/firmware/src/tt-1xx/trisck.cc,
0,1,1,TRISC_2,32810,13702349200244,0,0,,,TRISC-FW,ZONE_END,150,/home/ijankowski/tt-metal-work/tt-metal/tt_metal/hw/firmware/src/tt-1xx/trisc.cc,
0,1,1,TRISC_2,32810,13702366917080,0,0,,,TRISC-FW,ZONE_START,150,/home/ijankowski/tt-metal-work/tt-metal/tt_metal/hw/firmware/src/tt-1xx/trisc.cc,
0,1,1,TRISC_2,4162,13702366917526,0,0,,,TRISC-KERNEL,ZONE_START,89,/home/ijankowski/tt-metal-work/tt-metal/tt_metal/hw/firmware/src/tt-1xx/trisck.cc,
0,1,1,TRISC_2,25968,13702366917779,0,0,,,BW_SYN_TANH_FACTORED,ZONE_START,17,/home/ijankowski/tmp/numerical-backward-synthesis/tt/kernels/compute/tanh_bw_scale_separated.cpp,
0,1,1,TRISC_2,25968,13702366953987,0,0,,,BW_SYN_TANH_FACTORED,ZONE_END,17,/home/ijankowski/tmp/numerical-backward-synthesis/tt/kernels/compute/tanh_bw_scale_separated.cpp,
0,1,1,TRISC_2,4162,13702366954009,0,0,,,TRISC-KERNEL,ZONE_END,89,/home/ijankowski/tt-metal-work/tt-metal/tt_metal/hw/firmware/src/tt-1xx/trisck.cc,
0,1,1,TRISC_2,32810,13702366957181,0,0,,,TRISC-FW,ZONE_END,150,/home/ijankowski/tt-metal-work/tt-metal/tt_metal/hw/firmware/src/tt-1xx/trisc.cc,
0,1,1,TRISC_2,32810,13702384905778,0,0,,,TRISC-FW,ZONE_START,150,/home/ijankowski/tt-metal-work/tt-metal/tt_metal/hw/firmware/src/tt-1xx/trisc.cc,
0,1,1,TRISC_2,4162,13702384906231,0,0,,,TRISC-KERNEL,ZONE_START,89,/home/ijankowski/tt-metal-work/tt-metal/tt_metal/hw/firmware/src/tt-1xx/trisck.cc,
0,1,1,TRISC_2,53833,13702384906483,0,0,,,BW_SYN_TANH_MATERIALIZED,ZONE_START,16,/home/ijankowski/tmp/numerical-backward-synthesis/tt/kernels/compute/tanh_bw_baseline.cpp,
0,1,1,TRISC_2,53833,13702384947826,0,0,,,BW_SYN_TANH_MATERIALIZED,ZONE_END,16,/home/ijankowski/tmp/numerical-backward-synthesis/tt/kernels/compute/tanh_bw_baseline.cpp,
0,1,1,TRISC_2,4162,13702384947849,0,0,,,TRISC-KERNEL,ZONE_END,89,/home/ijankowski/tt-metal-work/tt-metal/tt_metal/hw/firmware/src/tt-1xx/trisck.cc,
0,1,1,TRISC_2,32810,13702384948467,0,0,,,TRISC-FW,ZONE_END,150,/home/ijankowski/tt-metal-work/tt-metal/tt_metal/hw/firmware/src/tt-1xx/trisc.cc,
0,1,1,TRISC_2,32810,13702402788012,0,0,,,TRISC-FW,ZONE_START,150,/home/ijankowski/tt-metal-work/tt-metal/tt_metal/hw/firmware/src/tt-1xx/trisc.cc,
0,1,1,TRISC_2,4162,13702402788462,0,0,,,TRISC-KERNEL,ZONE_START,89,/home/ijankowski/tt-metal-work/tt-metal/tt_metal/hw/firmware/src/tt-1xx/trisck.cc,
0,1,1,TRISC_2,25968,13702402788725,0,0,,,BW_SYN_TANH_FACTORED,ZONE_START,17,/home/ijankowski/tmp/numerical-backward-synthesis/tt/kernels/compute/tanh_bw_scale_separated.cpp,
0,1,1,TRISC_2,25968,13702402824839,0,0,,,BW_SYN_TANH_FACTORED,ZONE_END,17,/home/ijankowski/tmp/numerical-backward-synthesis/tt/kernels/compute/tanh_bw_scale_separated.cpp,
0,1,1,TRISC_2,4162,13702402824861,0,0,,,TRISC-KERNEL,ZONE_END,89,/home/ijankowski/tt-metal-work/tt-metal/tt_metal/hw/firmware/src/tt-1xx/trisck.cc,
0,1,1,TRISC_2,32810,13702402828110,0,0,,,TRISC-FW,ZONE_END,150,/home/ijankowski/tt-metal-work/tt-metal/tt_metal/hw/firmware/src/tt-1xx/trisc.cc,
0,1,1,TRISC_2,32810,13702420740351,0,0,,,TRISC-FW,ZONE_START,150,/home/ijankowski/tt-metal-work/tt-metal/tt_metal/hw/firmware/src/tt-1xx/trisc.cc,
0,1,1,TRISC_2,4162,13702420740800,0,0,,,TRISC-KERNEL,ZONE_START,89,/home/ijankowski/tt-metal-work/tt-metal/tt_metal/hw/firmware/src/tt-1xx/trisck.cc,
0,1,1,TRISC_2,53833,13702420741054,0,0,,,BW_SYN_TANH_MATERIALIZED,ZONE_START,16,/home/ijankowski/tmp/numerical-backward-synthesis/tt/kernels/compute/tanh_bw_baseline.cpp,
0,1,1,TRISC_2,53833,13702420782263,0,0,,,BW_SYN_TANH_MATERIALIZED,ZONE_END,16,/home/ijankowski/tmp/numerical-backward-synthesis/tt/kernels/compute/tanh_bw_baseline.cpp,
0,1,1,TRISC_2,4162,13702420782285,0,0,,,TRISC-KERNEL,ZONE_END,89,/home/ijankowski/tt-metal-work/tt-metal/tt_metal/hw/firmware/src/tt-1xx/trisck.cc,
0,1,1,TRISC_2,32810,13702420782900,0,0,,,TRISC-FW,ZONE_END,150,/home/ijankowski/tt-metal-work/tt-metal/tt_metal/hw/firmware/src/tt-1xx/trisc.cc,
0,1,1,TRISC_2,32810,13702438672953,0,0,,,TRISC-FW,ZONE_START,150,/home/ijankowski/tt-metal-work/tt-metal/tt_metal/hw/firmware/src/tt-1xx/trisc.cc,
0,1,1,TRISC_2,4162,13702438673403,0,0,,,TRISC-KERNEL,ZONE_START,89,/home/ijankowski/tt-metal-work/tt-metal/tt_metal/hw/firmware/src/tt-1xx/trisck.cc,
0,1,1,TRISC_2,25968,13702438673659,0,0,,,BW_SYN_TANH_FACTORED,ZONE_START,17,/home/ijankowski/tmp/numerical-backward-synthesis/tt/kernels/compute/tanh_bw_scale_separated.cpp,
0,1,1,TRISC_2,25968,13702438709804,0,0,,,BW_SYN_TANH_FACTORED,ZONE_END,17,/home/ijankowski/tmp/numerical-backward-synthesis/tt/kernels/compute/tanh_bw_scale_separated.cpp,
0,1,1,TRISC_2,4162,13702438709826,0,0,,,TRISC-KERNEL,ZONE_END,89,/home/ijankowski/tt-metal-work/tt-metal/tt_metal/hw/firmware/src/tt-1xx/trisck.cc,
0,1,1,TRISC_2,32810,13702438713059,0,0,,,TRISC-FW,ZONE_END,150,/home/ijankowski/tt-metal-work/tt-metal/tt_metal/hw/firmware/src/tt-1xx/trisc.cc,
0,1,1,TRISC_2,32810,13702456558596,0,0,,,TRISC-FW,ZONE_START,150,/home/ijankowski/tt-metal-work/tt-metal/tt_metal/hw/firmware/src/tt-1xx/trisc.cc,
0,1,1,TRISC_2,4162,13702456559045,0,0,,,TRISC-KERNEL,ZONE_START,89,/home/ijankowski/tt-metal-work/tt-metal/tt_metal/hw/firmware/src/tt-1xx/trisck.cc,
0,1,1,TRISC_2,53833,13702456559299,0,0,,,BW_SYN_TANH_MATERIALIZED,ZONE_START,16,/home/ijankowski/tmp/numerical-backward-synthesis/tt/kernels/compute/tanh_bw_baseline.cpp,
0,1,1,TRISC_2,53833,13702456600494,0,0,,,BW_SYN_TANH_MATERIALIZED,ZONE_END,16,/home/ijankowski/tmp/numerical-backward-synthesis/tt/kernels/compute/tanh_bw_baseline.cpp,
0,1,1,TRISC_2,4162,13702456600517,0,0,,,TRISC-KERNEL,ZONE_END,89,/home/ijankowski/tt-metal-work/tt-metal/tt_metal/hw/firmware/src/tt-1xx/trisck.cc,
0,1,1,TRISC_2,32810,13702456601136,0,0,,,TRISC-FW,ZONE_END,150,/home/ijankowski/tt-metal-work/tt-metal/tt_metal/hw/firmware/src/tt-1xx/trisc.cc,
0,1,1,TRISC_2,32810,13702474714891,0,0,,,TRISC-FW,ZONE_START,150,/home/ijankowski/tt-metal-work/tt-metal/tt_metal/hw/firmware/src/tt-1xx/trisc.cc,
0,1,1,TRISC_2,4162,13702474715340,0,0,,,TRISC-KERNEL,ZONE_START,89,/home/ijankowski/tt-metal-work/tt-metal/tt_metal/hw/firmware/src/tt-1xx/trisck.cc,
0,1,1,TRISC_2,25968,13702474715590,0,0,,,BW_SYN_TANH_FACTORED,ZONE_START,17,/home/ijankowski/tmp/numerical-backward-synthesis/tt/kernels/compute/tanh_bw_scale_separated.cpp,
0,1,1,TRISC_2,25968,13702474751744,0,0,,,BW_SYN_TANH_FACTORED,ZONE_END,17,/home/ijankowski/tmp/numerical-backward-synthesis/tt/kernels/compute/tanh_bw_scale_separated.cpp,
0,1,1,TRISC_2,4162,13702474751766,0,0,,,TRISC-KERNEL,ZONE_END,89,/home/ijankowski/tt-metal-work/tt-metal/tt_metal/hw/firmware/src/tt-1xx/trisck.cc,
0,1,1,TRISC_2,32810,13702474755018,0,0,,,TRISC-FW,ZONE_END,150,/home/ijankowski/tt-metal-work/tt-metal/tt_metal/hw/firmware/src/tt-1xx/trisc.cc,
0,1,1,TRISC_2,32810,13702492265086,0,0,,,TRISC-FW,ZONE_START,150,/home/ijankowski/tt-metal-work/tt-metal/tt_metal/hw/firmware/src/tt-1xx/trisc.cc,
0,1,1,TRISC_2,4162,13702492265541,0,0,,,TRISC-KERNEL,ZONE_START,89,/home/ijankowski/tt-metal-work/tt-metal/tt_metal/hw/firmware/src/tt-1xx/trisck.cc,
0,1,1,TRISC_2,53833,13702492265797,0,0,,,BW_SYN_TANH_MATERIALIZED,ZONE_START,16,/home/ijankowski/tmp/numerical-backward-synthesis/tt/kernels/compute/tanh_bw_baseline.cpp,
0,1,1,TRISC_2,53833,13702492306951,0,0,,,BW_SYN_TANH_MATERIALIZED,ZONE_END,16,/home/ijankowski/tmp/numerical-backward-synthesis/tt/kernels/compute/tanh_bw_baseline.cpp,
0,1,1,TRISC_2,4162,13702492306974,0,0,,,TRISC-KERNEL,ZONE_END,89,/home/ijankowski/tt-metal-work/tt-metal/tt_metal/hw/firmware/src/tt-1xx/trisck.cc,
0,1,1,TRISC_2,32810,13702492307599,0,0,,,TRISC-FW,ZONE_END,150,/home/ijankowski/tt-metal-work/tt-metal/tt_metal/hw/firmware/src/tt-1xx/trisc.cc,
0,1,1,TRISC_2,32810,13702510193127,0,0,,,TRISC-FW,ZONE_START,150,/home/ijankowski/tt-metal-work/tt-metal/tt_metal/hw/firmware/src/tt-1xx/trisc.cc,
0,1,1,TRISC_2,4162,13702510193566,0,0,,,TRISC-KERNEL,ZONE_START,89,/home/ijankowski/tt-metal-work/tt-metal/tt_metal/hw/firmware/src/tt-1xx/trisck.cc,
0,1,1,TRISC_2,25968,13702510193820,0,0,,,BW_SYN_TANH_FACTORED,ZONE_START,17,/home/ijankowski/tmp/numerical-backward-synthesis/tt/kernels/compute/tanh_bw_scale_separated.cpp,
0,1,1,TRISC_2,25968,13702510229999,0,0,,,BW_SYN_TANH_FACTORED,ZONE_END,17,/home/ijankowski/tmp/numerical-backward-synthesis/tt/kernels/compute/tanh_bw_scale_separated.cpp,
0,1,1,TRISC_2,4162,13702510230021,0,0,,,TRISC-KERNEL,ZONE_END,89,/home/ijankowski/tt-metal-work/tt-metal/tt_metal/hw/firmware/src/tt-1xx/trisck.cc,
0,1,1,TRISC_2,32810,13702510233263,0,0,,,TRISC-FW,ZONE_END,150,/home/ijankowski/tt-metal-work/tt-metal/tt_metal/hw/firmware/src/tt-1xx/trisc.cc,
0,1,1,TRISC_2,32810,13702529789631,0,0,,,TRISC-FW,ZONE_START,150,/home/ijankowski/tt-metal-work/tt-metal/tt_metal/hw/firmware/src/tt-1xx/trisc.cc,
0,1,1,TRISC_2,4162,13702529790070,0,0,,,TRISC-KERNEL,ZONE_START,89,/home/ijankowski/tt-metal-work/tt-metal/tt_metal/hw/firmware/src/tt-1xx/trisck.cc,
0,1,1,TRISC_2,53833,13702529790327,0,0,,,BW_SYN_TANH_MATERIALIZED,ZONE_START,16,/home/ijankowski/tmp/numerical-backward-synthesis/tt/kernels/compute/tanh_bw_baseline.cpp,
0,1,1,TRISC_2,53833,13702529831592,0,0,,,BW_SYN_TANH_MATERIALIZED,ZONE_END,16,/home/ijankowski/tmp/numerical-backward-synthesis/tt/kernels/compute/tanh_bw_baseline.cpp,
0,1,1,TRISC_2,4162,13702529831615,0,0,,,TRISC-KERNEL,ZONE_END,89,/home/ijankowski/tt-metal-work/tt-metal/tt_metal/hw/firmware/src/tt-1xx/trisck.cc,
0,1,1,TRISC_2,32810,13702529832242,0,0,,,TRISC-FW,ZONE_END,150,/home/ijankowski/tt-metal-work/tt-metal/tt_metal/hw/firmware/src/tt-1xx/trisc.cc,
0,1,1,TRISC_2,32810,13702547401188,0,0,,,TRISC-FW,ZONE_START,150,/home/ijankowski/tt-metal-work/tt-metal/tt_metal/hw/firmware/src/tt-1xx/trisc.cc,
0,1,1,TRISC_2,4162,13702547401640,0,0,,,TRISC-KERNEL,ZONE_START,89,/home/ijankowski/tt-metal-work/tt-metal/tt_metal/hw/firmware/src/tt-1xx/trisck.cc,
0,1,1,TRISC_2,25968,13702547401892,0,0,,,BW_SYN_TANH_FACTORED,ZONE_START,17,/home/ijankowski/tmp/numerical-backward-synthesis/tt/kernels/compute/tanh_bw_scale_separated.cpp,
0,1,1,TRISC_2,25968,13702547438090,0,0,,,BW_SYN_TANH_FACTORED,ZONE_END,17,/home/ijankowski/tmp/numerical-backward-synthesis/tt/kernels/compute/tanh_bw_scale_separated.cpp,
0,1,1,TRISC_2,4162,13702547438112,0,0,,,TRISC-KERNEL,ZONE_END,89,/home/ijankowski/tt-metal-work/tt-metal/tt_metal/hw/firmware/src/tt-1xx/trisck.cc,
0,1,1,TRISC_2,32810,13702547441356,0,0,,,TRISC-FW,ZONE_END,150,/home/ijankowski/tt-metal-work/tt-metal/tt_metal/hw/firmware/src/tt-1xx/trisc.cc,
0,1,1,TRISC_2,32810,13702564976957,0,0,,,TRISC-FW,ZONE_START,150,/home/ijankowski/tt-metal-work/tt-metal/tt_metal/hw/firmware/src/tt-1xx/trisc.cc,
0,1,1,TRISC_2,4162,13702564977399,0,0,,,TRISC-KERNEL,ZONE_START,89,/home/ijankowski/tt-metal-work/tt-metal/tt_metal/hw/firmware/src/tt-1xx/trisck.cc,
0,1,1,TRISC_2,53833,13702564977653,0,0,,,BW_SYN_TANH_MATERIALIZED,ZONE_START,16,/home/ijankowski/tmp/numerical-backward-synthesis/tt/kernels/compute/tanh_bw_baseline.cpp,
0,1,1,TRISC_2,53833,13702565018853,0,0,,,BW_SYN_TANH_MATERIALIZED,ZONE_END,16,/home/ijankowski/tmp/numerical-backward-synthesis/tt/kernels/compute/tanh_bw_baseline.cpp,
0,1,1,TRISC_2,4162,13702565018876,0,0,,,TRISC-KERNEL,ZONE_END,89,/home/ijankowski/tt-metal-work/tt-metal/tt_metal/hw/firmware/src/tt-1xx/trisck.cc,
0,1,1,TRISC_2,32810,13702565019494,0,0,,,TRISC-FW,ZONE_END,150,/home/ijankowski/tt-metal-work/tt-metal/tt_metal/hw/firmware/src/tt-1xx/trisc.cc,
0,1,1,TRISC_2,32810,13702582537831,0,0,,,TRISC-FW,ZONE_START,150,/home/ijankowski/tt-metal-work/tt-metal/tt_metal/hw/firmware/src/tt-1xx/trisc.cc,
0,1,1,TRISC_2,4162,13702582538278,0,0,,,TRISC-KERNEL,ZONE_START,89,/home/ijankowski/tt-metal-work/tt-metal/tt_metal/hw/firmware/src/tt-1xx/trisck.cc,
0,1,1,TRISC_2,25968,13702582538534,0,0,,,BW_SYN_TANH_FACTORED,ZONE_START,17,/home/ijankowski/tmp/numerical-backward-synthesis/tt/kernels/compute/tanh_bw_scale_separated.cpp,
0,1,1,TRISC_2,25968,13702582574699,0,0,,,BW_SYN_TANH_FACTORED,ZONE_END,17,/home/ijankowski/tmp/numerical-backward-synthesis/tt/kernels/compute/tanh_bw_scale_separated.cpp,
0,1,1,TRISC_2,4162,13702582574721,0,0,,,TRISC-KERNEL,ZONE_END,89,/home/ijankowski/tt-metal-work/tt-metal/tt_metal/hw/firmware/src/tt-1xx/trisck.cc,
0,1,1,TRISC_2,32810,13702582577965,0,0,,,TRISC-FW,ZONE_END,150,/home/ijankowski/tt-metal-work/tt-metal/tt_metal/hw/firmware/src/tt-1xx/trisc.cc,
0,1,1,TRISC_2,32810,13702600067285,0,0,,,TRISC-FW,ZONE_START,150,/home/ijankowski/tt-metal-work/tt-metal/tt_metal/hw/firmware/src/tt-1xx/trisc.cc,
0,1,1,TRISC_2,4162,13702600067731,0,0,,,TRISC-KERNEL,ZONE_START,89,/home/ijankowski/tt-metal-work/tt-metal/tt_metal/hw/firmware/src/tt-1xx/trisck.cc,
0,1,1,TRISC_2,53833,13702600067989,0,0,,,BW_SYN_TANH_MATERIALIZED,ZONE_START,16,/home/ijankowski/tmp/numerical-backward-synthesis/tt/kernels/compute/tanh_bw_baseline.cpp,
0,1,1,TRISC_2,53833,13702600109173,0,0,,,BW_SYN_TANH_MATERIALIZED,ZONE_END,16,/home/ijankowski/tmp/numerical-backward-synthesis/tt/kernels/compute/tanh_bw_baseline.cpp,
0,1,1,TRISC_2,4162,13702600109195,0,0,,,TRISC-KERNEL,ZONE_END,89,/home/ijankowski/tt-metal-work/tt-metal/tt_metal/hw/firmware/src/tt-1xx/trisck.cc,
0,1,1,TRISC_2,32810,13702600109802,0,0,,,TRISC-FW,ZONE_END,150,/home/ijankowski/tt-metal-work/tt-metal/tt_metal/hw/firmware/src/tt-1xx/trisc.cc,
0,1,1,TRISC_2,32810,13702618657401,0,0,,,TRISC-FW,ZONE_START,150,/home/ijankowski/tt-metal-work/tt-metal/tt_metal/hw/firmware/src/tt-1xx/trisc.cc,
0,1,1,TRISC_2,4162,13702618657851,0,0,,,TRISC-KERNEL,ZONE_START,89,/home/ijankowski/tt-metal-work/tt-metal/tt_metal/hw/firmware/src/tt-1xx/trisck.cc,
0,1,1,TRISC_2,25968,13702618658103,0,0,,,BW_SYN_TANH_FACTORED,ZONE_START,17,/home/ijankowski/tmp/numerical-backward-synthesis/tt/kernels/compute/tanh_bw_scale_separated.cpp,
0,1,1,TRISC_2,25968,13702618694444,0,0,,,BW_SYN_TANH_FACTORED,ZONE_END,17,/home/ijankowski/tmp/numerical-backward-synthesis/tt/kernels/compute/tanh_bw_scale_separated.cpp,
0,1,1,TRISC_2,4162,13702618694466,0,0,,,TRISC-KERNEL,ZONE_END,89,/home/ijankowski/tt-metal-work/tt-metal/tt_metal/hw/firmware/src/tt-1xx/trisck.cc,
0,1,1,TRISC_2,32810,13702618697542,0,0,,,TRISC-FW,ZONE_END,150,/home/ijankowski/tt-metal-work/tt-metal/tt_metal/hw/firmware/src/tt-1xx/trisc.cc,
0,1,1,TRISC_2,32810,13702636350660,0,0,,,TRISC-FW,ZONE_START,150,/home/ijankowski/tt-metal-work/tt-metal/tt_metal/hw/firmware/src/tt-1xx/trisc.cc,
0,1,1,TRISC_2,4162,13702636351105,0,0,,,TRISC-KERNEL,ZONE_START,89,/home/ijankowski/tt-metal-work/tt-metal/tt_metal/hw/firmware/src/tt-1xx/trisck.cc,
0,1,1,TRISC_2,53833,13702636351367,0,0,,,BW_SYN_TANH_MATERIALIZED,ZONE_START,16,/home/ijankowski/tmp/numerical-backward-synthesis/tt/kernels/compute/tanh_bw_baseline.cpp,
0,1,1,TRISC_2,53833,13702636392746,0,0,,,BW_SYN_TANH_MATERIALIZED,ZONE_END,16,/home/ijankowski/tmp/numerical-backward-synthesis/tt/kernels/compute/tanh_bw_baseline.cpp,
0,1,1,TRISC_2,4162,13702636392768,0,0,,,TRISC-KERNEL,ZONE_END,89,/home/ijankowski/tt-metal-work/tt-metal/tt_metal/hw/firmware/src/tt-1xx/trisck.cc,
0,1,1,TRISC_2,32810,13702636393384,0,0,,,TRISC-FW,ZONE_END,150,/home/ijankowski/tt-metal-work/tt-metal/tt_metal/hw/firmware/src/tt-1xx/trisc.cc,
0,1,1,TRISC_2,32810,13702654153936,0,0,,,TRISC-FW,ZONE_START,150,/home/ijankowski/tt-metal-work/tt-metal/tt_metal/hw/firmware/src/tt-1xx/trisc.cc,
0,1,1,TRISC_2,4162,13702654154386,0,0,,,TRISC-KERNEL,ZONE_START,89,/home/ijankowski/tt-metal-work/tt-metal/tt_metal/hw/firmware/src/tt-1xx/trisck.cc,
0,1,1,TRISC_2,25968,13702654154654,0,0,,,BW_SYN_TANH_FACTORED,ZONE_START,17,/home/ijankowski/tmp/numerical-backward-synthesis/tt/kernels/compute/tanh_bw_scale_separated.cpp,
0,1,1,TRISC_2,25968,13702654190779,0,0,,,BW_SYN_TANH_FACTORED,ZONE_END,17,/home/ijankowski/tmp/numerical-backward-synthesis/tt/kernels/compute/tanh_bw_scale_separated.cpp,
0,1,1,TRISC_2,4162,13702654190801,0,0,,,TRISC-KERNEL,ZONE_END,89,/home/ijankowski/tt-metal-work/tt-metal/tt_metal/hw/firmware/src/tt-1xx/trisck.cc,
0,1,1,TRISC_2,32810,13702654194046,0,0,,,TRISC-FW,ZONE_END,150,/home/ijankowski/tt-metal-work/tt-metal/tt_metal/hw/firmware/src/tt-1xx/trisc.cc,
0,1,1,TRISC_2,32810,13702672011538,0,0,,,TRISC-FW,ZONE_START,150,/home/ijankowski/tt-metal-work/tt-metal/tt_metal/hw/firmware/src/tt-1xx/trisc.cc,
0,1,1,TRISC_2,4162,13702672011981,0,0,,,TRISC-KERNEL,ZONE_START,89,/home/ijankowski/tt-metal-work/tt-metal/tt_metal/hw/firmware/src/tt-1xx/trisck.cc,
0,1,1,TRISC_2,53833,13702672012239,0,0,,,BW_SYN_TANH_MATERIALIZED,ZONE_START,16,/home/ijankowski/tmp/numerical-backward-synthesis/tt/kernels/compute/tanh_bw_baseline.cpp,
0,1,1,TRISC_2,53833,13702672053462,0,0,,,BW_SYN_TANH_MATERIALIZED,ZONE_END,16,/home/ijankowski/tmp/numerical-backward-synthesis/tt/kernels/compute/tanh_bw_baseline.cpp,
0,1,1,TRISC_2,4162,13702672053484,0,0,,,TRISC-KERNEL,ZONE_END,89,/home/ijankowski/tt-metal-work/tt-metal/tt_metal/hw/firmware/src/tt-1xx/trisck.cc,
0,1,1,TRISC_2,32810,13702672054100,0,0,,,TRISC-FW,ZONE_END,150,/home/ijankowski/tt-metal-work/tt-metal/tt_metal/hw/firmware/src/tt-1xx/trisc.cc,
0,1,1,TRISC_2,32810,13702690014510,0,0,,,TRISC-FW,ZONE_START,150,/home/ijankowski/tt-metal-work/tt-metal/tt_metal/hw/firmware/src/tt-1xx/trisc.cc,
0,1,1,TRISC_2,4162,13702690014951,0,0,,,TRISC-KERNEL,ZONE_START,89,/home/ijankowski/tt-metal-work/tt-metal/tt_metal/hw/firmware/src/tt-1xx/trisck.cc,
0,1,1,TRISC_2,25968,13702690015200,0,0,,,BW_SYN_TANH_FACTORED,ZONE_START,17,/home/ijankowski/tmp/numerical-backward-synthesis/tt/kernels/compute/tanh_bw_scale_separated.cpp,
0,1,1,TRISC_2,25968,13702690051388,0,0,,,BW_SYN_TANH_FACTORED,ZONE_END,17,/home/ijankowski/tmp/numerical-backward-synthesis/tt/kernels/compute/tanh_bw_scale_separated.cpp,
0,1,1,TRISC_2,4162,13702690051410,0,0,,,TRISC-KERNEL,ZONE_END,89,/home/ijankowski/tt-metal-work/tt-metal/tt_metal/hw/firmware/src/tt-1xx/trisck.cc,
0,1,1,TRISC_2,32810,13702690054666,0,0,,,TRISC-FW,ZONE_END,150,/home/ijankowski/tt-metal-work/tt-metal/tt_metal/hw/firmware/src/tt-1xx/trisc.cc,
0,1,1,TRISC_2,32810,13702708055884,0,0,,,TRISC-FW,ZONE_START,150,/home/ijankowski/tt-metal-work/tt-metal/tt_metal/hw/firmware/src/tt-1xx/trisc.cc,
0,1,1,TRISC_2,4162,13702708056333,0,0,,,TRISC-KERNEL,ZONE_START,89,/home/ijankowski/tt-metal-work/tt-metal/tt_metal/hw/firmware/src/tt-1xx/trisck.cc,
0,1,1,TRISC_2,53833,13702708056592,0,0,,,BW_SYN_TANH_MATERIALIZED,ZONE_START,16,/home/ijankowski/tmp/numerical-backward-synthesis/tt/kernels/compute/tanh_bw_baseline.cpp,
0,1,1,TRISC_2,53833,13702708097851,0,0,,,BW_SYN_TANH_MATERIALIZED,ZONE_END,16,/home/ijankowski/tmp/numerical-backward-synthesis/tt/kernels/compute/tanh_bw_baseline.cpp,
0,1,1,TRISC_2,4162,13702708097874,0,0,,,TRISC-KERNEL,ZONE_END,89,/home/ijankowski/tt-metal-work/tt-metal/tt_metal/hw/firmware/src/tt-1xx/trisck.cc,
0,1,1,TRISC_2,32810,13702708098491,0,0,,,TRISC-FW,ZONE_END,150,/home/ijankowski/tt-metal-work/tt-metal/tt_metal/hw/firmware/src/tt-1xx/trisc.cc,
0,1,1,TRISC_2,32810,13702726148714,0,0,,,TRISC-FW,ZONE_START,150,/home/ijankowski/tt-metal-work/tt-metal/tt_metal/hw/firmware/src/tt-1xx/trisc.cc,
0,1,1,TRISC_2,4162,13702726149172,0,0,,,TRISC-KERNEL,ZONE_START,89,/home/ijankowski/tt-metal-work/tt-metal/tt_metal/hw/firmware/src/tt-1xx/trisck.cc,
0,1,1,TRISC_2,25968,13702726149437,0,0,,,BW_SYN_TANH_FACTORED,ZONE_START,17,/home/ijankowski/tmp/numerical-backward-synthesis/tt/kernels/compute/tanh_bw_scale_separated.cpp,
0,1,1,TRISC_2,25968,13702726185662,0,0,,,BW_SYN_TANH_FACTORED,ZONE_END,17,/home/ijankowski/tmp/numerical-backward-synthesis/tt/kernels/compute/tanh_bw_scale_separated.cpp,
0,1,1,TRISC_2,4162,13702726185684,0,0,,,TRISC-KERNEL,ZONE_END,89,/home/ijankowski/tt-metal-work/tt-metal/tt_metal/hw/firmware/src/tt-1xx/trisck.cc,
0,1,1,TRISC_2,32810,13702726188936,0,0,,,TRISC-FW,ZONE_END,150,/home/ijankowski/tt-metal-work/tt-metal/tt_metal/hw/firmware/src/tt-1xx/trisc.cc,
0,1,1,TRISC_2,32810,13702744085745,0,0,,,TRISC-FW,ZONE_START,150,/home/ijankowski/tt-metal-work/tt-metal/tt_metal/hw/firmware/src/tt-1xx/trisc.cc,
0,1,1,TRISC_2,4162,13702744086185,0,0,,,TRISC-KERNEL,ZONE_START,89,/home/ijankowski/tt-metal-work/tt-metal/tt_metal/hw/firmware/src/tt-1xx/trisck.cc,
0,1,1,TRISC_2,53833,13702744086436,0,0,,,BW_SYN_TANH_MATERIALIZED,ZONE_START,16,/home/ijankowski/tmp/numerical-backward-synthesis/tt/kernels/compute/tanh_bw_baseline.cpp,
0,1,1,TRISC_2,53833,13702744127635,0,0,,,BW_SYN_TANH_MATERIALIZED,ZONE_END,16,/home/ijankowski/tmp/numerical-backward-synthesis/tt/kernels/compute/tanh_bw_baseline.cpp,
0,1,1,TRISC_2,4162,13702744127658,0,0,,,TRISC-KERNEL,ZONE_END,89,/home/ijankowski/tt-metal-work/tt-metal/tt_metal/hw/firmware/src/tt-1xx/trisck.cc,
0,1,1,TRISC_2,32810,13702744128285,0,0,,,TRISC-FW,ZONE_END,150,/home/ijankowski/tt-metal-work/tt-metal/tt_metal/hw/firmware/src/tt-1xx/trisc.cc,
0,1,1,TRISC_2,32810,13702761996449,0,0,,,TRISC-FW,ZONE_START,150,/home/ijankowski/tt-metal-work/tt-metal/tt_metal/hw/firmware/src/tt-1xx/trisc.cc,
0,1,1,TRISC_2,4162,13702761996895,0,0,,,TRISC-KERNEL,ZONE_START,89,/home/ijankowski/tt-metal-work/tt-metal/tt_metal/hw/firmware/src/tt-1xx/trisck.cc,
0,1,1,TRISC_2,25968,13702761997163,0,0,,,BW_SYN_TANH_FACTORED,ZONE_START,17,/home/ijankowski/tmp/numerical-backward-synthesis/tt/kernels/compute/tanh_bw_scale_separated.cpp,
0,1,1,TRISC_2,25968,13702762033279,0,0,,,BW_SYN_TANH_FACTORED,ZONE_END,17,/home/ijankowski/tmp/numerical-backward-synthesis/tt/kernels/compute/tanh_bw_scale_separated.cpp,
0,1,1,TRISC_2,4162,13702762033301,0,0,,,TRISC-KERNEL,ZONE_END,89,/home/ijankowski/tt-metal-work/tt-metal/tt_metal/hw/firmware/src/tt-1xx/trisck.cc,
0,1,1,TRISC_2,32810,13702762036549,0,0,,,TRISC-FW,ZONE_END,150,/home/ijankowski/tt-metal-work/tt-metal/tt_metal/hw/firmware/src/tt-1xx/trisc.cc,
0,1,1,TRISC_2,32810,13702779582926,0,0,,,TRISC-FW,ZONE_START,150,/home/ijankowski/tt-metal-work/tt-metal/tt_metal/hw/firmware/src/tt-1xx/trisc.cc,
0,1,1,TRISC_2,4162,13702779583363,0,0,,,TRISC-KERNEL,ZONE_START,89,/home/ijankowski/tt-metal-work/tt-metal/tt_metal/hw/firmware/src/tt-1xx/trisck.cc,
0,1,1,TRISC_2,53833,13702779583617,0,0,,,BW_SYN_TANH_MATERIALIZED,ZONE_START,16,/home/ijankowski/tmp/numerical-backward-synthesis/tt/kernels/compute/tanh_bw_baseline.cpp,
0,1,1,TRISC_2,53833,13702779624839,0,0,,,BW_SYN_TANH_MATERIALIZED,ZONE_END,16,/home/ijankowski/tmp/numerical-backward-synthesis/tt/kernels/compute/tanh_bw_baseline.cpp,
0,1,1,TRISC_2,4162,13702779624861,0,0,,,TRISC-KERNEL,ZONE_END,89,/home/ijankowski/tt-metal-work/tt-metal/tt_metal/hw/firmware/src/tt-1xx/trisck.cc,
0,1,1,TRISC_2,32810,13702779625474,0,0,,,TRISC-FW,ZONE_END,150,/home/ijankowski/tt-metal-work/tt-metal/tt_metal/hw/firmware/src/tt-1xx/trisc.cc,
0,1,1,TRISC_2,32810,13702797041345,0,0,,,TRISC-FW,ZONE_START,150,/home/ijankowski/tt-metal-work/tt-metal/tt_metal/hw/firmware/src/tt-1xx/trisc.cc,
0,1,1,TRISC_2,4162,13702797041792,0,0,,,TRISC-KERNEL,ZONE_START,89,/home/ijankowski/tt-metal-work/tt-metal/tt_metal/hw/firmware/src/tt-1xx/trisck.cc,
0,1,1,TRISC_2,25968,13702797042043,0,0,,,BW_SYN_TANH_FACTORED,ZONE_START,17,/home/ijankowski/tmp/numerical-backward-synthesis/tt/kernels/compute/tanh_bw_scale_separated.cpp,
0,1,1,TRISC_2,25968,13702797078204,0,0,,,BW_SYN_TANH_FACTORED,ZONE_END,17,/home/ijankowski/tmp/numerical-backward-synthesis/tt/kernels/compute/tanh_bw_scale_separated.cpp,
0,1,1,TRISC_2,4162,13702797078226,0,0,,,TRISC-KERNEL,ZONE_END,89,/home/ijankowski/tt-metal-work/tt-metal/tt_metal/hw/firmware/src/tt-1xx/trisck.cc,
0,1,1,TRISC_2,32810,13702797081477,0,0,,,TRISC-FW,ZONE_END,150,/home/ijankowski/tt-metal-work/tt-metal/tt_metal/hw/firmware/src/tt-1xx/trisc.cc,
0,1,1,TRISC_2,32810,13702814846546,0,0,,,TRISC-FW,ZONE_START,150,/home/ijankowski/tt-metal-work/tt-metal/tt_metal/hw/firmware/src/tt-1xx/trisc.cc,
0,1,1,TRISC_2,4162,13702814847009,0,0,,,TRISC-KERNEL,ZONE_START,89,/home/ijankowski/tt-metal-work/tt-metal/tt_metal/hw/firmware/src/tt-1xx/trisck.cc,
0,1,1,TRISC_2,53833,13702814847263,0,0,,,BW_SYN_TANH_MATERIALIZED,ZONE_START,16,/home/ijankowski/tmp/numerical-backward-synthesis/tt/kernels/compute/tanh_bw_baseline.cpp,
0,1,1,TRISC_2,53833,13702814888529,0,0,,,BW_SYN_TANH_MATERIALIZED,ZONE_END,16,/home/ijankowski/tmp/numerical-backward-synthesis/tt/kernels/compute/tanh_bw_baseline.cpp,
0,1,1,TRISC_2,4162,13702814888551,0,0,,,TRISC-KERNEL,ZONE_END,89,/home/ijankowski/tt-metal-work/tt-metal/tt_metal/hw/firmware/src/tt-1xx/trisck.cc,
0,1,1,TRISC_2,32810,13702814889164,0,0,,,TRISC-FW,ZONE_END,150,/home/ijankowski/tt-metal-work/tt-metal/tt_metal/hw/firmware/src/tt-1xx/trisc.cc,
0,1,1,TRISC_2,32810,13702832696353,0,0,,,TRISC-FW,ZONE_START,150,/home/ijankowski/tt-metal-work/tt-metal/tt_metal/hw/firmware/src/tt-1xx/trisc.cc,
0,1,1,TRISC_2,4162,13702832696800,0,0,,,TRISC-KERNEL,ZONE_START,89,/home/ijankowski/tt-metal-work/tt-metal/tt_metal/hw/firmware/src/tt-1xx/trisck.cc,
0,1,1,TRISC_2,25968,13702832697060,0,0,,,BW_SYN_TANH_FACTORED,ZONE_START,17,/home/ijankowski/tmp/numerical-backward-synthesis/tt/kernels/compute/tanh_bw_scale_separated.cpp,
0,1,1,TRISC_2,25968,13702832733204,0,0,,,BW_SYN_TANH_FACTORED,ZONE_END,17,/home/ijankowski/tmp/numerical-backward-synthesis/tt/kernels/compute/tanh_bw_scale_separated.cpp,
0,1,1,TRISC_2,4162,13702832733226,0,0,,,TRISC-KERNEL,ZONE_END,89,/home/ijankowski/tt-metal-work/tt-metal/tt_metal/hw/firmware/src/tt-1xx/trisck.cc,
0,1,1,TRISC_2,32810,13702832736468,0,0,,,TRISC-FW,ZONE_END,150,/home/ijankowski/tt-metal-work/tt-metal/tt_metal/hw/firmware/src/tt-1xx/trisc.cc,
0,1,1,TRISC_2,32810,13702850266049,0,0,,,TRISC-FW,ZONE_START,150,/home/ijankowski/tt-metal-work/tt-metal/tt_metal/hw/firmware/src/tt-1xx/trisc.cc,
0,1,1,TRISC_2,4162,13702850266490,0,0,,,TRISC-KERNEL,ZONE_START,89,/home/ijankowski/tt-metal-work/tt-metal/tt_metal/hw/firmware/src/tt-1xx/trisck.cc,
0,1,1,TRISC_2,53833,13702850266749,0,0,,,BW_SYN_TANH_MATERIALIZED,ZONE_START,16,/home/ijankowski/tmp/numerical-backward-synthesis/tt/kernels/compute/tanh_bw_baseline.cpp,
0,1,1,TRISC_2,53833,13702850308022,0,0,,,BW_SYN_TANH_MATERIALIZED,ZONE_END,16,/home/ijankowski/tmp/numerical-backward-synthesis/tt/kernels/compute/tanh_bw_baseline.cpp,
0,1,1,TRISC_2,4162,13702850308045,0,0,,,TRISC-KERNEL,ZONE_END,89,/home/ijankowski/tt-metal-work/tt-metal/tt_metal/hw/firmware/src/tt-1xx/trisck.cc,
0,1,1,TRISC_2,32810,13702850308663,0,0,,,TRISC-FW,ZONE_END,150,/home/ijankowski/tt-metal-work/tt-metal/tt_metal/hw/firmware/src/tt-1xx/trisc.cc,
0,1,1,TRISC_2,32810,13702867864417,0,0,,,TRISC-FW,ZONE_START,150,/home/ijankowski/tt-metal-work/tt-metal/tt_metal/hw/firmware/src/tt-1xx/trisc.cc,
0,1,1,TRISC_2,4162,13702867864869,0,0,,,TRISC-KERNEL,ZONE_START,89,/home/ijankowski/tt-metal-work/tt-metal/tt_metal/hw/firmware/src/tt-1xx/trisck.cc,
0,1,1,TRISC_2,25968,13702867865138,0,0,,,BW_SYN_TANH_FACTORED,ZONE_START,17,/home/ijankowski/tmp/numerical-backward-synthesis/tt/kernels/compute/tanh_bw_scale_separated.cpp,
0,1,1,TRISC_2,25968,13702867901407,0,0,,,BW_SYN_TANH_FACTORED,ZONE_END,17,/home/ijankowski/tmp/numerical-backward-synthesis/tt/kernels/compute/tanh_bw_scale_separated.cpp,
0,1,1,TRISC_2,4162,13702867901429,0,0,,,TRISC-KERNEL,ZONE_END,89,/home/ijankowski/tt-metal-work/tt-metal/tt_metal/hw/firmware/src/tt-1xx/trisck.cc,
0,1,1,TRISC_2,32810,13702867904678,0,0,,,TRISC-FW,ZONE_END,150,/home/ijankowski/tt-metal-work/tt-metal/tt_metal/hw/firmware/src/tt-1xx/trisc.cc,
0,1,1,TRISC_2,32810,13702885464623,0,0,,,TRISC-FW,ZONE_START,150,/home/ijankowski/tt-metal-work/tt-metal/tt_metal/hw/firmware/src/tt-1xx/trisc.cc,
0,1,1,TRISC_2,4162,13702885465074,0,0,,,TRISC-KERNEL,ZONE_START,89,/home/ijankowski/tt-metal-work/tt-metal/tt_metal/hw/firmware/src/tt-1xx/trisck.cc,
0,1,1,TRISC_2,53833,13702885465339,0,0,,,BW_SYN_TANH_MATERIALIZED,ZONE_START,16,/home/ijankowski/tmp/numerical-backward-synthesis/tt/kernels/compute/tanh_bw_baseline.cpp,
0,1,1,TRISC_2,53833,13702885506540,0,0,,,BW_SYN_TANH_MATERIALIZED,ZONE_END,16,/home/ijankowski/tmp/numerical-backward-synthesis/tt/kernels/compute/tanh_bw_baseline.cpp,
0,1,1,TRISC_2,4162,13702885506562,0,0,,,TRISC-KERNEL,ZONE_END,89,/home/ijankowski/tt-metal-work/tt-metal/tt_metal/hw/firmware/src/tt-1xx/trisck.cc,
0,1,1,TRISC_2,32810,13702885507175,0,0,,,TRISC-FW,ZONE_END,150,/home/ijankowski/tt-metal-work/tt-metal/tt_metal/hw/firmware/src/tt-1xx/trisc.cc,
0,1,1,TRISC_2,32810,13702902959902,0,0,,,TRISC-FW,ZONE_START,150,/home/ijankowski/tt-metal-work/tt-metal/tt_metal/hw/firmware/src/tt-1xx/trisc.cc,
0,1,1,TRISC_2,4162,13702902960357,0,0,,,TRISC-KERNEL,ZONE_START,89,/home/ijankowski/tt-metal-work/tt-metal/tt_metal/hw/firmware/src/tt-1xx/trisck.cc,
0,1,1,TRISC_2,25968,13702902960611,0,0,,,BW_SYN_TANH_FACTORED,ZONE_START,17,/home/ijankowski/tmp/numerical-backward-synthesis/tt/kernels/compute/tanh_bw_scale_separated.cpp,
0,1,1,TRISC_2,25968,13702902996714,0,0,,,BW_SYN_TANH_FACTORED,ZONE_END,17,/home/ijankowski/tmp/numerical-backward-synthesis/tt/kernels/compute/tanh_bw_scale_separated.cpp,
0,1,1,TRISC_2,4162,13702902996736,0,0,,,TRISC-KERNEL,ZONE_END,89,/home/ijankowski/tt-metal-work/tt-metal/tt_metal/hw/firmware/src/tt-1xx/trisck.cc,
0,1,1,TRISC_2,32810,13702902999987,0,0,,,TRISC-FW,ZONE_END,150,/home/ijankowski/tt-metal-work/tt-metal/tt_metal/hw/firmware/src/tt-1xx/trisc.cc,
0,1,1,TRISC_2,32810,13702920465240,0,0,,,TRISC-FW,ZONE_START,150,/home/ijankowski/tt-metal-work/tt-metal/tt_metal/hw/firmware/src/tt-1xx/trisc.cc,
0,1,1,TRISC_2,4162,13702920465674,0,0,,,TRISC-KERNEL,ZONE_START,89,/home/ijankowski/tt-metal-work/tt-metal/tt_metal/hw/firmware/src/tt-1xx/trisck.cc,
0,1,1,TRISC_2,53833,13702920465930,0,0,,,BW_SYN_TANH_MATERIALIZED,ZONE_START,16,/home/ijankowski/tmp/numerical-backward-synthesis/tt/kernels/compute/tanh_bw_baseline.cpp,
0,1,1,TRISC_2,53833,13702920507213,0,0,,,BW_SYN_TANH_MATERIALIZED,ZONE_END,16,/home/ijankowski/tmp/numerical-backward-synthesis/tt/kernels/compute/tanh_bw_baseline.cpp,
0,1,1,TRISC_2,4162,13702920507236,0,0,,,TRISC-KERNEL,ZONE_END,89,/home/ijankowski/tt-metal-work/tt-metal/tt_metal/hw/firmware/src/tt-1xx/trisck.cc,
0,1,1,TRISC_2,32810,13702920507860,0,0,,,TRISC-FW,ZONE_END,150,/home/ijankowski/tt-metal-work/tt-metal/tt_metal/hw/firmware/src/tt-1xx/trisc.cc,
0,1,1,TRISC_2,32810,13702937849815,0,0,,,TRISC-FW,ZONE_START,150,/home/ijankowski/tt-metal-work/tt-metal/tt_metal/hw/firmware/src/tt-1xx/trisc.cc,
0,1,1,TRISC_2,4162,13702937850256,0,0,,,TRISC-KERNEL,ZONE_START,89,/home/ijankowski/tt-metal-work/tt-metal/tt_metal/hw/firmware/src/tt-1xx/trisck.cc,
0,1,1,TRISC_2,25968,13702937850506,0,0,,,BW_SYN_TANH_FACTORED,ZONE_START,17,/home/ijankowski/tmp/numerical-backward-synthesis/tt/kernels/compute/tanh_bw_scale_separated.cpp,
0,1,1,TRISC_2,25968,13702937886667,0,0,,,BW_SYN_TANH_FACTORED,ZONE_END,17,/home/ijankowski/tmp/numerical-backward-synthesis/tt/kernels/compute/tanh_bw_scale_separated.cpp,
0,1,1,TRISC_2,4162,13702937886689,0,0,,,TRISC-KERNEL,ZONE_END,89,/home/ijankowski/tt-metal-work/tt-metal/tt_metal/hw/firmware/src/tt-1xx/trisck.cc,
0,1,1,TRISC_2,32810,13702937889938,0,0,,,TRISC-FW,ZONE_END,150,/home/ijankowski/tt-metal-work/tt-metal/tt_metal/hw/firmware/src/tt-1xx/trisc.cc,
0,1,1,TRISC_2,32810,13702955622959,0,0,,,TRISC-FW,ZONE_START,150,/home/ijankowski/tt-metal-work/tt-metal/tt_metal/hw/firmware/src/tt-1xx/trisc.cc,
0,1,1,TRISC_2,4162,13702955623410,0,0,,,TRISC-KERNEL,ZONE_START,89,/home/ijankowski/tt-metal-work/tt-metal/tt_metal/hw/firmware/src/tt-1xx/trisck.cc,
0,1,1,TRISC_2,53833,13702955623667,0,0,,,BW_SYN_TANH_MATERIALIZED,ZONE_START,16,/home/ijankowski/tmp/numerical-backward-synthesis/tt/kernels/compute/tanh_bw_baseline.cpp,
0,1,1,TRISC_2,53833,13702955664835,0,0,,,BW_SYN_TANH_MATERIALIZED,ZONE_END,16,/home/ijankowski/tmp/numerical-backward-synthesis/tt/kernels/compute/tanh_bw_baseline.cpp,
0,1,1,TRISC_2,4162,13702955664857,0,0,,,TRISC-KERNEL,ZONE_END,89,/home/ijankowski/tt-metal-work/tt-metal/tt_metal/hw/firmware/src/tt-1xx/trisck.cc,
0,1,1,TRISC_2,32810,13702955665469,0,0,,,TRISC-FW,ZONE_END,150,/home/ijankowski/tt-metal-work/tt-metal/tt_metal/hw/firmware/src/tt-1xx/trisc.cc,
